Date,Article_Count,Has_Title,Has_Article,VADER_Compound_Mean,VADER_Compound_Std,VADER_Positive_Mean,VADER_Neutral_Mean,VADER_Negative_Mean,WordBank_Positive_Sum,WordBank_Negative_Sum,WordBank_Net_Sentiment
1999-09-01,1,1,1,0.0,0.0,0.0,1.0,0.0,0,0,0
1999-09-28,1,1,1,0.0,0.0,0.0,1.0,0.0,0,0,0
1999-10-06,1,1,1,0.0,0.0,0.0,1.0,0.0,0,0,0
1999-11-02,1,1,1,0.0,0.0,0.0,1.0,0.0,0,0,0
1999-11-09,1,1,1,0.0,0.0,0.0,1.0,0.0,0,0,0
1999-11-29,1,1,1,0.0,0.0,0.0,1.0,0.0,0,0,0
1999-12-07,1,1,1,0.0,0.0,0.0,1.0,0.0,0,0,0
1999-12-29,1,1,1,0.0,0.0,0.0,1.0,0.0,0,0,0
2000-01-10,1,1,1,0.0,0.0,0.0,1.0,0.0,0,0,0
2000-01-12,1,1,1,0.0,0.0,0.0,1.0,0.0,0,0,0
2000-01-14,1,1,1,0.0,0.0,0.0,1.0,0.0,0,0,0
2000-01-20,1,1,1,0.0,0.0,0.0,1.0,0.0,0,0,0
2000-04-17,1,1,1,0.0,0.0,0.0,1.0,0.0,0,0,0
2000-04-21,1,1,1,0.0,0.0,0.0,1.0,0.0,0,0,0
2000-06-13,1,1,1,0.0,0.0,0.0,1.0,0.0,0,0,0
2000-08-07,1,1,1,0.0,0.0,0.0,1.0,0.0,0,0,0
2000-09-13,1,1,1,0.0,0.0,0.0,1.0,0.0,0,0,0
2000-12-07,1,1,1,0.0,0.0,0.0,1.0,0.0,0,0,0
2000-12-09,1,1,1,0.44035,0.44035,0.031,0.969,0.0,0,0,0
2000-12-15,2,2,2,-0.09107500000000002,0.31757233329589657,0.00125,0.9945,0.00425,0,1,-1
2001-01-03,1,1,1,0.0,0.0,0.0,1.0,0.0,0,0,0
2001-01-04,1,1,1,0.0,0.0,0.0,1.0,0.0,0,0,0
2001-01-05,1,1,1,0.0,0.0,0.0,1.0,0.0,0,0,0
2001-01-08,1,1,1,0.0,0.0,0.0,1.0,0.0,0,0,0
2001-01-12,1,1,1,0.1909,0.1909,0.004,0.996,0.0,0,0,0
2001-01-15,1,1,1,0.1909,0.1909,0.005,0.995,0.0,0,0,0
2001-01-18,1,1,1,0.0,0.0,0.0,1.0,0.0,0,0,0
2001-02-10,1,1,1,0.0,0.0,0.0,1.0,0.0,2,0,2
2001-03-16,1,1,1,0.0,0.0,0.0,1.0,0.0,0,0,0
2001-04-16,2,2,2,0.0,0.0,0.0,1.0,0.0,0,0,0
2001-04-25,1,1,1,0.0,0.0,0.0,1.0,0.0,0,0,0
2001-08-07,1,1,1,0.0,0.0,0.0,1.0,0.0,0,0,0
2001-08-27,1,1,1,0.0,0.0,0.0,1.0,0.0,0,0,0
2001-08-31,2,2,2,0.0,0.0,0.0,1.0,0.0,0,0,0
2001-09-26,1,1,1,0.605,0.08899999999999997,0.16299999999999998,0.837,0.0,0,0,0
2001-10-24,1,1,1,0.0,0.0,0.0,1.0,0.0,0,0,0
2001-12-03,1,1,1,0.0,0.0,0.0,1.0,0.0,0,0,0
2002-01-08,1,1,1,0.0,0.0,0.0,1.0,0.0,0,0,0
2002-01-11,1,1,1,0.258,0.258,0.0115,0.9884999999999999,0.0,0,0,0
2002-02-05,1,1,1,0.0,0.0,0.0,1.0,0.0,0,0,0
2002-05-14,1,1,1,-0.1622,0.1622,0.0,0.9944999999999999,0.0055,0,0,0
2002-06-19,1,1,1,0.125,0.125,0.007,0.993,0.0,0,0,0
2002-09-19,1,1,1,-0.34505,0.34505,0.0245,0.9415,0.034,0,0,0
2002-12-28,1,1,1,0.0,0.0,0.0,1.0,0.0,0,0,0
2003-01-14,1,1,1,0.0,0.0,0.0,1.0,0.0,0,0,0
2003-01-20,1,1,1,0.0,0.0,0.0,1.0,0.0,0,0,0
2003-02-06,1,1,1,0.2202,0.2202,0.0115,0.9884999999999999,0.0,0,0,0
2003-03-20,1,1,1,-0.1366,0.1366,0.0,0.995,0.005,0,0,0
2003-04-02,1,1,1,0.0,0.0,0.0,1.0,0.0,0,0,0
2003-04-29,1,1,1,0.0,0.0,0.0,1.0,0.0,1,0,1
2003-05-06,1,1,1,0.0,0.0,0.0,1.0,0.0,0,0,0
2003-05-28,1,1,1,0.0,0.0,0.0,1.0,0.0,0,0,0
2003-06-03,1,1,1,0.0,0.0,0.0,1.0,0.0,0,0,0
2003-06-24,1,1,1,0.0,0.0,0.0,1.0,0.0,0,0,0
2003-08-14,1,1,1,0.0,0.0,0.0,1.0,0.0,0,0,0
2003-09-14,1,1,1,0.0,0.0,0.0,1.0,0.0,2,0,2
2003-09-16,1,1,1,0.0,0.0,0.0,1.0,0.0,4,0,4
2003-10-09,1,1,1,0.258,0.258,0.0055,0.9944999999999999,0.0,0,0,0
2003-10-29,1,1,1,0.258,0.258,0.0055,0.9944999999999999,0.0,0,0,0
2003-11-05,1,1,1,0.0,0.0,0.0,1.0,0.0,0,0,0
2003-11-14,1,1,1,0.0,0.0,0.0,1.0,0.0,0,0,0
2003-11-19,1,1,1,0.258,0.258,0.0085,0.9915,0.0,0,0,0
2003-11-27,1,1,1,0.0,0.0,0.0,1.0,0.0,0,0,0
2003-12-29,1,1,1,0.0,0.0,0.0,1.0,0.0,0,0,0
2004-01-07,1,1,1,0.0,0.0,0.0,1.0,0.0,0,0,0
2004-01-30,1,1,1,0.0,0.0,0.0,1.0,0.0,0,0,0
2004-02-03,1,1,1,0.0,0.0,0.0,1.0,0.0,0,0,0
2004-02-25,1,1,1,-0.20095,0.20095,0.0,0.9864999999999999,0.0135,0,0,0
2004-03-19,1,1,1,0.35015,0.35015,0.0135,0.9864999999999999,0.0,0,0,0
2004-03-24,1,1,1,0.0,0.0,0.0,1.0,0.0,0,0,0
2004-03-26,1,1,1,0.0,0.0,0.0,1.0,0.0,0,0,0
2004-03-30,1,1,1,0.0,0.0,0.0,1.0,0.0,0,0,0
2004-04-06,1,1,1,0.0,0.0,0.0,1.0,0.0,0,0,0
2004-04-13,1,1,1,0.0,0.0,0.0,1.0,0.0,0,0,0
2004-04-19,1,1,1,0.0,0.0,0.0,1.0,0.0,0,0,0
2004-05-20,1,1,1,0.3592,0.3592,0.0185,0.9815,0.0,0,0,0
2004-05-21,1,1,1,0.0,0.0,0.0,1.0,0.0,0,0,0
2004-06-04,1,1,1,0.0,0.0,0.0,1.0,0.0,0,0,0
2004-06-08,1,1,1,0.0,0.0,0.0,1.0,0.0,0,0,0
2004-06-18,1,1,1,0.0,0.0,0.0,1.0,0.0,0,0,0
2004-06-29,1,1,1,0.258,0.258,0.01,0.99,0.0,0,0,0
2004-07-01,1,1,1,0.0,0.0,0.0,1.0,0.0,0,0,0
2004-07-12,1,1,1,0.0,0.0,0.0,1.0,0.0,0,1,-1
2004-07-15,1,1,1,-0.125,0.125,0.009,0.9775,0.0135,2,0,2
2004-07-26,1,1,1,0.27115,0.27115,0.0245,0.9645,0.011,0,0,0
2004-08-19,1,1,1,-0.125,0.125,0.0085,0.9795,0.0125,2,0,2
2004-08-31,1,1,1,0.0,0.0,0.0,1.0,0.0,0,0,0
2004-09-15,1,1,1,0.1591,0.1591,0.008,0.992,0.0,0,0,0
2004-09-24,1,1,1,0.0,0.0,0.0,1.0,0.0,2,0,2
2004-10-15,1,1,1,0.2294,0.2294,0.0045,0.9955,0.0,0,0,0
2004-10-19,1,1,1,0.0,0.0,0.0,1.0,0.0,0,0,0
2004-10-20,1,1,1,-0.24695,0.24695,0.0,0.991,0.009,2,0,2
2004-10-25,3,3,3,-0.08778333333333332,0.1962895006248565,0.0,0.9981666666666666,0.0018333333333333333,0,0,0
2004-10-27,1,1,1,0.0,0.0,0.0,1.0,0.0,0,0,0
2004-11-04,1,1,1,0.0,0.0,0.0,1.0,0.0,0,0,0
2004-11-15,1,1,1,0.3753,0.3753,0.0225,0.9775,0.0,0,0,0
2004-12-10,1,1,1,0.0,0.0,0.0,1.0,0.0,0,0,0
2005-01-11,2,2,2,0.0,0.0,0.0,1.0,0.0,0,0,0
2005-01-12,1,1,1,0.0,0.0,0.0,1.0,0.0,0,0,0
2005-01-17,1,1,1,0.0,0.0,0.0,1.0,0.0,0,0,0
2005-01-18,2,2,2,0.0193,0.03342858058607934,0.00325,0.99675,0.0,0,0,0
2005-01-20,1,1,1,-0.36755,0.36755,0.0,0.988,0.012,0,0,0
2005-01-21,1,1,1,0.0,0.0,0.0,1.0,0.0,0,0,0
2005-01-25,1,1,1,0.0,0.0,0.0,1.0,0.0,0,0,0
2005-02-07,1,1,1,0.0,0.0,0.0,1.0,0.0,0,0,0
2005-02-22,1,1,1,0.0,0.0,0.0,1.0,0.0,0,0,0
2005-02-28,2,2,2,0.0,0.0,0.0,1.0,0.0,0,0,0
2005-03-05,2,2,2,0.0,0.0,0.0,1.0,0.0,0,0,0
2005-03-08,1,1,1,0.0,0.0,0.0,1.0,0.0,0,0,0
2005-03-11,1,1,1,0.0,0.0,0.0,1.0,0.0,0,1,-1
2005-03-14,1,1,1,0.0,0.0,0.0,1.0,0.0,0,0,0
2005-03-23,1,1,1,-0.125,0.125,0.0085,0.9795,0.012,0,0,0
2005-04-15,1,1,1,0.0,0.0,0.0,1.0,0.0,0,0,0
2005-04-29,1,1,1,0.0,0.0,0.0,1.0,0.0,0,0,0
2005-05-16,1,1,1,0.0,0.0,0.0,1.0,0.0,0,0,0
2005-05-18,1,1,1,0.2787,0.2787,0.0055,0.9944999999999999,0.0,0,0,0
2005-05-20,1,1,1,0.0,0.0,0.0,1.0,0.0,0,0,0
2005-05-24,2,2,2,0.0,0.0,0.0,1.0,0.0,0,0,0
2005-06-03,1,1,1,0.0,0.0,0.0,1.0,0.0,0,0,0
2005-06-06,2,2,2,0.0,0.0,0.0,1.0,0.0,0,0,0
2005-06-07,1,1,1,0.0,0.0,0.0,1.0,0.0,0,0,0
2005-06-08,1,1,1,0.0,0.0,0.0,1.0,0.0,0,0,0
2005-06-13,2,2,2,0.0,0.0,0.0,1.0,0.0,0,0,0
2005-06-27,1,1,1,0.0,0.0,0.0,1.0,0.0,0,0,0
2005-06-28,1,1,1,0.0,0.0,0.0,1.0,0.0,0,0,0
2005-07-06,1,1,1,0.0,0.0,0.0,1.0,0.0,0,0,0
2005-07-14,2,2,2,0.0,0.0,0.0,1.0,0.0,0,2,-2
2005-07-15,1,1,1,0.0,0.0,0.0,1.0,0.0,0,0,0
2005-07-26,1,1,1,0.0,0.0,0.0,1.0,0.0,0,0,0
2005-08-02,1,1,1,0.0,0.0,0.0,1.0,0.0,0,0,0
2005-08-16,1,1,1,0.0,0.0,0.0,1.0,0.0,0,2,-2
2005-08-17,1,1,1,0.0,0.0,0.0,1.0,0.0,0,0,0
2005-08-23,1,1,1,0.0,0.0,0.0,1.0,0.0,0,1,-1
2005-08-26,1,1,1,0.0,0.0,0.0,1.0,0.0,0,0,0
2005-08-30,2,2,2,0.3416,0.38231725046092285,0.10725,0.8927499999999999,0.0,0,0,0
2005-08-31,2,2,2,0.0,0.0,0.0,1.0,0.0,0,0,0
2005-09-01,1,1,1,0.6657,0.2253,0.1665,0.8335,0.0,0,0,0
2005-09-02,1,1,1,0.23765,0.23765,0.005,0.995,0.0,0,1,-1
2005-09-06,1,1,1,0.0,0.0,0.0,1.0,0.0,0,0,0
2005-09-07,1,1,1,0.0,0.0,0.0,1.0,0.0,0,0,0
2005-09-08,1,1,1,0.0,0.0,0.0,1.0,0.0,0,0,0
2005-09-14,3,3,3,0.20296666666666666,0.315566800464744,0.012666666666666666,0.9873333333333333,0.0,1,1,0
2005-09-19,1,1,1,0.0,0.0,0.0,1.0,0.0,0,0,0
2005-09-20,1,1,1,-0.3243,0.3243,0.0,0.9875,0.0125,0,0,0
2005-09-26,1,1,1,0.0,0.0,0.0,1.0,0.0,0,0,0
2005-09-28,1,1,1,0.0,0.0,0.0,1.0,0.0,0,0,0
2005-09-29,1,1,1,0.0,0.0,0.0,1.0,0.0,0,0,0
2005-10-03,1,1,1,0.0,0.0,0.0,1.0,0.0,0,0,0
2005-10-04,1,1,1,0.0,0.0,0.0,1.0,0.0,0,0,0
2005-10-12,1,1,1,0.0,0.0,0.0,1.0,0.0,0,0,0
2005-10-13,2,2,2,0.0,0.0,0.0,1.0,0.0,0,0,0
2005-10-14,1,1,1,0.0,0.0,0.0,1.0,0.0,0,0,0
2005-10-17,1,1,1,0.0,0.0,0.0,1.0,0.0,0,0,0
2005-10-24,2,2,2,0.237125,0.41071254774477006,0.00725,0.99275,0.0,0,0,0
2005-10-28,1,1,1,0.0,0.0,0.0,1.0,0.0,0,0,0
2005-10-31,1,1,1,0.0,0.0,0.0,1.0,0.0,0,0,0
2005-11-03,1,1,1,0.0,0.0,0.0,1.0,0.0,0,1,-1
2005-11-04,2,2,2,0.146475,0.25370214203865127,0.00875,0.99125,0.0,1,0,1
2005-11-21,1,1,1,0.44415,0.44415,0.0105,0.9895,0.0,0,0,0
2005-11-22,1,1,1,0.31845,0.31845,0.014,0.986,0.0,3,0,3
2005-11-25,1,1,1,0.0,0.0,0.0,1.0,0.0,0,0,0
2005-11-29,1,1,1,0.0,0.0,0.0,1.0,0.0,0,0,0
2005-11-30,1,1,1,0.0,0.0,0.0,1.0,0.0,0,0,0
2005-12-01,1,1,1,0.0,0.0,0.0,1.0,0.0,0,1,-1
2005-12-05,1,1,1,0.0,0.0,0.0,1.0,0.0,0,0,0
2005-12-07,3,3,3,0.2031166666666667,0.3033602831434743,0.05883333333333334,0.9411666666666667,0.0,0,0,0
2005-12-14,1,1,1,-0.20095,0.20095,0.003,0.9915,0.0055,0,0,0
2005-12-17,1,1,1,0.0,0.0,0.0,1.0,0.0,1,0,1
2005-12-19,1,1,1,0.0,0.0,0.0,1.0,0.0,0,0,0
2005-12-21,1,1,1,0.4037,0.4037,0.02,0.98,0.0,0,0,0
2005-12-26,1,1,1,0.0,0.0,0.0,1.0,0.0,0,1,-1
2006-01-03,1,1,1,0.0,0.0,0.0,1.0,0.0,0,0,0
2006-01-05,1,1,1,0.0,0.0,0.0,1.0,0.0,0,0,0
2006-01-07,1,1,1,0.0,0.0,0.0,1.0,0.0,0,0,0
2006-01-10,1,1,1,0.0,0.0,0.0,1.0,0.0,0,0,0
2006-01-11,1,1,1,0.0,0.0,0.0,1.0,0.0,0,0,0
2006-01-12,1,1,1,0.0,0.0,0.0,1.0,0.0,0,0,0
2006-01-14,1,1,1,0.0,0.0,0.0,1.0,0.0,0,0,0
2006-01-19,1,1,1,0.0,0.0,0.0,1.0,0.0,0,0,0
2006-01-23,1,1,1,0.0,0.0,0.0,1.0,0.0,0,0,0
2006-01-31,1,1,1,0.0,0.0,0.0,1.0,0.0,0,0,0
2006-02-02,1,1,1,0.0,0.0,0.0,1.0,0.0,0,0,0
2006-02-06,1,1,1,0.0,0.0,0.0,1.0,0.0,0,0,0
2006-02-07,1,1,1,0.0,0.0,0.0,1.0,0.0,0,0,0
2006-02-08,1,1,1,0.0,0.0,0.0,1.0,0.0,0,0,0
2006-02-09,1,1,1,0.27365,0.27365,0.012,0.988,0.0,0,0,0
2006-02-11,1,1,1,0.0,0.0,0.0,1.0,0.0,0,0,0
2006-02-14,1,1,1,0.0,0.0,0.0,1.0,0.0,0,0,0
2006-02-15,2,2,2,0.0,0.0,0.0,1.0,0.0,0,0,0
2006-02-17,3,3,3,0.05666666666666667,0.1267105187249881,0.002,0.9979999999999999,0.0,0,0,0
2006-02-24,1,1,1,0.0,0.0,0.0,1.0,0.0,0,0,0
2006-02-27,1,1,1,0.0,0.0,0.0,1.0,0.0,0,0,0
2006-03-01,2,2,2,0.0,0.0,0.0,1.0,0.0,0,0,0
2006-03-06,1,1,1,0.0,0.0,0.0,1.0,0.0,0,0,0
2006-03-16,1,1,1,0.516,0.0,0.1875,0.8125,0.0,0,0,0
2006-03-21,1,1,1,0.0,0.0,0.0,1.0,0.0,0,0,0
2006-03-22,1,1,1,0.471,0.471,0.04,0.96,0.0,0,0,0
2006-03-23,1,1,1,0.71645,0.20045000000000002,0.1585,0.8415,0.0,0,0,0
2006-03-24,1,1,1,0.0,0.0,0.0,1.0,0.0,0,1,-1
2006-03-27,1,1,1,0.0,0.0,0.0,1.0,0.0,2,0,2
2006-03-28,1,1,1,0.0,0.0,0.0,1.0,0.0,0,0,0
2006-03-29,1,1,1,0.0,0.0,0.0,1.0,0.0,0,0,0
2006-03-30,2,2,2,0.0,0.0,0.0,1.0,0.0,0,0,0
2006-04-05,2,2,2,0.24095,0.417337642083721,0.02925,0.97075,0.0,0,0,0
2006-04-06,2,2,2,0.370675,0.40347399776813375,0.0235,0.9742500000000001,0.0025,0,0,0
2006-04-10,1,1,1,0.0,0.0,0.0,1.0,0.0,2,0,2
2006-04-11,1,1,1,0.0,0.0,0.0,1.0,0.0,0,0,0
2006-04-13,1,1,1,0.38475,0.38475,0.0255,0.9744999999999999,0.0,0,0,0
2006-04-14,1,1,1,0.0,0.0,0.0,1.0,0.0,2,0,2
2006-04-17,1,1,1,0.258,0.258,0.012,0.988,0.0,0,0,0
2006-04-18,1,1,1,0.0,0.0,0.0,1.0,0.0,0,0,0
2006-04-20,1,1,1,0.0,0.0,0.0,1.0,0.0,0,0,0
2006-04-21,1,1,1,0.0,0.0,0.0,1.0,0.0,0,0,0
2006-04-24,1,1,1,0.0,0.0,0.0,1.0,0.0,0,0,0
2006-04-25,1,1,1,0.0,0.0,0.0,1.0,0.0,0,0,0
2006-04-27,2,2,2,0.0,0.0,0.0,1.0,0.0,0,0,0
2006-05-02,1,1,1,0.0,0.0,0.0,1.0,0.0,0,0,0
2006-05-08,1,1,1,0.0,0.0,0.0,1.0,0.0,2,0,2
2006-05-15,3,3,3,0.0,0.0,0.0,1.0,0.0,0,0,0
2006-05-16,2,2,2,0.35507500000000003,0.40306424658483414,0.12775,0.87225,0.0,0,0,0
2006-05-17,1,1,1,0.0,0.0,0.0,1.0,0.0,0,0,0
2006-05-19,1,1,1,0.70025,0.25984999999999997,0.269,0.731,0.0,0,0,0
2006-05-24,1,1,1,0.0,0.0,0.0,1.0,0.0,0,0,0
2006-05-25,2,2,2,0.0,0.0,0.0,1.0,0.0,0,0,0
2006-05-26,1,1,1,0.0,0.0,0.0,1.0,0.0,0,0,0
2006-05-29,1,1,1,0.0,0.0,0.0,1.0,0.0,0,0,0
2006-06-01,1,1,1,0.0,0.0,0.0,1.0,0.0,0,0,0
2006-06-07,1,1,1,0.7047,0.2643,0.28049999999999997,0.7195,0.0,0,0,0
2006-06-14,1,1,1,0.0,0.0,0.0,1.0,0.0,0,0,0
2006-06-15,1,1,1,0.48005,0.48005,0.048,0.952,0.0,0,0,0
2006-06-16,1,1,1,0.0,0.0,0.0,1.0,0.0,0,0,0
2006-06-20,1,1,1,0.0,0.0,0.0,1.0,0.0,0,0,0
2006-06-21,1,1,1,0.0,0.0,0.0,1.0,0.0,0,0,0
2006-06-22,2,2,2,-0.00645,0.01117172770881926,0.00575,0.986,0.008,0,0,0
2006-06-27,2,2,2,0.0,0.0,0.0,1.0,0.0,0,0,0
2006-06-29,1,1,1,0.0,0.0,0.0,1.0,0.0,0,0,0
2006-07-06,1,1,1,0.0,0.0,0.0,1.0,0.0,0,0,0
2006-07-10,1,1,1,0.0,0.0,0.0,1.0,0.0,0,0,0
2006-07-15,1,1,1,0.0,0.0,0.0,1.0,0.0,2,0,2
2006-07-17,1,1,1,0.0,0.0,0.0,1.0,0.0,0,0,0
2006-07-18,1,1,1,0.0,0.0,0.0,1.0,0.0,0,0,0
2006-07-20,1,1,1,0.0,0.0,0.0,1.0,0.0,0,0,0
2006-07-21,1,1,1,0.0,0.0,0.0,1.0,0.0,0,0,0
2006-07-24,1,1,1,0.0,0.0,0.0,1.0,0.0,0,0,0
2006-07-26,1,1,1,0.0,0.0,0.0,1.0,0.0,0,0,0
2006-07-27,1,1,1,0.0,0.0,0.0,1.0,0.0,0,0,0
2006-07-31,1,1,1,0.0,0.0,0.0,1.0,0.0,0,0,0
2006-08-01,1,1,1,0.0,0.0,0.0,1.0,0.0,0,0,0
2006-08-04,1,1,1,0.0,0.0,0.0,1.0,0.0,0,0,0
2006-08-07,3,3,3,0.15293333333333334,0.21628039413892533,0.006833333333333334,0.9931666666666666,0.0,2,0,2
2006-08-08,3,3,3,0.0713,0.15943164679573502,0.0036666666666666666,0.9963333333333333,0.0,0,0,0
2006-08-10,1,1,1,0.0,0.0,0.0,1.0,0.0,0,0,0
2006-08-14,1,1,1,0.0,0.0,0.0,1.0,0.0,0,2,-2
2006-08-16,2,2,2,0.129,0.22343455417638516,0.013,0.987,0.0,0,0,0
2006-08-17,1,1,1,0.0,0.0,0.0,1.0,0.0,0,0,0
2006-08-21,1,1,1,0.0,0.0,0.0,1.0,0.0,0,1,-1
2006-08-23,1,1,1,0.17,0.17,0.008,0.992,0.0,0,0,0
2006-08-24,2,2,2,0.24225,0.4195893081335605,0.02975,0.9702500000000001,0.0,0,0,0
2006-08-25,1,1,1,0.0,0.0,0.0,1.0,0.0,0,0,0
2006-08-28,1,1,1,0.0,0.0,0.0,1.0,0.0,0,0,0
2006-08-29,1,1,1,0.0,0.0,0.0,1.0,0.0,0,0,0
2006-08-31,1,1,1,0.0,0.0,0.0,1.0,0.0,0,0,0
2006-09-04,1,1,1,0.0,0.0,0.0,1.0,0.0,0,0,0
2006-09-12,1,1,1,0.0,0.0,0.0,1.0,0.0,0,0,0
2006-09-13,1,1,1,0.0,0.0,0.0,1.0,0.0,0,0,0
2006-09-14,2,2,2,0.0,0.0,0.0,1.0,0.0,1,0,1
2006-09-15,2,2,2,0.0,0.0,0.0,1.0,0.0,0,0,0
2006-09-17,1,1,1,0.0,0.0,0.0,1.0,0.0,0,0,0
2006-09-19,1,1,1,0.0,0.0,0.0,1.0,0.0,0,0,0
2006-09-20,1,1,1,0.0,0.0,0.0,1.0,0.0,0,0,0
2006-09-21,1,1,1,0.0,0.0,0.0,1.0,0.0,0,0,0
2006-09-25,1,1,1,0.2294,0.2294,0.01,0.99,0.0,0,0,0
2006-09-29,3,3,3,0.0,0.0,0.0,1.0,0.0,0,0,0
2006-10-04,2,2,2,0.0,0.0,0.0,1.0,0.0,0,0,0
2006-10-09,2,2,2,0.0,0.0,0.0,1.0,0.0,0,0,0
2006-10-12,1,1,1,0.0,0.0,0.0,1.0,0.0,0,0,0
2006-10-13,1,1,1,0.0,0.0,0.0,1.0,0.0,0,0,0
2006-10-16,3,3,3,0.0,0.0,0.0,1.0,0.0,0,0,0
2006-10-17,3,3,3,0.0,0.0,0.0,1.0,0.0,0,0,0
2006-10-18,1,1,1,0.0,0.0,0.0,1.0,0.0,0,0,0
2006-10-20,1,1,1,0.0,0.0,0.0,1.0,0.0,0,0,0
2006-10-21,1,1,1,0.46795,0.46795,0.04,0.9385,0.0215,12,8,4
2006-10-24,1,1,1,0.0,0.0,0.0,1.0,0.0,0,0,0
2006-10-26,2,2,2,0.0,0.0,0.0,1.0,0.0,0,0,0
2006-10-27,2,2,2,0.0,0.0,0.0,1.0,0.0,0,0,0
2006-10-31,3,3,3,0.13653333333333334,0.30529781452797133,0.011833333333333333,0.9881666666666667,0.0,0,0,0
2006-11-01,1,1,1,0.0,0.0,0.0,1.0,0.0,0,0,0
2006-11-07,1,1,1,-0.1366,0.1366,0.0,0.9904999999999999,0.0095,0,0,0
2006-11-08,1,1,1,0.0,0.0,0.0,1.0,0.0,0,0,0
2006-11-09,1,1,1,0.0,0.0,0.0,1.0,0.0,0,0,0
2006-11-14,1,1,1,0.21075,0.21075,0.0105,0.9895,0.0,0,0,0
2006-11-22,1,1,1,0.0,0.0,0.0,1.0,0.0,0,0,0
2006-11-27,1,1,1,0.0,0.0,0.0,1.0,0.0,0,0,0
2006-12-01,1,1,1,0.0,0.0,0.0,1.0,0.0,0,0,0
2006-12-04,1,1,1,0.0,0.0,0.0,1.0,0.0,0,0,0
2006-12-08,1,1,1,0.0,0.0,0.0,1.0,0.0,0,0,0
2006-12-18,1,1,1,0.0,0.0,0.0,1.0,0.0,0,0,0
2006-12-27,1,1,1,0.0,0.0,0.0,1.0,0.0,0,0,0
2006-12-28,1,1,1,0.0,0.0,0.0,1.0,0.0,0,0,0
2006-12-29,1,1,1,0.0,0.0,0.0,1.0,0.0,0,0,0
2006-12-30,1,1,1,0.0,0.0,0.0,1.0,0.0,0,0,0
2007-01-01,1,1,0,0.0,0.0,0.0,1.0,0.0,0,0,0
2007-01-02,2,2,0,0.0,0.0,0.0,1.0,0.0,0,0,0
2007-01-03,1,1,0,0.0,0.0,0.0,1.0,0.0,0,0,0
2007-01-06,1,1,0,0.0,0.0,0.0,1.0,0.0,0,0,0
2007-01-07,1,1,0,0.0,0.0,0.0,1.0,0.0,0,0,0
2007-01-08,2,2,1,0.09866666666666667,0.13953573815414536,0.072,0.9279999999999999,0.0,0,0,0
2007-01-09,23,23,1,0.012354166666666666,0.22947343887540786,0.058791666666666666,0.8836666666666666,0.05754166666666666,5,3,2
2007-01-10,28,28,3,0.009922580645161288,0.2627965970586345,0.06506451612903226,0.8694193548387096,0.06551612903225806,2,0,2
2007-01-11,7,7,3,0.04215,0.12644999999999998,0.0318,0.9682000000000001,0.0,4,0,4
2007-01-12,6,6,0,0.3565666666666667,0.19445205635894472,0.2733333333333333,0.7266666666666667,0.0,4,4,0
2007-01-13,1,1,0,0.3612,0.0,0.263,0.737,0.0,0,2,-2
2007-01-15,3,3,1,-0.135575,0.23482278823615055,0.0,0.908,0.092,2,3,-1
2007-01-16,2,2,0,0.0,0.0,0.0,1.0,0.0,0,0,0
2007-01-17,10,10,0,0.04305,0.14343677527050028,0.1318,0.7800999999999999,0.0883,9,7,2
2007-01-18,25,25,2,-0.07094074074074073,0.1910277025852713,0.04318518518518518,0.8554074074074074,0.10140740740740742,10,20,-10
2007-01-19,2,2,1,0.0,0.0,0.0,1.0,0.0,0,0,0
2007-01-22,1,1,0,-0.2263,0.0,0.0,0.808,0.192,1,1,0
2007-01-23,5,5,2,-0.07392857142857144,0.19546116687235351,0.0015714285714285713,0.9158571428571428,0.08257142857142859,1,2,-1
2007-01-24,3,3,1,0.08032499999999998,0.26110297178507946,0.006,0.892,0.10200000000000001,0,0,0
2007-01-25,3,3,0,0.18103333333333335,0.18813137844483988,0.14333333333333334,0.8566666666666666,0.0,2,1,1
2007-01-30,2,2,0,0.35015,0.35015,0.246,0.754,0.0,3,0,3
2007-01-31,2,2,1,0.18650000000000003,0.4882449863200509,0.028333333333333335,0.9063333333333334,0.06533333333333334,2,0,2
2007-02-01,1,1,1,0.0,0.0,0.0,1.0,0.0,0,0,0
2007-02-02,2,2,0,0.0,0.0,0.0,1.0,0.0,0,0,0
2007-02-03,1,1,0,0.0,0.0,0.0,1.0,0.0,0,0,0
2007-02-05,6,6,1,-0.044271428571428566,0.2811366506283565,0.023857142857142858,0.8609999999999999,0.11514285714285714,7,2,5
2007-02-06,3,3,0,-0.18213333333333334,0.12878771508010986,0.0,0.8613333333333334,0.13866666666666666,1,2,-1
2007-02-07,4,4,1,-0.10928,0.13384011954567288,0.0,0.9206,0.0794,1,3,-2
2007-02-08,1,1,1,0.0,0.0,0.0,1.0,0.0,0,1,-1
2007-02-09,2,2,2,0.0,0.0,0.0,1.0,0.0,0,1,-1
2007-02-12,6,6,0,0.11764999999999999,0.4349939836748703,0.205,0.7068333333333334,0.08816666666666667,5,0,5
2007-02-13,2,2,1,0.13893333333333333,0.19648140426570201,0.09466666666666666,0.9053333333333334,0.0,0,1,-1
2007-02-15,1,1,0,0.0,0.0,0.0,1.0,0.0,3,0,3
2007-02-16,3,3,0,-0.008133333333333334,0.1553225103525636,0.07366666666666667,0.858,0.06833333333333333,0,0,0
2007-02-17,1,1,1,0.1591,0.1591,0.007,0.993,0.0,2,0,2
2007-02-21,1,1,0,0.5106,0.0,0.417,0.583,0.0,0,0,0
2007-02-22,7,7,1,0.23181250000000003,0.1892713689223756,0.17962499999999998,0.820375,0.0,4,0,4
2007-02-23,1,1,1,0.0,0.0,0.0,1.0,0.0,0,0,0
2007-02-26,2,2,0,-0.2263,0.0,0.0,0.756,0.244,2,0,2
2007-02-27,2,2,0,0.03484999999999999,0.26115,0.262,0.6005,0.1375,1,0,1
2007-02-28,3,3,2,0.12738,0.25476,0.09140000000000001,0.9086000000000001,0.0,0,0,0
2007-03-01,1,1,0,0.0,0.0,0.0,1.0,0.0,0,2,-2
2007-03-02,2,2,1,0.0,0.0,0.0,1.0,0.0,0,2,-2
2007-03-05,1,1,0,-0.3612,0.0,0.0,0.706,0.294,1,0,1
2007-03-06,1,1,0,0.0,0.0,0.0,1.0,0.0,3,0,3
2007-03-08,1,1,0,0.0,0.0,0.0,1.0,0.0,0,0,0
2007-03-09,1,1,0,0.0,0.0,0.0,1.0,0.0,0,0,0
2007-03-11,2,2,0,0.0,0.0,0.0,1.0,0.0,0,0,0
2007-03-12,2,2,0,0.0,0.0,0.0,1.0,0.0,0,0,0
2007-03-13,2,2,1,0.0,0.0,0.0,1.0,0.0,0,0,0
2007-03-19,2,2,1,0.1468,0.20760655095637034,0.12233333333333334,0.8776666666666667,0.0,0,0,0
2007-03-20,1,1,1,0.0,0.0,0.0,1.0,0.0,0,0,0
2007-03-21,2,2,0,0.0,0.0,0.0,1.0,0.0,0,0,0
2007-03-22,4,4,1,0.0,0.0,0.0,1.0,0.0,0,0,0
2007-03-28,2,2,2,0.3421,0.3960796068974014,0.08225,0.91625,0.00175,8,12,-4
2007-03-29,4,4,1,0.02054,0.04108,0.0636,0.9364000000000001,0.0,2,0,2
2007-03-30,1,1,0,0.0,0.0,0.0,1.0,0.0,0,0,0
2007-03-31,1,1,0,0.0,0.0,0.0,1.0,0.0,0,0,0
2007-04-01,3,3,0,0.0,0.0,0.0,1.0,0.0,4,0,4
2007-04-02,8,8,1,0.012311111111111113,0.20165808491076312,0.059000000000000004,0.8896666666666666,0.051333333333333335,8,5,3
2007-04-03,3,3,1,0.022000000000000006,0.2253706280773961,0.06575,0.8482500000000001,0.086,2,0,2
2007-04-04,1,1,0,0.6369,0.0,0.344,0.656,0.0,1,0,1
2007-04-06,1,1,1,0.0,0.0,0.0,1.0,0.0,0,0,0
2007-04-09,4,4,1,-0.01544,0.03088,0.0496,0.8960000000000001,0.054400000000000004,1,4,-3
2007-04-10,3,3,0,-0.025733333333333334,0.03639242900506765,0.08266666666666667,0.8266666666666667,0.09066666666666667,1,2,-1
2007-04-11,1,1,0,0.0,0.0,0.0,1.0,0.0,0,0,0
2007-04-12,9,9,1,-0.03035,0.06925337897893503,0.0248,0.9205,0.054700000000000006,3,10,-7
2007-04-13,3,3,1,0.0,0.0,0.0,1.0,0.0,0,0,0
2007-04-15,1,1,0,0.296,0.0,0.306,0.694,0.0,0,0,0
2007-04-16,2,2,0,0.0,0.0,0.0,1.0,0.0,0,0,0
2007-04-18,1,1,1,0.63375,0.19334999999999997,0.212,0.788,0.0,0,0,0
2007-04-20,1,1,0,0.4939,0.0,0.314,0.686,0.0,0,0,0
2007-04-21,1,1,0,0.4939,0.0,0.314,0.686,0.0,0,0,0
2007-04-23,4,4,3,0.1640714285714286,0.21192737107850157,0.09485714285714285,0.9051428571428571,0.0,0,0,0
2007-04-24,8,8,1,0.0884888888888889,0.25028437357198513,0.04377777777777778,0.9562222222222222,0.0,2,0,2
2007-04-25,13,13,1,0.19966428571428568,0.27820836899998647,0.15978571428571428,0.8272857142857143,0.013,16,6,10
2007-04-26,13,13,2,0.09354,0.19505862981848987,0.09146666666666665,0.8965333333333334,0.012,14,4,10
2007-04-27,2,2,1,0.0,0.0,0.0,1.0,0.0,0,0,0
2007-05-03,3,3,2,0.2535,0.3336870749669516,0.08399999999999999,0.916,0.0,0,0,0
2007-05-04,2,2,1,0.0,0.0,0.0,1.0,0.0,0,0,0
2007-05-10,1,1,0,0.0,0.0,0.0,1.0,0.0,1,0,1
2007-05-11,2,2,0,0.0,0.0,0.0,1.0,0.0,1,0,1
2007-05-15,3,3,2,0.0,0.0,0.0,1.0,0.0,1,0,1
2007-05-17,2,2,1,0.13396666666666665,0.18945747690591563,0.10333333333333333,0.8966666666666666,0.0,0,1,-1
2007-05-18,1,1,0,0.4019,0.0,0.278,0.722,0.0,0,1,-1
2007-05-21,1,1,1,0.0,0.0,0.0,1.0,0.0,0,0,0
2007-05-22,1,1,1,0.0,0.0,0.0,1.0,0.0,0,0,0
2007-05-28,1,1,1,0.0,0.0,0.0,1.0,0.0,0,0,0
2007-05-30,8,8,0,0.0838125,0.22174703175860103,0.0655,0.9345,0.0,0,0,0
2007-05-31,4,4,1,0.1341,0.2682,0.1048,0.8952,0.0,0,0,0
2007-06-01,1,1,0,0.6486,0.0,0.469,0.531,0.0,0,0,0
2007-06-04,6,6,2,0.0,0.0,0.0,1.0,0.0,2,2,0
2007-06-05,2,2,0,0.0,0.0,0.0,1.0,0.0,0,1,-1
2007-06-06,2,2,1,0.0593,0.08386286424872455,0.09566666666666666,0.8316666666666667,0.07266666666666667,1,0,1
2007-06-07,5,5,1,0.02965,0.06629941553286876,0.04783333333333333,0.9158333333333334,0.036333333333333336,3,1,2
2007-06-08,3,3,1,0.044475,0.07703295966662584,0.07175,0.87375,0.0545,1,1,0
2007-06-09,1,1,0,0.0,0.0,0.0,1.0,0.0,0,0,0
2007-06-11,9,9,0,0.050977777777777775,0.1441869294259502,0.033555555555555554,0.9506666666666668,0.015888888888888886,3,4,-1
2007-06-12,6,6,2,-0.043125,0.25462387334065906,0.03775,0.8985000000000001,0.063875,0,4,-4
2007-06-13,4,4,2,0.0,0.0,0.0,1.0,0.0,0,0,0
2007-06-14,4,4,1,0.0843,0.1686,0.0824,0.9176,0.0,1,0,1
2007-06-15,2,2,1,0.0,0.0,0.0,1.0,0.0,0,0,0
2007-06-18,6,6,2,0.037,0.09789279850938985,0.0335,0.9665,0.0,1,0,1
2007-06-20,4,4,1,0.0,0.0,0.0,1.0,0.0,0,0,0
2007-06-22,2,2,0,0.0,0.0,0.0,1.0,0.0,0,0,0
2007-06-23,1,1,0,0.0,0.0,0.0,1.0,0.0,0,0,0
2007-06-25,3,3,0,0.0,0.0,0.0,1.0,0.0,0,0,0
2007-06-26,11,11,1,0.0,0.0,0.0,1.0,0.0,2,0,2
2007-06-27,1,1,0,0.1779,0.0,0.221,0.779,0.0,0,0,0
2007-06-28,4,4,1,0.08336,0.16672,0.056799999999999996,0.9432,0.0,0,4,-4
2007-06-29,9,9,2,0.24335454545454543,0.25140535672182834,0.18609090909090906,0.7898181818181819,0.024090909090909093,3,5,-2
2007-06-30,5,5,1,0.0,0.0,0.0,1.0,0.0,9,0,9
2007-07-01,1,1,0,0.0,0.0,0.0,1.0,0.0,0,0,0
2007-07-02,7,7,1,0.0795,0.13813670764861888,0.07012499999999999,0.929875,0.0,6,4,2
2007-07-03,7,7,0,0.0,0.0,0.0,1.0,0.0,3,2,1
2007-07-04,2,2,2,0.0,0.0,0.0,1.0,0.0,0,0,0
2007-07-05,10,10,1,0.08796363636363634,0.30070249348280575,0.12709090909090912,0.8436363636363636,0.029272727272727273,10,4,6
2007-07-06,5,5,2,0.15048571428571428,0.23793880623009786,0.11028571428571429,0.8897142857142857,0.0,3,4,-1
2007-07-07,1,1,0,0.5267,0.0,0.386,0.614,0.0,1,2,-1
2007-07-09,2,2,0,0.368,0.0,0.26849999999999996,0.7315,0.0,0,0,0
2007-07-10,1,1,0,0.368,0.0,0.297,0.703,0.0,0,0,0
2007-07-11,2,2,2,0.0,0.0,0.0,1.0,0.0,0,0,0
2007-07-14,1,1,1,0.43995,0.43995,0.0375,0.956,0.0065,5,3,2
2007-07-16,1,1,1,0.258,0.258,0.018,0.982,0.0,0,0,0
2007-07-17,2,2,2,0.0,0.0,0.0,1.0,0.0,0,0,0
2007-07-19,1,1,1,0.0,0.0,0.0,1.0,0.0,0,0,0
2007-07-20,2,2,2,0.3529,0.3996961220727567,0.109,0.88725,0.00375,24,8,16
2007-07-22,1,1,0,0.0,0.0,0.0,1.0,0.0,0,2,-2
2007-07-23,4,4,0,-0.11315,0.11315,0.0,0.8795,0.1205,0,4,-4
2007-07-24,8,8,1,-0.06857777777777778,0.19657288033691378,0.027777777777777776,0.8436666666666667,0.12855555555555556,1,8,-7
2007-07-25,8,8,1,0.375,0.36505642486242224,0.28555555555555556,0.7144444444444444,0.0,15,3,12
2007-07-26,7,7,2,0.2423,0.34266394616300094,0.18333333333333335,0.8166666666666668,0.0,16,0,16
2007-07-27,1,1,0,-0.0516,0.0,0.0,0.806,0.194,0,0,0
2007-07-30,4,4,2,0.02105,0.07263189726284175,0.016999999999999998,0.9506666666666667,0.03233333333333333,1,0,1
2007-07-31,4,4,0,0.063475,0.08083976048331662,0.17675,0.70375,0.11975,2,7,-5
2007-08-01,4,4,3,-0.053728571428571424,0.142418866269142,0.03785714285714286,0.923,0.039142857142857146,0,1,-1
2007-08-02,2,2,0,0.5466500000000001,0.05275000000000002,0.4215,0.5785,0.0,0,0,0
2007-08-04,1,1,1,-0.463,0.463,0.0,0.935,0.065,0,0,0
2007-08-07,2,2,0,0.0,0.0,0.0,1.0,0.0,0,0,0
2007-08-08,3,3,1,0.0,0.0,0.0,1.0,0.0,0,0,0
2007-08-09,1,1,1,0.4939,0.4939,0.043,0.9299999999999999,0.027,24,16,8
2007-08-14,2,2,1,0.0,0.0,0.0,1.0,0.0,0,1,-1
2007-08-15,1,1,0,0.0,0.0,0.0,1.0,0.0,0,1,-1
2007-08-16,3,3,1,0.074,0.12817175976009693,0.05975,0.94025,0.0,0,4,-4
2007-08-17,2,2,0,0.148,0.148,0.1195,0.8805000000000001,0.0,0,4,-4
2007-08-20,2,2,2,0.0,0.0,0.0,1.0,0.0,0,0,0
2007-08-21,2,2,1,0.06743333333333333,0.09536513455602573,0.077,0.923,0.0,0,4,-4
2007-08-22,2,2,1,0.06743333333333333,0.09536513455602573,0.077,0.923,0.0,0,2,-2
2007-08-24,2,2,0,0.0,0.0,0.0,1.0,0.0,0,0,0
2007-08-25,1,1,0,0.0,0.0,0.0,1.0,0.0,0,0,0
2007-08-27,3,3,1,0.0,0.0,0.0,1.0,0.0,0,0,0
2007-08-28,3,3,2,0.0,0.0,0.0,1.0,0.0,0,0,0
2007-08-29,11,11,0,0.15054545454545457,0.1653406201184604,0.10027272727272728,0.8997272727272727,0.0,25,4,21
2007-08-30,3,3,0,0.09866666666666667,0.13953573815414536,0.08933333333333333,0.9106666666666667,0.0,0,0,0
2007-08-31,2,2,0,0.0,0.0,0.0,1.0,0.0,2,2,0
2007-09-01,1,1,0,0.0,0.0,0.0,1.0,0.0,1,1,0
2007-09-02,1,1,0,0.0,0.0,0.0,1.0,0.0,1,1,0
2007-09-03,1,1,0,0.0,0.0,0.0,1.0,0.0,1,1,0
2007-09-04,9,9,1,0.15875,0.19450615542959046,0.1143,0.8856999999999999,0.0,3,1,2
2007-09-05,16,16,1,0.06405882352941177,0.2697383613774947,0.09788235294117648,0.8293529411764706,0.07270588235294119,7,3,4
2007-09-06,9,9,1,-0.08249999999999999,0.2822051452401249,0.0908,0.7709999999999999,0.13840000000000002,6,3,3
2007-09-07,7,7,3,-0.04980999999999999,0.2398734768581137,0.058600000000000006,0.8336,0.10800000000000001,7,0,7
2007-09-10,8,8,1,0.21702222222222223,0.20685104021857412,0.15022222222222223,0.8497777777777777,0.0,7,6,1
2007-09-11,4,4,2,0.04933333333333333,0.11031268688998962,0.04466666666666667,0.9553333333333334,0.0,1,4,-3
2007-09-12,2,2,0,-0.2997,0.2997,0.0,0.8360000000000001,0.164,2,0,2
2007-09-13,1,1,0,0.0,0.0,0.0,1.0,0.0,0,0,0
2007-09-14,1,1,0,-0.128,0.0,0.0,0.769,0.231,0,0,0
2007-09-15,1,1,0,-0.128,0.0,0.0,0.769,0.231,0,0,0
2007-09-16,2,2,0,-0.064,0.064,0.0,0.8845000000000001,0.1155,0,0,0
2007-09-17,2,2,0,0.13695,0.26495,0.139,0.7455,0.1155,0,0,0
2007-09-18,3,3,1,0.032,0.055425625842204077,0.03575,0.96425,0.0,0,0,0
2007-09-19,4,4,0,0.0,0.09050966799187808,0.03575,0.92025,0.044,3,0,3
2007-09-20,4,4,0,0.0,0.0,0.0,1.0,0.0,1,0,1
2007-09-21,3,3,0,0.0,0.0,0.0,1.0,0.0,0,0,0
2007-09-22,1,1,0,0.0,0.0,0.0,1.0,0.0,0,0,0
2007-09-23,1,1,0,0.0,0.0,0.0,1.0,0.0,0,0,0
2007-09-24,9,9,1,-0.10602,0.28232454303513893,0.0019,0.9143000000000001,0.08379999999999999,5,1,4
2007-09-25,3,3,1,-0.123475,0.21386497346456712,0.0,0.913,0.087,1,1,0
2007-09-26,2,2,0,0.0,0.0,0.0,1.0,0.0,3,1,2
2007-09-27,2,2,1,0.0,0.0,0.0,1.0,0.0,4,0,4
2007-09-28,5,5,1,0.0,0.0,0.0,1.0,0.0,2,0,2
2007-09-29,3,3,1,-0.032,0.055425625842204077,0.0,0.956,0.044,1,0,1
2007-09-30,1,1,0,0.0,0.0,0.0,1.0,0.0,0,0,0
2007-10-01,2,2,1,0.0,0.0,0.0,1.0,0.0,0,0,0
2007-10-02,2,2,2,0.0,0.0,0.0,1.0,0.0,0,0,0
2007-10-03,1,1,1,0.0,0.0,0.0,1.0,0.0,0,0,0
2007-10-04,1,1,0,0.0,0.0,0.0,1.0,0.0,2,0,2
2007-10-05,1,1,1,0.0,0.0,0.0,1.0,0.0,0,0,0
2007-10-11,1,1,0,0.296,0.0,0.306,0.694,0.0,1,0,1
2007-10-12,2,2,1,0.0,0.0,0.0,1.0,0.0,0,0,0
2007-10-15,2,2,1,0.0593,0.08386286424872455,0.004,0.996,0.0,0,0,0
2007-10-16,7,7,1,0.2002125,0.3644877379196041,0.10287500000000001,0.8627499999999999,0.034375,20,10,10
2007-10-17,6,6,1,0.2005142857142857,0.19843892495872759,0.15314285714285716,0.8468571428571429,0.0,2,1,1
2007-10-18,2,2,1,0.07543333333333334,0.10667884305501046,0.08033333333333333,0.9196666666666666,0.0,0,0,0
2007-10-19,1,1,0,0.0,0.0,0.0,1.0,0.0,0,0,0
2007-10-22,14,14,0,0.1953142857142857,0.29504853319204205,0.19649999999999995,0.7835714285714285,0.01992857142857143,19,4,15
2007-10-23,16,16,2,0.24010555555555557,0.26706101357018736,0.21905555555555556,0.7809444444444444,0.0,18,4,14
2007-10-24,1,1,1,0.0,0.0,0.0,1.0,0.0,0,0,0
2007-10-26,1,1,1,0.0,0.0,0.0,1.0,0.0,0,0,0
2007-10-27,1,1,1,0.0,0.0,0.0,1.0,0.0,0,0,0
2007-10-29,2,2,2,0.129,0.22343455417638516,0.00375,0.99625,0.0,0,0,0
2007-10-30,3,3,0,0.0,0.0,0.0,1.0,0.0,2,4,-2
2007-11-01,1,1,1,0.0,0.0,0.0,1.0,0.0,0,0,0
2007-11-06,1,1,1,0.0,0.0,0.0,1.0,0.0,0,0,0
2007-11-07,2,2,0,0.2676,0.34480000000000005,0.189,0.73,0.0815,3,0,3
2007-11-08,1,1,0,-0.2732,0.0,0.0,0.704,0.296,0,0,0
2007-11-09,1,1,0,0.5106,0.0,0.32,0.68,0.0,0,0,0
2007-11-10,1,1,0,0.5267,0.0,0.327,0.673,0.0,1,0,1
2007-11-12,1,1,0,-0.1779,0.0,0.0,0.825,0.175,2,0,2
2007-11-13,5,5,0,0.068,0.2658611968678393,0.0938,0.8474,0.0588,9,0,9
2007-11-14,5,5,1,-0.10953333333333333,0.1560428003964155,0.0,0.9183333333333333,0.08166666666666667,0,2,-2
2007-11-15,1,1,1,0.6832,0.24280000000000002,0.2135,0.7865,0.0,0,0,0
2007-11-20,1,1,1,0.0,0.0,0.0,1.0,0.0,0,0,0
2007-11-21,2,2,2,0.129475,0.14159211445204145,0.04325,0.95675,0.0,0,0,0
2007-11-26,3,3,1,0.1101,0.1906987939133334,0.05625,0.94375,0.0,0,0,0
2007-11-27,4,4,1,0.0,0.0,0.0,1.0,0.0,2,0,2
2007-11-28,5,5,1,0.15846666666666667,0.22410570918405642,0.12033333333333333,0.8796666666666667,0.0,0,2,-2
2007-11-29,2,2,0,-0.35015,0.35015,0.0,0.79,0.21,5,0,5
2007-11-30,4,4,1,0.17038,0.34076,0.0916,0.9084,0.0,2,0,2
2007-12-03,3,3,0,-0.1589,0.22471853506108477,0.0,0.9266666666666667,0.07333333333333333,0,0,0
2007-12-04,7,7,2,0.01976666666666667,0.055908576165816355,0.012888888888888889,0.9871111111111112,0.0,1,0,1
2007-12-05,6,6,5,0.04003636363636364,0.1266060983216504,0.0013636363636363635,0.9986363636363635,0.0,0,0,0
2007-12-06,8,8,2,0.08191999999999999,0.27275072795503225,0.0438,0.9179999999999999,0.0382,21,26,-5
2007-12-07,6,6,2,-0.0329875,0.33424464258047576,0.04525,0.89225,0.0625,0,0,0
2007-12-08,1,1,1,0.0,0.0,0.0,1.0,0.0,0,0,0
2007-12-09,1,1,0,0.0,0.0,0.0,1.0,0.0,0,0,0
2007-12-10,1,1,1,0.0,0.0,0.0,1.0,0.0,0,1,-1
2007-12-11,3,3,2,0.0,0.0,0.0,1.0,0.0,2,0,2
2007-12-12,4,4,0,0.3132,0.24018425218985526,0.179,0.78625,0.03475,0,2,-2
2007-12-13,6,6,2,-0.07623749999999999,0.3264986559600973,0.0015,0.928125,0.070375,5,0,5
2007-12-14,1,1,1,0.0,0.0,0.0,1.0,0.0,0,0,0
2007-12-15,1,1,0,0.5859,0.0,0.413,0.476,0.111,0,0,0
2007-12-17,6,6,2,0.0579375,0.2779396154630534,0.047875,0.9285,0.023625,5,1,4
2007-12-18,4,4,0,0.44345,0.19345,0.27799999999999997,0.722,0.0,6,0,6
2007-12-20,1,1,0,0.4215,0.0,0.286,0.714,0.0,0,0,0
2007-12-21,4,4,2,0.03253333333333333,0.1925804737996272,0.04766666666666666,0.9121666666666668,0.04016666666666666,0,1,-1
2007-12-24,1,1,1,0.2202,0.2202,0.01,0.99,0.0,0,0,0
2007-12-27,4,4,1,0.0,0.0,0.0,1.0,0.0,2,0,2
2007-12-28,3,3,1,0.0,0.0,0.0,1.0,0.0,2,0,2
2007-12-29,1,1,0,0.0,0.0,0.0,1.0,0.0,1,0,1
2007-12-30,1,1,0,0.0,0.0,0.0,1.0,0.0,1,0,1
2007-12-31,1,1,0,0.0,0.0,0.0,1.0,0.0,1,0,1
2008-01-03,2,2,0,0.28535,0.28535,0.1175,0.8825000000000001,0.0,1,0,1
2008-01-04,1,1,0,0.0,0.0,0.0,1.0,0.0,0,0,0
2008-01-05,2,2,2,0.044475,0.07703295966662584,0.002,0.998,0.0,0,1,-1
2008-01-07,4,4,0,0.0,0.0,0.0,1.0,0.0,2,0,2
2008-01-08,10,10,3,0.0953076923076923,0.1752934702436436,0.061384615384615385,0.9386153846153845,0.0,0,1,-1
2008-01-09,6,6,1,0.19758571428571428,0.23703357464756777,0.11614285714285714,0.8838571428571429,0.0,1,1,0
2008-01-10,3,3,0,0.09866666666666667,0.13953573815414536,0.07966666666666666,0.9203333333333333,0.0,1,0,1
2008-01-11,2,2,0,0.20095,0.20095,0.1155,0.8845000000000001,0.0,0,0,0
2008-01-14,7,7,2,0.030355555555555556,0.08585847672007324,0.025333333333333333,0.9578888888888889,0.016888888888888887,2,0,2
2008-01-15,26,26,4,0.028296666666666668,0.13084399994735038,0.013500000000000002,0.9821666666666666,0.004333333333333333,7,3,4
2008-01-16,16,16,2,0.11412222222222221,0.18714962687514547,0.05355555555555555,0.9464444444444445,0.0,7,0,7
2008-01-17,4,4,1,0.20514000000000002,0.1842276048804847,0.0658,0.9342,0.0,5,0,5
2008-01-18,2,2,0,0.0,0.0,0.0,1.0,0.0,0,0,0
2008-01-21,4,4,2,0.041666666666666664,0.09316949906249125,0.0025,0.9974999999999999,0.0,2,1,1
2008-01-22,16,16,1,0.027741176470588234,0.12999288694939984,0.014470588235294117,0.9752941176470588,0.010235294117647058,9,2,7
2008-01-23,10,10,1,-0.12774545454545455,0.36168870433423156,0.08736363636363635,0.7209090909090908,0.1918181818181818,2,17,-15
2008-01-24,1,1,1,0.0,0.0,0.0,1.0,0.0,0,0,0
2008-01-25,1,1,1,0.0,0.0,0.0,1.0,0.0,0,0,0
2008-01-28,2,2,1,0.0,0.0,0.0,1.0,0.0,0,0,0
2008-01-29,2,2,1,0.0,0.0,0.0,1.0,0.0,0,0,0
2008-01-30,1,1,1,0.0,0.0,0.0,1.0,0.0,0,0,0
2008-01-31,1,1,1,0.0,0.0,0.0,1.0,0.0,0,0,0
2008-02-04,1,1,0,0.0,0.0,0.0,1.0,0.0,0,2,-2
2008-02-05,7,7,1,0.0,0.0,0.0,1.0,0.0,1,1,0
2008-02-06,3,3,1,-0.056575,0.09799077443820924,0.0,0.9565,0.0435,0,1,-1
2008-02-07,2,2,1,0.11333333333333334,0.1602775370689508,0.07033333333333333,0.9296666666666668,0.0,2,0,2
2008-02-08,3,3,1,0.23322500000000002,0.2625271450250431,0.11499999999999999,0.885,0.0,0,0,0
2008-02-10,1,1,0,0.0,0.0,0.0,1.0,0.0,0,0,0
2008-02-11,8,8,3,0.018390909090909093,0.05815716096836938,0.015181818181818183,0.9848181818181818,0.0,0,0,0
2008-02-12,5,5,0,0.0749,0.3191038075611133,0.09559999999999999,0.8612,0.0432,2,1,1
2008-02-13,1,1,0,0.0,0.0,0.0,1.0,0.0,2,0,2
2008-02-14,1,1,0,0.0,0.0,0.0,1.0,0.0,0,0,0
2008-02-15,4,4,1,0.27632,0.3384215028629239,0.13640000000000002,0.8635999999999999,0.0,0,0,0
2008-02-19,4,4,1,0.0,0.0,0.0,1.0,0.0,0,1,-1
2008-02-20,2,2,1,0.1589,0.2247185350610848,0.06833333333333333,0.9316666666666666,0.0,0,0,0
2008-02-21,2,2,0,0.4203,0.038500000000000006,0.301,0.699,0.0,0,0,0
2008-02-22,2,2,2,0.0,0.0,0.0,1.0,0.0,0,0,0
2008-02-25,3,3,1,0.167625,0.290335016618733,0.004,0.996,0.0,0,0,0
2008-02-26,7,7,1,0.08635,0.22846062571042738,0.047875,0.9365,0.01575,4,0,4
2008-02-27,9,9,0,0.10435555555555556,0.1995704448788342,0.08277777777777778,0.9172222222222222,0.0,7,2,5
2008-02-28,4,4,0,0.31845,0.31845,0.22475,0.71625,0.05925,6,0,6
2008-02-29,2,2,2,0.0,0.0,0.0,1.0,0.0,0,0,0
2008-03-03,5,5,2,0.11201428571428572,0.2743778439023271,0.055,0.9450000000000001,0.0,0,0,0
2008-03-04,10,10,2,0.059166666666666666,0.2897776801081976,0.04649999999999999,0.88075,0.07275,3,1,2
2008-03-05,3,3,1,-0.074,0.12817175976009693,0.0,0.9235,0.0765,3,1,2
2008-03-06,10,10,3,0.21896153846153846,0.24793973380165016,0.11053846153846153,0.8894615384615384,0.0,1,0,1
2008-03-07,4,4,2,0.11769999999999999,0.1837940786133583,0.054833333333333324,0.9431666666666666,0.002,0,0,0
2008-03-10,3,3,1,0.0,0.0,0.0,1.0,0.0,2,0,2
2008-03-11,5,5,0,0.25006000000000006,0.3118865665590617,0.1318,0.8682000000000001,0.0,5,0,5
2008-03-12,4,4,0,-0.1531,0.26517697863879514,0.0,0.91075,0.08925,3,1,2
2008-03-13,3,3,1,0.0,0.0,0.0,1.0,0.0,0,0,0
2008-03-14,2,2,1,0.09106666666666667,0.12878771508010986,0.06933333333333333,0.9306666666666666,0.0,0,0,0
2008-03-17,2,2,0,0.0,0.0,0.0,1.0,0.0,0,0,0
2008-03-18,3,3,0,0.22666666666666668,0.1602775370689508,0.1416666666666667,0.8583333333333334,0.0,8,0,8
2008-03-19,3,3,2,0.0,0.0,0.0,1.0,0.0,0,1,-1
2008-03-20,2,2,2,0.044475,0.07703295966662582,0.003,0.997,0.0,0,0,0
2008-03-23,1,1,0,0.5719,0.0,0.381,0.619,0.0,1,0,1
2008-03-24,2,2,1,0.41756666666666664,0.29859252427941924,0.13733333333333334,0.8626666666666667,0.0,3,0,3
2008-03-25,3,3,1,-0.021949999999999997,0.43598924585361043,0.09525,0.897,0.00775,3,0,3
2008-03-26,6,6,2,0.0845375,0.21578898221121023,0.09187500000000001,0.8785000000000001,0.029625,7,0,7
2008-03-27,3,3,1,-0.171275,0.18997935907619015,0.0,0.85625,0.14375,1,2,-1
2008-03-28,5,5,1,0.22535000000000002,0.2412645556921558,0.1465,0.8534999999999999,0.0,8,0,8
2008-03-31,9,9,5,0.0013142857142857123,0.1699633189718251,0.0195,0.9615,0.019,2,0,2
2008-04-01,4,4,0,0.19037500000000002,0.19254329870187642,0.14725,0.8105,0.04225,2,3,-1
2008-04-02,4,4,1,0.0,0.0,0.0,1.0,0.0,0,0,0
2008-04-03,4,4,1,0.08092,0.09910635499300739,0.07780000000000001,0.9221999999999999,0.0,0,0,0
2008-04-04,5,5,2,0.07435714285714286,0.12158103537667915,0.05842857142857143,0.9415714285714286,0.0,0,1,-1
2008-04-07,6,6,1,0.2765714285714286,0.3336646507852959,0.11985714285714286,0.8762857142857143,0.004,2,0,2
2008-04-08,5,5,1,-0.03945000000000002,0.4334987802751007,0.06083333333333333,0.8454999999999999,0.09366666666666668,0,6,-6
2008-04-09,4,4,2,0.11683333333333334,0.17114852873714367,0.0595,0.9405,0.0,0,1,-1
2008-04-10,3,3,0,0.1468,0.20760655095637034,0.06966666666666667,0.9303333333333333,0.0,5,0,5
2008-04-11,2,2,1,0.08093333333333334,0.32723265254080147,0.005666666666666667,0.941,0.05333333333333334,1,0,1
2008-04-14,3,3,2,0.0,0.0,0.0,1.0,0.0,2,0,2
2008-04-15,3,3,1,0.074,0.1281717597600969,0.04175,0.95825,0.0,0,0,0
2008-04-16,3,3,1,0.09545,0.16532424958244932,0.0445,0.9555,0.0,1,1,0
2008-04-17,3,3,2,0.11148,0.22296,0.053000000000000005,0.9470000000000001,0.0,1,0,1
2008-04-18,2,2,1,0.0,0.0,0.0,1.0,0.0,0,0,0
2008-04-19,1,1,0,0.0,0.0,0.0,1.0,0.0,0,0,0
2008-04-21,4,4,2,0.1097,0.15526681336761353,0.10016666666666667,0.8998333333333335,0.0,4,0,4
2008-04-22,5,5,1,0.05936666666666667,0.28630823522133547,0.08600000000000001,0.8693333333333334,0.04466666666666667,0,1,-1
2008-04-23,18,18,2,0.191095,0.2629613174499245,0.19039999999999999,0.79425,0.015349999999999999,26,8,18
2008-04-24,10,10,1,0.14713636363636365,0.22160963333478279,0.11627272727272726,0.8837272727272727,0.0,6,2,4
2008-04-25,5,5,2,0.03357142857142858,0.28265979912399347,0.04228571428571428,0.9272857142857143,0.030428571428571426,1,1,0
2008-04-28,2,2,1,0.0,0.0,0.0,1.0,0.0,0,0,0
2008-04-29,4,4,1,0.0,0.0,0.0,1.0,0.0,3,2,1
2008-04-30,4,4,1,0.05129999999999999,0.218295341223765,0.0886,0.8798,0.0318,2,2,0
2008-05-01,4,4,1,0.068,0.136,0.0422,0.9578,0.0,2,2,0
2008-05-02,2,2,0,0.4088,0.4088,0.274,0.726,0.0,2,2,0
2008-05-03,2,2,0,0.0,0.0,0.0,1.0,0.0,1,2,-1
2008-05-04,2,2,1,0.09866666666666667,0.13953573815414536,0.005333333333333333,0.9946666666666667,0.0,1,0,1
2008-05-05,3,3,0,0.17020000000000002,0.2406991483159008,0.09733333333333333,0.9026666666666667,0.0,2,0,2
2008-05-06,5,5,1,0.017116666666666665,0.0382740302148714,0.0205,0.9794999999999999,0.0,3,0,3
2008-05-07,1,1,1,0.6247,0.1659,0.2125,0.779,0.0085,0,0,0
2008-05-08,2,2,0,0.21075,0.21075,0.1095,0.8905000000000001,0.0,0,0,0
2008-05-11,1,1,1,0.0,0.0,0.0,1.0,0.0,0,0,0
2008-05-12,6,6,1,0.0,0.0,0.0,1.0,0.0,2,4,-2
2008-05-13,8,8,2,0.0836,0.25079999999999997,0.006,0.9922000000000001,0.0018,0,6,-6
2008-05-14,8,8,1,0.02205555555555555,0.1836382501375469,0.057555555555555554,0.8916666666666667,0.050777777777777776,3,5,-2
2008-05-15,5,5,1,0.12726666666666667,0.17998224603801585,0.09549999999999999,0.9045,0.0,2,2,0
2008-05-16,2,2,1,0.1858,0.26276087988892105,0.07433333333333333,0.9256666666666667,0.0,0,0,0
2008-05-19,2,2,1,0.11333333333333334,0.1602775370689508,0.07033333333333333,0.9296666666666668,0.0,0,0,0
2008-05-20,3,3,1,0.16365000000000002,0.19478578618574816,0.0455,0.9545,0.0,0,0,0
2008-05-21,2,2,1,0.0,0.0,0.0,1.0,0.0,0,0,0
2008-05-23,4,4,0,0.192925,0.33415590205022566,0.09475,0.90525,0.0,1,0,1
2008-05-25,1,1,0,0.0,0.0,0.0,1.0,0.0,1,0,1
2008-05-27,5,5,2,0.0,0.0,0.0,1.0,0.0,2,0,2
2008-05-28,1,1,0,0.0,0.0,0.0,1.0,0.0,0,0,0
2008-05-29,3,3,1,-0.100475,0.17402780489048295,0.0,0.9305,0.0695,0,0,0
2008-05-30,4,4,1,0.0843,0.22115749139470722,0.13199999999999998,0.8224,0.0458,4,0,4
2008-05-31,1,1,0,0.2263,0.0,0.374,0.407,0.22,3,0,3
2008-06-02,7,7,2,0.09208888888888889,0.1781510996906493,0.05722222222222222,0.9427777777777777,0.0,0,0,0
2008-06-03,8,8,1,0.1560222222222222,0.22276477268773284,0.07444444444444445,0.9255555555555556,0.0,1,0,1
2008-06-04,6,6,1,-0.03232857142857143,0.07918850411311902,0.0,0.9981428571428571,0.0018571428571428571,0,5,-5
2008-06-05,3,3,1,0.216975,0.3758117239722571,0.00575,0.99425,0.0,0,0,0
2008-06-06,4,4,2,0.05666666666666667,0.1267105187249881,0.035166666666666666,0.9648333333333333,0.0,0,0,0
2008-06-07,2,2,2,0.0,0.0,0.0,1.0,0.0,0,0,0
2008-06-09,44,44,7,0.0070999999999999995,0.15152375339575394,0.011784313725490195,0.9659803921568627,0.022235294117647058,10,0,10
2008-06-10,12,12,4,-0.0389125,0.18633931373639326,0.0164375,0.97975,0.0038125,2,2,0
2008-06-11,9,9,3,0.030100000000000002,0.09983040618969753,0.01983333333333333,0.9801666666666667,0.0,1,5,-4
2008-06-12,6,6,2,0.063825,0.1688650774286975,0.031,0.969,0.0,1,1,0
2008-06-13,3,3,1,-0.021449999999999997,0.24059656585246597,0.05975,0.88425,0.056,0,0,0
2008-06-16,6,6,1,0.0,0.0,0.0,1.0,0.0,2,0,2
2008-06-17,6,6,0,0.005166666666666662,0.25604365296218967,0.03133333333333333,0.9345,0.034166666666666665,2,0,2
2008-06-18,5,5,2,0.003257142857142855,0.15221224708697165,0.023857142857142858,0.9744285714285714,0.0017142857142857144,1,2,-1
2008-06-19,5,5,2,0.0,0.0,0.0,1.0,0.0,1,0,1
2008-06-20,2,2,0,0.17,0.17,0.143,0.857,0.0,0,0,0
2008-06-21,1,1,0,0.5719,0.0,0.316,0.684,0.0,1,0,1
2008-06-23,3,3,1,0.0,0.0,0.0,1.0,0.0,0,0,0
2008-06-24,6,6,2,0.0451125,0.30225774364563435,0.06575,0.908625,0.025625,4,0,4
2008-06-25,6,6,1,0.12845714285714285,0.20316809969750144,0.07757142857142856,0.9224285714285714,0.0,1,0,1
2008-06-26,4,4,1,0.0,0.0,0.0,1.0,0.0,0,0,0
2008-06-27,4,4,1,0.11326,0.14329867549981054,0.0806,0.9194000000000001,0.0,6,0,6
2008-06-28,1,1,0,0.0,0.0,0.0,1.0,0.0,2,0,2
2008-06-30,1,1,1,0.0,0.0,0.0,1.0,0.0,0,0,0
2008-07-01,3,3,1,0.17405,0.20229241829589165,0.10674999999999998,0.89325,0.0,2,0,2
2008-07-02,6,6,3,0.027777777777777776,0.07856742013183861,0.015888888888888886,0.984111111111111,0.0,1,0,1
2008-07-03,2,2,2,0.0,0.0,0.0,1.0,0.0,0,0,0
2008-07-04,1,1,1,0.0,0.0,0.0,1.0,0.0,0,0,0
2008-07-07,6,6,2,-0.0677875,0.17934886699879093,0.0,0.969625,0.030375,2,0,2
2008-07-08,6,6,2,0.03125,0.08267972847076846,0.025,0.975,0.0,0,0,0
2008-07-09,3,3,1,0.301875,0.30675212611325126,0.1395,0.8605,0.0,1,0,1
2008-07-10,46,46,1,0.05675744680851065,0.22677518884201658,0.052468085106382976,0.9227234042553192,0.024808510638297872,18,4,14
2008-07-11,18,18,2,0.091885,0.18800081987853143,0.058699999999999995,0.9413,0.0,10,0,10
2008-07-12,1,1,0,0.0,0.0,0.0,1.0,0.0,0,0,0
2008-07-14,11,11,2,0.01133076923076923,0.07409882574191956,0.01023076923076923,0.9769230769230769,0.012846153846153847,0,4,-4
2008-07-15,7,7,1,0.31784999999999997,0.20436017836163678,0.12737500000000002,0.872625,0.0,1,0,1
2008-07-16,4,4,1,0.08556,0.17112,0.0038,0.9962,0.0,1,0,1
2008-07-17,4,4,2,0.29531666666666667,0.40932685153662823,0.14683333333333334,0.816,0.037,0,0,0
2008-07-18,2,2,1,-0.09866666666666667,0.13953573815414536,0.0,0.9346666666666668,0.06533333333333334,0,0,0
2008-07-21,13,13,1,0.0823357142857143,0.28788428133327376,0.10428571428571429,0.8475,0.048214285714285716,3,7,-4
2008-07-22,14,14,2,-0.024125,0.25146655717013344,0.0380625,0.91075,0.0511875,2,6,-4
2008-07-23,5,5,2,-0.06021428571428571,0.14749427522615852,0.0,0.963,0.037,0,1,-1
2008-07-24,1,1,0,0.0,0.0,0.0,1.0,0.0,0,0,0
2008-07-25,2,2,1,0.0,0.0,0.0,1.0,0.0,0,0,0
2008-07-26,1,1,0,0.4168,0.0,0.284,0.716,0.0,0,0,0
2008-07-27,1,1,0,0.4168,0.0,0.284,0.716,0.0,0,0,0
2008-07-28,5,5,1,0.06946666666666666,0.15533218883698538,0.04733333333333333,0.9526666666666667,0.0,2,0,2
2008-07-29,3,3,1,0.09505,0.16463142925942179,0.04775,0.95225,0.0,0,0,0
2008-07-30,2,2,1,0.1589,0.2247185350610848,0.079,0.9209999999999999,0.0,0,0,0
2008-07-31,7,7,3,0.19002,0.23829059905921593,0.074,0.9260000000000002,0.0,2,0,2
2008-08-01,1,1,1,-0.4019,0.0,0.0,0.836,0.164,0,0,0
2008-08-04,2,2,2,0.0,0.0,0.0,1.0,0.0,0,0,0
2008-08-05,10,10,3,0.03833076923076923,0.09175262213495074,0.026846153846153846,0.9731538461538461,0.0,6,0,6
2008-08-06,3,3,1,0.142975,0.24763996421216022,0.07025,0.92975,0.0,0,0,0
2008-08-07,3,3,2,0.0,0.0,0.0,1.0,0.0,0,0,0
2008-08-08,2,2,1,0.0,0.0,0.0,1.0,0.0,0,0,0
2008-08-11,7,7,1,0.189825,0.2826878390999514,0.056,0.9440000000000001,0.0,6,2,4
2008-08-12,8,8,2,0.03818,0.11454,0.0167,0.9833000000000001,0.0,1,0,1
2008-08-13,5,5,1,0.23476666666666668,0.3342828576054849,0.129,0.8710000000000001,0.0,4,1,3
2008-08-14,6,6,2,0.10183750000000001,0.2040196187717005,0.06762499999999999,0.932375,0.0,2,0,2
2008-08-15,4,4,3,0.0,0.0,0.0,1.0,0.0,0,1,-1
2008-08-18,3,3,1,0.16567500000000002,0.2722656916965485,0.05375,0.90225,0.044,2,0,2
2008-08-19,7,7,3,0.10279,0.1643080792292333,0.0603,0.9397,0.0,1,1,0
2008-08-20,3,3,1,0.0,0.0,0.0,1.0,0.0,0,0,0
2008-08-21,4,4,2,0.21078333333333332,0.21925726454454264,0.083,0.9170000000000001,0.0,0,4,-4
2008-08-22,4,4,3,0.05741428571428571,0.14063570394636563,0.002285714285714286,0.9977142857142857,0.0,0,0,0
2008-08-25,5,5,3,0.0502375,0.13291593148960737,0.026625,0.973375,0.0,4,0,4
2008-08-26,7,7,1,0.0803375,0.15134585340784862,0.04375,0.95625,0.0,3,3,0
2008-08-27,7,7,3,0.08979999999999999,0.1462131526231481,0.0426,0.9574,0.0,2,1,1
2008-08-28,4,4,3,0.0,0.0,0.0,1.0,0.0,1,1,0
2008-08-29,2,2,0,0.17,0.17,0.073,0.927,0.0,0,0,0
2008-09-01,2,2,1,0.0,0.0,0.0,1.0,0.0,0,0,0
2008-09-02,13,13,5,0.06118888888888888,0.25609628807429463,0.037,0.9466666666666667,0.01633333333333333,4,2,2
2008-09-03,10,10,4,0.08933571428571428,0.1477479011557131,0.058857142857142865,0.9401428571428571,0.001,3,1,2
2008-09-04,3,3,2,0.09176,0.18352,0.0038,0.9962,0.0,1,0,1
2008-09-05,6,6,4,0.06369,0.19107,0.0019,0.9981,0.0,3,0,3
2008-09-08,7,7,0,0.042485714285714286,0.3298500890169499,0.1442857142857143,0.769,0.08671428571428572,3,6,-3
2008-09-09,12,12,1,0.09214615384615385,0.14243965856235738,0.08115384615384615,0.9188461538461539,0.0,0,0,0
2008-09-10,7,7,2,0.06193333333333333,0.17517391992594736,0.025666666666666667,0.9743333333333334,0.0,4,0,4
2008-09-11,10,10,2,0.06191666666666667,0.2053543516028385,0.0425,0.9575,0.0,0,0,0
2008-09-12,3,3,0,0.0,0.0,0.0,1.0,0.0,0,0,0
2008-09-15,4,4,1,0.0,0.0,0.0,1.0,0.0,1,1,0
2008-09-16,7,7,1,0.074925,0.19823291698151446,0.044125,0.955875,0.0,1,0,1
2008-09-17,1,1,0,0.0258,0.0,0.099,0.901,0.0,0,0,0
2008-09-18,8,8,2,0.0905,0.14177693042240688,0.05920000000000001,0.9280999999999999,0.0126,1,1,0
2008-09-19,2,2,1,-0.10606666666666666,0.1500009185157063,0.0,0.9076666666666666,0.09233333333333334,0,0,0
2008-09-20,2,2,1,-0.10606666666666666,0.1500009185157063,0.0,0.9076666666666666,0.09233333333333334,0,0,0
2008-09-22,2,2,1,0.0086,0.012162236636408618,0.079,0.8460000000000001,0.07533333333333334,0,2,-2
2008-09-23,4,4,1,0.11808,0.23616000000000004,0.009,0.991,0.0,2,0,2
2008-09-24,1,1,0,-0.128,0.0,0.157,0.654,0.19,0,0,0
2008-09-25,2,2,1,0.0,0.0,0.0,1.0,0.0,0,0,0
2008-09-26,6,6,1,-0.10891428571428571,0.227632262517367,0.031285714285714285,0.8885714285714286,0.08,1,7,-6
2008-09-27,1,1,1,0.0,0.0,0.0,1.0,0.0,0,0,0
2008-09-29,10,10,4,0.0,0.1519039217024084,0.001,0.9982142857142857,0.0007857142857142856,2,6,-4
2008-09-30,9,9,3,0.08008333333333333,0.3078301312773365,0.0735,0.9009999999999998,0.0255,0,0,0
2008-10-01,6,6,1,0.01102857142857143,0.027014372591837338,0.02542857142857143,0.9745714285714285,0.0,2,0,2
2008-10-02,13,13,5,0.057033333333333346,0.16131713761683503,0.014944444444444446,0.9850555555555557,0.0,0,1,-1
2008-10-03,8,8,3,-0.10698181818181819,0.1782807072526705,0.029363636363636366,0.889,0.08163636363636363,0,0,0
2008-10-04,1,1,1,0.0,0.0,0.0,1.0,0.0,0,0,0
2008-10-05,2,2,2,0.0,0.0,0.0,1.0,0.0,0,0,0
2008-10-06,4,4,1,0.11438,0.22875999999999996,0.0376,0.9624,0.0,2,1,1
2008-10-08,3,3,2,0.068,0.136,0.0066,0.9934000000000001,0.0,0,0,0
2008-10-09,8,8,2,0.02023,0.06069000000000001,0.0167,0.9833000000000001,0.0,0,0,0
2008-10-10,6,6,1,0.3597142857142857,0.2546908570268301,0.19085714285714286,0.8091428571428573,0.0,1,0,1
2008-10-11,1,1,0,0.5719,0.0,0.54,0.46,0.0,1,0,1
2008-10-13,6,6,2,0.0,0.0,0.0,1.0,0.0,5,0,5
2008-10-14,14,14,5,-0.0299578947368421,0.08741979973119103,0.0,0.983,0.017,6,6,0
2008-10-15,7,7,1,-0.129875,0.1691569371175773,0.0,0.888125,0.111875,3,0,3
2008-10-16,5,5,0,0.28946,0.23642653488980464,0.1452,0.8548,0.0,1,1,0
2008-10-17,5,5,2,0.018342857142857154,0.34124446141876,0.0041428571428571434,0.9572857142857144,0.038571428571428576,4,6,-2
2008-10-20,7,7,0,0.2742,0.319860661628064,0.14114285714285715,0.8588571428571429,0.0,10,1,9
2008-10-21,8,8,1,0.2286222222222222,0.20896877904912964,0.16944444444444443,0.8072222222222222,0.02333333333333333,5,6,-1
2008-10-22,5,5,1,0.02353333333333335,0.3351436242700865,0.09316666666666666,0.8293333333333334,0.0775,6,8,-2
2008-10-23,2,2,1,0.0,0.0,0.0,1.0,0.0,0,0,0
2008-10-24,2,2,1,0.0,0.0,0.0,1.0,0.0,0,0,0
2008-10-27,4,4,1,0.0,0.0,0.0,1.0,0.0,2,0,2
2008-10-28,1,1,0,0.2023,0.0,0.205,0.795,0.0,2,0,2
2008-10-29,7,7,2,-0.012588888888888884,0.2545266301040006,0.05888888888888889,0.8817777777777778,0.059333333333333335,11,0,11
2008-10-30,3,3,1,0.282325,0.282371540483456,0.06025,0.93975,0.0,3,0,3
2008-10-31,5,5,2,-0.055271428571428576,0.29531025193507787,0.03014285714285714,0.8938571428571428,0.076,0,0,0
2008-11-03,3,3,1,-0.00412499999999999,0.4695497171493132,0.0075,0.882,0.1105,2,0,2
2008-11-04,8,8,1,0.05207777777777778,0.18498825054447693,0.020888888888888887,0.9359999999999999,0.043111111111111114,0,1,-1
2008-11-05,2,2,1,0.15293333333333334,0.21628039413892533,0.09100000000000001,0.9089999999999999,0.0,1,0,1
2008-11-06,4,4,0,0.515425,0.30001891919510676,0.36475,0.63525,0.0,2,0,2
2008-11-07,6,6,2,-0.037,0.09789279850938985,0.0,0.970125,0.029875,0,0,0
2008-11-08,2,2,0,-0.296,0.0,0.0,0.758,0.242,0,0,0
2008-11-10,6,6,3,0.0,0.0,0.0,1.0,0.0,2,0,2
2008-11-11,2,2,1,0.0,0.0,0.0,1.0,0.0,0,0,0
2008-11-12,2,2,0,0.0,0.0,0.0,1.0,0.0,4,0,4
2008-11-13,8,8,1,0.2114555555555556,0.21282805846301328,0.10866666666666666,0.8913333333333333,0.0,8,2,6
2008-11-14,3,3,2,0.12248,0.24496,0.07139999999999999,0.9286,0.0,1,0,1
2008-11-18,5,5,2,0.11534285714285715,0.28253114547473396,0.06814285714285714,0.9318571428571428,0.0,2,0,2
2008-11-19,5,5,1,0.06698333333333333,0.1497792866928609,0.030666666666666665,0.9693333333333333,0.0,3,0,3
2008-11-20,4,4,2,0.13903333333333334,0.20474603509931244,0.04883333333333334,0.9511666666666666,0.0,1,1,0
2008-11-21,2,2,1,0.0,0.0,0.0,1.0,0.0,0,0,0
2008-11-24,5,5,1,0.1677833333333333,0.4526862431333895,0.09233333333333334,0.8318333333333333,0.07583333333333334,4,1,3
2008-11-25,2,2,1,0.0,0.0,0.0,1.0,0.0,0,0,0
2008-11-26,5,5,2,-0.04638571428571429,0.1475620976167702,0.0014285714285714286,0.9588571428571429,0.039714285714285716,2,2,0
2008-11-27,3,3,3,0.05488333333333333,0.19919684081051306,0.006833333333333334,0.9898333333333333,0.0031666666666666666,0,0,0
2008-11-28,4,4,1,-0.1368,0.5820475650666361,0.0252,0.7186,0.25620000000000004,0,3,-3
2008-12-01,4,4,2,0.05303333333333333,0.11858613840673884,0.03716666666666667,0.9434999999999999,0.019333333333333334,4,0,4
2008-12-02,3,3,2,0.068,0.136,0.013000000000000001,0.9768000000000001,0.010199999999999999,0,0,0
2008-12-03,9,9,2,0.008763636363636366,0.16376930155627886,0.020454545454545454,0.9269999999999999,0.052545454545454555,5,4,1
2008-12-04,5,5,4,0.17466666666666666,0.28513650142422037,0.068,0.9319999999999999,0.0,2,0,2
2008-12-05,3,3,2,0.05855999999999999,0.40055630615432836,0.0072,0.9518000000000001,0.040999999999999995,2,0,2
2008-12-08,4,4,1,0.24177999999999997,0.3002886637886951,0.088,0.9120000000000001,0.0,1,0,1
2008-12-09,3,3,2,0.03558,0.07116,0.0016,0.9984,0.0,0,1,-1
2008-12-10,8,8,2,0.04224000000000001,0.24204800846113153,0.024,0.9544,0.0216,3,0,3
2008-12-11,3,3,1,0.1206,0.2088853273928066,0.00725,0.99275,0.0,2,0,2
2008-12-12,3,3,1,-0.168475,0.29180725980516664,0.0,0.91625,0.08375,2,0,2
2008-12-15,11,11,2,0.09043076923076923,0.2363433531786244,0.05792307692307692,0.8941538461538461,0.04792307692307692,7,2,5
2008-12-16,11,11,3,0.06075714285714286,0.15227614349447857,0.038142857142857145,0.961857142857143,0.0,3,4,-1
2008-12-17,10,10,5,0.047406666666666666,0.1922006502474837,0.048999999999999995,0.9114,0.0396,0,5,-5
2008-12-18,8,8,0,0.1022875,0.1845094539413902,0.08912500000000001,0.8685,0.042375,0,3,-3
2008-12-19,1,1,1,0.0,0.0,0.0,1.0,0.0,0,0,0
2008-12-22,4,4,2,0.0,0.0,0.0,1.0,0.0,4,0,4
2008-12-23,4,4,3,0.17574285714285715,0.3395571016870689,0.047142857142857146,0.9528571428571428,0.0,0,0,0
2008-12-24,1,1,0,-0.5719,0.0,0.0,0.701,0.299,0,0,0
2008-12-25,2,2,2,0.0,0.0,0.0,1.0,0.0,0,0,0
2008-12-26,2,2,0,0.4158,0.4158,0.234,0.766,0.0,1,0,1
2008-12-29,1,1,1,0.31845,0.31845,0.013,0.987,0.0,1,0,1
2008-12-30,3,3,0,-0.24080000000000001,0.17027131290972064,0.13466666666666668,0.6393333333333334,0.226,0,2,-2
2009-01-05,19,19,1,0.11232,0.16248120075873393,0.0779,0.9221,0.0,12,0,12
2009-01-06,23,23,5,0.027660714285714292,0.17479059172802366,0.040464285714285717,0.9379285714285714,0.021607142857142856,12,8,4
2009-01-07,5,5,0,0.03742000000000001,0.3749403440548909,0.08220000000000001,0.8364,0.0814,0,3,-3
2009-01-08,4,4,0,0.1101,0.1906987939133334,0.04875,0.95125,0.0,0,1,-1
2009-01-09,6,6,0,-0.06056666666666666,0.2872250724122499,0.04750000000000001,0.8769999999999999,0.07533333333333332,2,4,-2
2009-01-10,2,2,2,0.0,0.0,0.0,1.0,0.0,0,0,0
2009-01-11,1,1,0,0.0,0.0,0.0,1.0,0.0,1,0,1
2009-01-12,7,7,1,0.0,0.0,0.0,1.0,0.0,6,0,6
2009-01-13,3,3,2,0.0,0.0,0.0,1.0,0.0,0,0,0
2009-01-14,16,16,3,0.07481578947368421,0.185431000823708,0.06299999999999999,0.8725263157894737,0.06447368421052632,3,9,-6
2009-01-15,26,26,1,-0.12965925925925925,0.2587101413340438,0.049629629629629635,0.778037037037037,0.1723333333333333,2,15,-13
2009-01-16,4,4,1,0.06952,0.1149899195581943,0.09459999999999999,0.9054,0.0,2,0,2
2009-01-19,1,1,1,-0.0386,0.0386,0.0,0.996,0.004,0,0,0
2009-01-20,9,9,5,0.11207857142857144,0.3006137226659855,0.02614285714285714,0.9729285714285715,0.0009285714285714286,3,5,-2
2009-01-21,23,23,3,0.042003846153846155,0.20927304483114736,0.06619230769230769,0.9191538461538461,0.014653846153846154,29,4,25
2009-01-22,13,13,2,0.06588666666666668,0.3451315572679819,0.1358,0.8046666666666665,0.059533333333333334,18,4,14
2009-01-23,5,5,2,0.1909857142857143,0.2216602640372451,0.09,0.9099999999999999,0.0,1,0,1
2009-01-25,2,2,0,0.1027,0.0,0.283,0.472,0.245,0,0,0
2009-01-26,5,5,3,0.0658375,0.17418965194221497,0.023125,0.9768749999999999,0.0,2,0,2
2009-01-27,9,9,3,0.025441666666666668,0.23612645785091985,0.023083333333333334,0.9464166666666668,0.0305,6,3,3
2009-01-28,4,4,1,0.01544,0.03088,0.0252,0.9747999999999999,0.0,3,2,1
2009-01-29,2,2,0,0.1366,0.1366,0.058,0.942,0.0,0,0,0
2009-01-30,3,3,1,-0.129,0.22343455417638516,0.0025,0.9915,0.00625,2,0,2
2009-02-02,4,4,1,0.11368,0.17071640108671457,0.0402,0.9597999999999999,0.0,4,0,4
2009-02-03,1,1,1,0.2294,0.2294,0.008,0.992,0.0,1,0,1
2009-02-04,4,4,0,0.20555,0.2065914990990675,0.10575000000000001,0.89425,0.0,3,0,3
2009-02-05,8,8,3,0.10746363636363637,0.1843518980484052,0.045454545454545456,0.9545454545454546,0.0,3,0,3
2009-02-06,6,6,3,0.11170000000000001,0.4062880751388108,0.033777777777777775,0.9607777777777778,0.0054444444444444445,9,7,2
2009-02-09,6,6,2,0.0932,0.2465840221912199,0.005375,0.994625,0.0,2,0,2
2009-02-10,2,2,0,0.38585,0.38585,0.0915,0.9085,0.0,2,1,1
2009-02-11,2,2,0,0.0,0.0,0.0,1.0,0.0,0,0,0
2009-02-12,8,8,2,0.10891000000000002,0.21992334323577384,0.059399999999999994,0.9405999999999999,0.0,5,0,5
2009-02-13,8,8,1,0.051,0.11940690469520131,0.03677777777777778,0.9632222222222223,0.0,1,1,0
2009-02-14,1,1,0,0.0772,0.0,0.14,0.86,0.0,0,0,0
2009-02-16,2,2,1,0.21230000000000002,0.3002375392918081,0.09200000000000001,0.908,0.0,1,0,1
2009-02-17,6,6,1,0.045457142857142856,0.11134680516480104,0.03957142857142858,0.9604285714285714,0.0,0,0,0
2009-02-18,7,7,2,0.01976666666666667,0.055908576165816355,0.014888888888888889,0.985111111111111,0.0,2,0,2
2009-02-19,5,5,1,0.0734,0.16412738954848458,0.0325,0.9674999999999999,0.0,0,0,0
2009-02-20,4,4,1,0.0,0.0,0.0,1.0,0.0,0,0,0
2009-02-23,7,7,1,0.0,0.0,0.0,1.0,0.0,2,0,2
2009-02-24,6,6,2,0.10911250000000002,0.16586240108520678,0.048125,0.951875,0.0,3,0,3
2009-02-25,4,4,0,-0.144925,0.19960532777208126,0.04725,0.81725,0.1355,5,0,5
2009-02-26,10,10,3,0.03609230769230769,0.15706010344665686,0.037307692307692306,0.9456923076923077,0.016923076923076923,2,0,2
2009-02-27,4,4,2,0.16123333333333334,0.3605286935722161,0.02266666666666667,0.9773333333333333,0.0,2,2,0
2009-03-02,5,5,0,0.13924,0.19386779619111574,0.11139999999999999,0.8886,0.0,1,0,1
2009-03-03,13,13,4,0.14625294117647059,0.24717969438220222,0.033529411764705884,0.9664705882352941,0.0,2,0,2
2009-03-04,10,10,2,0.10696666666666667,0.16027752147100632,0.07158333333333333,0.9284166666666667,0.0,4,2,2
2009-03-05,4,4,1,0.0,0.0,0.0,1.0,0.0,2,0,2
2009-03-06,9,9,1,-0.21330999999999997,0.3295141012157143,0.0219,0.843,0.1351,4,5,-1
2009-03-07,1,1,0,0.5267,0.0,0.207,0.793,0.0,0,0,0
2009-03-09,4,4,2,0.0,0.0,0.0,1.0,0.0,0,0,0
2009-03-10,5,5,3,0.1147,0.1986662276281502,0.006,0.994,0.0,0,0,0
2009-03-11,13,13,4,0.0,0.0,0.0,1.0,0.0,3,0,3
2009-03-12,11,11,3,0.04365714285714285,0.10898302432873083,0.015714285714285712,0.9842857142857142,0.0,2,0,2
2009-03-13,11,11,4,0.03292666666666667,0.12320030555517664,0.0232,0.9768,0.0,9,1,8
2009-03-14,2,2,0,0.0,0.0,0.0,1.0,0.0,0,0,0
2009-03-16,6,6,1,0.0,0.0,0.0,1.0,0.0,2,0,2
2009-03-17,11,11,6,0.06557647058823529,0.1795885609137527,0.05105882352941177,0.9489411764705881,0.0,0,0,0
2009-03-18,3,3,0,0.1643666666666667,0.13903285782704589,0.13533333333333333,0.8646666666666666,0.0,0,0,0
2009-03-19,9,9,4,0.08002307692307692,0.2005323843167565,0.027384615384615382,0.9726153846153847,0.0,11,1,10
2009-03-20,3,3,3,0.08600000000000001,0.1923018460649819,0.0033333333333333335,0.9966666666666667,0.0,2,0,2
2009-03-23,1,1,0,0.0,0.0,0.0,1.0,0.0,2,0,2
2009-03-24,6,6,1,0.125,0.30618621784789724,0.011571428571428571,0.9884285714285715,0.0,2,0,2
2009-03-25,5,5,1,0.04933333333333333,0.11031268688998963,0.025833333333333333,0.9741666666666666,0.0,5,0,5
2009-03-26,7,7,1,0.0,0.0,0.0,1.0,0.0,0,0,0
2009-03-27,4,4,2,0.0,0.0,0.0,1.0,0.0,0,0,0
2009-03-30,4,4,1,0.0,0.0,0.0,1.0,0.0,0,0,0
2009-03-31,16,16,3,0.1931421052631579,0.2947557745799045,0.08173684210526315,0.918263157894737,0.0,2,1,1
2009-04-01,5,5,0,0.06364,0.12727999999999998,0.0346,0.9654,0.0,5,0,5
2009-04-02,4,4,1,0.0,0.0,0.0,1.0,0.0,6,0,6
2009-04-03,1,1,0,0.8807,0.0,0.531,0.469,0.0,0,0,0
2009-04-04,1,1,0,-0.4767,0.0,0.0,0.807,0.193,2,0,2
2009-04-06,3,3,0,-0.13486666666666666,0.09536513455602572,0.12333333333333334,0.7040000000000001,0.17266666666666666,1,2,-1
2009-04-07,6,6,1,0.045457142857142856,0.11134680516480103,0.024714285714285713,0.9752857142857143,0.0,4,0,4
2009-04-08,12,12,2,0.24013571428571429,0.29500091672289247,0.08685714285714285,0.9069999999999999,0.006142857142857143,10,1,9
2009-04-09,3,3,1,0.18935,0.32796382041316685,0.0985,0.9015,0.0,2,1,1
2009-04-10,1,1,1,0.0,0.0,0.0,1.0,0.0,0,0,0
2009-04-11,2,2,0,0.0,0.0,0.0,1.0,0.0,0,0,0
2009-04-13,4,4,1,0.051019999999999996,0.07013279974448475,0.054200000000000005,0.9458,0.0,0,0,0
2009-04-14,3,3,1,0.11977499999999999,0.16590603326883563,0.08474999999999999,0.91525,0.0,0,0,0
2009-04-15,4,4,2,0.0,0.0,0.0,1.0,0.0,4,0,4
2009-04-16,4,4,1,0.1343,0.17319341788878698,0.0804,0.9196,0.0,0,0,0
2009-04-17,3,3,3,0.0,0.0,0.0,1.0,0.0,0,0,0
2009-04-20,9,9,1,0.05106000000000001,0.15318000000000004,0.020200000000000003,0.9798,0.0,8,0,8
2009-04-21,9,9,0,0.11037777777777777,0.2095186482168527,0.05433333333333333,0.9456666666666665,0.0,4,0,4
2009-04-22,16,16,2,0.10435,0.4065605425053226,0.1101111111111111,0.8344444444444445,0.05544444444444444,32,8,24
2009-04-23,18,18,2,0.0917,0.3262849276322766,0.11720000000000001,0.8465,0.03635,22,2,20
2009-04-24,3,3,2,0.22843999999999998,0.3642562647367921,0.046599999999999996,0.9533999999999999,0.0,0,0,0
2009-04-27,7,7,0,0.2231857142857143,0.20431287232066014,0.1305714285714286,0.8302857142857143,0.039142857142857146,1,0,1
2009-04-28,6,6,1,-0.04228571428571428,0.10357842340911726,0.0,0.9617142857142857,0.03828571428571429,0,1,-1
2009-04-29,5,5,2,0.1457142857142857,0.1682563641638338,0.10928571428571429,0.8907142857142858,0.0,6,0,6
2009-04-30,11,11,4,0.0,0.0,0.0,1.0,0.0,0,0,0
2009-05-01,3,3,1,0.0,0.0,0.0,1.0,0.0,0,0,0
2009-05-04,11,11,0,0.016200000000000013,0.2818546337129382,0.05872727272727273,0.8941818181818182,0.04709090909090909,11,1,10
2009-05-05,17,17,4,0.00823333333333334,0.23430167638229898,0.022571428571428572,0.9484285714285713,0.028999999999999998,1,1,0
2009-05-06,6,6,2,0.011137500000000009,0.23382211688321958,0.027,0.971,0.002,5,0,5
2009-05-07,3,3,1,0.0,0.0,0.0,1.0,0.0,2,0,2
2009-05-08,2,2,1,0.15293333333333334,0.21628039413892533,0.09100000000000001,0.9089999999999999,0.0,2,0,2
2009-05-11,1,1,1,0.4375,0.4375,0.02,0.98,0.0,1,0,1
2009-05-12,5,5,2,-0.09424285714285714,0.2308469119020089,0.0,0.9492857142857142,0.05071428571428571,2,0,2
2009-05-13,5,5,1,0.0,0.0,0.0,1.0,0.0,3,0,3
2009-05-14,5,5,1,0.033716666666666666,0.07539275864136791,0.023499999999999997,0.9765,0.0,0,0,0
2009-05-15,6,6,0,0.044733333333333326,0.17752719666449857,0.045000000000000005,0.9263333333333333,0.028666666666666663,2,0,2
2009-05-18,9,9,2,0.0,0.0,0.0,1.0,0.0,4,0,4
2009-05-19,3,3,0,0.0,0.0,0.0,1.0,0.0,2,0,2
2009-05-20,7,7,1,0.0,0.0,0.0,1.0,0.0,1,0,1
2009-05-21,5,5,2,0.04228571428571428,0.10357842340911726,0.02214285714285714,0.9778571428571429,0.0,1,0,1
2009-05-22,6,6,1,-0.05741428571428571,0.1406357039463656,0.0,0.9602857142857142,0.039714285714285716,0,1,-1
2009-05-25,4,4,0,0.0,0.0,0.0,1.0,0.0,2,0,2
2009-05-26,14,14,1,0.20136666666666667,0.3518368763440745,0.15893333333333332,0.8214666666666666,0.0196,11,0,11
2009-05-27,8,8,2,-0.026960000000000005,0.32678596114276387,0.025500000000000002,0.9511999999999998,0.0233,2,0,2
2009-05-28,8,8,2,0.0,0.0,0.0,1.0,0.0,0,0,0
2009-05-29,5,5,1,0.0688,0.13211570686334007,0.05983333333333333,0.9401666666666667,0.0,2,0,2
2009-06-01,6,6,2,-0.071025,0.12419482426816343,0.0,0.962,0.038,3,0,3
2009-06-02,5,5,0,0.05686000000000001,0.24321132868351344,0.036,0.9214,0.0426,2,1,1
2009-06-03,2,2,0,0.0,0.0,0.0,1.0,0.0,2,0,2
2009-06-04,12,12,3,0.08823333333333334,0.21072751652838842,0.0526,0.9474,0.0,4,2,2
2009-06-05,12,12,2,0.045457142857142856,0.11134680516480104,0.03514285714285714,0.9480714285714286,0.016857142857142855,4,0,4
2009-06-06,4,4,0,0.23835,0.23835,0.1845,0.8155000000000001,0.0,0,0,0
2009-06-08,27,27,6,0.1164878787878788,0.245127617668808,0.04996969696969696,0.9364242424242425,0.013606060606060606,38,17,21
2009-06-09,12,12,0,0.14703333333333332,0.2793651324382164,0.11016666666666668,0.8545833333333333,0.03525,11,0,11
2009-06-10,7,7,2,0.1634111111111111,0.30759513955285966,0.05722222222222222,0.9427777777777777,0.0,1,0,1
2009-06-11,4,4,1,0.05464,0.10928,0.032,0.968,0.0,2,0,2
2009-06-12,5,5,2,0.0,0.0,0.0,1.0,0.0,0,0,0
2009-06-15,5,5,0,0.19512000000000002,0.31839613942383155,0.129,0.841,0.03,3,2,1
2009-06-16,5,5,0,0.07636,0.15271999999999997,0.026600000000000002,0.9734,0.0,5,1,4
2009-06-17,14,14,1,0.08744666666666666,0.1792284682248393,0.05526666666666667,0.9441333333333334,0.0006,16,0,16
2009-06-18,11,11,2,0.09883846153846153,0.20239056506764924,0.06453846153846153,0.9354615384615385,0.0,4,1,3
2009-06-19,8,8,1,0.1661,0.1906753261436833,0.09544444444444444,0.9045555555555556,0.0,5,1,4
2009-06-20,5,5,1,0.07855,0.12087888911358066,0.052833333333333336,0.9471666666666666,0.0,0,1,-1
2009-06-22,15,15,2,0.0955705882352941,0.1876736772564232,0.06523529411764706,0.9347647058823529,0.0,9,8,1
2009-06-23,10,10,1,0.05680909090909091,0.17964611907629277,0.02709090909090909,0.972909090909091,0.0,3,2,1
2009-06-24,9,9,2,0.31131818181818177,0.35532021618964754,0.14445454545454545,0.8555454545454545,0.0,5,1,4
2009-06-25,2,2,1,0.22693333333333332,0.32093219775453435,0.13733333333333334,0.8626666666666667,0.0,3,0,3
2009-06-26,7,7,1,-0.005500000000000005,0.15928512171574594,0.017,0.954125,0.028875,2,0,2
2009-06-27,1,1,0,-0.4404,0.0,0.0,0.734,0.266,0,0,0
2009-06-29,14,14,3,0.023358823529411765,0.1805051117373738,0.022705882352941176,0.9594705882352941,0.017823529411764707,9,0,9
2009-06-30,4,4,3,-0.19097142857142857,0.33386717082561745,0.0,0.9248571428571429,0.07514285714285715,0,0,0
2009-07-01,4,4,1,0.0,0.0,0.0,1.0,0.0,0,0,0
2009-07-02,5,5,1,0.0,0.0,0.0,1.0,0.0,0,0,0
2009-07-03,2,2,2,0.0,0.0,0.0,1.0,0.0,1,0,1
2009-07-06,5,5,1,0.0,0.0,0.0,1.0,0.0,5,0,5
2009-07-07,3,3,0,0.0,0.0,0.0,1.0,0.0,0,0,0
2009-07-08,4,4,0,0.19037500000000002,0.19254329870187642,0.0965,0.9035,0.0,1,0,1
2009-07-09,3,3,1,0.100475,0.17402780489048295,0.05775,0.94225,0.0,1,0,1
2009-07-10,6,6,2,0.1176625,0.3113057136381374,0.038125,0.961875,0.0,2,0,2
2009-07-13,4,4,1,-0.017820000000000013,0.29556280144835545,0.0332,0.8814,0.0856,4,0,4
2009-07-14,4,4,1,0.16784000000000002,0.2472713376030469,0.09759999999999999,0.9024000000000001,0.0,1,0,1
2009-07-15,7,7,2,0.08026666666666667,0.15016518312252752,0.02711111111111111,0.9728888888888889,0.0,13,2,11
2009-07-16,8,8,3,0.14412727272727271,0.20258880921668576,0.11754545454545456,0.8824545454545455,0.0,1,1,0
2009-07-17,6,6,0,0.0,0.0,0.0,1.0,0.0,2,0,2
2009-07-20,7,7,1,0.0898,0.23758846773360023,0.0395,0.9605,0.0,7,0,7
2009-07-21,12,12,0,0.16595000000000001,0.31888752327427294,0.12275000000000001,0.8719166666666666,0.005333333333333333,12,4,8
2009-07-22,21,21,3,-0.03673333333333333,0.3373938396822852,0.06508333333333334,0.8549583333333334,0.07995833333333334,14,4,10
2009-07-23,5,5,2,0.15660000000000002,0.38249151624578553,0.014142857142857143,0.954,0.03171428571428571,21,14,7
2009-07-24,5,5,1,-0.0999,0.223383190952229,0.0,0.9453333333333335,0.05466666666666667,2,0,2
2009-07-27,9,9,3,0.13665,0.25785405271199446,0.07333333333333333,0.9266666666666667,0.0,5,5,0
2009-07-28,7,7,1,-0.026475,0.17399651397370006,0.036375000000000005,0.90675,0.056874999999999995,3,2,1
2009-07-29,3,3,2,0.23869999999999997,0.28678974877076757,0.0304,0.9696,0.0,0,0,0
2009-07-30,3,3,2,-0.13682,0.27364,0.0,0.9442,0.0558,0,0,0
2009-07-31,4,4,1,-0.19527999999999998,0.15964403402570357,0.0,0.779,0.221,0,4,-4
2009-08-01,2,2,1,0.0,0.0,0.0,1.0,0.0,0,0,0
2009-08-03,15,15,3,0.13455000000000003,0.3321654846107083,0.05438888888888888,0.9189444444444445,0.02666666666666667,31,20,11
2009-08-04,4,4,1,0.0,0.0,0.0,1.0,0.0,3,0,3
2009-08-05,4,4,2,0.06698333333333333,0.1497792866928609,0.030666666666666665,0.9693333333333333,0.0,1,0,1
2009-08-06,8,8,1,-0.06324444444444444,0.1184415009015103,0.014888888888888889,0.9454444444444445,0.03966666666666666,12,0,12
2009-08-07,2,2,2,0.13935,0.24136128003472307,0.004,0.996,0.0,2,0,2
2009-08-10,5,5,1,0.2433666666666667,0.29791432027048015,0.11750000000000001,0.8825,0.0,0,0,0
2009-08-11,4,4,0,-0.0315,0.054559600438419634,0.0455,0.88825,0.06625,0,2,-2
2009-08-12,3,3,2,0.0,0.0,0.0,1.0,0.0,0,0,0
2009-08-13,7,7,3,0.22605,0.3465906209059905,0.0738,0.9262,0.0,1,0,1
2009-08-14,5,5,3,0.0359875,0.2701639615006969,0.02325,0.97475,0.002,1,0,1
2009-08-16,1,1,0,0.765,0.0,0.524,0.476,0.0,0,0,0
2009-08-17,3,3,1,0.0,0.0,0.0,1.0,0.0,0,0,0
2009-08-18,7,7,3,-0.03182,0.09545999999999999,0.0,0.9827,0.0173,1,0,1
2009-08-19,4,4,0,-0.2596,0.1780670519776188,0.0,0.83825,0.16175,1,0,1
2009-08-20,2,2,0,0.0,0.0,0.0,1.0,0.0,1,0,1
2009-08-21,3,3,1,0.129,0.22343455417638516,0.00375,0.99625,0.0,0,0,0
2009-08-23,1,1,0,0.0,0.0,0.0,1.0,0.0,0,0,0
2009-08-24,7,7,4,0.08002727272727272,0.16994964008578908,0.01990909090909091,0.9800909090909091,0.0,0,0,0
2009-08-25,6,6,0,0.0,0.0,0.0,1.0,0.0,0,1,-1
2009-08-26,7,7,1,-0.15116249999999998,0.307223672336215,0.024125,0.8765,0.099375,1,0,1
2009-08-27,16,16,2,0.11265555555555558,0.36972340295328615,0.07872222222222222,0.8781666666666665,0.04311111111111111,10,2,8
2009-08-28,11,11,1,0.048216666666666665,0.2659171325599178,0.060250000000000005,0.9220833333333335,0.017666666666666667,11,0,11
2009-08-31,6,6,1,0.20494285714285715,0.35624525603715707,0.06285714285714286,0.9254285714285715,0.011857142857142858,28,20,8
2009-09-01,6,6,1,-0.06272857142857143,0.15365299229372767,0.0,0.968,0.032,4,0,4
2009-09-02,3,3,0,0.13396666666666665,0.18945747690591563,0.09266666666666667,0.9073333333333333,0.0,0,0,0
2009-09-03,6,6,0,0.14705,0.3692576460503786,0.15716666666666668,0.7535,0.08933333333333333,3,4,-1
2009-09-04,3,3,2,-0.059199999999999996,0.11839999999999998,0.0,0.9464,0.0536,0,2,-2
2009-09-08,5,5,1,-0.0036999999999999997,0.17738146276692313,0.051,0.9201666666666667,0.028833333333333332,0,2,-2
2009-09-09,17,17,8,0.104056,0.35626798237282004,0.037200000000000004,0.95788,0.00492,17,11,6
2009-09-10,7,7,2,0.0,0.0,0.0,1.0,0.0,1,0,1
2009-09-11,6,6,1,0.0,0.0,0.0,1.0,0.0,3,0,3
2009-09-14,3,3,1,0.165275,0.18852017630747112,0.044750000000000005,0.9552499999999999,0.0,0,0,0
2009-09-15,9,9,1,0.010270000000000001,0.13591341398110782,0.0413,0.9128000000000001,0.0459,2,0,2
2009-09-16,5,5,2,0.05741428571428571,0.1406357039463656,0.036,0.9640000000000001,0.0,1,0,1
2009-09-17,7,7,1,0.1599375,0.23578360808959983,0.12225,0.87775,0.0,1,0,1
2009-09-18,6,6,2,-0.17547500000000002,0.26272354172209234,0.026875,0.8375,0.135625,0,0,0
2009-09-21,5,5,2,-0.05741428571428571,0.30703036810513634,0.02885714285714286,0.881142857142857,0.09,0,2,-2
2009-09-22,9,9,1,0.03634,0.22445343035917273,0.0504,0.9076000000000001,0.041999999999999996,2,3,-1
2009-09-23,11,11,3,0.041914285714285716,0.2216415699055664,0.03271428571428571,0.9665,0.0007857142857142856,5,2,3
2009-09-24,3,3,1,0.0,0.0,0.0,1.0,0.0,4,0,4
2009-09-25,2,2,0,0.0,0.0,0.0,1.0,0.0,0,0,0
2009-09-28,11,11,2,0.05955384615384615,0.15735513785156183,0.033692307692307695,0.9663076923076923,0.0,0,4,-4
2009-09-29,9,9,1,0.14975999999999998,0.3294380554823622,0.10459999999999998,0.8804000000000001,0.015,7,0,7
2009-09-30,3,3,2,0.03558,0.07116,0.0018,0.9982,0.0,1,0,1
2009-10-01,6,6,2,0.09482499999999999,0.16705880514058516,0.056625,0.943375,0.0,1,0,1
2009-10-02,7,7,1,-0.040612499999999996,0.2511466923806682,0.03125,0.90925,0.0595,2,3,-1
2009-10-04,1,1,0,0.0,0.0,0.0,1.0,0.0,1,0,1
2009-10-05,11,11,3,0.12228571428571429,0.2984463623911167,0.07364285714285713,0.9189285714285715,0.0074285714285714285,4,1,3
2009-10-06,9,9,3,-0.032891666666666666,0.16223031703072296,0.019916666666666666,0.9347499999999999,0.04533333333333334,0,0,0
2009-10-07,7,7,1,0.20815,0.3015130842932028,0.06987499999999999,0.9301250000000001,0.0,0,0,0
2009-10-08,4,4,1,0.0,0.0,0.0,1.0,0.0,2,0,2
2009-10-09,1,1,0,0.0,0.0,0.0,1.0,0.0,0,0,0
2009-10-10,1,1,0,-0.4767,0.0,0.0,0.721,0.279,0,0,0
2009-10-12,7,7,2,0.04711111111111111,0.09662348971876404,0.038,0.9620000000000002,0.0,0,0,0
2009-10-13,5,5,0,0.1341,0.2682,0.0666,0.9334,0.0,0,0,0
2009-10-14,6,6,1,0.2755714285714285,0.24934041397418172,0.1682857142857143,0.8317142857142857,0.0,5,0,5
2009-10-15,4,4,0,0.450125,0.26374516464761966,0.20775,0.79225,0.0,2,2,0
2009-10-16,7,7,0,0.09025714285714284,0.14699211696203163,0.03085714285714286,0.9691428571428571,0.0,0,6,-6
2009-10-19,17,17,0,0.030682352941176473,0.19444514192438206,0.04782352941176471,0.9374705882352942,0.014705882352941176,18,2,16
2009-10-20,30,30,4,0.10154117647058822,0.24175057894893515,0.10041176470588235,0.8885588235294117,0.011029411764705883,25,9,16
2009-10-21,13,13,1,0.07707142857142857,0.24908761060137466,0.06771428571428571,0.9189999999999999,0.013285714285714286,9,2,7
2009-10-22,10,10,2,0.012374999999999997,0.371935200729464,0.06775,0.8394166666666667,0.09283333333333334,4,0,4
2009-10-23,5,5,0,-0.04738000000000001,0.3239724025283635,0.08220000000000001,0.7924,0.1254,4,0,4
2009-10-26,3,3,0,0.11006666666666666,0.19329578945807957,0.04933333333333333,0.915,0.035666666666666666,1,0,1
2009-10-27,10,10,1,0.13355454545454545,0.3002519801271058,0.055,0.9171818181818181,0.02781818181818182,3,3,0
2009-10-28,5,5,1,-0.06265,0.10135366709366433,0.017666666666666667,0.9266666666666667,0.055499999999999994,2,0,2
2009-10-29,6,6,2,0.09204999999999999,0.16347115188925537,0.021,0.979,0.0,1,0,1
2009-10-30,3,3,2,0.15158,0.30316,0.0048000000000000004,0.9926,0.0028,4,1,3
2009-11-01,1,1,0,0.0,0.0,0.0,1.0,0.0,1,0,1
2009-11-02,5,5,1,-0.27126666666666666,0.4730005062247702,0.04066666666666666,0.8336666666666667,0.12566666666666668,0,0,0
2009-11-03,8,8,2,0.097,0.2428059389718464,0.0747,0.8751999999999999,0.05,26,20,6
2009-11-04,8,8,1,0.01976666666666667,0.055908576165816355,0.014888888888888889,0.985111111111111,0.0,3,0,3
2009-11-05,4,4,2,0.19683333333333333,0.4295023075866092,0.079,0.8893333333333334,0.03183333333333333,23,22,1
2009-11-06,5,5,1,0.0378,0.17844943261327562,0.09883333333333333,0.8583333333333334,0.042833333333333334,0,1,-1
2009-11-09,7,7,1,0.041287500000000005,0.07388507016813342,0.033125,0.9668749999999999,0.0,1,0,1
2009-11-10,10,10,2,0.20114166666666666,0.3794744336103407,0.11166666666666668,0.8350000000000001,0.05325,31,22,9
2009-11-11,5,5,2,0.14332857142857144,0.22667285875895948,0.07042857142857142,0.9295714285714285,0.0,2,1,1
2009-11-12,9,9,3,0.11773333333333334,0.2751277804140388,0.07275,0.92725,0.0,0,0,0
2009-11-13,7,7,1,0.1575,0.2580101209255172,0.07125,0.92875,0.0,4,0,4
2009-11-14,1,1,0,0.0,0.0,0.0,1.0,0.0,0,0,0
2009-11-16,5,5,3,0.0222375,0.058834894779798835,0.011375,0.988625,0.0,3,0,3
2009-11-17,6,6,0,0.06698333333333333,0.1497792866928609,0.020666666666666667,0.9793333333333333,0.0,2,4,-2
2009-11-18,5,5,2,0.16622857142857142,0.26447547396031,0.07871428571428571,0.9212857142857143,0.0,0,2,-2
2009-11-19,5,5,1,0.15505,0.3227493699968031,0.10083333333333333,0.8815000000000001,0.017666666666666667,4,0,4
2009-11-20,4,4,0,0.047549999999999995,0.16476591728874027,0.06925,0.8867499999999999,0.044,1,1,0
2009-11-23,3,3,0,-0.16483333333333333,0.32609428425261033,0.071,0.7766666666666667,0.15233333333333335,4,1,3
2009-11-24,7,7,2,0.01976666666666667,0.055908576165816355,0.044000000000000004,0.9288888888888889,0.027,2,0,2
2009-11-25,2,2,1,0.0,0.0,0.0,1.0,0.0,0,0,0
2009-11-26,4,4,3,0.05741428571428571,0.14063570394636565,0.033,0.967,0.0,0,0,0
2009-11-27,2,2,1,0.0,0.0,0.0,1.0,0.0,0,0,0
2009-11-30,5,5,3,0.08185,0.3647298589367205,0.021625,0.9299999999999999,0.048375,23,18,5
2009-12-01,6,6,1,0.05227142857142857,0.18562446509233724,0.03942857142857143,0.932,0.028571428571428574,1,0,1
2009-12-02,9,9,2,-0.07217272727272728,0.17804512753236618,0.019909090909090908,0.929909090909091,0.05018181818181819,2,4,-2
2009-12-03,6,6,2,-0.0796125,0.21063487625212973,0.0,0.963,0.037,4,0,4
2009-12-04,4,4,2,-0.07945,0.1776556008123583,0.0,0.9605,0.0395,6,0,6
2009-12-05,1,1,0,0.0,0.0,0.0,1.0,0.0,2,0,2
2009-12-06,1,1,1,0.8297,0.17000000000000004,0.268,0.7104999999999999,0.0215,36,12,24
2009-12-07,6,6,1,-0.12551428571428572,0.19945985939582953,0.0,0.9242857142857144,0.07571428571428572,1,0,1
2009-12-08,7,7,2,0.14306666666666668,0.4232487500801916,0.05333333333333334,0.9027777777777778,0.044000000000000004,38,19,19
2009-12-09,12,12,3,0.12736666666666666,0.2565273751906845,0.0292,0.9697333333333333,0.0010666666666666667,22,2,20
2009-12-10,5,5,0,0.14708000000000002,0.2814374417166273,0.0628,0.9199999999999999,0.0172,1,0,1
2009-12-11,13,13,4,-0.03933529411764705,0.1937635154790391,0.015058823529411765,0.9368235294117647,0.048117647058823536,0,2,-2
2009-12-14,16,16,4,0.25719,0.36939113809077767,0.12645,0.8430499999999999,0.030500000000000006,31,20,11
2009-12-15,10,10,2,0.11531666666666666,0.18489083641135082,0.053,0.9370833333333334,0.009916666666666666,7,0,7
2009-12-16,2,2,1,0.0,0.0,0.0,1.0,0.0,0,0,0
2009-12-17,11,11,3,0.03559285714285714,0.08896442679348796,0.015642857142857142,0.9843571428571428,0.0,2,2,0
2009-12-18,6,6,1,0.07435714285714286,0.12158103537667915,0.058857142857142865,0.9238571428571429,0.017285714285714286,2,0,2
2009-12-21,5,5,2,0.10761428571428573,0.3644490966947684,0.023,0.9591428571428572,0.017857142857142856,3,5,-2
2009-12-22,9,9,3,0.12231666666666667,0.1517903204716588,0.06866666666666667,0.9313333333333333,0.0,0,1,-1
2009-12-23,5,5,1,0.0,0.0,0.0,1.0,0.0,0,0,0
2009-12-24,9,9,4,0.22766923076923076,0.35009405414197214,0.1086923076923077,0.8906153846153846,0.0006923076923076923,25,2,23
2009-12-25,3,3,3,0.0,0.0,0.0,1.0,0.0,0,0,0
2009-12-28,6,6,3,0.08872222222222222,0.16488374205803835,0.03922222222222222,0.9607777777777778,0.0,0,0,0
2009-12-29,8,8,1,-0.2434777777777778,0.18051715694253906,0.015000000000000001,0.8042222222222222,0.1807777777777778,4,1,3
2009-12-30,9,9,0,0.06615555555555555,0.3613124443873139,0.15155555555555555,0.714,0.13444444444444445,2,6,-4
2009-12-31,7,7,3,0.16879000000000002,0.45287858737193576,0.05419999999999999,0.8831000000000001,0.0627,57,29,28
2010-01-04,10,10,2,0.14907499999999999,0.35133554503968617,0.11091666666666666,0.8480833333333333,0.041166666666666664,44,24,20
2010-01-05,22,22,3,0.028016000000000006,0.31994038904770994,0.06444,0.8545199999999998,0.08103999999999999,32,8,24
2010-01-06,9,9,2,0.13186363636363635,0.21837580315813077,0.069,0.9309999999999999,0.0,2,2,0
2010-01-07,10,10,1,0.01424545454545454,0.29142269008696053,0.05009090909090908,0.8742727272727273,0.07563636363636364,8,0,8
2010-01-08,8,8,1,-0.11005555555555556,0.16691962877126165,0.0,0.9334444444444444,0.06655555555555555,8,3,5
2010-01-09,1,1,1,0.08895,0.08895,0.005,0.995,0.0,0,0,0
2010-01-11,7,7,2,0.1240111111111111,0.32123200492425147,0.045888888888888896,0.9134444444444445,0.04055555555555555,11,10,1
2010-01-12,4,4,0,0.1975,0.2612739079969525,0.079,0.921,0.0,4,1,3
2010-01-13,6,6,1,0.10692857142857141,0.2887424394274777,0.08399999999999999,0.899,0.016999999999999998,9,4,5
2010-01-14,17,17,6,0.05969130434782608,0.3931135192979509,0.052739130434782615,0.8940000000000002,0.05326086956521738,20,18,2
2010-01-15,6,6,2,-0.09412499999999999,0.179495283712414,0.0,0.971375,0.028624999999999998,2,1,1
2010-01-16,3,3,0,-0.25453333333333333,0.1799822460380159,0.0,0.8566666666666668,0.14333333333333334,2,0,2
2010-01-17,3,3,0,-0.3094,0.051194530957906034,0.132,0.5383333333333333,0.32966666666666666,0,0,0
2010-01-18,11,11,3,-0.0075428571428571446,0.25581816565199395,0.01942857142857143,0.9225,0.058071428571428566,4,0,4
2010-01-19,9,9,1,0.04834,0.1929440136412633,0.0491,0.9207000000000001,0.030199999999999998,9,0,9
2010-01-20,11,11,1,-0.024666666666666667,0.10939663563788826,0.03183333333333333,0.9355833333333333,0.03258333333333333,0,3,-3
2010-01-21,5,5,1,0.3057166666666667,0.349787327846825,0.14866666666666667,0.8231666666666667,0.027999999999999997,38,15,23
2010-01-22,3,3,0,0.0593,0.08386286424872455,0.05833333333333333,0.9416666666666668,0.0,4,0,4
2010-01-25,23,23,1,0.09541666666666666,0.2593599584661356,0.07816666666666666,0.9111666666666668,0.010666666666666666,14,8,6
2010-01-26,19,19,2,0.09344285714285715,0.29033513077694423,0.09719047619047619,0.8652857142857142,0.03752380952380953,17,7,10
2010-01-27,56,56,6,0.08775967741935485,0.2350557678919,0.05032258064516129,0.9296612903225807,0.020032258064516126,67,16,51
2010-01-28,25,25,3,0.06976785714285715,0.37322606138292136,0.07625000000000001,0.8875714285714286,0.03617857142857143,41,23,18
2010-01-29,15,15,2,0.2756882352941177,0.34490567488441537,0.1228235294117647,0.866764705882353,0.010470588235294117,51,25,26
2010-01-30,4,4,1,0.0,0.18720683748196804,0.047799999999999995,0.8986000000000001,0.0536,2,0,2
2010-01-31,1,1,1,0.52495,0.34705,0.1215,0.8785000000000001,0.0,0,0,0
2010-02-01,8,8,3,0.28902727272727274,0.3963785360001887,0.08863636363636362,0.875090909090909,0.036272727272727276,41,23,18
2010-02-02,14,14,2,0.09865625000000001,0.3384290711669692,0.061312500000000006,0.900125,0.0385625,5,2,3
2010-02-03,5,5,1,0.031166666666666665,0.5260874948354334,0.07816666666666666,0.8171666666666667,0.10466666666666667,25,10,15
2010-02-04,10,10,2,0.43295833333333333,0.38491546140750904,0.17500000000000002,0.8179166666666666,0.007083333333333333,40,30,10
2010-02-05,8,8,1,0.012366666666666661,0.4439440680486175,0.08877777777777777,0.8832222222222222,0.028,22,3,19
2010-02-08,3,3,1,0.1531,0.26517697863879514,0.11375,0.88625,0.0,4,0,4
2010-02-09,8,8,3,0.1582181818181818,0.3399856730087897,0.05909090909090909,0.9406363636363636,0.00027272727272727274,32,2,30
2010-02-10,11,11,2,0.19824615384615385,0.2937909974412334,0.09376923076923077,0.9050769230769229,0.0011538461538461537,20,1,19
2010-02-11,12,12,2,0.039700000000000006,0.23591083666746399,0.030642857142857142,0.939357142857143,0.030000000000000002,8,2,6
2010-02-12,6,6,1,0.05335714285714284,0.4368462032639433,0.05142857142857143,0.8215714285714285,0.12714285714285717,2,0,2
2010-02-14,2,2,0,-0.148,0.148,0.0,0.866,0.134,0,0,0
2010-02-15,10,10,1,0.062200000000000005,0.08407013306000694,0.09227272727272727,0.8737272727272728,0.034,4,1,3
2010-02-16,7,7,1,0.018112499999999997,0.22928138518804791,0.041,0.925125,0.033875,2,0,2
2010-02-17,16,16,2,0.10865555555555556,0.2825586728101739,0.059055555555555556,0.918388888888889,0.022555555555555558,13,6,7
2010-02-18,7,7,0,0.1306,0.20737165393838874,0.05128571428571428,0.9487142857142857,0.0,2,0,2
2010-02-19,6,6,0,-0.09866666666666667,0.13953573815414536,0.0,0.9155000000000001,0.0845,0,4,-4
2010-02-22,9,9,1,0.07308,0.4169288567609587,0.0879,0.8276,0.0844,39,10,29
2010-02-23,7,7,3,0.31404000000000004,0.39152230638879315,0.0769,0.9069999999999998,0.0162,32,16,16
2010-02-24,9,9,1,0.08924000000000001,0.18078877841282076,0.044,0.9560000000000001,0.0,0,0,0
2010-02-25,17,17,4,0.18275714285714284,0.40246381389709884,0.10038095238095236,0.8526190476190474,0.04700000000000001,46,15,31
2010-02-26,7,7,3,0.03266,0.37973734922970115,0.027200000000000002,0.9091999999999999,0.0637,68,26,42
2010-03-01,7,7,4,0.2131818181818182,0.3596129455101865,0.09381818181818181,0.9055454545454544,0.0007272727272727273,13,8,5
2010-03-02,18,18,1,0.005621052631578948,0.25270526743296357,0.05726315789473685,0.882263157894737,0.06047368421052632,3,5,-2
2010-03-03,9,9,2,0.04788181818181818,0.15141560396460774,0.024909090909090912,0.975090909090909,0.0,2,0,2
2010-03-04,4,4,0,-0.444425,0.08569321370447021,0.0,0.72475,0.27525,0,0,0
2010-03-05,19,19,5,0.1502125,0.31783738021261226,0.0665,0.907625,0.025833333333333333,34,9,25
2010-03-07,1,1,0,0.0,0.0,0.0,1.0,0.0,0,1,-1
2010-03-08,7,7,3,0.25872,0.3654331178204843,0.056799999999999996,0.9388,0.0043,38,20,18
2010-03-09,6,6,1,-0.0316,0.24069832333679198,0.05285714285714286,0.9171428571428571,0.03,3,0,3
2010-03-10,7,7,1,0.154175,0.4309821972831361,0.068,0.883875,0.048124999999999994,25,10,15
2010-03-11,6,6,1,0.06432857142857143,0.16106898889504917,0.07028571428571428,0.9067142857142858,0.023,1,1,0
2010-03-12,14,14,2,0.068,0.2920590907676048,0.080875,0.857375,0.061750000000000006,3,1,2
2010-03-14,1,1,0,-0.4215,0.0,0.0,0.714,0.286,0,2,-2
2010-03-15,8,8,3,0.1425,0.29926701668030053,0.06254545454545454,0.9357272727272726,0.0017272727272727272,15,9,6
2010-03-16,8,8,3,0.16584545454545452,0.39358739208289123,0.10972727272727271,0.8406363636363636,0.04954545454545455,22,14,8
2010-03-17,8,8,2,0.08807000000000001,0.26421,0.0481,0.9519,0.0,0,0,0
2010-03-18,11,11,1,-0.007358333333333337,0.3112994711911488,0.052333333333333336,0.86725,0.08041666666666666,6,1,5
2010-03-19,10,10,1,0.26595454545454544,0.36739806592165836,0.08063636363636363,0.9161818181818181,0.003181818181818182,35,13,22
2010-03-22,8,8,2,0.08549999999999999,0.36740735430853855,0.033100000000000004,0.9237,0.0432,45,26,19
2010-03-23,8,8,0,0.167225,0.4297475036285842,0.1425,0.817125,0.040375,4,0,4
2010-03-24,7,7,3,0.12713999999999998,0.40885960720032,0.0512,0.9042999999999999,0.0445,23,8,15
2010-03-25,8,8,1,0.29084444444444446,0.1992804060787552,0.15788888888888886,0.833888888888889,0.008333333333333333,20,5,15
2010-03-26,8,8,2,0.20649,0.3373229148753461,0.0974,0.9005000000000001,0.0021000000000000003,14,7,7
2010-03-27,2,2,1,0.0,0.0,0.0,1.0,0.0,0,0,0
2010-03-28,1,1,0,-0.2732,0.0,0.0,0.741,0.259,0,0,0
2010-03-29,18,18,2,0.18134499999999998,0.23737403285742945,0.10300000000000001,0.8969999999999999,0.0,10,0,10
2010-03-30,28,28,4,0.138296875,0.35231719504976533,0.07721875,0.8869374999999999,0.035875,85,53,32
2010-03-31,8,8,3,0.25496363636363634,0.46363126271703786,0.10499999999999998,0.8419090909090908,0.05318181818181818,59,20,39
2010-04-01,16,16,0,0.17546875,0.3384461861189124,0.1078125,0.8695625,0.022625,5,0,5
2010-04-02,13,13,2,0.18467333333333336,0.25879686620118786,0.10546666666666667,0.8945333333333334,0.0,8,0,8
2010-04-03,11,11,1,0.07129166666666667,0.23644770901242043,0.0028333333333333335,0.9971666666666668,0.0,1,0,1
2010-04-04,3,3,0,0.1998,0.2825598697621444,0.10933333333333334,0.8906666666666667,0.0,0,1,-1
2010-04-05,26,26,3,0.06622068965517242,0.26489672988350127,0.04382758620689655,0.9394137931034482,0.01675862068965517,38,28,10
2010-04-06,26,26,6,0.080446875,0.22295158805273035,0.02971875,0.957375,0.012906250000000001,35,24,11
2010-04-07,13,13,3,0.0856875,0.18748134865567295,0.0466875,0.9465,0.00675,4,3,1
2010-04-08,18,18,5,0.07599565217391305,0.21261014634518857,0.04195652173913044,0.937391304347826,0.020652173913043477,5,6,-1
2010-04-09,6,6,2,0.022700000000000005,0.19948340156514277,0.04,0.90625,0.05375,1,2,-1
2010-04-11,1,1,0,0.0,0.0,0.0,1.0,0.0,1,0,1
2010-04-12,12,12,2,0.12699999999999997,0.27178952728693784,0.06407142857142857,0.9097857142857142,0.02614285714285714,8,0,8
2010-04-13,12,12,3,0.10446,0.17583983166506956,0.08786666666666668,0.9121333333333332,0.0,3,0,3
2010-04-14,12,12,2,0.20822142857142856,0.3116033861419064,0.09157142857142857,0.9077142857142857,0.0006428571428571428,10,6,4
2010-04-15,7,7,3,0.33382999999999996,0.401944600784735,0.0998,0.8943,0.0059,46,17,29
2010-04-16,6,6,2,0.17118750000000002,0.3165577452752499,0.09675,0.865125,0.038125,5,8,-3
2010-04-18,1,1,1,0.6951499999999999,0.21844999999999998,0.2415,0.754,0.0045,5,3,2
2010-04-19,7,7,3,0.15694,0.3279899730174689,0.015,0.9797,0.0053,30,16,14
2010-04-20,36,36,8,0.2232590909090909,0.36048893963500955,0.10725000000000001,0.8702727272727272,0.02247727272727273,98,34,64
2010-04-21,37,37,7,0.2265727272727273,0.3414061772911586,0.08363636363636363,0.9101363636363636,0.006204545454545455,142,75,67
2010-04-22,7,7,4,0.014263636363636367,0.5912442569741871,0.05863636363636364,0.8511818181818179,0.09027272727272728,93,66,27
2010-04-23,15,15,9,0.24280416666666668,0.4893089357103263,0.06354166666666666,0.8705833333333333,0.06583333333333334,149,114,35
2010-04-25,5,5,2,0.040228571428571426,0.5015141379983669,0.05157142857142858,0.8441428571428571,0.1042857142857143,48,32,16
2010-04-26,14,14,9,0.34877826086956526,0.4464586206606306,0.0662608695652174,0.9178260869565217,0.015956521739130435,115,73,42
2010-04-27,14,14,6,0.18511499999999997,0.3764625602566608,0.053649999999999996,0.9145000000000001,0.031900000000000005,47,18,29
2010-04-28,15,15,7,0.1696363636363636,0.38184756542780335,0.034772727272727275,0.9355454545454546,0.029681818181818184,68,29,39
2010-04-29,13,13,2,0.05302666666666667,0.409492489905357,0.027133333333333332,0.9166000000000001,0.056266666666666666,19,5,14
2010-04-30,19,19,6,-0.038647999999999995,0.2618204134440247,0.00452,0.9445599999999998,0.05091999999999999,28,6,22
2010-05-01,1,1,1,0.0,0.0,0.0,1.0,0.0,0,0,0
2010-05-03,14,14,2,0.0888125,0.24743357157780754,0.045937500000000006,0.9510000000000001,0.0030625,32,17,15
2010-05-04,13,13,4,0.08681176470588235,0.2540642458868667,0.02235294117647059,0.9751764705882353,0.0024705882352941176,29,12,17
2010-05-05,11,11,6,0.13495294117647058,0.4218882122883028,0.032705882352941175,0.9181176470588236,0.0491764705882353,55,40,15
2010-05-06,5,5,1,-0.00013333333333333716,0.35975211218590814,0.05399999999999999,0.851,0.09500000000000001,0,0,0
2010-05-07,13,13,3,0.0035375000000000007,0.19982036894108168,0.0926875,0.794375,0.1129375,0,4,-4
2010-05-10,9,9,3,0.49953333333333333,0.35126202549600427,0.15833333333333335,0.8241666666666667,0.017499999999999998,48,35,13
2010-05-11,17,17,1,0.12043888888888889,0.35913447982443214,0.11527777777777778,0.8015555555555556,0.08311111111111111,9,3,6
2010-05-12,15,15,2,0.16023529411764703,0.3819190134988991,0.10423529411764705,0.8444117647058823,0.05135294117647059,31,14,17
2010-05-13,12,12,3,0.021606666666666666,0.33358447699029536,0.0294,0.8906666666666666,0.07993333333333334,4,1,3
2010-05-14,11,11,2,-0.061161538461538455,0.434412938145726,0.029076923076923077,0.8442307692307692,0.1266153846153846,35,18,17
2010-05-16,1,1,0,-0.7269,0.0,0.0,0.534,0.466,0,1,-1
2010-05-17,8,8,0,0.039775,0.10523475839759408,0.01575,0.9842500000000001,0.0,1,0,1
2010-05-18,11,11,1,0.16904166666666667,0.2461779554791389,0.09458333333333334,0.8921666666666668,0.01325,5,2,3
2010-05-19,11,11,0,-0.11919090909090908,0.2941633419301889,0.024363636363636365,0.8513636363636364,0.12427272727272727,7,8,-1
2010-05-20,13,13,5,0.11112777777777777,0.3934830813891573,0.0613888888888889,0.8624444444444443,0.07627777777777779,49,39,10
2010-05-21,5,5,0,-0.049260000000000005,0.2718722317560217,0.0334,0.8718,0.0948,2,0,2
2010-05-24,8,8,2,0.17948,0.2986193757946728,0.1011,0.8989,0.0,1,0,1
2010-05-25,13,13,0,0.12608461538461538,0.2615878138956366,0.08453846153846153,0.8946153846153846,0.020846153846153848,4,0,4
2010-05-26,17,17,1,0.058883333333333336,0.30854489003492935,0.0555,0.9107222222222222,0.033777777777777775,4,0,4
2010-05-27,15,15,2,0.06977647058823529,0.3179926572023355,0.058058823529411774,0.881235294117647,0.06070588235294118,10,10,0
2010-05-28,17,17,3,0.01653,0.2817497384204642,0.06995,0.8720000000000001,0.058050000000000004,2,0,2
2010-05-29,2,2,0,0.0,0.0,0.0,1.0,0.0,0,0,0
2010-05-31,6,6,2,0.04515,0.11945567169456626,0.02975,0.9702500000000001,0.0,0,2,-2
2010-06-01,10,10,2,0.17744166666666664,0.3532215439313155,0.10758333333333332,0.8449166666666668,0.04750000000000001,42,22,20
2010-06-02,6,6,2,-0.1682125,0.41379636126209474,0.04175,0.863875,0.09437500000000001,0,0,0
2010-06-03,7,7,2,0.11106666666666669,0.523034944657939,0.03511111111111111,0.8941111111111112,0.07055555555555555,68,26,42
2010-06-04,8,8,3,0.05600909090909094,0.5197696928003007,0.06372727272727273,0.8238181818181818,0.11254545454545455,48,19,29
2010-06-05,1,1,0,0.0,0.0,0.0,1.0,0.0,0,0,0
2010-06-06,1,1,0,0.1779,0.0,0.151,0.731,0.119,0,0,0
2010-06-07,33,33,6,0.05065641025641026,0.20517577179263513,0.023076923076923078,0.9665897435897435,0.010333333333333333,23,13,10
2010-06-08,11,11,2,0.09546153846153847,0.181130762533852,0.02969230769230769,0.9703076923076923,0.0,3,0,3
2010-06-09,18,18,3,0.20332380952380952,0.39572664194793905,0.09833333333333333,0.8382380952380953,0.06357142857142857,28,17,11
2010-06-10,13,13,3,0.15468750000000003,0.41055754449741877,0.0389375,0.9220625,0.03900000000000001,30,10,20
2010-06-11,9,9,2,-0.16425454545454546,0.2248274949363152,0.0,0.8963636363636364,0.10363636363636362,1,2,-1
2010-06-13,3,3,3,-0.1507666666666667,0.767261039166086,0.1055,0.7945000000000001,0.09999999999999999,64,61,3
2010-06-14,21,21,12,0.3734666666666666,0.4520207226857788,0.1013939393939394,0.8651515151515152,0.033484848484848485,192,109,83
2010-06-15,23,23,12,0.10526285714285714,0.4928024362681629,0.05108571428571429,0.9127428571428572,0.03614285714285714,132,103,29
2010-06-16,25,25,15,0.10822749999999999,0.5549370775085676,0.047575,0.889575,0.06275,230,168,62
2010-06-17,17,17,9,0.3206461538461538,0.385586071635184,0.10400000000000001,0.8772692307692308,0.018730769230769228,161,83,78
2010-06-18,19,19,10,0.17496206896551725,0.5347163259625536,0.08386206896551722,0.8716206896551725,0.04451724137931034,135,90,45
2010-06-19,2,2,2,0.6927,0.3062788680271625,0.1485,0.836,0.0155,46,26,20
2010-06-20,4,4,4,0.6857375,0.2577518765086881,0.20099999999999998,0.7662500000000001,0.03275,77,46,31
2010-06-21,16,16,6,0.25621363636363637,0.4205154664709995,0.08609090909090909,0.8619545454545455,0.05190909090909091,88,62,26
2010-06-22,41,41,19,0.261735,0.44775204738969837,0.10048333333333333,0.8711166666666667,0.028416666666666663,282,190,92
2010-06-23,21,21,14,0.34263714285714286,0.46682829029570194,0.07117142857142858,0.9047142857142856,0.024085714285714287,152,106,46
2010-06-24,29,29,18,0.37825319148936176,0.45136199834904595,0.0751276595744681,0.9041702127659577,0.02070212765957447,237,154,83
2010-06-25,18,18,9,0.1882037037037037,0.4064400584309988,0.04977777777777778,0.906,0.04433333333333333,121,117,4
2010-06-26,4,4,1,-0.07118,0.6343889923382972,0.181,0.7597999999999999,0.059199999999999996,6,3,3
2010-06-27,2,2,2,0.025099999999999983,0.5602931152530789,0.08675000000000001,0.78,0.13325,41,35,6
2010-06-28,28,28,16,0.23429318181818182,0.4148892001035979,0.06709090909090909,0.90675,0.026136363636363638,199,141,58
2010-06-29,13,13,9,0.2862318181818182,0.517452752684079,0.06463636363636363,0.910409090909091,0.025,100,123,-23
2010-06-30,15,15,9,0.22616249999999996,0.543952854737507,0.10204166666666666,0.8352083333333334,0.06270833333333334,157,122,35
2010-07-01,25,25,18,0.17447441860465113,0.6667297336385151,0.09676744186046513,0.8137906976744188,0.08948837209302325,247,168,79
2010-07-02,14,14,6,-0.046264999999999994,0.4667113789859853,0.09635,0.7841500000000001,0.11955,53,46,7
2010-07-03,3,3,3,0.19853333333333334,0.39610906606921054,0.047499999999999994,0.9005000000000001,0.051833333333333335,52,34,18
2010-07-04,4,4,2,0.20295,0.5783959478592497,0.029666666666666664,0.868,0.10216666666666668,44,27,17
2010-07-05,6,6,6,0.3097916666666667,0.5763894118538457,0.035083333333333334,0.8914999999999998,0.07333333333333333,72,54,18
2010-07-06,23,23,11,0.1354764705882353,0.5293784724499341,0.052147058823529414,0.9039117647058824,0.04388235294117646,162,82,80
2010-07-07,24,24,15,0.2555128205128205,0.5051354965112178,0.07741025641025641,0.875102564102564,0.04746153846153847,188,88,100
2010-07-08,14,14,8,0.25128181818181816,0.45450065870175654,0.09254545454545454,0.8535,0.054,113,72,41
2010-07-09,17,17,5,0.07678181818181819,0.4077808698936718,0.050499999999999996,0.9117727272727272,0.03777272727272728,41,29,12
2010-07-10,2,2,2,0.323,0.6729446596860695,0.034,0.87225,0.0935,44,33,11
2010-07-11,3,3,3,0.44065,0.6059087025561964,0.08433333333333333,0.8365,0.07916666666666666,83,66,17
2010-07-12,19,19,9,0.09591785714285715,0.5523993082477122,0.07767857142857144,0.8575714285714285,0.06482142857142857,124,54,70
2010-07-13,18,18,5,0.25142608695652174,0.43231854622075516,0.09621739130434785,0.8483478260869566,0.05539130434782609,110,51,59
2010-07-14,19,19,10,0.30655862068965517,0.45160799259690687,0.09113793103448276,0.8777931034482758,0.031068965517241386,126,74,52
2010-07-15,23,23,10,0.19043636363636363,0.5340289595019889,0.10393939393939393,0.8625151515151516,0.03357575757575758,154,129,25
2010-07-16,21,21,11,0.22360937500000003,0.41252885759618,0.0674375,0.88459375,0.0479375,122,110,12
2010-07-17,2,2,2,0.512625,0.42004418443182856,0.0755,0.89475,0.03,44,55,-11
2010-07-18,4,4,1,0.011260000000000003,0.6544851674407909,0.10600000000000001,0.6916,0.2024,2,4,-2
2010-07-19,26,26,11,0.23612162162162162,0.43014649115949993,0.0868918918918919,0.8741351351351351,0.03891891891891892,161,100,61
2010-07-20,49,49,19,0.19425882352941173,0.5102987680920491,0.0894264705882353,0.8623235294117647,0.04825000000000001,377,219,158
2010-07-21,51,51,24,0.280068,0.46913495944770517,0.09998666666666667,0.86352,0.036546666666666665,445,254,191
2010-07-22,27,27,20,0.43329574468085114,0.45467004260393784,0.11138297872340426,0.857744680851064,0.030787234042553187,390,262,128
2010-07-23,18,18,12,0.27477,0.4762990280275617,0.06749999999999999,0.8749666666666667,0.057499999999999996,193,138,55
2010-07-24,3,3,3,0.6200999999999999,0.45655595494966444,0.143,0.8216666666666667,0.035333333333333335,71,21,50
2010-07-25,5,5,3,0.48826250000000004,0.390663605092348,0.123625,0.8711249999999999,0.005375,48,28,20
2010-07-26,16,16,12,0.2957214285714286,0.44843986565898103,0.08867857142857141,0.8908928571428572,0.02035714285714286,137,87,50
2010-07-27,26,26,12,0.1609921052631579,0.4798005607495347,0.05857894736842105,0.9111842105263158,0.03018421052631579,173,91,82
2010-07-28,20,20,8,0.20498214285714286,0.4530358926600246,0.051464285714285705,0.917,0.031535714285714285,118,82,36
2010-07-29,30,30,22,0.3125692307692308,0.5365500093325812,0.10919230769230769,0.8344615384615384,0.05632692307692308,357,235,122
2010-07-30,10,10,9,0.39175789473684214,0.4870335926118547,0.08347368421052631,0.8640526315789474,0.05252631578947369,187,113,74
2010-07-31,1,1,1,0.34735,0.6205499999999999,0.04,0.8474999999999999,0.1125,29,20,9
2010-08-02,15,15,8,0.2972695652173913,0.39743856012435935,0.07382608695652174,0.9216956521739129,0.004434782608695652,83,43,40
2010-08-03,9,9,1,0.12828,0.20117565359655232,0.0745,0.9255000000000001,0.0,4,2,2
2010-08-04,11,11,4,0.2173,0.3477826409315642,0.0702,0.9145333333333333,0.0152,37,17,20
2010-08-05,12,12,3,0.16092,0.4336759423040819,0.06606666666666668,0.8752666666666666,0.058666666666666666,58,36,22
2010-08-06,14,14,7,0.15933333333333333,0.48121643713102674,0.03152380952380952,0.9369999999999999,0.031380952380952384,107,79,28
2010-08-07,2,2,0,0.0,0.0,0.0,1.0,0.0,0,0,0
2010-08-09,14,14,1,-0.009180000000000002,0.20087666929403883,0.023933333333333338,0.9384666666666666,0.0376,7,2,5
2010-08-10,5,5,1,-0.3386,0.382837319671598,0.013333333333333334,0.8476666666666667,0.139,19,10,9
2010-08-11,7,7,2,0.12462222222222222,0.35501696290546075,0.04344444444444444,0.9177777777777778,0.03877777777777777,16,6,10
2010-08-12,11,11,1,0.15708333333333332,0.2991893737900611,0.11691666666666667,0.8603333333333333,0.022750000000000003,5,0,5
2010-08-13,6,6,4,0.14617000000000005,0.5417549465394849,0.06670000000000001,0.9153,0.018099999999999998,59,31,28
2010-08-14,3,3,0,-0.2023,0.0,0.0,0.782,0.218,0,0,0
2010-08-15,2,2,0,-0.3395,0.13720000000000002,0.0,0.728,0.272,0,0,0
2010-08-16,22,22,4,-0.049192307692307695,0.3612214810920952,0.0435,0.8770384615384615,0.07946153846153846,86,34,52
2010-08-17,13,13,2,-0.12026,0.2933218682607896,0.024066666666666667,0.9036666666666666,0.07226666666666667,38,26,12
2010-08-18,9,9,2,0.19510000000000002,0.3119609095558434,0.071,0.9173636363636363,0.011545454545454546,13,3,10
2010-08-19,16,16,3,0.11186315789473684,0.30243498163463745,0.04021052631578947,0.9415789473684211,0.018157894736842106,25,14,11
2010-08-20,8,8,3,0.1806,0.4184580591561444,0.05245454545454545,0.9109090909090909,0.036727272727272726,24,8,16
2010-08-23,6,6,2,-0.08227499999999999,0.39478884150264426,0.09325,0.854,0.052625,9,4,5
2010-08-24,18,18,4,0.12151818181818182,0.27676226857320185,0.058545454545454546,0.9308181818181819,0.010636363636363637,14,5,9
2010-08-25,16,16,2,0.1701777777777778,0.44212592544502216,0.06894444444444445,0.8819444444444444,0.049166666666666664,47,24,23
2010-08-26,10,10,4,0.2786,0.4189973252556973,0.05607142857142857,0.9104285714285714,0.033357142857142856,74,47,27
2010-08-27,11,11,2,0.13213076923076922,0.28161888973088156,0.04084615384615385,0.9554615384615386,0.0036153846153846154,38,15,23
2010-08-28,1,1,1,0.0,0.0,0.0,1.0,0.0,0,0,0
2010-08-30,8,8,2,0.19230999999999998,0.33775976210910613,0.0744,0.9239,0.0018,8,8,0
2010-08-31,16,16,4,0.049565,0.24936021590261745,0.044250000000000005,0.9500499999999998,0.0058,34,27,7
2010-09-01,35,35,6,0.04599268292682927,0.23755859599649573,0.025756097560975612,0.9524146341463414,0.021853658536585368,22,29,-7
2010-09-02,27,27,7,0.19352647058823527,0.37944700731212977,0.11620588235294117,0.8532647058823528,0.030558823529411763,52,21,31
2010-09-03,8,8,1,0.16034444444444448,0.27570886058026706,0.1061111111111111,0.8698888888888888,0.024,8,10,-2
2010-09-06,8,8,6,0.1631,0.28807856567263035,0.05192857142857143,0.9467142857142858,0.0014285714285714286,14,5,9
2010-09-07,13,13,6,0.1192157894736842,0.4212538367942189,0.023578947368421053,0.9443157894736842,0.032105263157894734,65,30,35
2010-09-08,9,9,2,0.3956363636363637,0.3475247728847471,0.1620909090909091,0.8214545454545454,0.016454545454545454,26,4,22
2010-09-09,20,20,4,0.12942499999999998,0.34101624747461323,0.1025,0.8767916666666666,0.02075,27,16,11
2010-09-10,13,13,4,0.26731176470588236,0.390643517172179,0.0803529411764706,0.9005294117647058,0.01911764705882353,52,17,35
2010-09-11,2,2,0,0.43590000000000007,0.07470000000000002,0.3385,0.6615,0.0,0,0,0
2010-09-13,8,8,0,0.061575,0.16291213697880216,0.0645,0.9355,0.0,5,2,3
2010-09-14,7,7,2,0.2727666666666666,0.45453319399626296,0.11877777777777777,0.8394444444444444,0.04188888888888889,16,17,-1
2010-09-15,6,6,2,0.277875,0.3881842692266136,0.05025,0.940875,0.00875,20,15,5
2010-09-16,6,6,2,0.124025,0.23697384744946015,0.022,0.97125,0.006875,16,7,9
2010-09-17,8,8,2,0.26333,0.41291903334673247,0.06949999999999999,0.9247,0.0058,60,9,51
2010-09-19,1,1,0,0.0,0.0,0.0,1.0,0.0,0,1,-1
2010-09-20,15,15,8,0.29459565217391304,0.48620987906750257,0.082,0.9088695652173915,0.009130434782608695,152,72,80
2010-09-21,28,28,16,0.3294681818181818,0.4377702270768034,0.07645454545454546,0.8940681818181818,0.029522727272727277,177,101,76
2010-09-22,17,17,7,0.3981208333333333,0.4193797483379142,0.15612499999999999,0.8077916666666667,0.036083333333333335,109,53,56
2010-09-23,23,23,17,0.3306975,0.5609323539819664,0.07977500000000001,0.8846999999999999,0.035550000000000005,212,163,49
2010-09-24,17,17,11,0.3687357142857143,0.4641934812232978,0.0895,0.8759285714285714,0.03460714285714286,148,93,55
2010-09-25,8,8,5,0.3047769230769231,0.4778305930152461,0.045538461538461535,0.9147692307692308,0.03969230769230769,84,36,48
2010-09-26,5,5,3,0.4708375,0.4755391254605135,0.0935,0.899625,0.006874999999999999,72,38,34
2010-09-27,17,17,11,0.3334249999999999,0.48261063618688954,0.07610714285714285,0.899,0.02489285714285714,107,95,12
2010-09-28,24,24,11,0.1384085714285714,0.4868018660437462,0.08208571428571429,0.8504857142857143,0.06742857142857142,128,100,28
2010-09-29,12,12,10,0.1905818181818182,0.5262496863625614,0.05277272727272728,0.9061818181818182,0.041045454545454545,115,82,33
2010-09-30,9,9,6,0.06503333333333333,0.5652003676180294,0.08993333333333335,0.8111333333333335,0.09899999999999999,116,85,31
2010-10-01,15,15,9,0.34417500000000006,0.49392679303212544,0.09108333333333334,0.8581249999999999,0.050749999999999997,147,78,69
2010-10-02,2,2,2,0.22394999999999998,0.22629980667247596,0.015,0.9770000000000001,0.008,11,1,10
2010-10-03,1,1,1,0.2882,0.6063999999999999,0.0275,0.8455,0.1265,5,9,-4
2010-10-04,16,16,9,0.27774800000000005,0.4783313463447697,0.07568,0.8888000000000001,0.03548,117,66,51
2010-10-05,21,21,13,0.32759999999999995,0.48075220289483367,0.08214705882352942,0.8904117647058823,0.027470588235294115,205,89,116
2010-10-06,23,23,13,0.25173055555555557,0.545164120965953,0.09152777777777779,0.8586944444444444,0.049833333333333334,180,108,72
2010-10-07,16,16,11,0.3401,0.49158252613371034,0.09396296296296296,0.8743703703703704,0.031703703703703706,151,150,1
2010-10-08,19,19,11,0.26876666666666665,0.46428341009440444,0.06706666666666665,0.8991333333333333,0.033800000000000004,146,70,76
2010-10-09,1,1,1,0.49915,0.49915,0.06,0.9125,0.0275,25,14,11
2010-10-10,1,1,0,0.0,0.0,0.0,1.0,0.0,0,0,0
2010-10-11,13,13,10,0.22795652173913042,0.5955312730999739,0.06265217391304348,0.9025217391304348,0.03491304347826087,146,92,54
2010-10-12,33,33,15,0.30315625,0.4228904250838557,0.07852083333333333,0.902125,0.019375,219,130,89
2010-10-13,28,28,22,0.43192,0.47122470478530726,0.07316,0.90782,0.01904,386,223,163
2010-10-14,22,22,14,0.27966111111111114,0.48924415926666226,0.07372222222222222,0.8857499999999999,0.04058333333333333,174,165,9
2010-10-15,19,19,9,0.32550357142857145,0.40801262627709284,0.09764285714285714,0.8747499999999999,0.02767857142857143,122,70,52
2010-10-16,1,1,0,0.0,0.0,0.0,1.0,0.0,1,0,1
2010-10-17,3,3,3,0.5184333333333333,0.5231888239971832,0.11066666666666668,0.8403333333333333,0.04883333333333334,49,31,18
2010-10-18,50,50,16,0.2298530303030303,0.4691565233479208,0.07939393939393939,0.8709242424242425,0.04963636363636364,315,225,90
2010-10-19,55,55,33,0.28308863636363635,0.4887285053240933,0.071,0.8744204545454545,0.054556818181818185,598,449,149
2010-10-20,33,33,19,0.36167884615384616,0.4419117325441893,0.08846153846153845,0.8909807692307693,0.02055769230769231,282,171,111
2010-10-21,31,31,21,0.3474346153846154,0.500066867022884,0.0761346153846154,0.8710576923076923,0.05284615384615384,306,210,96
2010-10-22,20,20,15,0.28666285714285716,0.5329433398378771,0.0744857142857143,0.8824571428571428,0.04302857142857142,243,158,85
2010-10-23,1,1,1,0.3127,0.6738999999999999,0.126,0.694,0.18,10,14,-4
2010-10-24,5,5,5,0.60121,0.3916259272571212,0.1344,0.8445,0.0211,119,58,61
2010-10-25,18,18,11,0.295648275862069,0.4077788156550403,0.05524137931034483,0.9416206896551725,0.0031724137931034477,127,59,68
2010-10-26,25,25,16,0.34656585365853654,0.5483548052972309,0.14539024390243901,0.8123658536585366,0.04226829268292683,246,176,70
2010-10-27,23,23,14,0.2713297297297297,0.47010883838421286,0.06527027027027027,0.9018378378378379,0.032891891891891886,167,111,56
2010-10-28,30,30,22,0.44684807692307693,0.5003830972712441,0.11553846153846153,0.8443653846153846,0.040096153846153844,433,242,191
2010-10-29,18,18,11,0.28190344827586206,0.5291231076900325,0.10524137931034482,0.8354482758620689,0.05937931034482759,201,138,63
2010-10-30,4,4,4,0.35731250000000003,0.5614022342258267,0.0455,0.8868750000000001,0.0675,64,18,46
2010-10-31,4,4,1,-0.32946,0.4937927970313054,0.036199999999999996,0.796,0.1678,21,9,12
2010-11-01,17,17,9,0.16018461538461537,0.526693757679639,0.06615384615384615,0.911,0.02284615384615385,136,74,62
2010-11-02,26,26,17,0.29429767441860466,0.5017313042082372,0.06888372093023257,0.9230930232558139,0.00797674418604651,258,151,107
2010-11-03,15,15,8,0.11044347826086956,0.5380659146837156,0.0633913043478261,0.8716521739130435,0.06495652173913044,58,40,18
2010-11-04,16,16,11,0.3596333333333333,0.49610185334151785,0.09692592592592593,0.891111111111111,0.011962962962962963,133,74,59
2010-11-05,17,17,12,0.19299310344827583,0.626278978230251,0.0983793103448276,0.8266896551724137,0.07496551724137931,205,127,78
2010-11-06,2,2,1,0.19276666666666667,0.5645311584747904,0.02666666666666667,0.8873333333333333,0.08566666666666667,18,7,11
2010-11-07,1,1,1,0.48475,0.48475,0.033,0.948,0.019,24,9,15
2010-11-08,10,10,4,0.2356,0.5402835128760771,0.10178571428571428,0.8607857142857143,0.03742857142857143,76,73,3
2010-11-09,13,13,7,0.30294499999999996,0.47458762149365,0.053649999999999996,0.9027499999999999,0.04365,146,105,41
2010-11-10,15,15,13,0.3408678571428571,0.49928945230309285,0.09814285714285716,0.8676071428571429,0.03417857142857143,174,98,76
2010-11-11,24,24,14,0.2842552631578947,0.5141954649318776,0.0941842105263158,0.8696842105263156,0.03610526315789473,249,123,126
2010-11-12,17,17,10,0.3039518518518519,0.45456651745687005,0.04096296296296296,0.9324814814814815,0.02659259259259259,121,68,53
2010-11-15,20,20,8,0.12355357142857146,0.4020771305555892,0.012249999999999999,0.9715357142857144,0.016285714285714285,71,24,47
2010-11-16,33,33,19,0.3019192307692308,0.49688173451206274,0.08065384615384616,0.8947115384615384,0.024634615384615383,275,183,92
2010-11-17,13,13,9,0.33664090909090905,0.4672966107488427,0.0775,0.8957727272727275,0.02672727272727273,89,37,52
2010-11-18,20,20,13,0.35379090909090904,0.48749246543587654,0.06487878787878788,0.9170909090909091,0.01812121212121212,169,128,41
2010-11-19,10,10,6,0.25675625,0.5459162733065736,0.1063125,0.82525,0.0684375,92,50,42
2010-11-21,2,2,2,0.19905,0.5221549841761544,0.074,0.90275,0.0235,26,19,7
2010-11-22,15,15,9,0.24898333333333333,0.49401682719878637,0.03291666666666667,0.9286249999999999,0.03845833333333334,121,59,62
2010-11-23,19,19,9,0.317775,0.4787349122016425,0.07325000000000001,0.8900714285714286,0.03675,142,73,69
2010-11-24,12,12,10,0.20248181818181815,0.472351247038168,0.052590909090909105,0.9353636363636362,0.012045454545454547,99,37,62
2010-11-25,11,11,8,0.41210526315789475,0.4242571234692523,0.08742105263157895,0.9024210526315788,0.010105263157894737,83,65,18
2010-11-26,9,9,6,0.3974933333333333,0.42887839374608533,0.12333333333333332,0.8625333333333333,0.014133333333333331,76,23,53
2010-11-28,4,4,4,0.5445625000000001,0.4640804508312648,0.070375,0.9172499999999999,0.012375,58,34,24
2010-11-29,15,15,10,0.231264,0.5828863730642534,0.07856,0.84744,0.07404000000000001,173,125,48
2010-11-30,15,15,10,0.4925800000000001,0.4249493871039232,0.0928,0.8926000000000001,0.0146,169,88,81
2010-12-01,16,16,11,0.30167037037037037,0.48350572926615476,0.06240740740740742,0.8968148148148147,0.040851851851851854,122,61,61
2010-12-02,17,17,12,0.40965862068965514,0.44186774625933534,0.10510344827586207,0.8688965517241378,0.026034482758620695,137,78,59
2010-12-03,5,5,4,0.5807555555555556,0.3994593182209926,0.15966666666666665,0.8332222222222223,0.0071111111111111115,66,22,44
2010-12-04,2,2,2,0.7631749999999999,0.2518124140605463,0.21699999999999997,0.7377499999999999,0.045250000000000005,47,20,27
2010-12-06,16,16,11,0.3870222222222222,0.4412543285556934,0.10862962962962965,0.8704444444444444,0.020925925925925928,171,102,69
2010-12-07,12,12,7,0.3302052631578947,0.47564416650495556,0.05878947368421052,0.9044736842105262,0.03668421052631579,101,45,56
2010-12-08,15,15,6,0.15057619047619047,0.5210289050612231,0.07180952380952381,0.8617619047619046,0.06633333333333333,76,54,22
2010-12-09,20,20,10,0.34198999999999996,0.516974075010859,0.12343333333333334,0.8270333333333334,0.0496,169,93,76
2010-12-10,17,17,8,0.22939199999999998,0.41070163566267903,0.0754,0.8841999999999999,0.040440000000000004,68,32,36
2010-12-11,3,3,2,0.27704000000000006,0.6023202357550342,0.042,0.8932,0.0648,30,29,1
2010-12-12,1,1,0,-0.0772,0.0,0.0,0.874,0.126,0,0,0
2010-12-13,19,19,8,0.18462592592592592,0.3275781440190378,0.06981481481481482,0.9188518518518518,0.011370370370370373,28,15,13
2010-12-14,15,15,8,0.31858260869565225,0.5610838359834387,0.10569565217391305,0.8283043478260871,0.06591304347826088,106,59,47
2010-12-15,15,15,10,0.365808,0.5256075097789223,0.12132,0.82312,0.05556,153,63,90
2010-12-16,38,38,21,0.232571186440678,0.5028224352325268,0.08283050847457626,0.8816101694915253,0.03554237288135593,300,185,115
2010-12-17,20,20,17,0.21658648648648648,0.5449191178078817,0.08043243243243244,0.8733513513513513,0.04624324324324325,151,91,60
2010-12-18,2,2,2,0.466275,0.5189067130756742,0.052,0.90575,0.04225,23,12,11
2010-12-19,2,2,2,0.13247500000000004,0.7394037340147803,0.11399999999999999,0.8687499999999999,0.017249999999999998,29,27,2
2010-12-20,15,15,7,0.24479545454545457,0.5346328871948002,0.1145,0.8515454545454546,0.034,116,69,47
2010-12-21,27,27,14,0.2513146341463415,0.4464227743343504,0.08436585365853659,0.882341463414634,0.03336585365853658,152,89,63
2010-12-22,12,12,4,0.16662500000000002,0.4464862770847498,0.049562499999999995,0.9070625,0.043312500000000004,54,51,3
2010-12-23,10,10,9,0.4501684210526315,0.5509516790853628,0.1783157894736842,0.7861578947368421,0.035526315789473684,90,54,36
2010-12-24,3,3,3,0.5859499999999999,0.3329726803107626,0.13966666666666666,0.8283333333333333,0.032,42,24,18
2010-12-26,3,3,3,0.17626666666666665,0.5370291974268149,0.034,0.8664999999999999,0.09949999999999999,65,47,18
2010-12-27,8,8,4,0.3923583333333333,0.47157908396212356,0.09883333333333333,0.8500833333333334,0.051083333333333335,85,50,35
2010-12-28,16,16,9,0.15101200000000004,0.5004817225993373,0.0528,0.8956000000000001,0.0516,91,42,49
2010-12-29,9,9,6,0.12363999999999999,0.6164619683321916,0.08766666666666668,0.8766666666666668,0.035666666666666666,58,43,15
2010-12-30,7,7,5,0.4118916666666667,0.4426244466405904,0.06341666666666666,0.92625,0.0105,67,41,26
2010-12-31,1,1,1,0.0,0.0,0.0,1.0,0.0,0,0,0
2011-01-01,3,3,2,0.44756,0.44094440738034085,0.0996,0.8878,0.0128,25,19,6
2011-01-02,2,2,0,-0.34,0.0,0.0,0.789,0.211,0,0,0
2011-01-03,7,7,1,-0.03741249999999999,0.47775134337199937,0.013875,0.87,0.11624999999999999,24,12,12
2011-01-04,8,8,5,0.38039230769230764,0.5209725069691793,0.08492307692307693,0.8835384615384616,0.031461538461538464,110,45,65
2011-01-05,9,9,5,0.3457,0.4497991678833692,0.07728571428571429,0.8975000000000001,0.025214285714285717,79,51,28
2011-01-06,17,17,5,0.13312272727272728,0.36782590240964685,0.04268181818181818,0.9257272727272727,0.03159090909090909,97,50,47
2011-01-07,8,8,4,0.37443333333333334,0.5549981896867372,0.125,0.8199166666666665,0.05516666666666666,114,51,63
2011-01-08,4,4,2,0.0,0.0,0.0,1.0,0.0,0,0,0
2011-01-10,16,16,4,0.221475,0.37886060876660166,0.08430000000000001,0.8855000000000001,0.030199999999999998,86,27,59
2011-01-11,9,9,4,0.26993846153846157,0.4087844053522242,0.045384615384615384,0.9487692307692307,0.005769230769230769,60,24,36
2011-01-12,11,11,6,0.23741764705882354,0.4300410530817263,0.05323529411764706,0.9121176470588236,0.03464705882352941,85,59,26
2011-01-13,14,14,5,0.23646842105263155,0.4310406697781197,0.08315789473684211,0.8883684210526317,0.028526315789473688,77,37,40
2011-01-14,15,15,3,0.16121666666666665,0.4242960801269688,0.06977777777777777,0.8652222222222222,0.06494444444444444,64,31,33
2011-01-15,1,1,1,0.4976,0.4976,0.062,0.9159999999999999,0.022,18,12,6
2011-01-16,1,1,0,0.0,0.0,0.0,1.0,0.0,0,0,0
2011-01-17,33,33,6,0.03577948717948718,0.20583972129128883,0.02374358974358974,0.9333846153846153,0.04287179487179488,36,10,26
2011-01-18,73,73,8,0.14635432098765433,0.3488549739529299,0.09598765432098766,0.874395061728395,0.02960493827160494,151,75,76
2011-01-19,23,23,6,0.22460689655172417,0.3794366931259662,0.0934137931034483,0.8812413793103447,0.025310344827586206,69,42,27
2011-01-20,12,12,2,-0.01444285714285715,0.3471591107306062,0.0225,0.8860714285714285,0.09135714285714285,28,20,8
2011-01-21,10,10,2,0.3359916666666667,0.4183182310520969,0.1381666666666667,0.8157500000000001,0.04608333333333333,44,13,31
2011-01-22,4,4,1,0.23938,0.3856528304057939,0.07039999999999999,0.9258,0.0036,16,2,14
2011-01-23,1,1,1,0.0,0.0,0.0,1.0,0.0,0,0,0
2011-01-24,13,13,3,0.30467500000000003,0.38156389291310044,0.142875,0.83325,0.023875,60,24,36
2011-01-25,19,19,9,0.2514678571428572,0.529150821771187,0.11592857142857142,0.8278214285714286,0.05614285714285715,154,87,67
2011-01-26,11,11,6,0.3029058823529412,0.5109776735891446,0.10811764705882354,0.8345882352941176,0.05729411764705882,88,47,41
2011-01-27,12,12,5,0.2114470588235294,0.4508748856294277,0.06323529411764707,0.9115882352941176,0.025176470588235293,58,40,18
2011-01-28,17,17,9,0.2669923076923077,0.423349083929451,0.08534615384615384,0.8865384615384614,0.02811538461538462,86,42,44
2011-01-29,2,2,2,0.484425,0.4846758523745535,0.0465,0.9452499999999999,0.00825,19,8,11
2011-01-31,10,10,3,0.10595384615384615,0.4893689509741242,0.04669230769230769,0.9048461538461539,0.04838461538461539,61,22,39
2011-02-01,10,10,6,0.173675,0.4118147937787082,0.026000000000000002,0.9296249999999999,0.044375,32,12,20
2011-02-02,18,18,6,0.3108041666666667,0.41839985906543065,0.08595833333333332,0.8878333333333334,0.02625,126,69,57
2011-02-03,32,32,17,0.32953469387755097,0.4614412937436842,0.09159183673469388,0.8800408163265306,0.028367346938775514,256,161,95
2011-02-04,11,11,10,0.38154285714285713,0.5829706817519325,0.09828571428571428,0.845142857142857,0.056666666666666664,198,115,83
2011-02-05,4,4,4,0.29,0.6327562544139725,0.08324999999999999,0.8791249999999999,0.037625000000000006,73,41,32
2011-02-06,1,1,1,0.7558,0.22910000000000003,0.157,0.829,0.014,22,18,4
2011-02-07,12,12,9,0.4349952380952381,0.4486847917617407,0.08928571428571429,0.8871428571428572,0.023571428571428573,125,76,49
2011-02-08,12,12,8,0.52933,0.4049468015678108,0.12325000000000001,0.8596999999999999,0.0172,154,58,96
2011-02-09,30,30,20,0.29028200000000004,0.5109324177188211,0.06598,0.8981,0.035840000000000004,254,121,133
2011-02-10,27,27,15,0.4187666666666666,0.4470855988492726,0.10483333333333335,0.8698095238095237,0.025333333333333336,299,189,110
2011-02-11,16,16,12,0.31816071428571435,0.5290376393166893,0.07814285714285717,0.8678928571428571,0.05392857142857144,165,122,43
2011-02-12,2,2,2,0.7224999999999999,0.27311095730490204,0.209,0.76875,0.022,34,12,22
2011-02-13,6,6,3,0.22496666666666668,0.5631574064543984,0.058222222222222224,0.8694444444444445,0.07244444444444445,87,47,40
2011-02-14,28,28,21,0.3937734693877551,0.47473175703007414,0.09291836734693876,0.8556530612244898,0.05138775510204082,260,166,94
2011-02-15,33,33,23,0.3226178571428572,0.4825010374182566,0.08469642857142858,0.8800178571428571,0.03525,257,124,133
2011-02-16,20,20,16,0.3910861111111111,0.49117332941571756,0.06552777777777778,0.900111111111111,0.034361111111111106,215,100,115
2011-02-17,25,25,11,0.2944361111111111,0.43723666751338447,0.08663888888888888,0.9023055555555555,0.011055555555555556,122,69,53
2011-02-18,38,38,19,0.18008421052631576,0.49682449327616046,0.048543859649122806,0.9212456140350878,0.03019298245614035,269,149,120
2011-02-19,5,5,4,0.5018666666666667,0.5836131405115702,0.15566666666666668,0.752,0.09222222222222223,88,24,64
2011-02-20,2,2,2,0.085225,0.5983640796998095,0.14375,0.8307500000000001,0.0255,13,9,4
2011-02-21,7,7,6,0.27818461538461536,0.48747899812142415,0.11153846153846153,0.8514615384615384,0.037,26,22,4
2011-02-22,35,35,17,0.19512500000000002,0.5160154193712104,0.08828846153846152,0.8546730769230769,0.05701923076923076,309,195,114
2011-02-23,40,40,12,0.11459807692307691,0.42954217151717056,0.10253846153846155,0.8314230769230769,0.0660576923076923,138,79,59
2011-02-24,30,30,14,0.26796136363636364,0.4253298779748967,0.07618181818181818,0.9030454545454544,0.02075,157,105,52
2011-02-25,13,13,10,0.27997391304347824,0.535669107969196,0.059695652173913046,0.8648260869565219,0.07543478260869564,120,58,62
2011-02-26,2,2,2,0.49635,0.4963625917613051,0.0395,0.9550000000000001,0.0052499999999999995,39,11,28
2011-02-27,1,1,1,0.4791,0.4791,0.0355,0.9645,0.0,7,3,4
2011-02-28,12,12,6,0.33606111111111114,0.5451853356009505,0.12855555555555556,0.8106666666666666,0.06077777777777777,61,49,12
2011-03-01,15,15,8,0.2862130434782609,0.4595243895730415,0.0658695652173913,0.8996521739130433,0.034434782608695653,88,57,31
2011-03-02,41,41,20,0.33755081967213124,0.4367945833834237,0.07226229508196721,0.914672131147541,0.013065573770491805,318,164,154
2011-03-03,21,21,11,0.352525,0.4120272381772836,0.06809375,0.9195312499999999,0.0124375,168,82,86
2011-03-04,22,22,14,0.20513611111111107,0.4947819857454492,0.04805555555555555,0.9245277777777778,0.027388888888888893,167,113,54
2011-03-05,4,4,4,0.5836625,0.42195012423715433,0.10075,0.8881249999999999,0.011,59,38,21
2011-03-06,2,2,2,0.485875,0.48627966940331774,0.0605,0.92225,0.01725,67,27,40
2011-03-07,18,18,8,0.30497692307692315,0.46331738441183584,0.09561538461538463,0.8707692307692307,0.033576923076923074,142,69,73
2011-03-08,11,11,7,0.2578388888888889,0.4927902485269061,0.05905555555555556,0.912388888888889,0.028722222222222222,69,54,15
2011-03-09,30,30,22,0.35429615384615387,0.48524555003767,0.08411538461538462,0.8771153846153846,0.038730769230769235,309,181,128
2011-03-10,23,23,18,0.4098731707317074,0.4427287800615909,0.11209756097560976,0.8583414634146341,0.029536585365853654,261,148,113
2011-03-11,18,18,5,0.1840913043478261,0.38055313850858397,0.08669565217391303,0.9068695652173915,0.006434782608695653,64,42,22
2011-03-12,1,1,0,0.3182,0.0,0.315,0.685,0.0,0,0,0
2011-03-13,5,5,5,0.10184000000000001,0.4825772771277156,0.07860000000000002,0.8878,0.0336,53,39,14
2011-03-14,21,21,12,0.1573878787878788,0.5034971461852714,0.0483030303030303,0.9143030303030302,0.03736363636363636,162,91,71
2011-03-15,27,27,11,0.1453315789473684,0.4757144190335777,0.08428947368421053,0.8564473684210526,0.05926315789473685,130,77,53
2011-03-16,25,25,15,0.21405500000000002,0.5432120014092104,0.09390000000000001,0.8626249999999999,0.04345,183,142,41
2011-03-17,24,24,15,0.28204871794871794,0.4833525484448178,0.05902564102564103,0.8904871794871795,0.05038461538461538,214,85,129
2011-03-18,16,16,8,0.2469875,0.5622379406684356,0.12337500000000001,0.8282083333333333,0.048499999999999995,123,63,60
2011-03-19,3,3,3,0.45085,0.5436074832389022,0.07783333333333334,0.8586666666666668,0.06366666666666666,46,14,32
2011-03-20,1,1,1,0.49845,0.49845,0.0475,0.94,0.0125,28,20,8
2011-03-21,22,22,17,0.39450769230769234,0.4797805681043908,0.06956410256410257,0.8947692307692308,0.03566666666666666,236,157,79
2011-03-22,41,41,17,0.1879896551724138,0.4852099690143593,0.07517241379310344,0.9026379310344828,0.02218965517241379,262,213,49
2011-03-23,30,30,15,0.30604,0.48985406870028375,0.08555555555555555,0.878,0.03637777777777778,205,137,68
2011-03-24,18,18,9,0.20001481481481478,0.5209788420412055,0.051962962962962975,0.8936296296296298,0.054407407407407404,100,74,26
2011-03-25,34,34,15,0.26378775510204083,0.4321885357830624,0.10857142857142858,0.8272653061224489,0.06416326530612246,209,142,67
2011-03-26,3,3,3,0.3628333333333333,0.36167464507328806,0.09616666666666666,0.8925000000000001,0.011500000000000002,31,20,11
2011-03-27,4,4,4,0.14122500000000002,0.6847732612879974,0.03425,0.881625,0.084125,66,47,19
2011-03-28,24,24,16,0.283435,0.49418891101986495,0.082125,0.8826249999999998,0.03522499999999999,181,99,82
2011-03-29,27,27,18,0.20489333333333334,0.5140162260300956,0.05971111111111111,0.8987777777777777,0.04151111111111112,242,105,137
2011-03-30,24,24,12,0.35034999999999994,0.49417744704373817,0.09994444444444445,0.8658888888888888,0.03416666666666666,200,112,88
2011-03-31,16,16,12,0.26498928571428576,0.5890003403705576,0.10346428571428572,0.8547857142857144,0.04178571428571428,146,103,43
2011-04-01,11,11,7,0.1703722222222222,0.513762521670119,0.06577777777777778,0.8872777777777777,0.04683333333333333,126,72,54
2011-04-02,6,6,6,0.5065833333333334,0.452849823954427,0.08241666666666667,0.874,0.043500000000000004,43,48,-5
2011-04-03,4,4,4,0.4187,0.6511174644409409,0.14675,0.831125,0.022125,89,52,37
2011-04-04,24,24,15,0.20473589743589743,0.5090965187251242,0.04215384615384616,0.9305641025641026,0.027307692307692307,180,106,74
2011-04-05,31,31,15,0.23702391304347822,0.4950488927038387,0.07343478260869565,0.859804347826087,0.06678260869565217,270,186,84
2011-04-06,19,19,11,0.43707,0.4348716217843299,0.12596666666666667,0.8131666666666667,0.060833333333333316,158,136,22
2011-04-07,18,18,13,0.3699483870967742,0.5065038750104726,0.09145161290322579,0.8698064516129033,0.038645161290322576,136,109,27
2011-04-08,19,19,12,0.45205161290322576,0.42046899304265206,0.09293548387096776,0.8847419354838709,0.02232258064516129,194,124,70
2011-04-09,1,1,1,0.74,0.21440000000000003,0.1715,0.8215,0.007,4,2,2
2011-04-10,3,3,3,0.6063000000000001,0.41220722135029775,0.1255,0.8588333333333332,0.015666666666666666,87,47,40
2011-04-11,32,32,12,0.2534477272727273,0.40870946809808123,0.04970454545454545,0.9292272727272729,0.021068181818181816,142,77,65
2011-04-12,25,25,11,0.1675361111111111,0.5227620789575194,0.06730555555555555,0.8874444444444446,0.04525,158,74,84
2011-04-13,22,22,15,0.3417,0.5261209505376065,0.10837837837837837,0.8479189189189188,0.04359459459459459,251,161,90
2011-04-14,13,13,12,0.48080399999999995,0.4555955561504085,0.13584,0.8175199999999999,0.0466,184,142,42
2011-04-15,11,11,6,0.3767176470588235,0.40744857666920103,0.07688235294117647,0.9169411764705881,0.006117647058823529,99,73,26
2011-04-16,2,2,1,0.20126666666666668,0.28463404965362493,0.016999999999999998,0.9706666666666667,0.011999999999999999,12,2,10
2011-04-17,2,2,2,0.49672499999999997,0.4967383485045221,0.057499999999999996,0.91975,0.023,62,30,32
2011-04-18,27,27,14,0.32979756097560975,0.48605700533278556,0.08409756097560976,0.8808536585365853,0.03504878048780488,177,86,91
2011-04-19,45,45,22,0.20566119402985075,0.47559604518497545,0.055358208955223885,0.9007611940298508,0.04385074626865671,335,228,107
2011-04-20,50,50,27,0.28377142857142856,0.46775121949548953,0.08466233766233766,0.8661948051948052,0.0491038961038961,422,176,246
2011-04-21,69,69,36,0.3507076190476191,0.5061684070770345,0.11475238095238095,0.8370476190476189,0.04823809523809524,758,351,407
2011-04-22,20,20,12,0.18793749999999998,0.45679187530400533,0.07009375000000001,0.9101250000000001,0.01978125,143,83,60
2011-04-24,6,6,4,0.32023,0.5495639508737814,0.0947,0.7924,0.1129,117,58,59
2011-04-25,19,19,16,0.2706200000000001,0.5764310310869809,0.05034285714285714,0.9181714285714286,0.03151428571428572,213,162,51
2011-04-26,32,32,23,0.3087490909090909,0.5532705374318089,0.09409090909090909,0.8725272727272727,0.03343636363636364,321,213,108
2011-04-27,41,41,30,0.25413521126760563,0.5159290780222597,0.07871830985915494,0.8608169014084507,0.060464788732394366,359,268,91
2011-04-28,35,35,27,0.38654838709677414,0.5678157657090204,0.10824193548387098,0.8143548387096773,0.07733870967741935,491,329,162
2011-04-29,30,30,21,0.25435098039215687,0.4548449299950216,0.07845098039215687,0.8582156862745097,0.0633137254901961,249,191,58
2011-04-30,2,2,1,0.2772,0.39201999948982197,0.018666666666666668,0.9660000000000001,0.015333333333333332,18,16,2
2011-05-01,4,4,4,-0.0426,0.5086928567416688,0.028875,0.94875,0.022375,33,31,2
2011-05-02,13,13,7,0.29331999999999997,0.5254998369171964,0.10610000000000001,0.8552500000000001,0.0385,127,86,41
2011-05-03,24,24,11,0.2162771428571429,0.44284667136007005,0.046971428571428574,0.926342857142857,0.02662857142857143,111,64,47
2011-05-04,26,26,15,0.2710658536585366,0.4968996579326047,0.09578048780487805,0.8865853658536585,0.017634146341463416,223,117,106
2011-05-05,23,23,13,0.29896388888888886,0.4665449038485993,0.09561111111111112,0.865,0.03938888888888889,204,107,97
2011-05-06,20,20,12,0.441871875,0.4946215094862782,0.14503125,0.8179062500000001,0.0370625,211,117,94
2011-05-08,6,6,3,0.5585555555555556,0.3593294746580424,0.1781111111111111,0.8116666666666666,0.010222222222222223,67,29,38
2011-05-09,38,38,18,0.29851250000000007,0.42863801622218817,0.10632142857142858,0.8629642857142856,0.030732142857142854,204,101,103
2011-05-10,25,25,14,0.42972307692307693,0.44265488522795454,0.11194871794871794,0.8478717948717949,0.04023076923076922,228,152,76
2011-05-11,25,25,17,0.30305476190476194,0.5334941866967521,0.08595238095238095,0.8748333333333332,0.039190476190476185,276,130,146
2011-05-12,19,19,12,0.1977451612903226,0.5673948979489702,0.06870967741935484,0.8708387096774193,0.06048387096774193,155,81,74
2011-05-13,14,14,8,0.2882,0.4244209445607252,0.11245454545454545,0.8478181818181819,0.03963636363636364,82,51,31
2011-05-15,4,4,4,0.22353749999999997,0.5897219385810147,0.059375000000000004,0.89125,0.049625,59,24,35
2011-05-16,18,18,14,0.201240625,0.5317015315589277,0.06171875,0.8904687499999999,0.04784374999999999,128,99,29
2011-05-17,32,32,16,0.2762791666666667,0.5016695558990721,0.06406250000000001,0.8686666666666666,0.06729166666666668,216,179,37
2011-05-18,20,20,7,0.18713703703703702,0.35491446246285163,0.05759259259259259,0.9007407407407407,0.0417037037037037,98,73,25
2011-05-19,28,28,17,0.18595555555555557,0.5266051071852421,0.052311111111111114,0.9066000000000001,0.04106666666666666,257,184,73
2011-05-20,27,27,14,0.14761463414634146,0.5001363441229513,0.07258536585365853,0.8858048780487804,0.04158536585365854,125,106,19
2011-05-21,6,6,2,-0.1650875,0.3277463632044603,0.000875,0.957375,0.04175,1,9,-8
2011-05-22,1,1,1,-0.7491000000000001,0.2385,0.008,0.8015,0.191,3,13,-10
2011-05-23,16,16,12,0.09108214285714286,0.5933718456255929,0.06232142857142857,0.8632857142857143,0.07442857142857143,87,122,-35
2011-05-24,10,10,9,0.3760631578947368,0.5166998326530713,0.055736842105263154,0.9319473684210526,0.012210526315789472,91,64,27
2011-05-25,17,17,9,0.2541,0.5659211823349473,0.08473076923076922,0.8470384615384616,0.06834615384615385,94,63,31
2011-05-26,18,18,13,0.18259032258064517,0.6100834852203473,0.08203225806451614,0.8361612903225806,0.08174193548387096,175,125,50
2011-05-27,9,9,6,0.40276666666666666,0.434989769483784,0.1538,0.8360000000000001,0.010200000000000002,82,59,23
2011-05-29,2,2,2,0.5160750000000001,0.46616990665957836,0.08475,0.91175,0.0035,22,10,12
2011-05-30,11,11,10,0.3380619047619047,0.5508368442878012,0.09790476190476188,0.8824285714285716,0.01961904761904762,110,64,46
2011-05-31,34,34,19,0.2491415094339623,0.4860702761651925,0.0760377358490566,0.8892264150943398,0.03469811320754716,229,173,56
2011-06-01,28,28,22,0.3759780000000001,0.5036923931488344,0.08494,0.8844000000000001,0.030600000000000002,298,210,88
2011-06-02,24,24,12,0.25511944444444445,0.5272911713125261,0.08480555555555555,0.8823888888888889,0.03280555555555556,160,140,20
2011-06-03,19,19,13,0.332625,0.5074915325648302,0.0990625,0.854,0.047,185,118,67
2011-06-05,3,3,0,0.0,0.0,0.0,1.0,0.0,0,0,0
2011-06-06,37,37,16,0.20429056603773582,0.45439206297220075,0.057679245283018876,0.883320754716981,0.059018867924528304,230,175,55
2011-06-07,21,21,16,0.2723918918918919,0.574324735516546,0.07572972972972972,0.8389189189189188,0.08535135135135136,263,212,51
2011-06-08,29,29,17,0.3241130434782608,0.45727942490184637,0.0846304347826087,0.8999565217391302,0.015434782608695654,228,147,81
2011-06-09,25,25,13,0.31555000000000005,0.4318721318740927,0.1108421052631579,0.8572631578947368,0.03176315789473685,133,96,37
2011-06-10,11,11,9,0.25939999999999996,0.4551761318434876,0.0674,0.9201499999999999,0.01245,89,69,20
2011-06-11,1,1,0,0.7506,0.0,0.348,0.652,0.0,0,0,0
2011-06-12,4,4,1,-0.05073999999999999,0.2882527057982283,0.05620000000000001,0.9294,0.014599999999999998,3,0,3
2011-06-13,20,20,9,0.3122862068965517,0.42156887989912806,0.06086206896551725,0.9274827586206896,0.011620689655172416,143,72,71
2011-06-14,44,44,24,0.41016029411764704,0.4446093851182267,0.12822058823529411,0.8287941176470588,0.04304411764705882,444,277,167
2011-06-15,20,20,16,0.33857499999999996,0.5303688262662126,0.05886111111111111,0.9225833333333333,0.018611111111111113,198,146,52
2011-06-16,17,17,13,0.2844833333333333,0.5050364885057537,0.0669,0.8868333333333333,0.0463,128,126,2
2011-06-17,21,21,14,0.08753428571428572,0.5959714336120756,0.08517142857142856,0.8464857142857143,0.06828571428571428,227,248,-21
2011-06-18,3,3,1,0.24945,0.41729738496664465,0.04475,0.9404999999999999,0.01475,35,28,7
2011-06-19,3,3,3,0.5614,0.4436722551613973,0.1275,0.8264999999999999,0.04583333333333333,40,40,0
2011-06-20,20,20,8,0.22618928571428573,0.4072649965135772,0.05967857142857143,0.9144285714285714,0.02592857142857143,74,42,32
2011-06-21,25,25,15,0.2818525,0.4972453569353363,0.06712499999999999,0.8966000000000001,0.036324999999999996,271,175,96
2011-06-22,24,24,16,0.21266750000000006,0.5434110821410896,0.05795,0.883125,0.059050000000000005,161,150,11
2011-06-23,30,30,20,0.260254,0.5377512916618612,0.11349999999999999,0.83808,0.048339999999999994,286,191,95
2011-06-24,20,20,11,0.23859677419354838,0.5356190506404239,0.0758709677419355,0.8756774193548388,0.0484516129032258,187,139,48
2011-06-26,4,4,4,0.45465,0.45629434579008316,0.025875,0.967625,0.006500000000000001,34,17,17
2011-06-27,12,12,10,0.26380000000000003,0.5924942370260583,0.074,0.8865454545454546,0.03945454545454546,126,105,21
2011-06-28,19,19,12,0.211358064516129,0.4947292213271453,0.048387096774193554,0.9015483870967741,0.05006451612903226,102,68,34
2011-06-29,17,17,12,0.27106896551724136,0.509608148383569,0.0740689655172414,0.8727931034482759,0.05320689655172413,103,67,36
2011-06-30,22,22,14,0.25921944444444445,0.5370076333098299,0.0995,0.8585277777777779,0.041999999999999996,195,171,24
2011-07-01,24,24,14,0.3695815789473684,0.4367728319915606,0.09605263157894739,0.8842368421052631,0.019763157894736847,207,148,59
2011-07-02,3,3,1,0.018524999999999986,0.3075969633709019,0.01325,0.82975,0.157,9,13,-4
2011-07-03,1,1,1,-0.1347,0.6083000000000001,0.03,0.7525,0.2175,32,22,10
2011-07-04,9,9,7,0.24871249999999998,0.3928539405348379,0.0310625,0.9656875,0.0032500000000000003,78,25,53
2011-07-05,20,20,17,0.36546486486486485,0.5590244147915991,0.11243243243243246,0.8468378378378378,0.04070270270270269,213,142,71
2011-07-06,30,30,18,0.3140604166666667,0.536749673086216,0.09606250000000001,0.8191666666666667,0.08470833333333334,224,162,62
2011-07-07,28,28,18,0.22413043478260866,0.4834413074711099,0.06371739130434784,0.8887608695652175,0.047543478260869555,200,108,92
2011-07-08,12,12,8,0.208685,0.4833479639710919,0.048650000000000006,0.9062000000000001,0.0451,62,42,20
2011-07-09,1,1,1,-0.3071,0.3071,0.0465,0.9085,0.045,15,12,3
2011-07-11,29,29,14,0.10710930232558138,0.5220839506644249,0.0921860465116279,0.8229302325581396,0.08486046511627907,190,186,4
2011-07-12,21,21,13,0.1406735294117647,0.5450771112792064,0.07100000000000002,0.8563529411764704,0.07261764705882352,174,164,10
2011-07-13,18,18,14,0.1969625,0.6313883391730877,0.115625,0.8151875,0.0690625,202,146,56
2011-07-14,24,24,13,0.23920270270270272,0.5231901847819346,0.09008108108108108,0.8802972972972972,0.029621621621621623,158,76,82
2011-07-15,25,25,11,0.38399444444444447,0.4791590874440836,0.13230555555555557,0.8507222222222222,0.016972222222222222,165,122,43
2011-07-16,1,1,0,0.0,0.0,0.0,1.0,0.0,0,0,0
2011-07-17,6,6,2,0.398,0.4482549442002843,0.19075,0.7713749999999999,0.03775,30,25,5
2011-07-18,31,31,12,0.049790697674418585,0.48507351435846446,0.052860465116279065,0.9000697674418604,0.04711627906976744,237,186,51
2011-07-19,61,61,21,0.25935853658536584,0.5076988042548071,0.12870731707317076,0.8341585365853658,0.03714634146341463,547,295,252
2011-07-20,78,78,32,0.3132081818181818,0.43119420959424226,0.10858181818181817,0.8528999999999999,0.03851818181818182,689,359,330
2011-07-21,43,43,22,0.19732923076923076,0.56630227718557,0.07612307692307693,0.8405538461538462,0.08338461538461539,391,304,87
2011-07-22,39,39,16,0.15896545454545455,0.5157134828981836,0.08700000000000001,0.8312909090909091,0.08170909090909091,279,146,133
2011-07-23,4,4,2,0.21478333333333333,0.6088823844188265,0.07533333333333334,0.7921666666666667,0.13250000000000003,69,23,46
2011-07-24,6,6,6,0.05130000000000001,0.718098974144001,0.06966666666666667,0.8239166666666667,0.1065,136,113,23
2011-07-25,29,29,16,0.19044888888888892,0.5562417346690685,0.07793333333333333,0.8365555555555555,0.08542222222222222,273,201,72
2011-07-26,33,33,16,0.2343959183673469,0.5427074218191843,0.08806122448979592,0.8706326530612246,0.04142857142857143,248,146,102
2011-07-27,18,18,13,0.29058709677419353,0.5345360802825468,0.07538709677419356,0.8727741935483871,0.05183870967741936,155,110,45
2011-07-28,23,23,15,0.21390263157894734,0.5436848726813617,0.0745263157894737,0.8719473684210525,0.0535,233,188,45
2011-07-29,18,18,12,0.0735,0.5602702603803513,0.0738,0.8546,0.07166666666666667,146,163,-17
2011-08-01,17,17,13,0.22246,0.5335054586412401,0.0827,0.8741666666666666,0.04316666666666667,187,147,40
2011-08-02,33,33,15,0.11621041666666666,0.4922354362326627,0.05447916666666667,0.89125,0.05431250000000001,180,161,19
2011-08-03,28,28,11,0.2722358974358975,0.4908375241580767,0.11392307692307689,0.858153846153846,0.027897435897435898,158,117,41
2011-08-04,21,21,16,0.16944324324324328,0.5836771286956979,0.08894594594594596,0.8630540540540541,0.047972972972972976,256,208,48
2011-08-05,12,12,6,0.16497777777777778,0.60321159135963,0.11049999999999999,0.8052222222222222,0.08416666666666667,114,93,21
2011-08-07,1,1,1,-0.125,0.125,0.006,0.98,0.014,2,2,0
2011-08-08,14,14,9,0.22225217391304355,0.5469059492068841,0.09265217391304349,0.8568260869565217,0.05052173913043479,78,52,26
2011-08-09,32,32,17,0.3038693877551021,0.43785048431389323,0.07077551020408163,0.8931632653061224,0.03608163265306122,243,156,87
2011-08-10,25,25,16,0.16826829268292684,0.564261476941763,0.09082926829268294,0.8224634146341463,0.08678048780487804,171,146,25
2011-08-11,27,27,13,0.12233750000000002,0.49877953079867865,0.033999999999999996,0.9221999999999999,0.043800000000000006,230,169,61
2011-08-12,19,19,13,0.294196875,0.5498009875652593,0.0906875,0.87434375,0.03503125,158,80,78
2011-08-15,31,31,16,0.2486531914893617,0.5056075165458745,0.06725531914893618,0.9023617021276596,0.030446808510638298,261,176,85
2011-08-16,27,27,13,0.1449225,0.5291536872627365,0.0672,0.877025,0.055725000000000004,178,159,19
2011-08-17,30,30,18,0.2592375,0.5390708872777463,0.07283333333333333,0.9022916666666666,0.024874999999999998,294,236,58
2011-08-18,24,24,12,0.217575,0.5011804306806305,0.05266666666666667,0.9097222222222222,0.03766666666666667,244,210,34
2011-08-19,19,19,11,0.39424333333333345,0.48547236631507207,0.09463333333333335,0.8881,0.017233333333333333,286,188,98
2011-08-21,3,3,1,-0.31867500000000004,0.4775205512593149,0.07475,0.6645,0.26075,10,7,3
2011-08-22,16,16,10,0.2949730769230769,0.5343887698596136,0.07442307692307694,0.8581923076923078,0.06734615384615385,159,101,58
2011-08-23,21,21,12,0.2658909090909091,0.5502149620492066,0.12263636363636365,0.847151515151515,0.03018181818181818,222,156,66
2011-08-24,61,61,23,0.11652738095238095,0.48699219665968596,0.09822619047619047,0.824357142857143,0.07740476190476189,294,264,30
2011-08-25,102,102,47,0.17033557046979866,0.47963864237385173,0.06467785234899329,0.8859395973154363,0.04939597315436242,605,389,216
2011-08-26,32,32,12,0.15074545454545454,0.5184116013250762,0.07234090909090908,0.8697045454545456,0.05793181818181818,196,165,31
2011-08-28,2,2,2,0.591325,0.4154369950726584,0.0965,0.8895000000000001,0.013749999999999998,32,13,19
2011-08-29,18,18,11,0.2821379310344827,0.4595277091294804,0.07058620689655173,0.9021724137931034,0.0273448275862069,187,98,89
2011-08-30,17,17,7,0.321325,0.47393903374625446,0.093875,0.8882916666666666,0.017833333333333333,111,75,36
2011-08-31,31,31,19,0.25712999999999997,0.488513733788519,0.06871999999999999,0.8852,0.04612,237,142,95
2011-09-01,26,26,17,0.4094953488372093,0.4940147257731213,0.0993953488372093,0.8671395348837208,0.03346511627906976,289,205,84
2011-09-02,13,13,7,0.27920500000000004,0.5454290132317862,0.08245,0.8749,0.042600000000000006,69,40,29
2011-09-03,2,2,0,-0.3182,0.0,0.0,0.796,0.204,0,2,-2
2011-09-04,3,3,3,0.6126333333333334,0.341386426534832,0.12816666666666668,0.844,0.027666666666666662,14,33,-19
2011-09-05,5,5,4,0.32539999999999997,0.41948018096475337,0.03822222222222222,0.931111111111111,0.03077777777777778,24,20,4
2011-09-06,11,11,7,0.2731833333333333,0.4958665089741615,0.050666666666666665,0.9038888888888889,0.045500000000000006,91,75,16
2011-09-07,22,22,16,0.3062263157894736,0.4882579924611743,0.09702631578947368,0.8706578947368421,0.03228947368421053,195,141,54
2011-09-08,22,22,12,0.23608823529411763,0.4906479268242003,0.06870588235294119,0.8858235294117648,0.04544117647058824,196,153,43
2011-09-09,16,16,10,0.2811076923076923,0.5242575504192549,0.10680769230769231,0.8226538461538462,0.07061538461538462,104,90,14
2011-09-11,3,3,2,0.16873999999999997,0.5147693254264477,0.124,0.8304,0.0458,71,47,24
2011-09-12,18,18,12,0.30649333333333334,0.44806770391190764,0.06816666666666667,0.8925333333333333,0.03933333333333333,227,144,83
2011-09-13,20,20,8,0.24011071428571432,0.39018678525188943,0.06060714285714286,0.9306785714285715,0.008749999999999999,102,63,39
2011-09-14,23,23,13,0.32404444444444447,0.47341202247586756,0.10066666666666668,0.8738055555555555,0.025527777777777778,144,104,40
2011-09-15,24,24,14,0.12092368421052632,0.5318829735918917,0.05360526315789473,0.8979473684210526,0.048447368421052635,156,125,31
2011-09-16,14,14,12,0.1929192307692308,0.552084314923023,0.06823076923076922,0.8745384615384617,0.05723076923076923,130,118,12
2011-09-17,1,1,0,0.0,0.0,0.0,1.0,0.0,0,0,0
2011-09-18,2,2,2,0.396825,0.355636938288193,0.068,0.9275,0.00475,19,8,11
2011-09-19,16,16,9,0.016280000000000024,0.5493508627462053,0.0742,0.8467200000000001,0.079,153,98,55
2011-09-20,25,25,17,0.2312238095238095,0.5587217983974986,0.07604761904761903,0.8746428571428572,0.049357142857142856,234,162,72
2011-09-21,17,17,10,0.273562962962963,0.4682843993005297,0.07555555555555556,0.9047037037037036,0.01977777777777778,104,76,28
2011-09-22,24,24,15,0.28384102564102565,0.49377752579837353,0.09543589743589743,0.8515384615384614,0.05307692307692307,154,151,3
2011-09-23,14,14,11,0.053472,0.5883412387517979,0.05272,0.90944,0.03772,141,100,41
2011-09-24,2,2,2,0.4763,0.4767565573749354,0.031,0.95475,0.014499999999999999,41,21,20
2011-09-25,1,1,1,0.72865,0.20195000000000002,0.1545,0.8155,0.03,38,27,11
2011-09-26,32,32,14,0.06595217391304346,0.5271842317770938,0.09597826086956522,0.8485434782608696,0.055456521739130425,141,150,-9
2011-09-27,29,29,18,0.2651276595744681,0.49057435843085156,0.08142553191489361,0.8957872340425534,0.02272340425531915,169,118,51
2011-09-28,46,46,21,0.11698955223880599,0.5502680682229069,0.07801492537313431,0.8458208955223879,0.07617910447761195,297,198,99
2011-09-29,28,28,19,0.25829148936170215,0.5371061311303212,0.10676595744680849,0.8353829787234044,0.05787234042553191,209,176,33
2011-09-30,12,12,8,0.2633249999999999,0.5681864684018796,0.09639999999999999,0.8437999999999999,0.0598,115,96,19
2011-10-01,2,2,2,0.3712,0.5900075211385021,0.036,0.8865000000000001,0.07725,16,7,9
2011-10-02,5,5,3,0.433775,0.4505291354341026,0.073625,0.9145000000000001,0.011875,61,46,15
2011-10-03,25,25,13,0.3323973684210526,0.4846098666843378,0.06897368421052633,0.8896842105263157,0.04139473684210526,203,148,55
2011-10-04,71,71,22,0.09269569892473117,0.43836659596121036,0.06723655913978493,0.8666021505376345,0.0661290322580645,326,289,37
2011-10-05,69,69,28,0.18248350515463918,0.5376681185520502,0.0771958762886598,0.8454742268041237,0.07738144329896908,459,274,185
2011-10-06,102,102,48,0.14493,0.5274635687577547,0.08205333333333334,0.8399400000000001,0.07802666666666667,557,304,253
2011-10-07,34,34,17,0.0764549019607843,0.47640299274414577,0.04847058823529412,0.8848235294117648,0.06666666666666668,210,175,35
2011-10-08,4,4,3,-0.008685714285714265,0.3533940836620598,0.005714285714285714,0.9558571428571428,0.03842857142857143,9,5,4
2011-10-09,4,4,3,0.4611142857142857,0.5108538075154782,0.11271428571428573,0.8244285714285714,0.06285714285714286,88,83,5
2011-10-10,25,25,15,0.23643,0.5297825955993647,0.06770000000000001,0.882125,0.05014999999999999,222,115,107
2011-10-11,29,29,20,0.16108775510204085,0.5654241343335082,0.07202040816326531,0.8674285714285714,0.06053061224489796,348,268,80
2011-10-12,31,31,18,0.257830612244898,0.4731362746281592,0.08153061224489797,0.8850204081632654,0.03348979591836734,179,136,43
2011-10-13,54,54,21,0.10118933333333337,0.493938088852799,0.06616000000000001,0.8874533333333335,0.046426666666666665,239,208,31
2011-10-14,48,48,21,0.19815652173913043,0.47431253301932264,0.07555072463768117,0.8801014492753623,0.044333333333333336,278,188,90
2011-10-15,6,6,5,0.14690909090909088,0.5422037631983444,0.05554545454545456,0.9064545454545455,0.037909090909090906,65,31,34
2011-10-16,4,4,4,0.4500875,0.5579243551716935,0.043625,0.9165000000000001,0.039874999999999994,119,61,58
2011-10-17,34,34,16,0.146204,0.5141760873319567,0.08539999999999999,0.8346800000000002,0.07995999999999999,243,170,73
2011-10-18,61,61,24,0.15819882352941175,0.500817519542766,0.0776235294117647,0.8446470588235293,0.07772941176470588,424,307,117
2011-10-19,78,78,38,0.19039224137931035,0.49978414722669445,0.0959655172413793,0.828344827586207,0.07569827586206897,576,483,93
2011-10-20,35,35,25,0.20890999999999998,0.602349609086506,0.05673333333333334,0.8684666666666666,0.07483333333333334,396,331,65
2011-10-21,24,24,17,0.311,0.523873221025199,0.10829268292682928,0.8379268292682926,0.05385365853658537,259,168,91
2011-10-22,2,2,2,0.464875,0.4650152437017522,0.026750000000000003,0.9595,0.0135,32,35,-3
2011-10-23,4,4,2,-0.15811666666666666,0.4708287884736399,0.0265,0.8856666666666667,0.08800000000000001,31,25,6
2011-10-24,16,16,8,0.1196,0.2683121751492715,0.025583333333333333,0.9651666666666667,0.00925,26,14,12
2011-10-25,17,17,5,0.19785909090909096,0.31992765326937017,0.06754545454545455,0.9013636363636363,0.031136363636363632,51,51,0
2011-10-26,15,15,3,0.20367222222222223,0.27839176992455866,0.10772222222222222,0.8905555555555557,0.0017222222222222222,7,1,6
2011-10-27,6,6,2,0.21542500000000003,0.28131576008997433,0.10175,0.89825,0.0,0,1,-1
2011-10-28,10,10,2,0.18409166666666668,0.33427269172122864,0.04741666666666666,0.9506666666666668,0.0018333333333333333,40,13,27
2011-10-31,6,6,5,0.3214000000000001,0.45352220553032563,0.048,0.9219090909090909,0.030181818181818185,91,70,21
2011-11-01,8,8,4,0.18081666666666665,0.36812034000068805,0.04441666666666667,0.9324166666666667,0.023166666666666665,60,38,22
2011-11-02,10,10,2,0.08626666666666666,0.3626174621952022,0.0405,0.8922500000000001,0.06724999999999999,27,13,14
2011-11-03,10,10,4,0.30192142857142856,0.36968838263475645,0.08850000000000001,0.8838571428571429,0.027571428571428573,62,46,16
2011-11-04,10,10,0,0.08383,0.13185848512704823,0.0777,0.9222999999999999,0.0,2,3,-1
2011-11-07,18,18,3,0.08556666666666667,0.42628330657007607,0.1070952380952381,0.773952380952381,0.11900000000000001,40,9,31
2011-11-08,8,8,4,0.12535833333333335,0.3098227274274042,0.033416666666666664,0.9502499999999999,0.01633333333333333,16,8,8
2011-11-09,9,9,1,0.012179999999999991,0.40699966781313224,0.0634,0.8783,0.0583,0,2,-2
2011-11-10,14,14,2,-0.025093750000000026,0.38601647709124737,0.052375000000000005,0.8547499999999999,0.09287499999999999,40,26,14
2011-11-11,10,10,2,0.07260000000000001,0.3548604584903762,0.029249999999999998,0.9389166666666667,0.03183333333333333,21,12,9
2011-11-12,1,1,0,0.0,0.0,0.0,1.0,0.0,0,0,0
2011-11-14,19,19,4,0.18289130434782605,0.34045782847199146,0.07491304347826086,0.8954782608695654,0.029608695652173916,40,27,13
2011-11-15,25,25,4,0.05608965517241379,0.32901570588737966,0.07186206896551725,0.8879310344827588,0.04020689655172414,55,38,17
2011-11-16,10,10,2,0.09511666666666667,0.16071024046055338,0.03916666666666666,0.9519166666666666,0.008916666666666666,7,0,7
2011-11-17,16,16,8,0.220175,0.48178724146833385,0.060625000000000005,0.8960833333333333,0.04329166666666667,91,50,41
2011-11-18,9,9,3,0.16013333333333332,0.36438768807716626,0.07933333333333333,0.8914999999999998,0.029166666666666664,17,11,6
2011-11-20,1,1,1,0.0,0.0,0.0,1.0,0.0,0,0,0
2011-11-21,11,11,4,0.14760000000000004,0.3487245579728123,0.042466666666666666,0.9331999999999999,0.024333333333333332,54,24,30
2011-11-22,10,10,3,0.17173076923076921,0.37460700306529526,0.06884615384615383,0.8773846153846154,0.05376923076923078,40,27,13
2011-11-23,7,7,4,0.12112727272727274,0.39488806720365044,0.04781818181818182,0.927909090909091,0.024272727272727276,37,17,20
2011-11-24,6,6,2,0.2537375,0.2885504979093781,0.15837500000000002,0.841625,0.0,1,0,1
2011-11-25,5,5,3,0.28702500000000003,0.6070841328638066,0.1255,0.843375,0.031125,49,34,15
2011-11-27,1,1,0,0.0,0.0,0.0,1.0,0.0,0,0,0
2011-11-28,13,13,7,0.27341499999999996,0.47113938837142455,0.0635,0.8790499999999998,0.057550000000000004,114,114,0
2011-11-29,21,21,17,0.34650263157894734,0.5487518466516547,0.08265789473684211,0.8940263157894739,0.02336842105263158,190,166,24
2011-11-30,32,32,20,0.29514423076923074,0.5556853365313383,0.10367307692307692,0.8334038461538462,0.0629423076923077,298,178,120
2011-12-01,32,32,16,0.28068125,0.47960038341669153,0.09172916666666668,0.8549375000000001,0.05329166666666666,195,113,82
2011-12-02,21,21,14,0.01617142857142857,0.5381053829722144,0.07048571428571429,0.8526571428571429,0.0768857142857143,137,124,13
2011-12-03,4,4,2,-0.5933666666666667,0.33036173944464103,0.013166666666666667,0.8013333333333333,0.18566666666666667,9,15,-6
2011-12-04,3,3,1,0.169275,0.49428160685483735,0.01525,0.9349999999999999,0.04975,28,16,12
2011-12-05,27,27,20,0.17904255319148935,0.5703687432666773,0.06,0.8725106382978722,0.06746808510638297,318,220,98
2011-12-06,28,28,14,0.1765047619047619,0.5366377571120734,0.06204761904761907,0.879142857142857,0.058833333333333335,219,171,48
2011-12-07,23,23,15,0.3443631578947369,0.5111893100876841,0.10610526315789474,0.8601052631578948,0.033815789473684216,136,88,48
2011-12-08,18,18,11,0.16378275862068964,0.5666077102272274,0.09258620689655171,0.8586896551724137,0.04872413793103448,173,147,26
2011-12-09,27,27,17,0.12965227272727267,0.5915010399163365,0.1165,0.8292272727272727,0.05429545454545454,198,169,29
2011-12-11,1,1,1,0.28575000000000006,0.68765,0.0215,0.8615,0.11699999999999999,17,7,10
2011-12-12,21,21,15,0.2354472222222222,0.5653141700201909,0.09525,0.8538055555555555,0.050972222222222224,214,186,28
2011-12-13,29,29,16,0.1806955555555555,0.5221482845814569,0.054822222222222224,0.8750666666666667,0.07008888888888888,201,138,63
2011-12-14,12,12,9,0.34773809523809524,0.4590392165798873,0.07238095238095239,0.9141428571428573,0.01342857142857143,134,62,72
2011-12-15,30,30,23,0.3782924528301887,0.4956087036290339,0.08028301886792455,0.883867924528302,0.035849056603773584,389,201,188
2011-12-16,15,15,11,0.14372307692307695,0.49811899436216917,0.06011538461538461,0.874653846153846,0.06519230769230769,81,72,9
2011-12-17,1,1,1,0.5501,0.3478,0.102,0.8979999999999999,0.0,3,5,-2
2011-12-18,4,4,1,-0.22549999999999998,0.41672382701256716,0.0748,0.8622,0.063,26,37,-11
2011-12-19,27,27,14,0.26724878048780487,0.5154116049319347,0.09692682926829267,0.8609024390243903,0.042219512195121954,227,146,81
2011-12-20,25,25,17,0.1600095238095238,0.6234810700183301,0.07969047619047619,0.8505714285714285,0.06971428571428573,265,182,83
2011-12-21,17,17,11,0.09409999999999999,0.5679568262012276,0.06475,0.865892857142857,0.06939285714285716,154,82,72
2011-12-22,22,22,12,0.053114705882352946,0.4782252362103478,0.0636470588235294,0.8965,0.03985294117647059,129,111,18
2011-12-23,13,13,10,0.13960869565217393,0.5487804953697777,0.03534782608695652,0.9006086956521738,0.064,117,87,30
2011-12-24,1,1,1,0.31599999999999995,0.6772,0.0495,0.8240000000000001,0.1265,30,20,10
2011-12-25,1,1,1,0.66485,0.32484999999999997,0.1465,0.8435,0.01,25,7,18
2011-12-26,3,3,2,0.11644000000000002,0.46090889598704865,0.0154,0.9266,0.057999999999999996,26,21,5
2011-12-27,14,14,10,0.28223333333333334,0.5181927261057307,0.09225000000000001,0.855125,0.052583333333333336,157,95,62
2011-12-28,9,9,5,0.1973142857142857,0.6091993385433315,0.07442857142857143,0.8537857142857143,0.07192857142857143,63,32,31
2011-12-29,11,11,8,0.3704578947368421,0.4200340215741796,0.08905263157894738,0.8791578947368421,0.031789473684210534,125,78,47
2011-12-30,18,18,11,0.1811482758620689,0.5022531485771374,0.0946551724137931,0.8510689655172413,0.05431034482758621,164,125,39
2011-12-31,4,4,3,0.6736714285714286,0.35038258972682057,0.1692857142857143,0.8138571428571428,0.016428571428571428,77,40,37
2012-01-01,2,2,0,-0.0386,0.0386,0.1475,0.6905,0.162,0,0,0
2012-01-02,4,4,3,0.19685714285714284,0.6091860280199258,0.06557142857142857,0.9144285714285714,0.02,29,30,-1
2012-01-03,11,11,7,0.23249444444444445,0.53570463303767,0.054,0.9144444444444445,0.03155555555555555,85,57,28
2012-01-04,14,14,10,0.3572458333333333,0.5187406705821053,0.09233333333333334,0.8877916666666666,0.019875,136,66,70
2012-01-05,23,23,11,0.31052058823529416,0.5320649760074155,0.09208823529411764,0.8090294117647058,0.09888235294117648,173,104,69
2012-01-06,25,25,21,0.31094782608695654,0.5109490831176355,0.06834782608695653,0.8828260869565219,0.04884782608695652,253,181,72
2012-01-07,1,1,1,0.46105,0.46105,0.0275,0.9565,0.0165,9,9,0
2012-01-08,2,2,2,0.45482500000000003,0.6225403495959118,0.12875,0.72175,0.14925000000000002,54,47,7
2012-01-09,34,34,19,0.25156226415094335,0.5206678020441053,0.09366037735849057,0.8611698113207548,0.045094339622641505,283,214,69
2012-01-10,22,22,15,0.2792162162162162,0.5073830716122247,0.042459459459459455,0.9164864864864866,0.040999999999999995,259,199,60
2012-01-11,32,32,20,0.21373846153846157,0.5443267278001633,0.0615576923076923,0.8999807692307691,0.038461538461538464,320,238,82
2012-01-12,25,25,15,0.2054325,0.5618386318096594,0.0809,0.843125,0.07594999999999999,174,144,30
2012-01-13,25,25,11,0.08853888888888889,0.5157598694471088,0.043194444444444445,0.9209999999999998,0.035833333333333335,112,84,28
2012-01-14,4,4,4,0.688475,0.32661666656035787,0.1755,0.808875,0.015624999999999998,51,27,24
2012-01-15,5,5,4,0.4615666666666666,0.4933332950450436,0.1051111111111111,0.8554444444444446,0.03922222222222222,82,51,31
2012-01-16,18,18,15,0.26905454545454544,0.48778629765124454,0.055787878787878796,0.9041818181818182,0.04003030303030303,158,107,51
2012-01-17,21,21,13,0.3417,0.527589875811528,0.10829411764705882,0.8745294117647059,0.01723529411764706,216,106,110
2012-01-18,18,18,13,0.36573870967741934,0.5199391922742996,0.08016129032258064,0.8897096774193546,0.030161290322580647,213,135,78
2012-01-19,37,37,18,0.2918636363636363,0.469867398456449,0.09314545454545453,0.8869090909090911,0.019927272727272727,244,186,58
2012-01-20,22,22,14,0.11961111111111108,0.5606326232122748,0.07497222222222223,0.8585277777777778,0.06652777777777778,241,165,76
2012-01-21,1,1,0,0.0,0.0,0.0,1.0,0.0,0,2,-2
2012-01-22,6,6,4,0.42164999999999997,0.42586728273019514,0.07629999999999999,0.916,0.0075,53,36,17
2012-01-23,33,33,22,0.21185272727272722,0.5581729092981674,0.07881818181818182,0.8759636363636363,0.04529090909090908,374,277,97
2012-01-24,48,48,20,0.22122352941176465,0.5128390680715389,0.07280882352941177,0.8641617647058825,0.06305882352941176,402,233,169
2012-01-25,62,62,28,0.28881111111111113,0.4809312187931623,0.09096666666666668,0.8680000000000001,0.041022222222222224,519,320,199
2012-01-26,43,43,24,0.29104328358208953,0.509428385904572,0.09492537313432835,0.8353731343283582,0.06965671641791045,398,266,132
2012-01-27,25,25,17,0.20469761904761907,0.5379643953911976,0.06195238095238096,0.8878809523809524,0.05011904761904762,324,202,122
2012-01-28,3,3,1,0.1813,0.48475819745518484,0.034,0.9195,0.0465,26,7,19
2012-01-29,3,3,2,0.33188,0.5238619718971782,0.145,0.7766,0.07859999999999999,36,16,20
2012-01-30,24,24,19,0.4268860465116279,0.5059412625993742,0.09793023255813954,0.8513023255813955,0.05083720930232558,401,247,154
2012-01-31,46,46,31,0.37685844155844156,0.4968695379608369,0.10444155844155843,0.8531558441558441,0.04245454545454545,538,321,217
2012-02-01,40,40,33,0.4054684931506849,0.5585249344764976,0.1158082191780822,0.8363972602739725,0.04780821917808219,630,427,203
2012-02-02,17,17,10,0.2728777777777778,0.5417538496219911,0.10637037037037038,0.8557037037037036,0.037888888888888896,211,151,60
2012-02-03,13,13,8,0.4417238095238096,0.44296262328054586,0.1335714285714286,0.8347142857142859,0.03176190476190476,94,80,14
2012-02-05,1,1,1,0.31479999999999997,0.676,0.11199999999999999,0.718,0.17,35,24,11
2012-02-06,21,21,16,0.31029729729729727,0.5622411036569134,0.06683783783783785,0.8892702702702703,0.04378378378378378,274,145,129
2012-02-07,22,22,12,0.29323235294117644,0.4922600901009835,0.06614705882352942,0.9020588235294118,0.031911764705882355,146,99,47
2012-02-08,22,22,15,0.26085675675675674,0.5672967098872872,0.06254054054054053,0.8575675675675676,0.0799189189189189,208,142,66
2012-02-09,32,32,21,0.23863396226415093,0.5531828906832512,0.10171698113207547,0.8536415094339623,0.044716981132075465,279,153,126
2012-02-10,27,27,14,0.23172439024390246,0.47023306249524033,0.07419512195121951,0.8790243902439024,0.04680487804878049,168,134,34
2012-02-11,1,1,0,0.0,0.0,0.0,1.0,0.0,0,0,0
2012-02-12,4,4,2,-0.1933666666666667,0.5957007041198533,0.0715,0.7696666666666666,0.159,46,20,26
2012-02-13,49,49,24,0.3109575342465754,0.5077590114179283,0.13776712328767124,0.81,0.05223287671232876,390,251,139
2012-02-14,51,51,25,0.25639605263157894,0.517197518118152,0.08571052631578946,0.8748289473684212,0.0394078947368421,333,266,67
2012-02-15,66,66,27,0.15545913978494622,0.5318032133085335,0.0878709677419355,0.8358924731182794,0.07629032258064515,420,378,42
2012-02-16,40,40,26,0.2360030303030303,0.5504300822496557,0.07707575757575759,0.8637727272727271,0.05912121212121212,380,220,160
2012-02-17,27,27,20,0.05761702127659576,0.5795661250688289,0.059914893617021264,0.8823829787234041,0.05774468085106384,225,124,101
2012-02-18,3,3,1,0.089675,0.5115896958256685,0.0175,0.8502500000000001,0.132,14,10,4
2012-02-19,4,4,3,0.2608285714285714,0.6629403996358857,0.06642857142857142,0.7965714285714285,0.13685714285714284,64,24,40
2012-02-20,12,12,9,0.21708095238095237,0.5117115729812084,0.06142857142857142,0.9035714285714287,0.03495238095238096,115,63,52
2012-02-21,42,42,22,0.13560468750000002,0.5197666349639782,0.048078125,0.898859375,0.05309375000000001,394,227,167
2012-02-22,32,32,19,0.1742392156862745,0.5593289810570924,0.0763921568627451,0.8683333333333334,0.05531372549019608,350,217,133
2012-02-23,40,40,19,0.10321355932203391,0.48119459274531673,0.07250847457627117,0.8722033898305085,0.055254237288135596,300,232,68
2012-02-24,30,30,15,0.14339555555555555,0.5103551042408524,0.06222222222222223,0.8765777777777776,0.06117777777777778,224,159,65
2012-02-25,1,1,0,0.2023,0.0,0.184,0.816,0.0,0,0,0
2012-02-26,3,3,3,0.44001666666666667,0.5394547136280816,0.04683333333333334,0.9129999999999999,0.04016666666666666,40,42,-2
2012-02-27,37,37,19,0.22343392857142857,0.5288480095847096,0.06373214285714286,0.8948214285714285,0.04148214285714286,287,245,42
2012-02-28,36,36,16,0.2993230769230769,0.44639005004048643,0.10134615384615384,0.8598846153846155,0.03880769230769231,290,192,98
2012-02-29,37,37,21,0.33874310344827585,0.4652235421564299,0.10839655172413791,0.8586896551724138,0.03293103448275862,277,205,72
2012-03-01,18,18,12,0.2640733333333334,0.5796477435669203,0.09500000000000001,0.8497333333333332,0.055266666666666665,178,116,62
2012-03-02,22,22,12,0.16376470588235295,0.5686987830241497,0.05823529411764706,0.8711470588235294,0.07064705882352941,202,132,70
2012-03-03,4,4,2,0.23143333333333335,0.27396228856460436,0.08183333333333334,0.9101666666666667,0.007833333333333333,4,14,-10
2012-03-04,3,3,1,0.3806,0.41515236359678837,0.11649999999999999,0.8520000000000001,0.0315,27,4,23
2012-03-05,30,30,15,0.30001777777777777,0.5236433040784279,0.08931111111111112,0.8591777777777776,0.05155555555555556,291,156,135
2012-03-06,40,40,18,0.2704206896551724,0.4749077553837822,0.07901724137931036,0.8795862068965516,0.041344827586206896,253,160,93
2012-03-07,75,75,30,0.24166190476190477,0.4350798414699476,0.0758,0.8947333333333334,0.029457142857142866,372,221,151
2012-03-08,58,58,30,0.3208693181818182,0.4781205720788321,0.10096590909090909,0.8691363636363637,0.02988636363636364,408,223,185
2012-03-09,32,32,17,0.3277040816326531,0.4983567769441863,0.08936734693877552,0.8954285714285716,0.015183673469387754,332,158,174
2012-03-10,2,2,2,-0.254675,0.658871532906833,0.08,0.73725,0.18275000000000002,6,9,-3
2012-03-11,3,3,3,0.23326666666666665,0.3669381949169218,0.0645,0.9041666666666667,0.03133333333333333,24,13,11
2012-03-12,37,37,17,0.22784999999999997,0.376931506082707,0.06444444444444444,0.9219814814814815,0.01353703703703704,159,107,52
2012-03-13,34,34,21,0.38616545454545453,0.46346075570574347,0.08534545454545454,0.8988363636363635,0.015890909090909094,336,201,135
2012-03-14,41,41,15,0.2840464285714286,0.42566509595668794,0.07926785714285714,0.8830178571428571,0.03775,313,194,119
2012-03-15,45,45,24,0.3239086956521739,0.4746276171872528,0.076768115942029,0.9057536231884059,0.017492753623188407,384,219,165
2012-03-16,54,54,27,0.25108395061728395,0.5035918130657624,0.08097530864197532,0.8695308641975309,0.04954320987654321,369,164,205
2012-03-17,4,4,1,0.25434,0.46438845635954396,0.1264,0.8075999999999999,0.0658,0,0,0
2012-03-18,11,11,3,0.11565714285714288,0.4139445420313584,0.060500000000000005,0.9183571428571428,0.02114285714285714,43,23,20
2012-03-19,92,92,37,0.268268992248062,0.4583949319224229,0.08473643410852714,0.8819069767441859,0.033403100775193796,683,408,275
2012-03-20,49,49,22,0.26788028169014094,0.4766494984786207,0.06433802816901409,0.8942253521126761,0.04149295774647887,385,200,185
2012-03-21,33,33,19,0.24414423076923078,0.5076524850167081,0.05161538461538462,0.9218461538461539,0.026596153846153842,316,203,113
2012-03-22,26,26,18,0.3979795454545455,0.4824774396890328,0.08075,0.867340909090909,0.05181818181818181,285,169,116
2012-03-23,28,28,18,0.37312826086956524,0.5171004454872017,0.11430434782608694,0.8397391304347827,0.04599999999999999,275,241,34
2012-03-25,7,7,7,0.009392857142857132,0.6486929743329888,0.05600000000000001,0.8842857142857143,0.05985714285714285,138,95,43
2012-03-26,28,28,21,0.3417142857142857,0.5521881445112485,0.09061224489795917,0.8513265306122448,0.05808163265306122,345,213,132
2012-03-27,34,34,19,0.23873962264150944,0.46600810558163275,0.06749056603773584,0.8867735849056604,0.04575471698113207,237,174,63
2012-03-28,29,29,12,0.3088048780487805,0.49551332336753695,0.08563414634146342,0.880341463414634,0.034048780487804874,218,121,97
2012-03-29,46,46,18,0.1912875,0.5064964654676773,0.07871875,0.86459375,0.0566875,280,174,106
2012-03-30,33,33,17,0.20461,0.490620961333696,0.06582,0.8736800000000001,0.06044000000000001,251,170,81
2012-03-31,2,2,2,0.454675,0.4589084406229635,0.039,0.9417500000000001,0.01925,46,26,20
2012-04-01,4,4,3,0.48247142857142855,0.4780616957025099,0.10157142857142858,0.8618571428571429,0.03671428571428571,41,25,16
2012-04-02,41,41,21,0.29914193548387097,0.5074207478396892,0.10020967741935483,0.8802258064516129,0.019580645161290322,315,195,120
2012-04-03,43,43,22,0.23664923076923078,0.554214432292183,0.09715384615384616,0.8466153846153847,0.05626153846153846,361,231,130
2012-04-04,23,23,13,0.1553666666666667,0.5231369424496376,0.08261111111111112,0.8639444444444444,0.05333333333333333,140,120,20
2012-04-05,28,28,17,0.2888844444444445,0.5431121791042418,0.09124444444444442,0.8600888888888886,0.048666666666666664,261,186,75
2012-04-06,18,18,14,0.22139375,0.46301041020795364,0.0548125,0.9035000000000001,0.0416875,119,98,21
2012-04-07,3,3,0,0.0,0.0,0.0,1.0,0.0,1,0,1
2012-04-08,1,1,1,0.6125,0.3625,0.1535,0.7815000000000001,0.065,7,0,7
2012-04-09,32,32,20,0.30867115384615385,0.47792897377705795,0.08540384615384615,0.8699038461538462,0.04475,351,198,153
2012-04-10,40,40,20,0.29325333333333337,0.49320080882154105,0.09535000000000002,0.8600166666666667,0.04474999999999999,351,239,112
2012-04-11,55,55,25,0.18503999999999998,0.4961451936177554,0.06394999999999999,0.8791625,0.0568625,325,290,35
2012-04-12,38,38,20,0.3588206896551724,0.5122758230507106,0.09043103448275862,0.8576724137931033,0.0518448275862069,363,270,93
2012-04-13,39,39,24,0.2922444444444445,0.5252542793968378,0.0753015873015873,0.8504126984126984,0.07425396825396824,409,275,134
2012-04-14,1,1,0,0.0,0.0,0.0,1.0,0.0,0,0,0
2012-04-15,11,11,11,0.51005,0.5682072419221065,0.15818181818181817,0.7687727272727273,0.07318181818181818,211,143,68
2012-04-16,40,40,26,0.2755909090909091,0.5212055607761894,0.07112121212121213,0.8849545454545454,0.043969696969696964,421,288,133
2012-04-17,37,37,26,0.141984126984127,0.5945132562117849,0.06042857142857143,0.8854920634920634,0.054142857142857145,407,276,131
2012-04-18,34,34,20,0.2921203703703703,0.4976607688791074,0.06749999999999999,0.8794074074074074,0.05309259259259259,255,177,78
2012-04-19,39,39,26,0.2021215384615385,0.5769966648329974,0.07307692307692308,0.8474461538461537,0.07943076923076924,370,336,34
2012-04-20,39,39,25,0.31049531250000006,0.5192772249812978,0.09257812499999998,0.873875,0.033484375,405,265,140
2012-04-21,2,2,2,0.40475,0.587188017163157,0.05475,0.8540000000000001,0.09125,48,33,15
2012-04-22,3,3,1,-0.187675,0.32506263531048907,0.02475,0.94825,0.027,17,10,7
2012-04-23,39,39,27,0.3754939393939394,0.5145931166667942,0.11053030303030303,0.8666818181818182,0.022757575757575758,439,324,115
2012-04-24,77,77,35,0.22910535714285712,0.550305961787117,0.08426785714285713,0.8508482142857143,0.06490178571428572,618,371,247
2012-04-25,125,125,59,0.3095032608695652,0.4843665933242064,0.0973858695652174,0.8589945652173914,0.043619565217391305,1206,680,526
2012-04-26,48,48,28,0.3204355263157895,0.5170980729294536,0.10906578947368421,0.852578947368421,0.03834210526315789,609,347,262
2012-04-27,36,36,22,0.3748362068965517,0.46895860992948163,0.11596551724137931,0.8510172413793102,0.03303448275862069,412,275,137
2012-04-28,3,3,3,-0.22833333333333336,0.3312091115225479,0.008166666666666668,0.9209999999999999,0.071,16,21,-5
2012-04-29,6,6,4,0.44769999999999993,0.4683289399556683,0.1316,0.8299,0.0385,75,45,30
2012-04-30,15,15,11,0.28089230769230766,0.5979096445264547,0.11153846153846153,0.8204615384615385,0.06780769230769232,171,123,48
2012-05-01,19,19,13,0.129834375,0.6002069630601259,0.080375,0.85571875,0.0639375,201,180,21
2012-05-02,25,25,20,0.27206444444444444,0.5252605542460937,0.07457777777777777,0.8819999999999999,0.04346666666666667,260,194,66
2012-05-03,31,31,16,0.23389574468085103,0.5095365816769181,0.06778723404255318,0.8731702127659573,0.059021276595744694,237,139,98
2012-05-04,19,19,14,0.3132151515151515,0.5783518207443549,0.08624242424242425,0.8593030303030302,0.05448484848484848,227,198,29
2012-05-05,3,3,2,-0.14852,0.3782663474325994,0.0682,0.8684,0.0634,6,10,-4
2012-05-07,23,23,16,0.3248205128205128,0.5111585950786839,0.07261538461538462,0.89,0.03743589743589743,249,159,90
2012-05-08,23,23,13,0.3740888888888889,0.4726974400994184,0.08474999999999998,0.8672222222222222,0.04805555555555555,200,143,57
2012-05-09,10,10,8,0.5165777777777777,0.4705251883156801,0.12794444444444444,0.8274444444444444,0.04455555555555555,123,97,26
2012-05-10,27,27,12,0.3032846153846154,0.45420369176116066,0.10474358974358977,0.8626923076923078,0.03256410256410257,165,92,73
2012-05-11,11,11,7,0.07385,0.47044830422103173,0.02588888888888889,0.9430000000000001,0.031111111111111114,64,39,25
2012-05-13,4,4,3,0.4608142857142857,0.4239470870911383,0.11057142857142857,0.8814285714285715,0.007999999999999998,47,31,16
2012-05-14,27,27,16,0.3222604651162791,0.5127493526758967,0.09323255813953488,0.867046511627907,0.03981395348837209,187,108,79
2012-05-15,41,41,22,0.3065809523809524,0.5016572509343067,0.09725396825396826,0.8660952380952383,0.03661904761904762,287,249,38
2012-05-16,44,44,19,0.22760476190476195,0.47597414243111835,0.08477777777777779,0.8642222222222223,0.05103174603174603,259,214,45
2012-05-17,39,39,20,0.17333389830508475,0.5223750018709916,0.05838983050847457,0.8788135593220338,0.0628135593220339,367,255,112
2012-05-18,29,29,22,0.33246470588235294,0.512781530067001,0.07401960784313726,0.8891568627450982,0.036823529411764706,345,270,75
2012-05-19,3,3,2,0.74542,0.28678060882842127,0.2824,0.7124,0.0056,18,12,6
2012-05-20,4,4,1,-0.17406000000000002,0.5691147919356868,0.0432,0.7607999999999999,0.196,36,31,5
2012-05-21,31,31,18,0.24821428571428575,0.5246909259317356,0.0923673469387755,0.8655918367346939,0.0420204081632653,282,208,74
2012-05-22,20,20,14,0.4017852941176471,0.46703360701116003,0.11297058823529413,0.8569411764705883,0.030088235294117645,250,165,85
2012-05-23,28,28,17,0.30259555555555556,0.5481581093709513,0.09331111111111111,0.8394444444444444,0.06726666666666668,215,144,71
2012-05-24,26,26,18,0.3248454545454545,0.49174136839239974,0.10752272727272728,0.8515909090909091,0.0409090909090909,284,215,69
2012-05-25,16,16,13,0.29454137931034485,0.6066613044259149,0.07851724137931033,0.8656206896551724,0.05589655172413793,174,135,39
2012-05-26,1,1,1,0.0,0.0,0.0,1.0,0.0,0,0,0
2012-05-27,1,1,1,0.57395,0.27795000000000003,0.16299999999999998,0.837,0.0,0,0,0
2012-05-28,8,8,8,0.2421375,0.498687637548546,0.0633125,0.927125,0.0095625,61,46,15
2012-05-29,30,30,19,0.3257163265306122,0.5043773726280341,0.08648979591836733,0.8752857142857143,0.03824489795918368,287,176,111
2012-05-30,38,38,20,0.2742103448275862,0.5622349710322235,0.0978793103448276,0.8348793103448277,0.0672758620689655,320,273,47
2012-05-31,29,29,22,0.2755156862745098,0.5782089446519393,0.049803921568627445,0.9063333333333333,0.043921568627450974,342,253,89
2012-06-01,10,10,9,0.08952105263157896,0.6777876368077381,0.07205263157894737,0.8864736842105263,0.041473684210526315,122,124,-2
2012-06-02,2,2,1,0.12036666666666664,0.43346541833102314,0.02266666666666667,0.8953333333333333,0.08166666666666667,2,0,2
2012-06-03,3,3,3,0.5680333333333333,0.4390830015181893,0.11866666666666668,0.8288333333333333,0.05216666666666667,37,39,-2
2012-06-04,28,28,22,0.16344400000000003,0.6211466223557848,0.0754,0.8667400000000001,0.057839999999999996,271,228,43
2012-06-05,26,26,19,0.1195377777777778,0.6453052952892879,0.07586666666666668,0.8419111111111112,0.08224444444444444,236,175,61
2012-06-06,33,33,20,0.039886792452830194,0.5519125269213687,0.0609811320754717,0.8870377358490565,0.0519056603773585,221,171,50
2012-06-07,37,37,19,0.15239107142857142,0.5341926241925371,0.06396428571428571,0.8757142857142857,0.06035714285714285,212,171,41
2012-06-08,25,25,16,0.2902780487804878,0.555708948874865,0.08841463414634147,0.8694390243902439,0.042195121951219515,200,81,119
2012-06-09,1,1,0,0.0,0.0,0.0,1.0,0.0,0,0,0
2012-06-10,1,1,1,0.5733,0.05159999999999998,0.30300000000000005,0.5885,0.1085,28,20,8
2012-06-11,62,62,16,0.20936410256410254,0.3791169236374145,0.05646153846153847,0.9181153846153846,0.025397435897435896,129,87,42
2012-06-12,41,41,23,0.2249828125,0.5638214019513093,0.061375,0.8787499999999999,0.05984375000000001,353,272,81
2012-06-13,36,36,23,0.32539491525423736,0.5219847885385845,0.09408474576271186,0.848728813559322,0.057203389830508475,303,191,112
2012-06-14,25,25,17,0.2634714285714286,0.46037586677353437,0.059761904761904766,0.9073095238095238,0.0329047619047619,237,150,87
2012-06-15,19,19,14,0.3185545454545455,0.571561248390019,0.1263939393939394,0.8396666666666668,0.03393939393939394,239,166,73
2012-06-16,1,1,1,0.0,0.0,0.0,1.0,0.0,0,0,0
2012-06-17,3,3,3,0.11485000000000001,0.692280612059397,0.037,0.8971666666666667,0.0655,140,100,40
2012-06-18,26,26,18,0.31149090909090904,0.5578233765833142,0.0894318181818182,0.861090909090909,0.04952272727272727,326,215,111
2012-06-19,46,46,29,0.2966626666666667,0.5375344842949354,0.08821333333333332,0.8635066666666668,0.048279999999999997,456,293,163
2012-06-20,40,40,21,0.17489836065573772,0.5186354196561421,0.05927868852459018,0.8782459016393441,0.06240983606557377,275,162,113
2012-06-21,28,28,16,0.10061363636363638,0.5156375226979216,0.04688636363636363,0.8808863636363636,0.07215909090909091,143,133,10
2012-06-22,25,25,15,0.2952625,0.5302615900135988,0.071025,0.857175,0.07185,248,154,94
2012-06-23,3,3,2,-0.14426,0.6735556178965476,0.023399999999999997,0.8458,0.131,12,13,-1
2012-06-24,4,4,4,-0.03767499999999996,0.6655266443764668,0.0635,0.856375,0.08024999999999999,67,61,6
2012-06-25,24,24,16,0.28565,0.534840098534132,0.07725,0.901575,0.021200000000000004,221,197,24
2012-06-26,26,26,11,0.3204243243243243,0.4799780188691108,0.11194594594594594,0.866162162162162,0.021864864864864865,185,102,83
2012-06-27,30,30,18,0.23221875000000003,0.567282490496082,0.11245833333333333,0.8373750000000001,0.05022916666666666,277,187,90
2012-06-28,22,22,13,0.3319342857142857,0.471141819075353,0.07068571428571428,0.9125714285714287,0.016742857142857146,202,138,64
2012-06-29,35,35,21,0.2828857142857143,0.5440605813918978,0.09496428571428571,0.8479821428571429,0.05707142857142857,351,224,127
2012-06-30,1,1,1,0.0,0.0,0.0,1.0,0.0,0,0,0
2012-07-01,6,6,3,0.19892222222222222,0.578269996104814,0.024666666666666663,0.8702222222222222,0.105,63,54,9
2012-07-02,28,28,19,0.13487446808510642,0.6084570463232896,0.07636170212765957,0.8350000000000001,0.08865957446808509,272,247,25
2012-07-03,26,26,14,0.22883,0.587536753829069,0.069925,0.836125,0.09390000000000001,269,187,82
2012-07-04,12,12,7,-0.07739473684210525,0.491311268549662,0.03957894736842106,0.8777368421052631,0.08263157894736842,71,62,9
2012-07-05,35,35,20,0.39142909090909084,0.45329720881266783,0.07558181818181818,0.9074727272727273,0.017,353,227,126
2012-07-06,26,26,19,0.31562222222222225,0.5777985427037846,0.12955555555555553,0.7944666666666664,0.07591111111111111,270,248,22
2012-07-07,1,1,0,0.0,0.0,0.0,1.0,0.0,0,0,0
2012-07-08,3,3,3,0.3874666666666667,0.6137061910139809,0.0285,0.8719999999999999,0.09950000000000002,62,16,46
2012-07-09,27,27,18,0.09115111111111113,0.5253830757423988,0.08431111111111111,0.8495333333333334,0.06620000000000001,225,222,3
2012-07-10,25,25,17,0.3972285714285715,0.5189171047138703,0.06252380952380954,0.890095238095238,0.0474047619047619,250,244,6
2012-07-11,24,24,13,0.26638918918918914,0.46853282661181395,0.04767567567567567,0.9026756756756757,0.04962162162162163,182,131,51
2012-07-12,21,21,13,0.2885529411764706,0.5202598447129677,0.07720588235294118,0.8721176470588236,0.05064705882352941,182,139,43
2012-07-13,25,25,14,0.11049743589743592,0.5101984146399493,0.07833333333333334,0.8577179487179487,0.06392307692307693,148,163,-15
2012-07-15,1,1,1,0.03219999999999998,0.3496,0.18400000000000002,0.797,0.019,9,24,-15
2012-07-16,20,20,14,0.26593235294117645,0.48879835775248115,0.04679411764705882,0.9207058823529412,0.03238235294117647,185,166,19
2012-07-17,24,24,14,0.33023157894736843,0.5188205993076296,0.09031578947368421,0.8650263157894738,0.04468421052631579,359,157,202
2012-07-18,31,31,16,0.2605191489361702,0.5727299057605314,0.09668085106382976,0.8544893617021276,0.04885106382978723,288,199,89
2012-07-19,28,28,19,0.2929191489361702,0.49518644914875476,0.08506382978723405,0.8796595744680852,0.03531914893617021,305,188,117
2012-07-20,29,29,18,0.2240851063829787,0.5438444841769285,0.06793617021276596,0.8790638297872341,0.05299999999999999,301,203,98
2012-07-21,1,1,1,-0.4556,0.4556,0.0345,0.9105,0.055,2,2,0
2012-07-22,5,5,1,-0.3388,0.3199892654449521,0.0105,0.8340000000000001,0.1555,10,16,-6
2012-07-23,56,56,23,0.14669113924050636,0.5341024090370764,0.07968354430379747,0.8508354430379746,0.06946835443037976,357,242,115
2012-07-24,66,66,29,0.10750315789473681,0.5585332267273352,0.08024210526315789,0.8379789473684209,0.08178947368421054,398,349,49
2012-07-25,111,111,46,0.1522535031847134,0.5043790335591847,0.07446496815286624,0.835923566878981,0.08960509554140127,811,708,103
2012-07-26,49,49,27,0.18560000000000004,0.5534942490073501,0.07919736842105263,0.8657236842105264,0.055105263157894734,424,315,109
2012-07-27,29,29,14,0.1682093023255814,0.5647443232217046,0.09546511627906976,0.8332093023255813,0.0714186046511628,228,178,50
2012-07-28,7,7,2,-0.040977777777777766,0.4690525030498014,0.015333333333333334,0.9461111111111111,0.03855555555555556,40,42,-2
2012-07-29,3,3,2,-0.11498,0.592126291934415,0.0274,0.8466000000000001,0.1262,22,10,12
2012-07-30,37,37,20,0.19855087719298248,0.4908813352596003,0.0813859649122807,0.8891052631578947,0.02950877192982456,225,143,82
2012-07-31,39,39,20,0.23323050847457627,0.4725376865086296,0.06915254237288136,0.8989999999999999,0.03183050847457627,267,179,88
2012-08-01,35,35,20,0.374289090909091,0.4782889870713301,0.10632727272727271,0.8626545454545455,0.031018181818181816,275,168,107
2012-08-02,34,34,24,0.255301724137931,0.5971588697211845,0.08639655172413793,0.8386724137931034,0.0749310344827586,408,263,145
2012-08-03,31,31,21,0.2542615384615384,0.5308847927150435,0.07742307692307691,0.8682307692307691,0.05438461538461538,318,261,57
2012-08-04,3,3,1,0.38015,0.39427303673977,0.131,0.85475,0.01425,34,17,17
2012-08-05,4,4,4,0.49998750000000003,0.5016402830652159,0.093875,0.8572500000000001,0.04875,85,73,12
2012-08-06,37,37,18,0.18151454545454546,0.49985631659805524,0.07038181818181818,0.8854909090909091,0.04412727272727272,223,151,72
2012-08-07,36,36,25,0.2830229508196721,0.5502983731333938,0.09021311475409835,0.8452950819672131,0.06450819672131147,410,296,114
2012-08-08,15,15,11,0.3629615384615384,0.5404718473255377,0.09334615384615384,0.8704615384615384,0.03611538461538462,156,110,46
2012-08-09,20,20,7,0.19042222222222221,0.4849597045752651,0.08937037037037038,0.8472962962962964,0.06333333333333334,116,104,12
2012-08-10,29,29,17,0.326254347826087,0.4840742274677384,0.10984782608695653,0.8448913043478261,0.04528260869565217,265,201,64
2012-08-11,3,3,1,0.297,0.4273839550100121,0.09249999999999999,0.81525,0.0925,13,7,6
2012-08-12,3,3,2,0.41506,0.5586258518901538,0.19839999999999997,0.7158,0.0858,33,15,18
2012-08-13,24,24,10,0.25685294117647056,0.4728562380926302,0.06794117647058823,0.9021764705882352,0.02991176470588235,128,73,55
2012-08-14,35,35,12,0.13859574468085106,0.45113469515587207,0.05008510638297872,0.9192553191489363,0.03070212765957447,137,78,59
2012-08-15,33,33,13,0.2000173913043478,0.46428960429247634,0.09497826086956523,0.8609999999999998,0.04408695652173912,185,132,53
2012-08-16,35,35,20,0.24714727272727274,0.5828482746134149,0.10918181818181819,0.8433636363636364,0.04747272727272727,255,150,105
2012-08-17,40,40,23,0.25486507936507935,0.550622923478413,0.07255555555555557,0.8710000000000002,0.05644444444444444,446,305,141
2012-08-18,3,3,1,0.120325,0.41781720509691794,0.017,0.9155,0.0675,8,7,1
2012-08-19,3,3,1,0.18184999999999998,0.5629592636239321,0.14925,0.7075,0.14350000000000002,18,21,-3
2012-08-20,40,40,23,0.21869047619047619,0.5487403317192284,0.08471428571428571,0.860936507936508,0.05436507936507936,367,262,105
2012-08-21,52,52,39,0.3248868131868131,0.5198193659654298,0.07253846153846152,0.9031868131868132,0.024252747252747255,578,381,197
2012-08-22,50,50,32,0.32490243902439025,0.5262775809296584,0.0893170731707317,0.8719634146341462,0.038695121951219505,473,303,170
2012-08-23,31,31,18,0.2874591836734694,0.4847497279444216,0.05385714285714285,0.9005714285714286,0.045571428571428575,226,164,62
2012-08-24,49,49,19,0.11495735294117647,0.5174621888193368,0.08514705882352941,0.850029411764706,0.06479411764705884,260,177,83
2012-08-25,15,15,7,0.23120909090909086,0.4878644389853049,0.13177272727272726,0.8189090909090908,0.04936363636363636,95,58,37
2012-08-26,6,6,4,0.38896000000000003,0.5973430089990173,0.1041,0.8160999999999999,0.07970000000000001,125,89,36
2012-08-27,91,91,38,0.19125038759689925,0.506825633077897,0.08640310077519381,0.859170542635659,0.054418604651162786,579,357,222
2012-08-28,35,35,13,0.24049374999999998,0.46225959040269876,0.07995833333333334,0.8835416666666666,0.036562500000000005,184,116,68
2012-08-29,48,48,29,0.29186233766233766,0.5293717410949135,0.0969090909090909,0.8547012987012986,0.04841558441558442,400,317,83
2012-08-30,32,32,20,0.30542884615384613,0.5432885510894027,0.08844230769230768,0.8700769230769232,0.04151923076923077,249,201,48
2012-08-31,41,41,23,0.13876093750000001,0.5588211125376984,0.08071875,0.85278125,0.066453125,323,261,62
2012-09-01,3,3,3,-0.03484999999999999,0.6372060936881672,0.08600000000000001,0.8328333333333333,0.08133333333333333,35,22,13
2012-09-02,3,3,2,0.43831999999999993,0.4306844524707155,0.07,0.9148,0.0152,39,36,3
2012-09-03,11,11,10,0.16445714285714286,0.5778947783376589,0.05952380952380952,0.8938095238095238,0.04666666666666667,101,113,-12
2012-09-04,59,59,33,0.20132391304347824,0.49337395980207044,0.08451086956521739,0.8573586956521737,0.058195652173913044,606,401,205
2012-09-05,35,35,19,0.27628888888888886,0.523158664646837,0.08051851851851853,0.8880925925925924,0.03138888888888888,347,170,177
2012-09-06,42,42,20,0.17320967741935483,0.5358738933590318,0.08469354838709678,0.859241935483871,0.05601612903225806,270,158,112
2012-09-07,37,37,23,0.19598833333333335,0.5739942459327348,0.07668333333333334,0.8484666666666667,0.07486666666666665,337,229,108
2012-09-09,2,2,2,0.3347,0.6839207958528531,0.047,0.851,0.102,60,45,15
2012-09-10,37,37,24,0.2973360655737704,0.49530363796487664,0.08668852459016392,0.870934426229508,0.04244262295081967,333,202,131
2012-09-11,48,48,24,0.2352916666666667,0.529264129541616,0.08611111111111111,0.8767083333333333,0.03716666666666667,337,212,125
2012-09-12,64,64,28,0.1893336956521739,0.49525155647477775,0.07751086956521738,0.8714891304347827,0.051021739130434784,367,256,111
2012-09-13,63,63,28,0.2979307692307693,0.5007532481539894,0.09604395604395605,0.8656483516483516,0.03834065934065934,503,277,226
2012-09-14,47,47,22,0.29277101449275356,0.43691618109743646,0.08282608695652174,0.8834057971014495,0.03379710144927536,383,193,190
2012-09-16,4,4,4,0.2107,0.5250683312674647,0.10500000000000001,0.816125,0.07887500000000001,67,49,18
2012-09-17,34,34,20,0.309612962962963,0.4749359294201522,0.07609259259259259,0.8908518518518519,0.032999999999999995,262,196,66
2012-09-18,44,44,28,0.030206944444444446,0.5851128593239249,0.047708333333333325,0.8689166666666667,0.0833888888888889,400,322,78
2012-09-19,50,50,27,0.35318831168831166,0.464403655302355,0.08831168831168831,0.8963506493506495,0.015376623376623376,303,196,107
2012-09-20,45,45,16,0.12624918032786886,0.5211242813357374,0.06981967213114755,0.8376721311475411,0.09250819672131147,239,186,53
2012-09-21,74,74,33,0.2723,0.5046664565199955,0.10395327102803738,0.8502990654205608,0.04579439252336449,533,342,191
2012-09-22,4,4,1,-0.46290000000000003,0.5312287793408786,0.0818,0.6792,0.2392,6,8,-2
2012-09-23,4,4,2,0.07024999999999999,0.46265588273935665,0.0155,0.918,0.0665,21,21,0
2012-09-24,51,51,29,0.10814249999999999,0.5702077239425559,0.0738375,0.8530125,0.073175,430,345,85
2012-09-25,36,36,21,0.21681754385964913,0.522335227145149,0.06210526315789473,0.8874912280701753,0.05038596491228071,294,184,110
2012-09-26,31,31,19,0.257162,0.5156028397478043,0.09282,0.8541399999999999,0.05312,341,294,47
2012-09-27,30,30,15,0.30108,0.4714255504318789,0.106,0.8511777777777779,0.04273333333333333,167,130,37
2012-09-28,45,45,25,0.23148000000000002,0.5786734797547133,0.10231428571428573,0.8290999999999998,0.0686,375,241,134
2012-09-29,3,3,1,0.19924999999999998,0.43798612135546033,0.07275000000000001,0.85,0.07725000000000001,10,5,5
2012-09-30,3,3,2,0.34863999999999995,0.43372065941110066,0.0274,0.9545999999999999,0.018,56,34,22
2012-10-01,38,38,26,0.4144671875,0.514587737008559,0.11840624999999999,0.8406562499999999,0.0409375,472,251,221
2012-10-02,43,43,22,0.15909692307692308,0.5090232250917833,0.09733846153846155,0.8235384615384616,0.07907692307692309,318,220,98
2012-10-03,30,30,19,0.09281632653061224,0.5598231150476083,0.04493877551020408,0.906408163265306,0.048612244897959185,258,221,37
2012-10-04,23,23,18,0.3513682926829268,0.5447953200073979,0.09707317073170733,0.8691463414634146,0.03380487804878048,288,198,90
2012-10-05,22,22,16,0.22393947368421055,0.5792666863959501,0.07484210526315789,0.8870526315789475,0.03810526315789473,232,155,77
2012-10-06,4,4,4,0.2785875,0.38163649732926486,0.018250000000000002,0.98025,0.0015,3,1,2
2012-10-07,2,2,2,0.42717499999999997,0.5719896693778656,0.035750000000000004,0.89625,0.068,30,17,13
2012-10-08,31,31,18,0.16461836734693874,0.5323313084043982,0.09077551020408162,0.8363265306122448,0.07295918367346939,315,280,35
2012-10-09,40,40,26,0.34347424242424235,0.5240744193946314,0.11445454545454548,0.8318484848484847,0.05366666666666667,395,295,100
2012-10-10,33,33,19,0.2513980769230769,0.5341131418206564,0.07538461538461538,0.8671346153846154,0.05748076923076924,289,211,78
2012-10-11,40,40,21,0.3033836065573771,0.4777122939561309,0.10947540983606559,0.8325573770491803,0.057901639344262304,359,302,57
2012-10-12,35,35,18,0.25348679245283023,0.4247341881462778,0.08156603773584907,0.906924528301887,0.011547169811320753,205,188,17
2012-10-13,3,3,1,0.33320000000000005,0.1977035659769444,0.15525000000000003,0.8332499999999999,0.0115,15,16,-1
2012-10-14,5,5,4,0.48784444444444447,0.42551294564746234,0.08055555555555556,0.908,0.011222222222222224,77,55,22
2012-10-15,22,22,17,0.30891794871794875,0.5396293043266831,0.09471794871794871,0.847897435897436,0.05743589743589743,271,176,95
2012-10-16,31,31,15,0.23212173913043474,0.5053156929360201,0.07221739130434783,0.8906521739130434,0.03717391304347826,264,151,113
2012-10-17,27,27,15,0.3471595238095238,0.5311682053825295,0.10930952380952379,0.8402857142857142,0.050380952380952373,286,174,112
2012-10-18,33,33,22,0.11612727272727273,0.5511332732584396,0.056672727272727264,0.8714181818181819,0.07196363636363637,280,260,20
2012-10-19,20,20,12,0.1474375,0.5727325667087126,0.07334375,0.8633437500000001,0.06328125000000001,277,215,62
2012-10-20,2,2,1,0.33326666666666666,0.4713102398868735,0.03666666666666667,0.9493333333333333,0.014,53,21,32
2012-10-21,3,3,3,0.5772166666666667,0.3960686700420634,0.146,0.8026666666666666,0.051,84,56,28
2012-10-22,41,41,28,0.27494492753623184,0.5496808941311503,0.08669565217391303,0.8590289855072463,0.054275362318840586,410,313,97
2012-10-23,63,63,30,0.1581215053763441,0.466488211850614,0.07432258064516128,0.8845806451612902,0.04113978494623657,385,357,28
2012-10-24,42,42,18,0.24567499999999998,0.49274220258501633,0.0789,0.87415,0.04698333333333335,319,238,81
2012-10-25,76,76,33,0.1957844036697248,0.5015989086606932,0.09253211009174313,0.8494128440366971,0.05805504587155963,642,492,150
2012-10-26,57,57,36,0.1765505376344086,0.5386003902237477,0.09524731182795701,0.8115053763440858,0.09332258064516129,590,507,83
2012-10-29,29,29,17,0.28291739130434784,0.5084132281590514,0.08069565217391304,0.8859130434782609,0.03334782608695652,252,219,33
2012-10-30,35,35,22,0.297419298245614,0.48873031003137835,0.09328070175438596,0.8576842105263157,0.049052631578947355,342,247,95
2012-10-31,45,45,26,0.27811126760563376,0.5126669851077987,0.09301408450704225,0.8553380281690142,0.05170422535211267,433,287,146
2012-11-01,31,31,20,0.3214529411764706,0.4923644554607425,0.07574509803921568,0.8767450980392156,0.047529411764705876,306,228,78
2012-11-02,24,24,16,0.37802250000000004,0.4636109664834839,0.08612500000000001,0.882325,0.03155,203,162,41
2012-11-03,2,2,2,0.570675,0.43544054344422267,0.0985,0.87975,0.02175,42,26,16
2012-11-04,2,2,2,0.44265,0.575093494572839,0.0975,0.78075,0.12175,53,66,-13
2012-11-05,44,44,22,0.27703181818181816,0.5169757517785503,0.07348484848484847,0.8637272727272727,0.06281818181818181,415,281,134
2012-11-06,29,29,18,0.3152723404255318,0.5267553118827091,0.08406382978723403,0.882808510638298,0.033148936170212764,312,181,131
2012-11-07,40,40,19,0.23796949152542377,0.5205264050855315,0.09930508474576272,0.8437627118644069,0.05691525423728813,369,251,118
2012-11-08,26,26,21,0.3764744680851064,0.5480475229697035,0.11627659574468087,0.8394255319148933,0.04429787234042554,370,275,95
2012-11-09,19,19,13,0.29795,0.5432887014516316,0.0765,0.848625,0.07493749999999999,197,199,-2
2012-11-10,7,7,1,-0.06153750000000001,0.4806310173550496,0.0665,0.728625,0.204875,31,31,0
2012-11-11,5,5,3,0.0049749999999999794,0.5512296226392409,0.07575000000000001,0.866125,0.058125,41,32,9
2012-11-12,25,25,15,0.25955249999999996,0.5336463683880459,0.081,0.8727,0.04625,254,188,66
2012-11-13,30,30,16,0.27265434782608694,0.47519870018236526,0.059782608695652176,0.9104347826086958,0.029760869565217396,234,142,92
2012-11-14,37,37,25,0.3630774193548388,0.48562336375590326,0.10037096774193548,0.8544193548387098,0.0451774193548387,391,325,66
2012-11-15,33,33,22,0.19788909090909088,0.5924275914858448,0.07189090909090909,0.851509090909091,0.0766,342,267,75
2012-11-16,27,27,16,0.1794720930232558,0.48516611891405903,0.06488372093023255,0.9006744186046514,0.03441860465116279,222,188,34
2012-11-17,3,3,3,0.46721666666666667,0.3988713678061582,0.0805,0.8941666666666667,0.025333333333333333,21,21,0
2012-11-18,7,7,6,0.3518153846153846,0.5839047483519285,0.07776923076923078,0.8863076923076925,0.0356923076923077,140,83,57
2012-11-19,42,42,21,0.39516825396825395,0.4513868797192334,0.11419047619047618,0.855984126984127,0.029809523809523807,475,258,217
2012-11-20,35,35,23,0.252151724137931,0.5374326916128835,0.06920689655172414,0.8739137931034482,0.056844827586206896,353,268,85
2012-11-21,30,30,22,0.3287365384615384,0.5763559530589402,0.08032692307692309,0.8929999999999999,0.02671153846153846,371,273,98
2012-11-22,9,9,7,0.3619625,0.5949750256050669,0.1486875,0.8063750000000001,0.044875,127,93,34
2012-11-23,15,15,8,0.36448260869565213,0.4347717908654207,0.12047826086956522,0.8363913043478258,0.0431304347826087,143,73,70
2012-11-24,2,2,2,0.53175,0.5248171514918315,0.13949999999999999,0.78325,0.07725000000000001,56,33,23
2012-11-25,4,4,2,-0.08433333333333337,0.5379503467380196,0.015166666666666667,0.8753333333333333,0.10966666666666668,29,19,10
2012-11-26,39,39,26,0.33153230769230774,0.4486849636978274,0.08673846153846154,0.8755538461538461,0.03767692307692308,389,254,135
2012-11-27,39,39,23,0.33029516129032266,0.49217944813872033,0.09548387096774193,0.8729032258064515,0.031580645161290326,282,216,66
2012-11-28,33,33,23,0.2669607142857143,0.5724697938627016,0.09894642857142857,0.8401607142857143,0.060875,332,222,110
2012-11-29,23,23,11,0.3618588235294118,0.49295175406312336,0.10673529411764705,0.8607058823529412,0.03252941176470588,232,130,102
2012-11-30,32,32,20,0.14966538461538462,0.520287403891281,0.05209615384615384,0.8967692307692308,0.05126923076923076,263,192,71
2012-12-01,2,2,2,0.17009999999999997,0.534292550949384,0.03025,0.8185,0.15125,15,10,5
2012-12-02,3,3,2,0.55766,0.46112349582297363,0.1454,0.8400000000000001,0.014799999999999999,54,39,15
2012-12-03,26,26,15,0.1986878048780488,0.5274499376059754,0.0566829268292683,0.9097804878048781,0.03356097560975609,233,147,86
2012-12-04,37,37,26,0.2539126984126984,0.5810261036924965,0.0988095238095238,0.8648412698412699,0.03638095238095238,373,246,127
2012-12-05,57,57,26,0.2466216867469879,0.5137543250597866,0.08287951807228915,0.8446987951807229,0.07239759036144579,425,320,105
2012-12-06,79,79,35,0.25016929824561407,0.4716026366173326,0.06983333333333333,0.9029035087719298,0.027263157894736843,567,401,166
2012-12-07,43,43,24,0.3417940298507463,0.483255976445535,0.09577611940298507,0.874910447761194,0.029268656716417908,447,225,222
2012-12-08,5,5,4,0.5385222222222221,0.4258243059128645,0.10911111111111112,0.878,0.012777777777777779,88,40,48
2012-12-09,7,7,4,0.4866909090909091,0.37899451772131204,0.12463636363636364,0.8516363636363639,0.02372727272727273,85,42,43
2012-12-10,35,35,22,0.3610333333333334,0.4619092362933431,0.08629824561403508,0.8787894736842106,0.03491228070175439,315,202,113
2012-12-11,28,28,22,0.48452400000000007,0.4797198013674232,0.11814,0.8341,0.047720000000000005,357,222,135
2012-12-12,44,44,30,0.3422554054054054,0.5088411476599182,0.08132432432432433,0.8729864864864865,0.045662162162162165,480,211,269
2012-12-13,49,49,27,0.23902631578947373,0.512320463897873,0.07735526315789475,0.8583157894736843,0.06431578947368422,247,171,76
2012-12-14,54,54,27,0.22318888888888888,0.5421834398698799,0.08346913580246913,0.8214691358024692,0.09503703703703704,509,376,133
2012-12-15,2,2,2,0.42237499999999994,0.4508032629373927,0.09924999999999999,0.833,0.068,7,10,-3
2012-12-16,4,4,3,0.2758142857142857,0.5927073101541807,0.12928571428571428,0.8324285714285714,0.03842857142857143,46,36,10
2012-12-17,48,48,26,0.28833513513513515,0.47876719598852163,0.08548648648648648,0.878364864864865,0.03617567567567568,487,331,156
2012-12-18,49,49,29,0.19212692307692306,0.5972860933858004,0.09269230769230771,0.8546923076923076,0.052666666666666674,454,252,202
2012-12-19,27,27,21,0.28701875,0.5059692499946061,0.06104166666666666,0.8857291666666667,0.05325,289,187,102
2012-12-20,32,32,23,0.19519454545454548,0.5821792611834142,0.06265454545454545,0.8567818181818183,0.08054545454545455,284,251,33
2012-12-21,27,27,23,0.311956,0.5753417374604418,0.0949,0.8511200000000001,0.05394,364,263,101
2012-12-23,1,1,1,0.68865,0.28675,0.14350000000000002,0.843,0.0135,20,12,8
2012-12-24,13,13,10,0.25834347826086956,0.5496617638433475,0.05986956521739131,0.9107391304347824,0.029347826086956522,121,101,20
2012-12-25,3,3,3,0.16626666666666667,0.2993573320001069,0.010833333333333334,0.9846666666666666,0.0045,1,1,0
2012-12-26,20,20,18,0.4133605263157895,0.5586659323496861,0.1091315789473684,0.8494736842105264,0.04136842105263158,353,172,181
2012-12-27,14,14,8,0.15785454545454544,0.5585077835603732,0.08968181818181818,0.8045454545454546,0.10577272727272727,90,67,23
2012-12-28,27,27,20,0.29200638297872344,0.583456928127976,0.08427659574468085,0.8542978723404255,0.06136170212765958,290,213,77
2012-12-29,2,2,2,0.548,0.45254791459026744,0.12,0.8714999999999999,0.0085,39,15,24
2012-12-31,15,15,10,0.282112,0.5635783475755611,0.06888,0.8971600000000001,0.03396,188,141,47
2013-01-01,5,5,3,0.37770000000000004,0.4163220057839845,0.12025,0.874125,0.005625,57,33,24
2013-01-02,31,31,17,0.33359374999999997,0.5598333630071877,0.13,0.8272291666666666,0.04272916666666667,384,202,182
2013-01-03,23,23,16,0.35375641025641025,0.515408167748616,0.10894871794871792,0.8717435897435897,0.01935897435897436,269,171,98
2013-01-04,27,27,17,0.32050227272727266,0.48025608580150253,0.09047727272727271,0.8837954545454546,0.025704545454545456,231,151,80
2013-01-07,31,31,19,0.24902999999999995,0.53874398604532,0.06308,0.86902,0.0679,398,216,182
2013-01-08,30,30,17,0.347468085106383,0.47352725599792983,0.07872340425531914,0.9032978723404254,0.01793617021276596,227,114,113
2013-01-09,17,17,14,0.24614838709677422,0.5501644392718726,0.09103225806451613,0.870032258064516,0.03896774193548387,138,112,26
2013-01-10,37,37,19,0.3854053571428571,0.4427650265336017,0.12639285714285717,0.8455178571428572,0.028071428571428574,247,148,99
2013-01-11,31,31,22,0.41697358490566044,0.44213453435810024,0.11739622641509433,0.8616226415094338,0.020981132075471694,252,182,70
2013-01-12,4,4,1,0.4715999999999999,0.25900090347332766,0.21100000000000002,0.7884,0.0008,7,0,7
2013-01-13,4,4,1,0.018120000000000004,0.5368471417452085,0.0184,0.8638,0.118,16,9,7
2013-01-14,65,65,22,0.10147471264367819,0.5236844604083581,0.07151724137931036,0.8350229885057471,0.09349425287356322,359,258,101
2013-01-15,57,57,33,0.20388333333333333,0.5635295370844964,0.06894444444444445,0.8664111111111111,0.06462222222222223,579,462,117
2013-01-16,44,44,25,0.3463376811594203,0.5094279724944836,0.09736231884057969,0.8567971014492753,0.04581159420289855,470,309,161
2013-01-17,33,33,26,0.2967254237288136,0.5780854856123513,0.07405084745762712,0.8691016949152544,0.056847457627118646,473,265,208
2013-01-18,33,33,20,0.30305094339622646,0.5195039871721768,0.08837735849056604,0.8719622641509434,0.039716981132075474,341,187,154
2013-01-19,1,1,0,0.0,0.0,0.0,1.0,0.0,1,0,1
2013-01-21,16,16,13,0.4446620689655173,0.471000580872175,0.09148275862068965,0.8803793103448275,0.028137931034482765,303,135,168
2013-01-22,32,32,21,0.39380377358490576,0.5091821477707184,0.08800000000000002,0.8677924528301886,0.04426415094339623,391,234,157
2013-01-23,83,83,34,0.2351982905982906,0.5077364187619879,0.10359829059829061,0.820965811965812,0.0754017094017094,631,431,200
2013-01-24,122,122,54,0.2705931818181818,0.5108807403519958,0.10110227272727274,0.8170056818181819,0.08190909090909092,1087,798,289
2013-01-25,65,65,42,0.4102401869158878,0.5036057916979717,0.10011214953271028,0.8542616822429908,0.045607476635514024,831,426,405
2013-01-26,1,1,1,0.0,0.0,0.0,1.0,0.0,0,0,0
2013-01-27,4,4,3,0.5701714285714286,0.36518488747594186,0.15528571428571428,0.8027142857142858,0.04214285714285714,59,26,33
2013-01-28,39,39,23,0.26219193548387093,0.5205208090719323,0.06748387096774194,0.8822903225806453,0.05029032258064517,453,324,129
2013-01-29,36,36,19,0.3289709090909092,0.4916219954664826,0.09240000000000001,0.8661454545454546,0.041436363636363625,278,139,139
2013-01-30,50,50,33,0.23170361445783133,0.60237406011563,0.08720481927710842,0.8294698795180722,0.08332530120481928,578,399,179
2013-01-31,43,43,25,0.3535117647058823,0.5273970662127605,0.1155,0.8226029411764707,0.061794117647058826,517,290,227
2013-02-01,25,25,18,0.3693674418604651,0.494324868567376,0.09693023255813954,0.860906976744186,0.04211627906976745,252,195,57
2013-02-02,1,1,1,0.32825,0.32825,0.035,0.9405,0.0245,9,3,6
2013-02-03,2,2,0,0.46605,0.044550000000000034,0.3545,0.48050000000000004,0.16499999999999998,1,0,1
2013-02-04,30,30,16,0.34548478260869564,0.4691338304315598,0.0976086956521739,0.8827826086956521,0.019608695652173914,243,165,78
2013-02-05,38,38,27,0.31974461538461546,0.5479214121163921,0.10026153846153846,0.8493846153846153,0.05033846153846154,507,369,138
2013-02-06,32,32,25,0.3051982456140351,0.5841925480137665,0.07682456140350878,0.8566666666666667,0.06650877192982457,389,242,147
2013-02-07,67,67,40,0.3053392523364486,0.5213337754022291,0.07324299065420561,0.8665887850467291,0.06016822429906542,729,497,232
2013-02-08,38,38,19,0.26684912280701756,0.48037892175255026,0.08378947368421054,0.8756491228070176,0.04059649122807018,303,172,131
2013-02-09,3,3,2,0.39039999999999997,0.4951656894414232,0.0838,0.8591999999999999,0.05700000000000001,32,30,2
2013-02-10,5,5,0,0.0,0.0,0.0,1.0,0.0,0,0,0
2013-02-11,33,33,21,0.39573518518518513,0.4448369639572947,0.09994444444444443,0.8622407407407406,0.03783333333333334,312,163,149
2013-02-12,38,38,19,0.25503333333333333,0.5436325927558362,0.07705263157894736,0.8666666666666667,0.05633333333333333,416,230,186
2013-02-13,66,66,36,0.2625637254901961,0.5056704700418991,0.0838627450980392,0.8696764705882355,0.04647058823529411,521,324,197
2013-02-14,49,49,18,0.3121492537313433,0.45712207239052377,0.11671641791044775,0.8363283582089552,0.046940298507462695,286,146,140
2013-02-15,29,29,20,0.3352938775510204,0.5126629940543005,0.07367346938775511,0.8774693877551021,0.048877551020408166,301,181,120
2013-02-16,4,4,3,0.2505,0.6142008559327896,0.07985714285714286,0.9084285714285713,0.011857142857142858,29,7,22
2013-02-17,1,1,1,0.6892,0.30740000000000006,0.152,0.841,0.007,28,12,16
2013-02-18,3,3,3,0.5583333333333332,0.4233626092239239,0.08316666666666667,0.91,0.006833333333333334,49,41,8
2013-02-19,40,40,21,0.31204754098360665,0.5308514017035978,0.12159016393442625,0.8132459016393443,0.0651967213114754,313,206,107
2013-02-20,38,38,27,0.35605076923076917,0.5007649899052378,0.09192307692307691,0.8792923076923077,0.028784615384615384,371,310,61
2013-02-21,37,37,15,0.2636,0.44358555761327145,0.09228846153846153,0.8593076923076922,0.04842307692307694,237,133,104
2013-02-22,24,24,17,0.24916585365853658,0.562531518297357,0.11746341463414633,0.8105609756097562,0.07187804878048781,200,158,42
2013-02-23,3,3,2,0.32418,0.5388005694132106,0.05620000000000001,0.8837999999999999,0.06020000000000001,41,18,23
2013-02-24,11,11,4,0.22488666666666662,0.48040876742855376,0.03439999999999999,0.9170666666666667,0.04853333333333334,66,40,26
2013-02-25,29,29,23,0.37584807692307687,0.5002445004081599,0.06942307692307693,0.894,0.03648076923076923,352,194,158
2013-02-26,46,46,33,0.3362481012658228,0.5278909455034213,0.07311392405063291,0.8963037974683545,0.030531645569620246,576,302,274
2013-02-27,32,32,14,0.19568695652173912,0.5767972394889227,0.07397826086956522,0.829304347826087,0.0966521739130435,282,170,112
2013-02-28,27,27,18,0.2176533333333333,0.5842020527941415,0.09251111111111111,0.8109333333333334,0.09664444444444445,217,165,52
2013-03-01,27,27,17,0.23712954545454545,0.5395374940967096,0.10663636363636365,0.8167727272727273,0.0765909090909091,205,166,39
2013-03-02,3,3,2,-0.05816000000000001,0.38088500416792465,0.1116,0.8102,0.0782,38,25,13
2013-03-03,5,5,3,0.3069,0.4608507214923288,0.075125,0.8992499999999999,0.025500000000000002,39,20,19
2013-03-04,23,23,19,0.22821190476190478,0.6274740090243849,0.0838095238095238,0.8572380952380954,0.05895238095238095,279,202,77
2013-03-05,20,20,15,0.33359714285714287,0.5181221342423394,0.09605714285714287,0.8510857142857143,0.052942857142857146,259,160,99
2013-03-06,29,29,20,0.3733714285714286,0.48353861209603016,0.07906122448979591,0.8984693877551022,0.022510204081632658,312,155,157
2013-03-07,40,40,30,0.3612485714285714,0.5204944456250523,0.10351428571428573,0.8441,0.05237142857142856,449,205,244
2013-03-08,32,32,23,0.2962981818181818,0.5066516509903424,0.08516363636363637,0.8717090909090909,0.04312727272727272,282,180,102
2013-03-09,4,4,4,0.3507125,0.6236509990321109,0.11174999999999999,0.875125,0.013125,69,32,37
2013-03-10,3,3,3,0.5041833333333333,0.5055087912742523,0.0775,0.8796666666666666,0.042833333333333334,45,32,13
2013-03-11,23,23,16,0.32351025641025644,0.4879659986026096,0.06771794871794871,0.9118461538461538,0.020384615384615386,346,144,202
2013-03-12,24,24,13,0.21142432432432431,0.5268788493010131,0.06394594594594595,0.8685675675675678,0.06754054054054054,176,92,84
2013-03-13,39,39,25,0.27911718750000003,0.533123794709859,0.064109375,0.888359375,0.047593750000000004,418,310,108
2013-03-14,34,34,21,0.27377636363636365,0.5417706324346079,0.06583636363636365,0.8641090909090909,0.07009090909090909,331,207,124
2013-03-15,23,23,11,0.30866470588235295,0.5104628308657759,0.08114705882352942,0.8567352941176472,0.06217647058823529,174,104,70
2013-03-16,1,1,1,0.25834999999999997,0.66025,0.028,0.8255,0.1465,14,21,-7
2013-03-17,2,2,2,0.467775,0.4688440379006648,0.036750000000000005,0.9435,0.0195,47,49,-2
2013-03-18,21,21,16,0.297272972972973,0.5756713404734621,0.07437837837837838,0.8759459459459459,0.04962162162162162,328,197,131
2013-03-19,40,40,26,0.20388636363636362,0.5381323000803865,0.06780303030303031,0.8857727272727273,0.04648484848484848,290,232,58
2013-03-20,30,30,21,0.33663725490196084,0.5519739926953735,0.0888235294117647,0.8583529411764707,0.05288235294117648,407,218,189
2013-03-21,29,29,18,0.28683829787234044,0.5080239840012547,0.09334042553191492,0.8570000000000001,0.04961702127659576,249,141,108
2013-03-22,33,33,21,0.36975,0.5002682771940139,0.09935185185185187,0.8502592592592594,0.0505,345,232,113
2013-03-23,4,4,2,0.12858333333333336,0.6643909552280862,0.0415,0.8375,0.121,44,31,13
2013-03-24,8,8,5,0.37518461538461534,0.4770249789398291,0.057307692307692296,0.9127692307692306,0.029769230769230767,95,36,59
2013-03-25,31,31,20,0.38877254901960795,0.5111271600651325,0.11931372549019606,0.8398039215686274,0.040921568627450985,312,161,151
2013-03-26,24,24,17,0.3980878048780488,0.5361032582533103,0.09178048780487805,0.8547317073170733,0.05348780487804877,289,178,111
2013-03-27,26,26,17,0.38079302325581393,0.4586277734748385,0.1091627906976744,0.8359069767441859,0.05490697674418604,227,133,94
2013-03-28,24,24,19,0.4412604651162791,0.5047311940076964,0.10295348837209303,0.8478372093023258,0.049232558139534886,269,128,141
2013-03-29,8,8,6,0.29961428571428567,0.4055608970604659,0.09985714285714285,0.858,0.04207142857142857,49,43,6
2013-03-31,3,3,3,0.5308166666666666,0.46826815115795445,0.10083333333333333,0.8839999999999999,0.015166666666666667,63,29,34
2013-04-01,20,20,10,0.30435,0.5201615132180901,0.14,0.8018333333333333,0.0582,166,138,28
2013-04-02,21,21,15,0.3055305555555555,0.5426690775025506,0.12166666666666666,0.8582777777777778,0.02,273,139,134
2013-04-03,15,15,12,0.4218037037037038,0.46182589430752935,0.10214814814814815,0.871888888888889,0.026074074074074076,160,103,57
2013-04-04,24,24,18,0.3206785714285714,0.5956080356743552,0.11707142857142856,0.8279285714285713,0.055047619047619054,291,189,102
2013-04-05,22,22,15,0.22788648648648646,0.596140571651298,0.08305405405405408,0.8351351351351352,0.08167567567567567,247,190,57
2013-04-06,1,1,1,0.3832,0.6095,0.16599999999999998,0.6405,0.1935,13,17,-4
2013-04-07,2,2,2,0.579175,0.48659080023670814,0.11475,0.829,0.0565,36,28,8
2013-04-08,20,20,15,0.2904457142857143,0.4451672612419209,0.06851428571428572,0.8965714285714287,0.03491428571428571,197,171,26
2013-04-09,26,26,18,0.3321795454545455,0.5282012833361683,0.09338636363636364,0.8593181818181819,0.04729545454545454,319,208,111
2013-04-10,37,37,22,0.20337627118644064,0.5591679488580902,0.0820677966101695,0.8316949152542373,0.08620338983050847,322,258,64
2013-04-11,24,24,17,0.30198536585365854,0.5484058264803074,0.07282926829268294,0.8452439024390244,0.08197560975609755,270,179,91
2013-04-12,18,18,12,0.33242000000000005,0.4831291569204519,0.08120000000000001,0.8958,0.023000000000000003,135,115,20
2013-04-13,1,1,1,0.27455,0.27455,0.036,0.9365,0.0275,4,3,1
2013-04-14,4,4,2,0.23831666666666665,0.550370979178792,0.0585,0.8523333333333333,0.08916666666666667,34,13,21
2013-04-15,19,19,15,0.37675,0.5648079633301716,0.10552941176470589,0.8359411764705883,0.058529411764705885,223,142,81
2013-04-16,22,22,15,0.24551081081081086,0.5347574144558996,0.07808108108108108,0.8971351351351352,0.024729729729729734,199,165,34
2013-04-17,42,42,18,-0.03709833333333334,0.532979371549427,0.07238333333333333,0.8072166666666666,0.12045000000000002,293,328,-35
2013-04-18,54,54,37,0.2615318681318681,0.5747657328562141,0.08189010989010989,0.8413076923076923,0.07681318681318682,648,510,138
2013-04-19,30,30,26,0.2579571428571429,0.5648937611423506,0.06632142857142857,0.8651964285714285,0.06846428571428573,454,285,169
2013-04-20,3,3,3,0.43134999999999996,0.5859673334182831,0.07816666666666666,0.8005,0.12133333333333333,72,49,23
2013-04-21,7,7,2,0.1350111111111111,0.49210582521432983,0.018555555555555554,0.9142222222222222,0.06711111111111111,58,30,28
2013-04-22,48,48,26,0.2840175675675676,0.513319057927836,0.11095945945945947,0.8400405405405404,0.04901351351351351,411,294,117
2013-04-23,62,62,39,0.3257871287128713,0.5258566104793444,0.0857821782178218,0.870039603960396,0.04413861386138613,675,426,249
2013-04-24,82,82,53,0.37535925925925917,0.48850715378912823,0.1042,0.8475333333333334,0.04822962962962963,899,583,316
2013-04-25,35,35,29,0.33838437499999996,0.51958022095328,0.099078125,0.8575781250000001,0.043453125,466,308,158
2013-04-26,30,30,23,0.4264924528301886,0.47633314045713554,0.08892452830188678,0.8753018867924528,0.03579245283018868,370,230,140
2013-04-27,1,1,1,0.8168500000000001,0.17995,0.263,0.727,0.01,25,6,19
2013-04-28,4,4,4,0.49788750000000004,0.5192451358402407,0.063,0.897375,0.039624999999999994,122,85,37
2013-04-29,42,42,29,0.33980704225352115,0.5528664307335875,0.08961971830985915,0.8592816901408451,0.05108450704225352,506,332,174
2013-04-30,62,62,32,0.32138617021276594,0.46437043347912244,0.10454255319148936,0.8546170212765957,0.040872340425531915,613,357,256
2013-05-01,30,30,23,0.38800943396226417,0.5483127640949924,0.11050943396226413,0.8220754716981132,0.06735849056603772,360,235,125
2013-05-02,26,26,24,0.39729600000000004,0.49891836845720566,0.09020000000000002,0.87598,0.033780000000000004,408,186,222
2013-05-03,29,29,23,0.43937115384615394,0.5057613314204706,0.11146153846153847,0.8532115384615384,0.03530769230769231,433,287,146
2013-05-04,2,2,2,0.614275,0.41766153387042965,0.1185,0.8635,0.018000000000000002,41,16,25
2013-05-05,3,3,3,0.2449,0.6836362726869701,0.10333333333333335,0.8333333333333334,0.06333333333333334,76,47,29
2013-05-06,34,34,19,0.30373584905660383,0.5154745943245801,0.09213207547169813,0.8607169811320755,0.04713207547169812,389,192,197
2013-05-07,31,31,20,0.3768431372549019,0.5371647321927663,0.12098039215686274,0.8311764705882353,0.04790196078431373,306,168,138
2013-05-08,26,26,22,0.45998333333333336,0.5281609501899545,0.13133333333333333,0.8319791666666667,0.036625,396,230,166
2013-05-09,19,19,15,0.32696764705882353,0.6266754154314882,0.10467647058823529,0.8414705882352942,0.053882352941176465,276,165,111
2013-05-10,25,25,21,0.42349565217391294,0.47856838726084305,0.08773913043478263,0.8813043478260869,0.030891304347826082,405,225,180
2013-05-11,1,1,1,0.4998,0.4998,0.073,0.893,0.034,51,34,17
2013-05-12,3,3,1,-0.03369999999999998,0.5903619610035863,0.00925,0.825,0.16575,9,1,8
2013-05-13,20,20,11,0.22223870967741935,0.584410091695681,0.07638709677419354,0.8478709677419355,0.07577419354838712,192,105,87
2013-05-14,34,34,27,0.46469508196721315,0.5156924675844644,0.11880327868852457,0.8348524590163934,0.04634426229508197,459,293,166
2013-05-15,43,43,28,0.3597760563380282,0.4953152655063263,0.08415492957746479,0.8768450704225353,0.03904225352112676,353,233,120
2013-05-16,22,22,15,0.24857567567567568,0.4961470070972619,0.04540540540540541,0.913162162162162,0.041486486486486486,158,112,46
2013-05-17,28,28,26,0.5062574074074074,0.44946369960203136,0.1032962962962963,0.8705925925925925,0.02605555555555555,361,204,157
2013-05-19,1,1,1,0.76235,0.23565000000000003,0.1875,0.806,0.0065,36,16,20
2013-05-20,35,35,23,0.32029310344827583,0.5219298697315137,0.07537931034482759,0.8683103448275863,0.056310344827586206,386,200,186
2013-05-21,55,55,26,0.25068024691358026,0.5467191511435278,0.07871604938271605,0.8309135802469136,0.09037037037037036,482,245,237
2013-05-22,38,38,27,0.34707846153846156,0.5178488209721526,0.09052307692307693,0.8384307692307693,0.0710153846153846,413,239,174
2013-05-23,39,39,26,0.32038461538461543,0.513831871105047,0.08515384615384614,0.8721076923076923,0.042738461538461545,389,262,127
2013-05-24,18,18,17,0.23129714285714284,0.6071342997985181,0.07391428571428572,0.8782857142857142,0.0478,288,197,91
2013-05-25,1,1,1,0.4749,0.4749,0.0365,0.9359999999999999,0.0275,20,18,2
2013-05-26,3,3,2,0.19868,0.39736,0.0258,0.9586,0.0156,14,11,3
2013-05-27,14,14,12,0.387026923076923,0.4421703792376282,0.07296153846153847,0.9058076923076922,0.02115384615384615,180,89,91
2013-05-28,26,26,20,0.37848913043478266,0.5163547151313468,0.09769565217391306,0.8669565217391303,0.03541304347826087,238,134,104
2013-05-29,24,24,17,0.41474634146341466,0.4839372435113326,0.09634146341463413,0.875,0.028707317073170733,230,105,125
2013-05-30,21,21,16,0.28798378378378375,0.4835932177745826,0.060810810810810814,0.8965405405405407,0.042648648648648646,216,151,65
2013-05-31,25,25,15,0.2648275,0.4699491318150827,0.07597499999999999,0.8894,0.03465,191,115,76
2013-06-02,7,7,3,0.29037,0.4439403789924949,0.0184,0.9779000000000002,0.0038,52,31,21
2013-06-03,41,41,29,0.3094914285714287,0.5018011210324144,0.07698571428571428,0.8725571428571429,0.05052857142857143,507,304,203
2013-06-04,39,39,23,0.26810322580645163,0.5201527514377905,0.07743548387096774,0.8724516129032259,0.05011290322580646,366,235,131
2013-06-05,35,35,25,0.20455166666666663,0.6011540217203537,0.08785,0.8593833333333333,0.05273333333333333,344,269,75
2013-06-06,31,31,20,0.30925686274509806,0.5242813147182595,0.09039215686274508,0.8645294117647059,0.04507843137254903,355,214,141
2013-06-07,35,35,28,0.27167301587301584,0.5303297492340501,0.06436507936507936,0.9055396825396826,0.0300952380952381,318,195,123
2013-06-08,3,3,3,0.5079166666666667,0.4029607318199738,0.09000000000000001,0.8549999999999999,0.05516666666666666,27,10,17
2013-06-09,3,3,3,0.2667,0.5024881922327462,0.022333333333333334,0.9198333333333334,0.05783333333333334,32,18,14
2013-06-10,62,62,32,0.23318085106382982,0.4595031179197798,0.07573404255319148,0.895776595744681,0.028478723404255325,387,274,113
2013-06-11,34,34,22,0.26108750000000003,0.47334472754404905,0.06698214285714285,0.9011428571428571,0.031892857142857146,223,159,64
2013-06-12,31,31,25,0.44340714285714283,0.4949803520116238,0.08555357142857144,0.8686607142857142,0.045696428571428575,344,208,136
2013-06-13,31,31,20,0.2780117647058824,0.48998940990839385,0.06533333333333334,0.914470588235294,0.020215686274509804,243,148,95
2013-06-14,14,14,11,0.4370839999999999,0.5291355967462404,0.09652000000000001,0.88308,0.020440000000000003,179,69,110
2013-06-15,1,1,1,0.66835,0.32835,0.191,0.8025,0.0065,7,3,4
2013-06-16,3,3,2,0.28546,0.5546831802028974,0.0236,0.9164,0.06000000000000001,28,18,10
2013-06-17,24,24,18,0.30671190476190474,0.5474996978483102,0.09247619047619048,0.8786666666666666,0.028833333333333336,250,121,129
2013-06-18,25,25,21,0.3666565217391305,0.4714202559021602,0.08643478260869565,0.8771304347826089,0.03647826086956522,262,146,116
2013-06-19,27,27,21,0.3852479166666667,0.5180796664886522,0.09633333333333334,0.8758333333333334,0.027749999999999997,289,201,88
2013-06-20,22,22,16,0.2685684210526316,0.5598174265848047,0.093,0.8400526315789474,0.06692105263157896,267,182,85
2013-06-21,26,26,19,0.2550177777777778,0.5500793935783326,0.10715555555555556,0.8773999999999997,0.015466666666666668,309,203,106
2013-06-23,4,4,4,-0.066375,0.5861111834583947,0.12037499999999998,0.815625,0.06425,60,40,20
2013-06-24,30,30,20,0.23531,0.5652555235466523,0.06684,0.88464,0.04852,248,185,63
2013-06-25,23,23,18,0.2212682926829268,0.5601111847111683,0.05053658536585366,0.8845365853658537,0.06502439024390244,300,167,133
2013-06-26,18,18,14,0.31554375,0.5994035086741965,0.09478125,0.84365625,0.061625,229,121,108
2013-06-27,24,24,19,0.3601813953488372,0.4886332253911849,0.09411627906976744,0.8607209302325582,0.04516279069767442,261,166,95
2013-06-28,17,17,12,0.3476034482758621,0.49087309792243805,0.07858620689655173,0.858448275862069,0.06293103448275861,218,115,103
2013-06-30,6,6,5,0.2760818181818182,0.5186529051620725,0.04918181818181819,0.8592727272727273,0.09163636363636364,104,83,21
2013-07-01,29,29,14,0.2944441860465116,0.46432767965533234,0.08255813953488372,0.8685581395348838,0.04888372093023256,264,134,130
2013-07-02,20,20,13,0.38899999999999996,0.5006462901877811,0.09618181818181817,0.879060606060606,0.024909090909090912,273,163,110
2013-07-03,25,25,16,0.4135463414634147,0.4956117486636534,0.09675609756097561,0.8857804878048781,0.01746341463414634,194,129,65
2013-07-04,7,7,7,0.026564285714285717,0.4504564361482106,0.015499999999999998,0.9309285714285714,0.05364285714285715,46,65,-19
2013-07-05,15,15,13,0.47124642857142857,0.5237508087154635,0.12453571428571429,0.8356785714285714,0.03975,207,138,69
2013-07-06,1,1,0,-0.4588,0.0,0.0,0.824,0.176,0,2,-2
2013-07-08,24,24,17,0.46262439024390245,0.5203563594965769,0.12078048780487805,0.810780487804878,0.06846341463414635,374,194,180
2013-07-09,28,28,18,0.34630869565217387,0.5039402336138884,0.09682608695652176,0.8638913043478261,0.0393695652173913,326,187,139
2013-07-10,37,37,24,0.27212295081967214,0.5805440377793306,0.09398360655737706,0.8322786885245901,0.07378688524590164,309,241,68
2013-07-11,33,33,21,0.31852037037037034,0.5049635591471224,0.09964814814814815,0.842,0.058333333333333334,396,246,150
2013-07-12,15,15,6,0.14850476190476194,0.5557737296317206,0.10052380952380952,0.843047619047619,0.056523809523809525,75,68,7
2013-07-13,3,3,0,0.0,0.0,0.0,1.0,0.0,1,2,-1
2013-07-14,2,2,0,0.0,0.0,0.0,1.0,0.0,0,1,-1
2013-07-15,17,17,8,-0.009371999999999998,0.5522437878473601,0.05703999999999999,0.83812,0.1048,56,74,-18
2013-07-16,19,19,15,0.32205,0.45149811624256886,0.0568529411764706,0.9234117647058824,0.01973529411764706,107,67,40
2013-07-17,24,24,16,0.175845,0.5044618731628784,0.069175,0.8548500000000001,0.0759,186,137,49
2013-07-18,27,27,17,0.26042045454545454,0.5180053235859935,0.08034090909090909,0.8572272727272726,0.06243181818181818,315,180,135
2013-07-19,20,20,14,0.3109470588235294,0.5441725327802993,0.07805882352941179,0.8801470588235294,0.041823529411764704,277,125,152
2013-07-20,4,4,4,0.4946125,0.49465549233153167,0.051250000000000004,0.929125,0.019625,84,44,40
2013-07-21,2,2,2,0.47995,0.5421269154911975,0.07875,0.85,0.07125000000000001,70,57,13
2013-07-22,46,46,32,0.2790205128205128,0.5529616146456569,0.07653846153846154,0.8686923076923074,0.05478205128205129,541,343,198
2013-07-23,55,55,27,0.3567329268292683,0.48611284473696326,0.10302439024390245,0.8546341463414636,0.04232926829268294,515,277,238
2013-07-24,76,76,39,0.32837130434782613,0.48116694703157853,0.09181739130434784,0.8692521739130434,0.03895652173913044,825,517,308
2013-07-25,24,24,17,0.3354853658536585,0.5483649641727516,0.09324390243902439,0.8574634146341463,0.049170731707317075,288,213,75
2013-07-26,23,23,14,0.35245945945945945,0.5162861701009873,0.11313513513513511,0.82,0.06683783783783784,245,130,115
2013-07-28,5,5,2,0.3675857142857143,0.4698109602460834,0.14357142857142854,0.7645714285714286,0.09171428571428573,85,24,61
2013-07-29,20,20,12,0.279528125,0.5826153808658714,0.08575,0.8452500000000001,0.0689375,177,126,51
2013-07-30,27,27,18,0.35749777777777775,0.5205717965164796,0.10126666666666666,0.8567777777777777,0.04197777777777778,289,168,121
2013-07-31,39,39,24,0.22165396825396827,0.5433115615928336,0.0827936507936508,0.8794444444444444,0.03780952380952381,330,181,149
2013-08-01,28,28,19,0.30519574468085103,0.4809575546174469,0.07842553191489363,0.8767021276595744,0.04489361702127658,252,118,134
2013-08-02,32,32,22,0.3469240740740741,0.5457134942016482,0.09794444444444445,0.8470185185185185,0.05507407407407408,438,206,232
2013-08-03,2,2,1,0.20036666666666667,0.5585834245859989,0.06666666666666667,0.843,0.09066666666666667,19,19,0
2013-08-04,3,3,3,0.0004666666666666523,0.6182716977367008,0.07466666666666667,0.8575,0.068,43,36,7
2013-08-05,30,30,20,0.18998199999999998,0.5594872505035302,0.07510000000000001,0.8719000000000001,0.05296,251,191,60
2013-08-06,29,29,19,0.22638958333333334,0.5988733158466486,0.09139583333333333,0.838,0.0706875,296,178,118
2013-08-07,31,31,18,0.31742857142857145,0.5555570214493132,0.1016326530612245,0.8644081632653061,0.0340204081632653,426,218,208
2013-08-08,25,25,19,0.25365681818181823,0.6067971783350106,0.11079545454545454,0.8315000000000001,0.057704545454545446,359,193,166
2013-08-09,25,25,17,0.24943809523809524,0.475173001554061,0.09623809523809523,0.8556904761904762,0.04804761904761904,253,136,117
2013-08-10,3,3,3,-0.033999999999999996,0.07602631123499284,0.010333333333333333,0.9808333333333333,0.008833333333333334,10,13,-3
2013-08-11,3,3,2,0.48938,0.5042542747463823,0.186,0.6992,0.11499999999999999,30,20,10
2013-08-12,34,34,22,0.21445,0.518225506622634,0.06848214285714285,0.8712857142857143,0.060250000000000005,391,236,155
2013-08-13,50,50,29,0.35420886075949365,0.4901918085423228,0.07601265822784808,0.8798101265822786,0.04418987341772152,612,303,309
2013-08-14,54,54,31,0.3440411764705882,0.5098972023951305,0.09784705882352941,0.8526823529411766,0.04948235294117646,528,308,220
2013-08-15,33,33,24,0.3679210526315789,0.529867105727677,0.07556140350877194,0.8899824561403509,0.034403508771929825,357,175,182
2013-08-16,26,26,23,0.49969387755102046,0.47269533589275087,0.1033061224489796,0.8714897959183674,0.02520408163265306,341,206,135
2013-08-18,3,3,3,0.47831666666666667,0.43419678110532123,0.07100000000000001,0.9113333333333333,0.017666666666666667,71,45,26
2013-08-19,25,25,19,0.38074545454545455,0.5093632966104686,0.08472727272727272,0.8741363636363636,0.04120454545454545,254,158,96
2013-08-20,22,22,16,0.46604210526315787,0.4866837439736399,0.13473684210526318,0.8272105263157894,0.03810526315789474,267,142,125
2013-08-21,27,27,21,0.42608125,0.4594001154840634,0.10285416666666665,0.8669166666666667,0.030104166666666664,317,188,129
2013-08-22,27,27,16,0.20208837209302324,0.4832316037761268,0.06044186046511629,0.8929767441860464,0.046488372093023256,249,192,57
2013-08-23,39,39,30,0.40865072463768115,0.47056024907201977,0.08014492753623188,0.8860724637681159,0.03379710144927536,435,299,136
2013-08-24,5,5,4,0.4477,0.5510210522294045,0.07755555555555554,0.8733333333333334,0.048888888888888885,97,65,32
2013-08-25,1,1,1,0.4983,0.4983,0.0425,0.9485,0.009,18,6,12
2013-08-26,23,23,20,0.33870232558139535,0.5420949841633446,0.09030232558139535,0.8862093023255816,0.023488372093023256,268,162,106
2013-08-27,28,28,20,0.38503333333333334,0.5308904584647278,0.09681250000000001,0.8442708333333333,0.05897916666666667,272,214,58
2013-08-28,23,23,17,0.38800749999999995,0.4751824125467503,0.08700000000000001,0.8810749999999998,0.03195,264,137,127
2013-08-29,25,25,20,0.5273466666666666,0.4502503755813105,0.12802222222222223,0.8360222222222221,0.036066666666666664,337,178,159
2013-08-30,23,23,16,0.3483897435897436,0.535778194536657,0.08148717948717948,0.8715897435897435,0.04687179487179487,266,161,105
2013-08-31,1,1,0,0.0,0.0,0.0,1.0,0.0,1,0,1
2013-09-01,3,3,2,-0.11019999999999999,0.6183452854190771,0.038400000000000004,0.8310000000000001,0.1304,21,17,4
2013-09-02,6,6,6,0.3005166666666667,0.45260783398974525,0.04116666666666667,0.9295833333333334,0.02925,125,65,60
2013-09-03,46,46,40,0.39067906976744193,0.5460277239993212,0.07538372093023256,0.8780581395348837,0.046558139534883726,841,523,318
2013-09-04,48,48,33,0.37116666666666664,0.4952518306906792,0.08688888888888888,0.8853086419753086,0.027802469135802473,574,363,211
2013-09-05,32,32,20,0.3223596153846152,0.4784683589167286,0.08426923076923078,0.8717692307692305,0.0439423076923077,256,149,107
2013-09-06,37,37,22,0.32751016949152545,0.5313438223257142,0.05915254237288135,0.8889830508474575,0.05191525423728814,355,185,170
2013-09-07,3,3,1,0.33337500000000003,0.40561271167827084,0.083,0.915,0.002,14,16,-2
2013-09-08,8,8,6,0.24994285714285716,0.5332495780110658,0.09721428571428571,0.8440714285714286,0.05864285714285715,113,58,55
2013-09-09,42,42,32,0.4442243243243243,0.4634809468111671,0.08022972972972973,0.8942027027027027,0.02560810810810811,582,280,302
2013-09-10,81,81,48,0.2998279069767442,0.47319569856844773,0.08592248062015503,0.8770930232558141,0.036968992248062015,674,392,282
2013-09-11,108,108,60,0.28291666666666665,0.5071427558797127,0.09780952380952382,0.8422321428571429,0.05996428571428573,927,587,340
2013-09-12,47,47,31,0.3570397435897436,0.4520378859603739,0.08169230769230769,0.8919615384615384,0.026333333333333337,454,285,169
2013-09-13,24,24,21,0.4821044444444444,0.47908912553142885,0.10097777777777779,0.876,0.02302222222222222,422,265,157
2013-09-14,1,1,1,0.08895,0.08895,0.0025,0.9975,0.0,0,0,0
2013-09-15,2,2,2,0.06415000000000001,0.692455769345595,0.08225,0.88625,0.0315,73,54,19
2013-09-16,37,37,24,0.325327868852459,0.500405598811292,0.06457377049180328,0.9062131147540983,0.029213114754098362,412,189,223
2013-09-17,26,26,15,0.34220731707317076,0.49270251371352997,0.06424390243902439,0.898731707317073,0.03702439024390244,361,143,218
2013-09-18,43,43,31,0.4010878378378378,0.4811615939023774,0.0771891891891892,0.8850135135135133,0.037824324324324324,532,284,248
2013-09-19,29,29,18,0.4287297872340426,0.4736935210435943,0.09893617021276596,0.8698723404255317,0.03129787234042553,290,169,121
2013-09-20,47,47,29,0.3089473684210526,0.49293516240493546,0.05827631578947369,0.9046973684210525,0.03701315789473684,427,291,136
2013-09-21,3,3,3,0.3243833333333333,0.4588374237013464,0.015833333333333335,0.9763333333333334,0.007833333333333333,49,31,18
2013-09-22,8,8,5,0.24969230769230769,0.5472587933180292,0.061615384615384614,0.8593846153846155,0.07900000000000001,89,60,29
2013-09-23,60,60,37,0.26702061855670106,0.5034930730669703,0.0675979381443299,0.9007525773195877,0.031690721649484534,561,389,172
2013-09-24,38,38,31,0.389136231884058,0.48427347944126475,0.07314492753623188,0.908217391304348,0.018681159420289858,444,242,202
2013-09-25,29,29,21,0.267558,0.5575244529489267,0.08434,0.8652,0.05038,287,178,109
2013-09-26,26,26,18,0.3185409090909091,0.5084501152424716,0.0846590909090909,0.8740000000000001,0.04138636363636363,311,169,142
2013-09-27,21,21,14,0.33061999999999997,0.5100518403904786,0.08957142857142857,0.8670571428571429,0.04334285714285714,157,126,31
2013-09-29,2,2,2,0.574075,0.4299600177632799,0.09225,0.8889999999999999,0.0185,47,27,20
2013-09-30,33,33,23,0.21403750000000002,0.5446597543953801,0.0754107142857143,0.8820535714285713,0.042499999999999996,312,211,101
2013-10-01,23,23,10,0.287069696969697,0.4598142902367964,0.121,0.8545454545454545,0.024484848484848484,194,126,68
2013-10-02,25,25,18,0.40423255813953485,0.5077953051803682,0.10372093023255814,0.8695116279069768,0.02686046511627907,216,123,93
2013-10-03,23,23,20,0.4122790697674419,0.5457319098869903,0.09672093023255815,0.8513023255813955,0.05193023255813953,260,127,133
2013-10-04,24,24,17,0.19968292682926828,0.5641228027103452,0.06134146341463415,0.8890975609756099,0.04968292682926829,264,215,49
2013-10-06,5,5,4,0.41981111111111113,0.4778535141522497,0.07666666666666666,0.8784444444444444,0.04477777777777778,82,54,28
2013-10-07,32,32,24,0.334975,0.514136116027236,0.08658928571428572,0.8605892857142857,0.05278571428571428,346,238,108
2013-10-08,34,34,20,0.25087037037037035,0.49971403327104086,0.07866666666666665,0.8641851851851852,0.05709259259259259,221,130,91
2013-10-09,34,34,27,0.3599540983606557,0.5371652624700475,0.08972131147540985,0.8735081967213114,0.036852459016393446,337,263,74
2013-10-10,24,24,17,0.3387268292682927,0.5121788007271842,0.07404878048780487,0.8831463414634148,0.042731707317073174,255,177,78
2013-10-11,13,13,10,0.15150434782608696,0.5510517252437741,0.04756521739130435,0.8696086956521739,0.08282608695652174,109,82,27
2013-10-12,1,1,1,0.599,0.3967,0.11599999999999999,0.879,0.005,24,14,10
2013-10-13,2,2,2,0.48975,0.4899172047397397,0.04375,0.9365,0.02,62,35,27
2013-10-14,17,17,17,0.48811764705882343,0.45809540071820143,0.1048529411764706,0.8497941176470588,0.04541176470588235,303,191,112
2013-10-15,36,36,14,0.22024999999999997,0.4466574715595833,0.07200000000000001,0.8957,0.03236,170,123,47
2013-10-16,32,32,20,0.22941153846153842,0.5822638490125107,0.09571153846153845,0.8501538461538463,0.05415384615384616,210,135,75
2013-10-17,26,26,20,0.3338239130434783,0.5436563113428823,0.08052173913043478,0.8690434782608697,0.050413043478260866,283,201,82
2013-10-18,24,24,18,0.3666238095238095,0.528010974276971,0.09659523809523811,0.8721428571428573,0.03126190476190477,319,158,161
2013-10-19,1,1,1,0.44749999999999995,0.5246999999999999,0.153,0.6965,0.15100000000000002,30,24,6
2013-10-20,1,1,0,0.0,0.0,0.0,1.0,0.0,0,0,0
2013-10-21,40,40,32,0.3930347222222223,0.512068549599379,0.08983333333333333,0.8653194444444444,0.04493055555555556,575,283,292
2013-10-22,54,54,30,0.31299285714285713,0.43915609324554966,0.0870952380952381,0.884892857142857,0.027976190476190477,445,248,197
2013-10-23,38,38,25,0.30787936507936503,0.5049083107581145,0.09053968253968253,0.8567777777777779,0.05260317460317461,324,232,92
2013-10-24,42,42,26,0.25632058823529413,0.5463020949876444,0.09129411764705883,0.8293529411764706,0.07933823529411765,371,171,200
2013-10-25,33,33,25,0.2964396551724138,0.570490155537673,0.09565517241379311,0.8472241379310346,0.05712068965517241,479,279,200
2013-10-26,1,1,0,0.0,0.0,0.0,1.0,0.0,0,0,0
2013-10-27,6,6,2,0.31965,0.4572195725250615,0.113875,0.8282499999999999,0.058,83,52,31
2013-10-28,66,66,39,0.35692857142857143,0.503236000058722,0.10888571428571427,0.8344380952380952,0.05666666666666668,693,393,300
2013-10-29,40,40,26,0.37053939393939395,0.4979259370138774,0.10598484848484849,0.8494090909090909,0.04460606060606061,463,281,182
2013-10-30,37,37,25,0.23022903225806454,0.571542332523852,0.07238709677419355,0.8517580645161291,0.07591935483870968,329,187,142
2013-10-31,24,24,20,0.400059090909091,0.5413439086360494,0.09286363636363638,0.8524545454545455,0.05468181818181817,370,209,161
2013-11-01,19,19,14,0.2234090909090909,0.583329413335904,0.08466666666666667,0.8417575757575757,0.07366666666666667,200,129,71
2013-11-03,2,2,2,0.11399999999999999,0.50542783362217,0.099,0.7725,0.1285,58,29,29
2013-11-04,21,21,17,0.4441052631578948,0.49710322974703225,0.10207894736842105,0.862,0.035868421052631584,262,150,112
2013-11-05,26,26,21,0.33414468085106386,0.5801983368911713,0.0798936170212766,0.8751063829787233,0.04491489361702128,334,204,130
2013-11-06,31,31,26,0.3004859649122807,0.5960173600552477,0.08943859649122808,0.8556491228070175,0.05489473684210525,416,206,210
2013-11-07,15,15,15,0.32732,0.5472448290603881,0.07646666666666668,0.8734333333333332,0.050100000000000006,310,179,131
2013-11-08,18,18,13,0.07718387096774194,0.599997897360173,0.07845161290322582,0.8638709677419354,0.05761290322580645,136,128,8
2013-11-09,4,4,0,0.0,0.0,0.0,1.0,0.0,0,0,0
2013-11-10,4,4,1,0.19182,0.38364,0.011,0.9858,0.0032,8,7,1
2013-11-11,20,20,9,0.11915862068965517,0.5074391538297738,0.05655172413793103,0.892551724137931,0.05082758620689654,105,55,50
2013-11-12,31,31,20,0.36543529411764714,0.46357364320665806,0.08854901960784314,0.8922549019607844,0.019215686274509806,304,189,115
2013-11-13,28,28,17,0.22830888888888887,0.5594729817018164,0.07891111111111113,0.8338666666666666,0.0872,231,156,75
2013-11-14,30,30,23,0.3482584905660378,0.5252430166873746,0.08273584905660379,0.8878679245283019,0.02935849056603774,273,177,96
2013-11-15,22,22,13,0.2337742857142857,0.6092904976131112,0.05702857142857143,0.8313714285714285,0.1116,186,104,82
2013-11-16,1,1,1,0.49845,0.49845,0.047,0.9265,0.0265,9,10,-1
2013-11-17,6,6,4,0.51557,0.3956240084979677,0.1182,0.8642,0.0175,73,42,31
2013-11-18,33,33,20,0.3182471698113208,0.5095018968260555,0.08154716981132075,0.8937358490566039,0.024735849056603778,239,121,118
2013-11-19,37,37,26,0.1686492063492063,0.6090633435592919,0.06936507936507934,0.8727460317460319,0.05793650793650794,342,206,136
2013-11-20,26,26,24,0.3401579999999999,0.5977003537191524,0.09112,0.8642,0.04468,468,220,248
2013-11-21,34,34,25,0.34040000000000004,0.5563485043613263,0.0944406779661017,0.8502542372881354,0.05525423728813559,422,243,179
2013-11-22,25,25,22,0.25476170212765953,0.5829732669879766,0.08395744680851064,0.8766595744680852,0.03934042553191489,278,201,77
2013-11-24,3,3,3,0.565,0.3933914123787317,0.12816666666666668,0.8333333333333334,0.03833333333333333,61,33,28
2013-11-25,28,28,18,0.2661630434782608,0.4663016356108414,0.06369565217391304,0.9173695652173914,0.01891304347826087,214,93,121
2013-11-26,12,12,5,0.15879411764705884,0.6233035805246185,0.11023529411764706,0.7944705882352943,0.09529411764705883,112,48,64
2013-11-27,14,14,8,0.15895909090909088,0.4986571892767169,0.035454545454545454,0.9123636363636365,0.05218181818181819,111,57,54
2013-11-28,4,4,2,0.3037166666666667,0.39092809831931435,0.12583333333333332,0.8445,0.029666666666666664,14,10,4
2013-11-29,17,17,15,0.45831875,0.4051597257853222,0.10040625,0.8784375,0.021187499999999998,199,79,120
2013-12-01,2,2,0,0.2787,0.2787,0.143,0.857,0.0,1,2,-1
2013-12-02,18,18,10,0.38964285714285707,0.4478539082817803,0.08335714285714287,0.8982142857142856,0.018392857142857145,146,69,77
2013-12-03,20,20,11,0.4186354838709678,0.4578303732567104,0.1027741935483871,0.8759354838709676,0.021258064516129032,190,94,96
2013-12-04,17,17,7,0.32463333333333333,0.4670021044444614,0.07245833333333333,0.8939166666666667,0.03370833333333333,98,45,53
2013-12-05,28,28,12,0.28602999999999995,0.4181297897782457,0.072375,0.9061,0.021450000000000004,162,100,62
2013-12-06,14,14,9,0.2110913043478261,0.5163996488338174,0.06730434782608696,0.8986521739130435,0.034,86,40,46
2013-12-09,12,12,6,0.20494444444444446,0.37193856455397195,0.03766666666666666,0.9585,0.0038333333333333336,82,17,65
2013-12-10,13,13,8,0.2909285714285715,0.4604229464957888,0.07114285714285713,0.8822380952380953,0.04666666666666667,170,62,108
2013-12-11,16,16,10,0.24703846153846154,0.4581633392620878,0.07884615384615384,0.886576923076923,0.03461538461538462,125,73,52
2013-12-12,16,16,1,-0.011752941176470607,0.3957071081400054,0.08358823529411764,0.8315294117647059,0.08494117647058823,4,3,1
2013-12-13,9,9,5,0.3447357142857143,0.4389975733859762,0.07457142857142858,0.9061428571428571,0.019214285714285715,78,50,28
2013-12-14,1,1,1,0.28595,0.28595,0.012,0.988,0.0,4,0,4
2013-12-15,4,4,2,0.12341666666666669,0.6377162023362918,0.050499999999999996,0.8315,0.118,44,14,30
2013-12-16,6,6,3,0.487,0.4308600159371177,0.127,0.8623333333333333,0.010555555555555556,76,30,46
2013-12-17,14,14,11,0.338712,0.4445842096341254,0.07392,0.90132,0.02476,165,47,118
2013-12-18,16,16,8,0.27202499999999996,0.43556061025801374,0.07666666666666667,0.8807916666666666,0.04254166666666667,112,54,58
2013-12-19,9,9,4,0.2680461538461539,0.4213876629485101,0.06107692307692308,0.9023076923076924,0.03669230769230769,102,40,62
2013-12-20,12,12,9,0.32208095238095236,0.5744462440091639,0.07361904761904763,0.8467619047619047,0.07966666666666666,190,90,100
2013-12-21,1,1,1,0.0,0.0,0.0,1.0,0.0,0,0,0
2013-12-22,10,10,0,-0.08879999999999999,0.13564424057069285,0.0,0.9460000000000001,0.054000000000000006,3,2,1
2013-12-23,37,37,11,0.16585416666666666,0.3364581585912859,0.06610416666666667,0.9169583333333332,0.016958333333333336,134,38,96
2013-12-24,6,6,3,0.2796,0.4584775142917165,0.04655555555555556,0.9159999999999999,0.037333333333333336,46,19,27
2013-12-25,2,2,1,0.10606666666666666,0.1500009185157063,0.07433333333333333,0.9256666666666667,0.0,0,3,-3
2013-12-26,4,4,2,0.46153333333333335,0.5113813438999206,0.18933333333333335,0.7488333333333334,0.06183333333333333,76,36,40
2013-12-27,8,8,5,0.4197461538461539,0.447979097409663,0.1293846153846154,0.8157692307692308,0.05484615384615384,71,40,31
2013-12-28,1,1,0,0.0,0.0,0.0,1.0,0.0,1,0,1
2013-12-30,8,8,5,0.35006153846153854,0.5119829782904619,0.06846153846153845,0.8688461538461538,0.0626923076923077,86,40,46
2013-12-31,13,13,7,0.34409,0.5152552473289331,0.08020000000000001,0.8729500000000001,0.046900000000000004,84,58,26
2014-01-02,10,10,5,0.2740599999999999,0.5205218673600562,0.050066666666666676,0.8983333333333333,0.05166666666666666,72,32,40
2014-01-03,9,9,5,0.23755714285714288,0.544897079029328,0.037214285714285714,0.9027142857142857,0.060142857142857144,90,33,57
2014-01-04,1,1,1,0.0,0.0,0.0,1.0,0.0,0,0,0
2014-01-05,1,1,1,0.0,0.0,0.0,1.0,0.0,0,0,0
2014-01-06,13,13,8,0.2680095238095238,0.49198772139610875,0.06476190476190477,0.9138571428571429,0.021380952380952382,103,44,59
2014-01-07,20,20,10,0.3937366666666666,0.4250000976339757,0.10066666666666667,0.8906666666666667,0.0086,184,56,128
2014-01-08,16,16,7,0.3338565217391304,0.46590144771100045,0.11730434782608695,0.8326956521739127,0.049999999999999996,91,41,50
2014-01-09,14,14,8,0.31610454545454547,0.49478617831550853,0.08118181818181817,0.8801818181818182,0.03863636363636364,151,58,93
2014-01-10,13,13,6,0.40787894736842106,0.39254769013518714,0.09694736842105263,0.895736842105263,0.007473684210526316,83,50,33
2014-01-11,2,2,0,-0.043149999999999966,0.48355,0.163,0.694,0.143,0,0,0
2014-01-13,14,14,4,-0.028000000000000008,0.5783471842721771,0.04494444444444444,0.7871666666666667,0.16783333333333336,60,15,45
2014-01-14,17,17,8,0.16161599999999995,0.49615281249228044,0.06816,0.86052,0.0714,91,27,64
2014-01-15,25,25,12,0.33473513513513514,0.49052672308735595,0.08108108108108109,0.8852432432432433,0.03364864864864865,189,56,133
2014-01-16,17,17,9,0.24444615384615384,0.5147753910730755,0.07026923076923076,0.869076923076923,0.06073076923076924,173,58,115
2014-01-17,16,16,9,0.269628,0.5553066868100905,0.08443999999999999,0.82068,0.09487999999999999,100,75,25
2014-01-18,1,1,0,0.2023,0.0,0.205,0.795,0.0,3,0,3
2014-01-20,4,4,1,0.11842000000000001,0.4646381663186958,0.042800000000000005,0.9246000000000001,0.032600000000000004,12,5,7
2014-01-21,11,11,2,0.11168461538461538,0.26396592101182553,0.04907692307692307,0.9388461538461539,0.012153846153846152,21,7,14
2014-01-22,14,14,7,0.2665095238095238,0.4170756148238897,0.07842857142857143,0.9104761904761903,0.011095238095238096,59,12,47
2014-01-23,23,23,12,0.3664257142857143,0.45153189689124296,0.13185714285714287,0.8270285714285714,0.04105714285714286,225,127,98
2014-01-24,16,16,8,0.12903333333333333,0.4745806224681136,0.089375,0.8588333333333334,0.05175,132,59,73
2014-01-25,1,1,0,0.0,0.0,0.0,1.0,0.0,0,0,0
2014-01-26,1,1,0,-0.2382,0.0,0.136,0.659,0.205,1,0,1
2014-01-27,38,38,12,0.15367999999999998,0.4703324751704904,0.07516,0.8549599999999999,0.06985999999999999,180,122,58
2014-01-28,51,51,22,0.3309904109589041,0.44778622564863807,0.11391780821917807,0.8428356164383562,0.04323287671232877,340,227,113
2014-01-29,11,11,6,0.22598823529411766,0.32588805887975586,0.07805882352941176,0.895529411764706,0.026411764705882353,48,40,8
2014-01-30,9,9,3,0.21386666666666668,0.5800727114384502,0.11475,0.8138333333333333,0.07150000000000001,101,24,77
2014-01-31,6,6,6,0.3798166666666667,0.4635159073741579,0.05783333333333334,0.9316666666666668,0.010583333333333333,71,38,33
2014-02-03,8,8,7,0.26493333333333335,0.41320574482399874,0.05686666666666667,0.8984666666666666,0.04479999999999999,36,28,8
2014-02-04,14,14,8,0.30632272727272725,0.4637688441962304,0.07422727272727273,0.9033181818181819,0.0225,85,44,41
2014-02-05,8,8,4,0.25445000000000007,0.548851641308165,0.07225,0.8511666666666665,0.07658333333333334,52,17,35
2014-02-06,14,14,9,0.2533217391304348,0.5042650665607298,0.08591304347826087,0.873,0.04117391304347826,117,44,73
2014-02-07,22,22,12,0.2562117647058824,0.4724916250516454,0.10770588235294117,0.8387941176470588,0.05352941176470588,197,67,130
2014-02-09,3,3,1,0.19815,0.12346020613946829,0.09925,0.9007499999999999,0.0,0,0,0
2014-02-10,17,17,8,0.18424799999999997,0.5407112568608129,0.04636,0.86476,0.08888,146,63,83
2014-02-11,18,18,11,0.2539689655172414,0.3902842219004595,0.05272413793103448,0.9352068965517241,0.01206896551724138,146,75,71
2014-02-12,14,14,5,0.4094368421052631,0.342579613813423,0.14315789473684212,0.8431578947368421,0.013578947368421053,86,18,68
2014-02-13,12,12,8,0.37527999999999995,0.42365877731967266,0.0894,0.8935500000000001,0.017,87,44,43
2014-02-14,8,8,3,0.3622818181818182,0.40649542504007646,0.09181818181818181,0.9019090909090909,0.006363636363636364,66,25,41
2014-02-16,1,1,0,0.0,0.0,0.0,1.0,0.0,2,1,1
2014-02-17,2,2,2,0.183775,0.3183076371609704,0.00775,0.99225,0.0,0,0,0
2014-02-18,13,13,7,0.42742500000000005,0.43938535691918545,0.09899999999999999,0.8728,0.028249999999999997,90,45,45
2014-02-19,15,15,8,0.3827913043478261,0.4841009694475294,0.11482608695652174,0.8488695652173912,0.03639130434782609,122,43,79
2014-02-20,10,10,2,0.14406666666666668,0.3209400601704658,0.0705,0.9122499999999999,0.017249999999999998,18,6,12
2014-02-21,8,8,4,0.25264166666666665,0.42612736253052586,0.06308333333333334,0.9141666666666667,0.022833333333333334,38,9,29
2014-02-22,4,4,0,0.16635000000000003,0.34425000000000006,0.27625,0.60525,0.1185,8,4,4
2014-02-23,1,1,0,0.0,0.0,0.0,1.0,0.0,4,2,2
2014-02-24,18,18,11,0.3104344827586207,0.500401227482619,0.06286206896551724,0.9208275862068965,0.01624137931034483,152,73,79
2014-02-25,10,10,6,0.438075,0.4128189426068043,0.09912499999999999,0.8965624999999999,0.0043124999999999995,76,22,54
2014-02-26,13,13,8,0.37229999999999996,0.4760249073115318,0.08671428571428572,0.8690476190476191,0.04419047619047619,110,47,63
2014-02-27,11,11,6,0.34404117647058824,0.41342380058812966,0.06882352941176471,0.9168235294117646,0.014470588235294117,117,54,63
2014-02-28,12,12,6,0.25684999999999997,0.4753420455606445,0.08722222222222224,0.8493888888888887,0.06349999999999999,119,58,61
2014-03-03,13,13,4,0.11461176470588234,0.3418182315076296,0.06382352941176471,0.9175294117647059,0.018647058823529412,18,4,14
2014-03-04,14,14,6,0.27805,0.5000852472329093,0.050649999999999994,0.91275,0.03665,203,79,124
2014-03-05,14,14,7,0.39719523809523816,0.39676030004476254,0.11285714285714284,0.8711428571428572,0.016095238095238096,108,38,70
2014-03-06,17,17,9,0.23891153846153845,0.5277813069290983,0.06288461538461539,0.8754230769230769,0.06161538461538463,167,66,101
2014-03-07,10,10,9,0.4229263157894737,0.4652192361978725,0.07636842105263159,0.8996842105263159,0.02394736842105263,143,56,87
2014-03-10,6,6,4,0.37751,0.40346695143468686,0.095,0.8899999999999999,0.014900000000000002,40,8,32
2014-03-11,8,8,4,0.3232416666666667,0.4192063820648356,0.07083333333333333,0.9209166666666667,0.008333333333333333,42,9,33
2014-03-12,12,12,6,0.33460555555555554,0.45734134404089893,0.06322222222222222,0.9148888888888889,0.021888888888888885,135,57,78
2014-03-13,16,16,12,0.43982499999999997,0.5111209114883819,0.10875000000000001,0.8546785714285715,0.03646428571428572,233,141,92
2014-03-14,12,12,9,0.24107619047619047,0.5369197473993597,0.08757142857142856,0.8714285714285714,0.041,97,41,56
2014-03-16,1,1,0,0.0,0.0,0.0,1.0,0.0,0,0,0
2014-03-17,10,10,5,0.2935466666666667,0.36083549135613346,0.0604,0.9232666666666667,0.01633333333333333,41,43,-2
2014-03-18,13,13,7,0.33564000000000005,0.4074140245499656,0.07970000000000001,0.913,0.007299999999999999,84,45,39
2014-03-19,11,11,7,0.4153833333333334,0.4991620625831076,0.0948888888888889,0.86,0.04511111111111111,104,51,53
2014-03-20,12,12,6,0.38303333333333334,0.4633193343208932,0.0766111111111111,0.8855,0.03788888888888889,98,69,29
2014-03-21,6,6,3,0.28555555555555556,0.5444916693804336,0.08444444444444443,0.8526666666666667,0.063,63,16,47
2014-03-23,3,3,0,0.19733333333333333,0.13953573815414538,0.13733333333333334,0.8626666666666667,0.0,2,0,2
2014-03-24,26,26,15,0.33253414634146344,0.47866425557559106,0.08531707317073171,0.8818048780487804,0.032902439024390245,167,130,37
2014-03-25,13,13,8,0.3728952380952381,0.5056478837672286,0.06476190476190477,0.9025238095238095,0.032857142857142856,124,51,73
2014-03-26,8,8,5,0.3438076923076923,0.5025603973829926,0.06638461538461539,0.8786923076923077,0.055,86,83,3
2014-03-27,8,8,6,0.3853785714285714,0.4765282680545846,0.10757142857142857,0.8526428571428573,0.03985714285714286,132,104,28
2014-03-28,21,21,9,0.14289333333333334,0.5811798212448728,0.06696666666666667,0.8448333333333333,0.08816666666666667,155,80,75
2014-03-30,1,1,0,0.0,0.0,0.0,1.0,0.0,0,0,0
2014-03-31,9,9,4,0.21356153846153847,0.621523340162591,0.08107692307692307,0.8200000000000002,0.09892307692307695,64,24,40
2014-04-01,21,21,9,0.31173666666666666,0.38094698798593435,0.09573333333333335,0.8835000000000001,0.020733333333333333,149,51,98
2014-04-02,21,21,5,0.2688615384615385,0.4456226120461841,0.08961538461538462,0.8840769230769231,0.026269230769230767,194,67,127
2014-04-03,9,9,3,0.25111666666666665,0.3562651887600334,0.08650000000000001,0.8999166666666668,0.0135,37,13,24
2014-04-04,17,17,11,0.2716571428571429,0.5213663912044495,0.048999999999999995,0.9080357142857142,0.043,195,111,84
2014-04-06,1,1,0,0.1779,0.0,0.195,0.805,0.0,2,0,2
2014-04-07,9,9,6,0.33596666666666675,0.5083675398327037,0.07566666666666667,0.8572666666666664,0.06713333333333332,75,55,20
2014-04-08,14,14,5,0.36405789473684214,0.4083295499777619,0.1163157894736842,0.865736842105263,0.01794736842105263,89,40,49
2014-04-09,13,13,4,0.23299411764705882,0.42522464439480934,0.07352941176470588,0.8682941176470588,0.058176470588235295,53,21,32
2014-04-10,13,13,10,0.42085652173913035,0.47288038640735697,0.0727391304347826,0.9076521739130435,0.019608695652173914,112,54,58
2014-04-11,14,14,9,0.2623869565217391,0.4310054143757036,0.06847826086956521,0.9072173913043479,0.024304347826086953,115,57,58
2014-04-14,7,7,4,0.36786363636363634,0.419022449545535,0.09418181818181819,0.877090909090909,0.028727272727272726,37,13,24
2014-04-15,13,13,6,0.2676421052631579,0.3998798863287633,0.06736842105263158,0.9033684210526317,0.02921052631578947,51,14,37
2014-04-16,18,18,9,0.2602111111111111,0.35486653864081574,0.09196296296296297,0.9033703703703705,0.004666666666666667,62,7,55
2014-04-17,10,10,8,0.3326888888888889,0.4646388679978473,0.07977777777777778,0.9120555555555554,0.00827777777777778,118,42,76
2014-04-20,1,1,0,0.128,0.0,0.143,0.857,0.0,0,0,0
2014-04-21,13,13,5,0.15572222222222223,0.44762870223180323,0.06994444444444443,0.875,0.0548888888888889,71,27,44
2014-04-22,18,18,11,0.28283448275862066,0.405193321485506,0.060172413793103445,0.9336206896551725,0.006172413793103448,115,42,73
2014-04-23,43,43,10,0.15869245283018868,0.41850347030821783,0.10277358490566038,0.8469433962264149,0.050377358490566036,151,60,91
2014-04-24,71,71,28,0.2527151515151515,0.4695061121714937,0.08284848484848482,0.8602020202020202,0.05694949494949495,519,243,276
2014-04-25,25,25,10,0.15668285714285712,0.5462911701311539,0.07142857142857142,0.8384285714285715,0.09011428571428572,186,87,99
2014-04-27,1,1,0,0.2732,0.0,0.189,0.811,0.0,1,2,-1
2014-04-28,19,19,7,0.20198461538461537,0.44262743640179075,0.04180769230769232,0.9136923076923077,0.0445,118,72,46
2014-04-29,30,30,11,0.20449756097560975,0.3477803382202446,0.04778048780487804,0.9399024390243903,0.012390243902439025,133,68,65
2014-04-30,11,11,10,0.4831619047619047,0.45589591280319414,0.07361904761904761,0.9149523809523809,0.011428571428571429,139,51,88
2014-05-01,8,8,5,0.47995384615384606,0.42204023981567046,0.1163076923076923,0.8493076923076923,0.03453846153846154,98,55,43
2014-05-02,17,17,7,0.35455,0.4481180415545291,0.138875,0.8315,0.02954166666666667,142,65,77
2014-05-03,2,2,1,-0.03423333333333333,0.04841324428523896,0.0,0.9503333333333334,0.049666666666666665,0,0,0
2014-05-05,22,22,7,0.06891379310344828,0.4825617685845051,0.07262068965517242,0.8490000000000001,0.07841379310344829,85,51,34
2014-05-06,11,11,5,0.3994,0.43604780701202933,0.13043749999999998,0.832125,0.0373125,66,28,38
2014-05-07,13,13,8,0.3251904761904762,0.514932894291657,0.08695238095238096,0.8654285714285714,0.04766666666666666,125,73,52
2014-05-08,17,17,9,0.25983076923076925,0.40363031426258855,0.07553846153846154,0.8939230769230768,0.030576923076923074,138,62,76
2014-05-09,37,37,14,0.2719549019607843,0.4439490583361332,0.07933333333333333,0.8851176470588235,0.03552941176470588,265,112,153
2014-05-10,1,1,0,0.0,0.0,0.0,1.0,0.0,3,0,3
2014-05-12,10,10,4,0.30656428571428573,0.42479896187514876,0.0752142857142857,0.8888571428571429,0.036,85,35,50
2014-05-13,9,9,7,0.5174812500000001,0.386716412922231,0.1264375,0.8652500000000001,0.008375,101,20,81
2014-05-14,12,12,8,0.43025,0.3758417293223306,0.11034999999999999,0.88085,0.0087,107,63,44
2014-05-15,10,10,7,0.23115294117647056,0.3664734692550336,0.04211764705882353,0.951764705882353,0.005999999999999999,45,17,28
2014-05-16,20,20,8,0.1867714285714286,0.4076745707206238,0.06678571428571428,0.8629285714285713,0.07035714285714287,113,63,50
2014-05-17,2,2,0,0.1779,0.0,0.175,0.825,0.0,0,4,-4
2014-05-18,2,2,0,-0.1806,0.1806,0.0,0.8915,0.1085,3,0,3
2014-05-19,14,14,6,0.183695,0.3738923300563947,0.08820000000000001,0.8760999999999999,0.03565,66,41,25
2014-05-20,20,20,9,0.27412758620689653,0.4466367596840526,0.07451724137931033,0.9063793103448275,0.019068965517241382,124,38,86
2014-05-21,19,19,10,0.31057241379310346,0.3537205549061846,0.11358620689655174,0.8700689655172413,0.016344827586206895,71,22,49
2014-05-22,9,9,6,0.36386666666666667,0.4931256265451588,0.07513333333333333,0.8812666666666668,0.043666666666666666,74,48,26
2014-05-23,11,11,4,0.21347333333333335,0.42069121449770686,0.06986666666666667,0.8708000000000002,0.059333333333333335,56,26,30
2014-05-25,3,3,1,0.17035,0.49607834814674184,0.07550000000000001,0.82425,0.1,43,31,12
2014-05-26,3,3,2,0.0,0.0,0.0,1.0,0.0,2,0,2
2014-05-27,22,22,14,0.3978166666666667,0.4531684697156726,0.09949999999999999,0.8822500000000001,0.018166666666666664,240,82,158
2014-05-28,23,23,7,0.20098333333333332,0.5009098462353835,0.0791,0.8504666666666666,0.07043333333333333,117,44,73
2014-05-29,23,23,9,0.197184375,0.45409963190181,0.08184374999999999,0.864375,0.0538125,155,82,73
2014-05-30,11,11,4,0.18584000000000006,0.41048311991278447,0.07273333333333333,0.8883333333333333,0.038933333333333334,41,35,6
2014-06-02,27,27,11,0.19173421052631578,0.36551777138473174,0.03094736842105263,0.9553947368421053,0.01368421052631579,108,54,54
2014-06-03,13,13,6,0.3332894736842105,0.4941896704864565,0.13426315789473686,0.8432105263157895,0.022526315789473682,119,55,64
2014-06-04,11,11,3,0.09440000000000001,0.5711312721257698,0.09292857142857143,0.7857857142857144,0.12135714285714286,33,6,27
2014-06-05,16,16,12,0.4428142857142857,0.4617657698709269,0.07271428571428572,0.9130357142857143,0.014285714285714287,244,94,150
2014-06-06,17,17,9,0.36645384615384613,0.44431563125498386,0.10280769230769231,0.8726153846153847,0.024576923076923076,143,44,99
2014-06-08,1,1,0,0.4019,0.0,0.213,0.787,0.0,0,0,0
2014-06-09,19,19,11,0.27563333333333334,0.38510218499625376,0.05806666666666667,0.9228666666666668,0.01906666666666667,89,40,49
2014-06-10,21,21,10,0.3399935483870968,0.4930641042766332,0.09661290322580644,0.8539032258064517,0.04954838709677419,142,45,97
2014-06-11,25,25,9,0.1953029411764706,0.43991469125227534,0.055117647058823535,0.9175588235294118,0.027294117647058826,75,28,47
2014-06-12,8,8,7,0.50552,0.4129663831354799,0.11886666666666666,0.8640666666666666,0.017133333333333334,90,26,64
2014-06-13,7,7,5,0.405275,0.5147115375382604,0.05249999999999999,0.9111666666666666,0.036333333333333336,69,33,36
2014-06-14,1,1,1,0.0,0.0,0.0,1.0,0.0,0,0,0
2014-06-16,7,7,4,0.45861818181818187,0.44930729071271847,0.07881818181818183,0.9083636363636363,0.012727272727272728,63,34,29
2014-06-17,22,22,10,0.28584062500000007,0.4437141766239945,0.071875,0.89721875,0.030968750000000003,99,51,48
2014-06-18,9,9,7,0.36640625,0.48004122019461776,0.07468749999999999,0.8891249999999999,0.03625,103,72,31
2014-06-19,20,20,10,0.23686666666666667,0.45159383398014735,0.05286666666666666,0.9231,0.024033333333333337,95,61,34
2014-06-20,17,17,12,0.3605586206896552,0.49170303311095337,0.06879310344827587,0.899,0.03220689655172414,225,77,148
2014-06-23,18,18,9,0.4383333333333333,0.44633304539033114,0.09870370370370371,0.8798888888888888,0.021407407407407406,133,45,88
2014-06-24,13,13,6,0.0894894736842105,0.4163724596468342,0.05947368421052631,0.8933157894736842,0.04721052631578947,48,13,35
2014-06-25,14,14,8,0.31258636363636366,0.4133554251988504,0.05795454545454545,0.9411363636363635,0.0009545454545454546,87,15,72
2014-06-26,14,14,10,0.41929583333333337,0.4498517880731818,0.09029166666666666,0.8810416666666665,0.02866666666666667,80,37,43
2014-06-27,15,15,13,0.41478571428571426,0.45462853966907163,0.08046428571428572,0.8923928571428571,0.027214285714285715,146,54,92
2014-06-29,3,3,0,0.4605333333333333,0.32564624296244465,0.2773333333333333,0.7226666666666667,0.0,0,0,0
2014-06-30,18,18,10,0.3885535714285714,0.4488587778881515,0.08432142857142857,0.896392857142857,0.019285714285714288,142,65,77
2014-07-01,13,13,9,0.3696090909090909,0.45818425522439893,0.07200000000000001,0.9137727272727273,0.014181818181818183,116,38,78
2014-07-02,14,14,9,0.46880869565217376,0.3940032806231148,0.1251304347826087,0.8597391304347825,0.01517391304347826,262,90,172
2014-07-03,17,17,11,0.2971392857142857,0.4639029026633588,0.05446428571428571,0.9162142857142858,0.02939285714285714,183,92,91
2014-07-04,4,4,1,0.23092000000000001,0.36910170630870837,0.0448,0.9526,0.0028,2,1,1
2014-07-06,2,2,1,0.0,0.0,0.0,1.0,0.0,0,0,0
2014-07-07,14,14,9,0.42926956521739135,0.467057774505358,0.09213043478260868,0.8829999999999999,0.024869565217391306,125,39,86
2014-07-08,13,13,6,0.23870526315789475,0.4442910538133926,0.08415789473684211,0.8809473684210526,0.03489473684210526,65,19,46
2014-07-09,20,20,9,0.24374137931034484,0.4569586886309734,0.07993103448275862,0.8668965517241377,0.05317241379310345,70,42,28
2014-07-10,12,12,7,0.30633684210526313,0.4900853246984289,0.05978947368421053,0.8996842105263159,0.04052631578947369,86,51,35
2014-07-11,20,20,14,0.3721441176470588,0.40419064022051343,0.08838235294117647,0.8901176470588235,0.021411764705882352,78,37,41
2014-07-12,2,2,0,-0.25,0.0,0.16799999999999998,0.594,0.238,0,0,0
2014-07-14,13,13,9,0.4848909090909091,0.4177131158942495,0.12163636363636364,0.8561818181818182,0.022136363636363635,134,49,85
2014-07-15,18,18,8,0.3558230769230769,0.4382867495739188,0.09034615384615385,0.8820769230769231,0.02757692307692308,214,87,127
2014-07-16,24,24,12,0.2822611111111111,0.4406056048703986,0.10202777777777777,0.8564999999999999,0.0415,142,72,70
2014-07-17,19,19,11,0.35995666666666665,0.46660094705099864,0.09163333333333333,0.8698333333333335,0.0385,220,102,118
2014-07-18,13,13,7,0.20284999999999992,0.5100730580024788,0.06764999999999999,0.9025999999999998,0.02975,78,32,46
2014-07-20,1,1,0,0.0,0.0,0.0,1.0,0.0,1,0,1
2014-07-21,15,15,7,0.32906363636363634,0.4756768025622731,0.08445454545454546,0.8792727272727273,0.03631818181818181,119,44,75
2014-07-22,35,35,14,0.20319183673469388,0.5198417388039833,0.07475510204081633,0.8481632653061225,0.07710204081632653,203,89,114
2014-07-23,32,32,16,0.24429374999999998,0.39755938152172626,0.08860416666666666,0.8918958333333333,0.0195,189,108,81
2014-07-24,23,23,5,0.11312142857142858,0.43697437351891116,0.05128571428571428,0.8934642857142857,0.05525000000000001,57,32,25
2014-07-25,22,22,14,0.25713055555555553,0.4550207918445073,0.07969444444444444,0.8742222222222222,0.04608333333333334,179,92,87
2014-07-28,10,10,7,0.40221764705882357,0.44115497641757717,0.1008235294117647,0.8597058823529412,0.03947058823529411,76,30,46
2014-07-29,13,13,8,0.30726190476190474,0.44903350758011945,0.08019047619047617,0.8995238095238094,0.02028571428571429,86,15,71
2014-07-30,11,11,5,0.413975,0.42405433540408477,0.10099999999999999,0.8679375,0.0310625,136,49,87
2014-07-31,13,13,10,0.4878217391304348,0.44461455017021473,0.11234782608695652,0.8515652173913043,0.03617391304347826,172,41,131
2014-08-01,12,12,8,0.445515,0.4344034832675723,0.1015,0.8886000000000001,0.0099,63,47,16
2014-08-02,1,1,1,0.4963,0.4963,0.0575,0.9055,0.037,20,11,9
2014-08-03,2,2,2,-0.25827500000000003,0.5730630435432038,0.02675,0.82825,0.145,16,13,3
2014-08-04,10,10,10,0.39502000000000004,0.5033232496120164,0.0632,0.91585,0.021050000000000003,132,55,77
2014-08-05,18,18,10,0.33201785714285714,0.45093620237201393,0.09692857142857143,0.8654642857142856,0.03760714285714286,131,42,89
2014-08-06,21,21,16,0.3180837837837838,0.524309867382192,0.0884864864864865,0.8628378378378379,0.04872972972972974,183,74,109
2014-08-07,21,21,14,0.4309914285714285,0.3992174998822633,0.1016857142857143,0.8772571428571428,0.02105714285714286,150,72,78
2014-08-08,13,13,6,0.12803684210526317,0.5359973725490652,0.053789473684210526,0.8428947368421053,0.10331578947368421,68,44,24
2014-08-09,5,5,5,0.16573,0.5251132107460257,0.06839999999999999,0.8836999999999999,0.0479,53,38,15
2014-08-10,9,9,9,0.45642777777777777,0.4904388259570941,0.10188888888888889,0.8520555555555556,0.04605555555555555,117,68,49
2014-08-11,22,22,14,0.4155,0.4622542530301311,0.10491666666666667,0.8519166666666665,0.04319444444444445,199,101,98
2014-08-12,25,25,11,0.28113055555555555,0.4208548673166746,0.08555555555555555,0.8853888888888889,0.029055555555555557,126,47,79
2014-08-13,6,6,6,0.43144166666666667,0.4856772633109586,0.09166666666666666,0.8699166666666668,0.03858333333333333,92,54,38
2014-08-14,17,17,16,0.32934242424242427,0.5685201113312197,0.08775757575757576,0.8772424242424242,0.035121212121212116,241,155,86
2014-08-15,24,24,18,0.2779,0.46238600190955687,0.07728571428571429,0.878547619047619,0.04416666666666667,250,102,148
2014-08-16,11,11,5,0.26368125,0.5258494321318959,0.08825,0.8440624999999999,0.06762499999999999,59,44,15
2014-08-17,5,5,5,0.45292000000000004,0.521798213488701,0.1058,0.8348000000000001,0.0595,77,35,42
2014-08-18,9,9,9,0.5709666666666666,0.4478576175031028,0.0976111111111111,0.8840555555555556,0.018333333333333333,116,53,63
2014-08-19,22,22,21,0.4665441860465116,0.5367792757160907,0.11858139534883722,0.8296511627906976,0.05174418604651162,331,139,192
2014-08-20,33,33,21,0.3123851851851852,0.47674628022297894,0.07964814814814815,0.8831851851851853,0.03716666666666667,294,135,159
2014-08-21,18,18,15,0.4397121212121212,0.469364867284456,0.08009090909090909,0.8870909090909092,0.03284848484848485,243,116,127
2014-08-22,22,22,18,0.4196225,0.5193216760773134,0.10647500000000001,0.8562000000000001,0.03735,279,153,126
2014-08-23,14,14,9,0.35287391304347826,0.44060635908631274,0.09308695652173914,0.8807826086956522,0.026130434782608694,88,38,50
2014-08-24,5,5,5,0.43083,0.6089605685920888,0.16870000000000002,0.7535,0.0777,73,35,38
2014-08-25,21,21,17,0.45527368421052633,0.47290107271038956,0.06710526315789474,0.9103684210526316,0.0225,276,136,140
2014-08-26,18,18,16,0.40146470588235295,0.4833122239434347,0.08252941176470588,0.8862058823529412,0.031264705882352944,287,136,151
2014-08-27,33,33,26,0.33546271186440685,0.5313991904647052,0.06566101694915254,0.8897457627118643,0.044559322033898306,492,220,272
2014-08-28,31,31,23,0.37016111111111116,0.4569991544755395,0.08381481481481481,0.8832777777777777,0.03283333333333333,308,163,145
2014-08-29,23,23,13,0.27501666666666663,0.5279985150968178,0.04513888888888889,0.9151111111111112,0.03980555555555556,148,46,102
2014-08-30,11,11,6,0.1756705882352941,0.5326217637804478,0.04405882352941176,0.9311176470588236,0.024941176470588237,80,56,24
2014-08-31,8,8,8,0.45999999999999996,0.49444898119017294,0.0988125,0.8400624999999999,0.061125,123,59,64
2014-09-01,13,13,11,0.09191250000000001,0.624080158655187,0.05425,0.8464583333333332,0.09924999999999999,132,88,44
2014-09-02,25,25,20,0.2727511111111111,0.5695650573014162,0.08775555555555556,0.8625777777777777,0.049600000000000005,257,143,114
2014-09-03,43,43,29,0.41805555555555557,0.4776442039056806,0.10691666666666666,0.8574722222222222,0.035625,413,205,208
2014-09-04,48,48,27,0.318516,0.5317988311482704,0.10677333333333335,0.8439599999999999,0.04936,502,257,245
2014-09-05,33,33,20,0.27770188679245283,0.5300166745296405,0.06615094339622642,0.8860754716981133,0.04775471698113207,302,109,193
2014-09-06,25,25,10,0.30770857142857144,0.5692487442091317,0.13617142857142855,0.788342857142857,0.07540000000000001,155,75,80
2014-09-07,19,19,15,0.4481117647058823,0.5067857406443231,0.10864705882352942,0.8349117647058824,0.05647058823529411,254,175,79
2014-09-08,29,29,20,0.39872653061224494,0.5304586078123806,0.1096530612244898,0.8276326530612244,0.06271428571428572,307,151,156
2014-09-09,73,73,38,0.24822252252252253,0.4787851435005896,0.08807207207207207,0.8543243243243243,0.057540540540540544,454,242,212
2014-09-10,99,99,30,0.2919953488372093,0.4362934294342673,0.10949612403100775,0.8313875968992248,0.05913953488372093,510,243,267
2014-09-11,76,76,18,0.13303085106382975,0.4761612696203984,0.10606382978723403,0.8139787234042555,0.07991489361702128,291,173,118
2014-09-12,40,40,16,0.36897857142857143,0.44542523451283755,0.12514285714285714,0.8162142857142857,0.05867857142857143,321,130,191
2014-09-13,14,14,5,0.2928157894736842,0.5170978837025345,0.11942105263157893,0.8045789473684211,0.07584210526315789,74,36,38
2014-09-14,12,12,12,0.37568333333333337,0.6269060726208424,0.09375,0.820625,0.0855,163,98,65
2014-09-15,18,18,17,0.44640857142857143,0.48131893042313795,0.06734285714285715,0.9051714285714285,0.027542857142857143,216,85,131
2014-09-16,38,38,21,0.34404915254237295,0.48744032937650084,0.09210169491525425,0.8513559322033899,0.05659322033898305,350,155,195
2014-09-17,32,32,18,0.33897,0.42635983640582287,0.08828,0.8849799999999999,0.026680000000000002,222,77,145
2014-09-18,44,44,20,0.293403125,0.4953040789406386,0.08584375,0.866515625,0.047671875,306,124,182
2014-09-19,41,41,19,0.22293333333333332,0.44938163946570947,0.05006666666666666,0.9124,0.03751666666666667,177,91,86
2014-09-20,24,24,5,0.0890310344827586,0.4931766712212378,0.105,0.7858275862068966,0.10917241379310347,62,30,32
2014-09-21,11,11,11,0.4668909090909091,0.526069597805782,0.11440909090909092,0.8524090909090909,0.033318181818181816,164,57,107
2014-09-22,29,29,26,0.45276727272727274,0.4868153411546016,0.08714545454545457,0.8793818181818182,0.03345454545454546,356,158,198
2014-09-23,33,33,14,0.3165021276595744,0.46020649365690586,0.0888936170212766,0.8915957446808511,0.019425531914893615,235,95,140
2014-09-24,25,25,17,0.3534238095238095,0.4847069339446868,0.09157142857142857,0.8808095238095238,0.02764285714285714,234,76,158
2014-09-25,35,35,22,0.36760526315789477,0.4583206834953749,0.08064912280701754,0.8932280701754386,0.026122807017543857,273,163,110
2014-09-26,34,34,17,0.3308509803921569,0.4896569532956757,0.11268627450980392,0.8494705882352941,0.03786274509803922,207,97,110
2014-09-27,14,14,6,0.33301000000000003,0.45237071401672324,0.0948,0.8746499999999999,0.030449999999999998,94,38,56
2014-09-28,6,6,6,0.5507166666666666,0.4499800048026826,0.13283333333333333,0.814,0.053166666666666675,73,35,38
2014-09-29,18,18,14,0.38331875000000004,0.5110703158797598,0.08196875,0.8780625,0.03996875,197,88,109
2014-09-30,52,52,29,0.32539506172839505,0.5023032601534642,0.10227160493827162,0.8552716049382716,0.04245679012345679,412,219,193
2014-10-01,44,44,21,0.3295584615384616,0.4555270519341162,0.11696923076923077,0.8456615384615385,0.0374,293,157,136
2014-10-02,31,31,16,0.27988936170212764,0.4527960577200586,0.09495744680851062,0.8573829787234043,0.04765957446808511,183,75,108
2014-10-03,21,21,13,0.34695000000000004,0.5255488398695551,0.0815,0.8638235294117648,0.05470588235294118,242,120,122
2014-10-04,9,9,6,0.35860666666666663,0.5258226868018872,0.06306666666666666,0.8830000000000001,0.05386666666666667,106,51,55
2014-10-05,7,7,6,0.5170846153846154,0.48269827627324263,0.11976923076923077,0.8399230769230768,0.04038461538461539,115,40,75
2014-10-06,26,26,25,0.4641607843137254,0.46008837134024816,0.08788235294117645,0.88678431372549,0.025274509803921572,341,152,189
2014-10-07,32,32,20,0.32725384615384623,0.5111603923583833,0.09923076923076923,0.8566346153846154,0.04423076923076923,271,101,170
2014-10-08,22,22,15,0.3532108108108108,0.4490509618847429,0.09427027027027025,0.8696756756756758,0.036,310,121,189
2014-10-09,36,36,17,0.32493962264150955,0.47460108585442284,0.10379245283018868,0.8543584905660377,0.04186792452830189,295,154,141
2014-10-10,45,45,20,0.40012153846153853,0.4484582476037061,0.13898461538461537,0.8185230769230769,0.04255384615384616,324,190,134
2014-10-11,11,11,7,0.20963333333333337,0.5167208369451859,0.10333333333333333,0.8170555555555556,0.07972222222222222,95,53,42
2014-10-12,2,2,2,0.4335,0.5079185416973868,0.147,0.7505000000000001,0.10225000000000001,23,6,17
2014-10-13,26,26,26,0.35109807692307693,0.569982157106149,0.08,0.8816730769230768,0.03832692307692308,345,168,177
2014-10-14,23,23,22,0.3907911111111111,0.515449837551724,0.07066666666666667,0.8850444444444444,0.04437777777777777,267,111,156
2014-10-15,32,32,21,0.3394245283018868,0.4941349234833635,0.0879245283018868,0.8503962264150943,0.06162264150943397,267,142,125
2014-10-16,34,34,24,0.16396379310344827,0.47298163363710666,0.0686896551724138,0.8882586206896551,0.043051724137931034,217,126,91
2014-10-17,47,47,15,0.29859193548387103,0.44351422688690906,0.08856451612903225,0.862758064516129,0.04870967741935485,256,122,134
2014-10-18,5,5,3,0.347325,0.6112909142748647,0.0965,0.8049999999999999,0.09837499999999999,49,14,35
2014-10-19,5,5,4,0.41713333333333336,0.5636478411995285,0.09277777777777779,0.8305555555555555,0.07655555555555556,75,16,59
2014-10-20,33,33,23,0.3817535714285714,0.45893520432949925,0.09432142857142857,0.8682857142857143,0.03735714285714286,354,150,204
2014-10-21,66,66,28,0.2878808510638299,0.4853342759589026,0.10182978723404258,0.828627659574468,0.06957446808510638,470,251,219
2014-10-22,50,50,25,0.39887466666666666,0.4399445759315093,0.12606666666666666,0.8368800000000001,0.03709333333333333,444,182,262
2014-10-23,36,36,15,0.3952921568627451,0.4206588603622065,0.12409803921568628,0.8430588235294116,0.0327843137254902,293,115,178
2014-10-24,23,23,11,0.31781176470588235,0.4607611003831569,0.12126470588235294,0.8327058823529412,0.04591176470588235,137,73,64
2014-10-25,11,11,4,0.20781333333333332,0.49594280700724175,0.07193333333333334,0.9079333333333335,0.0202,66,27,39
2014-10-26,4,4,4,0.3979875,0.633557565335424,0.09025,0.8247500000000001,0.08487499999999999,49,21,28
2014-10-27,34,34,28,0.4066741935483871,0.5345340125982159,0.0827258064516129,0.8482903225806452,0.06895161290322581,502,216,286
2014-10-28,50,50,31,0.31796296296296295,0.5192007248669169,0.09069135802469136,0.8454814814814816,0.06376543209876544,453,181,272
2014-10-29,39,39,21,0.2548033333333333,0.5417184090055973,0.1044,0.8069666666666666,0.08863333333333333,373,221,152
2014-10-30,33,33,21,0.27090185185185184,0.43983390277877366,0.10433333333333333,0.852037037037037,0.04359259259259259,228,81,147
2014-10-31,33,33,18,0.29568431372549014,0.4581481250205256,0.0743921568627451,0.8858431372549019,0.0398235294117647,163,103,60
2014-11-01,5,5,3,0.47525,0.43735277237031434,0.107875,0.8548749999999999,0.03725,65,17,48
2014-11-02,3,3,3,0.5995,0.3978184342971887,0.12416666666666666,0.8141666666666666,0.061666666666666675,41,28,13
2014-11-03,25,25,23,0.3973625,0.5460082087390415,0.10108333333333334,0.8460208333333332,0.05291666666666667,365,173,192
2014-11-04,33,33,19,0.3623923076923078,0.4696619364566529,0.1140576923076923,0.847423076923077,0.03848076923076923,303,150,153
2014-11-05,22,22,15,0.34664054054054055,0.5290863882149137,0.09086486486486486,0.8731081081081081,0.03597297297297297,225,82,143
2014-11-06,27,27,20,0.329968085106383,0.5008624494177606,0.0836595744680851,0.8999148936170213,0.01648936170212766,292,95,197
2014-11-07,28,28,18,0.3476413043478261,0.44293930518363295,0.08291304347826087,0.8850217391304349,0.03210869565217391,250,74,176
2014-11-08,13,13,5,-0.12824444444444444,0.5504311110617671,0.09194444444444444,0.8002777777777778,0.10783333333333334,27,22,5
2014-11-09,4,4,4,0.5707125,0.3741425110753254,0.11925000000000001,0.853375,0.027375,44,10,34
2014-11-10,13,13,12,0.5413640000000001,0.43392070969705976,0.13256,0.8338,0.03368,194,69,125
2014-11-11,31,31,24,0.3094199999999999,0.5432305545697718,0.08518181818181818,0.8646,0.0502,239,129,110
2014-11-12,27,27,19,0.34901304347826095,0.48946091179755485,0.08139130434782609,0.8777391304347827,0.040891304347826084,331,141,190
2014-11-13,20,20,12,0.404090625,0.4726419101440427,0.1039375,0.85546875,0.04065625,224,116,108
2014-11-14,24,24,14,0.28146578947368417,0.4997905957689817,0.06036842105263158,0.8932368421052631,0.046394736842105266,155,73,82
2014-11-15,3,3,1,0.325675,0.4697271621643781,0.131,0.796,0.07300000000000001,12,10,2
2014-11-16,3,3,3,0.49165,0.5549427380369979,0.115,0.8283333333333335,0.05683333333333334,39,23,16
2014-11-17,24,24,18,0.35409761904761905,0.44064026332258577,0.07128571428571429,0.9057380952380953,0.022952380952380953,254,88,166
2014-11-18,22,22,10,0.096334375,0.4096709148888402,0.06390625,0.9105624999999999,0.02553125,70,33,37
2014-11-19,26,26,16,0.2130833333333333,0.49601066708799657,0.05552380952380952,0.9057619047619048,0.03859523809523809,198,85,113
2014-11-20,34,34,22,0.44236250000000005,0.42683157625298423,0.11446428571428571,0.8537678571428572,0.03173214285714286,303,146,157
2014-11-21,29,29,16,0.46550222222222226,0.42295974354745436,0.11613333333333331,0.8645555555555556,0.01937777777777778,294,142,152
2014-11-22,19,19,7,0.2547576923076923,0.5409480582011527,0.10642307692307693,0.8396923076923077,0.05392307692307693,146,77,69
2014-11-23,5,5,4,0.1532777777777778,0.6093051448216836,0.05422222222222222,0.8755555555555556,0.07011111111111111,54,39,15
2014-11-24,25,25,23,0.3817520833333334,0.467246981883236,0.07535416666666667,0.8959374999999999,0.028729166666666667,309,131,178
2014-11-25,28,28,22,0.356076,0.45170090350142095,0.08129999999999998,0.8935200000000001,0.02518,247,123,124
2014-11-26,25,25,12,0.2696135135135135,0.42858814865641853,0.051297297297297303,0.9281621621621621,0.020567567567567564,155,72,83
2014-11-27,10,10,5,0.05056666666666666,0.2718519588959321,0.007933333333333332,0.9711333333333333,0.020866666666666665,6,15,-9
2014-11-28,17,17,12,0.3850206896551724,0.5284217133674061,0.07272413793103448,0.9090344827586206,0.018241379310344825,181,92,89
2014-11-29,11,11,2,0.12330769230769231,0.3791081872409722,0.027153846153846153,0.9417692307692307,0.031076923076923075,29,32,-3
2014-11-30,2,2,1,0.4465666666666667,0.41502398591995726,0.13566666666666669,0.8416666666666667,0.023000000000000003,23,32,-9
2014-12-01,18,18,13,0.16143870967741936,0.4986945206769108,0.04025806451612903,0.8977096774193548,0.06203225806451612,107,65,42
2014-12-02,30,30,18,0.2705625,0.41757722869797786,0.056499999999999995,0.9221875,0.0213125,187,107,80
2014-12-03,45,45,17,0.23747419354838706,0.4080623181121473,0.04556451612903226,0.9359677419354839,0.0185,180,113,67
2014-12-04,20,20,17,0.4184459459459459,0.5310969014217469,0.12745945945945947,0.8522432432432432,0.02027027027027027,184,70,114
2014-12-05,19,19,9,0.16517142857142855,0.4848976754040433,0.03946428571428572,0.9139999999999999,0.046571428571428576,70,25,45
2014-12-06,8,8,5,0.4032153846153846,0.435043286698893,0.07461538461538461,0.8982307692307694,0.027076923076923075,58,28,30
2014-12-07,4,4,2,0.04231666666666667,0.7053594908902048,0.028833333333333332,0.8054999999999999,0.16583333333333333,17,12,5
2014-12-08,20,20,17,0.34602432432432434,0.5006234283130334,0.08297297297297297,0.8916756756756756,0.025324324324324323,205,122,83
2014-12-09,27,27,18,0.3385288888888889,0.48102836027375173,0.06675555555555555,0.9090444444444445,0.024222222222222225,220,107,113
2014-12-10,23,23,16,0.3702666666666667,0.5044001643655223,0.07017948717948719,0.9102051282051281,0.019615384615384614,215,100,115
2014-12-11,23,23,13,0.22368055555555555,0.49874939254735745,0.0771111111111111,0.8803611111111111,0.04252777777777778,149,97,52
2014-12-12,36,36,20,0.39794464285714287,0.4430878645207818,0.10726785714285714,0.8721428571428572,0.020535714285714286,308,161,147
2014-12-13,12,12,5,0.3194235294117648,0.4106945745490362,0.11205882352941177,0.8408235294117646,0.04711764705882353,69,45,24
2014-12-14,6,6,6,0.30083333333333334,0.6395885413468743,0.10125,0.81975,0.079,81,24,57
2014-12-15,13,13,13,0.41947307692307684,0.4975397514522311,0.09553846153846154,0.8746153846153846,0.02980769230769231,189,72,117
2014-12-16,40,40,24,0.3303875,0.48836380218158065,0.094140625,0.856796875,0.049109375,372,151,221
2014-12-17,30,30,16,0.31689999999999996,0.5096480012885278,0.11973913043478261,0.8340869565217391,0.04613043478260869,162,98,64
2014-12-18,30,30,11,0.3552219512195122,0.43464641559699385,0.10156097560975609,0.8659756097560977,0.03248780487804878,222,101,121
2014-12-19,20,20,14,0.32658235294117643,0.4597723998769188,0.061058823529411756,0.9040882352941175,0.03482352941176471,132,52,80
2014-12-20,5,5,3,0.22825,0.6589012179378636,0.16725,0.736125,0.0965,36,17,19
2014-12-21,5,5,5,0.48963,0.48934943353395227,0.1637,0.7787999999999999,0.05750000000000001,128,71,57
2014-12-22,22,22,19,0.26531219512195126,0.5309878608667663,0.06317073170731707,0.8891951219512195,0.047634146341463415,377,140,237
2014-12-23,15,15,12,0.29836666666666667,0.4874232399207232,0.05907407407407407,0.8967777777777777,0.04407407407407407,96,48,48
2014-12-24,24,24,13,0.24838108108108112,0.38218155642901824,0.06378378378378378,0.9269999999999999,0.009216216216216216,114,50,64
2014-12-25,3,3,2,0.17120000000000002,0.21693722594335904,0.0046,0.9944,0.001,0,0,0
2014-12-26,14,14,11,0.266492,0.6015936468547519,0.09872,0.84304,0.058280000000000005,87,65,22
2014-12-27,7,7,6,0.4453000000000001,0.5608276493787484,0.0783846153846154,0.8602307692307691,0.06130769230769232,106,58,48
2014-12-28,4,4,4,0.58595,0.4512971720496374,0.17225000000000001,0.770375,0.057375,57,19,38
2014-12-29,19,19,14,0.17877575757575756,0.5235414458024417,0.062090909090909085,0.9193333333333333,0.018515151515151516,104,44,60
2014-12-30,11,11,8,0.3455526315789474,0.4773334996221152,0.084,0.8804210526315789,0.03547368421052631,90,37,53
2014-12-31,20,20,16,0.4836416666666667,0.4286954859253567,0.10380555555555554,0.8805833333333333,0.015500000000000002,199,67,132
2015-01-01,6,6,5,0.31116363636363636,0.6214993794668551,0.11445454545454545,0.8361818181818182,0.049272727272727274,93,45,48
2015-01-02,10,10,7,0.4939529411764706,0.4294795963347038,0.10788235294117647,0.8696470588235294,0.022470588235294117,50,28,22
2015-01-03,7,7,6,0.39184615384615384,0.5023496585131555,0.06946153846153846,0.8874615384615384,0.04323076923076923,123,43,80
2015-01-04,7,7,7,0.5336071428571428,0.463365862026797,0.10235714285714288,0.8464999999999999,0.05121428571428572,124,69,55
2015-01-05,14,14,11,0.46561199999999997,0.5081701599425138,0.1228,0.83876,0.03851999999999999,197,80,117
2015-01-06,18,18,9,0.35594074074074084,0.38833192966771524,0.10266666666666667,0.8890000000000001,0.008333333333333335,111,39,72
2015-01-07,23,23,14,0.4496945945945946,0.45712133639439523,0.1124054054054054,0.861054054054054,0.026567567567567566,257,78,179
2015-01-08,9,9,8,0.4870941176470588,0.43141879130933747,0.12070588235294118,0.8424705882352942,0.036823529411764706,71,38,33
2015-01-09,16,16,8,0.4589208333333333,0.4151016341202544,0.12133333333333333,0.8465000000000001,0.03241666666666667,92,56,36
2015-01-10,8,8,8,0.4588,0.5703771548282768,0.1428125,0.785625,0.07150000000000001,106,32,74
2015-01-11,7,7,6,0.30055384615384617,0.6583263845837057,0.10392307692307691,0.8198461538461538,0.07630769230769231,70,57,13
2015-01-12,18,18,12,0.42395333333333335,0.5352177742024475,0.11166666666666665,0.8252666666666666,0.0631,226,101,125
2015-01-13,26,26,15,0.3035951219512195,0.5137457062671298,0.10770731707317074,0.851878048780488,0.040439024390243904,168,50,118
2015-01-14,28,28,14,0.33155238095238093,0.45650572584845667,0.08514285714285715,0.8738333333333334,0.041,140,74,66
2015-01-15,43,43,24,0.33432089552238803,0.5185689506500583,0.0839402985074627,0.8577164179104477,0.05823880597014926,317,162,155
2015-01-16,19,19,10,0.22625517241379314,0.4840489541972517,0.08162068965517241,0.8585172413793105,0.059965517241379315,115,56,59
2015-01-17,12,12,10,0.5097681818181817,0.4945487818445891,0.12122727272727274,0.8236363636363637,0.05513636363636364,154,72,82
2015-01-18,7,7,7,0.5365285714285715,0.465892135628856,0.12157142857142858,0.8100000000000002,0.0685,153,86,67
2015-01-19,10,10,10,0.36060000000000003,0.48964489785966325,0.07425,0.8954500000000001,0.030449999999999998,183,45,138
2015-01-20,23,23,20,0.3717023255813953,0.5225936281922597,0.06848837209302325,0.875139534883721,0.05637209302325581,307,132,175
2015-01-21,15,15,10,0.4371,0.4580819970267332,0.08608,0.89788,0.01596,129,77,52
2015-01-22,26,26,19,0.3706333333333333,0.5014162524512166,0.08222222222222222,0.8861555555555555,0.03157777777777778,289,154,135
2015-01-23,24,24,18,0.34954761904761905,0.5138958803373154,0.08097619047619048,0.8867380952380953,0.032357142857142855,259,138,121
2015-01-24,10,10,9,0.3113947368421053,0.43872728907924735,0.06494736842105263,0.8737368421052631,0.06136842105263157,110,64,46
2015-01-25,17,17,16,0.37500606060606057,0.5822361855130999,0.08206060606060607,0.8536969696969696,0.0643030303030303,216,112,104
2015-01-26,28,28,25,0.4668169811320754,0.46492069590977125,0.09118867924528301,0.8842075471698113,0.02450943396226415,372,156,216
2015-01-27,50,50,33,0.39194337349397584,0.5075096424255254,0.11359036144578315,0.840144578313253,0.04627710843373494,544,219,325
2015-01-28,75,75,35,0.3132109090909091,0.4187645303520724,0.09139090909090909,0.8819181818181818,0.02665454545454545,402,228,174
2015-01-29,42,42,19,0.3283114754098361,0.44858006471362377,0.10649180327868853,0.8581475409836066,0.035360655737704916,300,152,148
2015-01-30,19,19,12,0.3475032258064516,0.5088373169794885,0.08596774193548389,0.8694838709677419,0.044516129032258066,150,56,94
2015-01-31,12,12,11,0.46689565217391304,0.5015864930209908,0.11460869565217392,0.8055217391304348,0.08,150,52,98
2015-02-01,11,11,10,0.34299523809523813,0.6068863402461158,0.11700000000000002,0.8007142857142858,0.08228571428571428,173,118,55
2015-02-02,17,17,16,0.5194060606060606,0.4384724661818946,0.10209090909090908,0.8773636363636363,0.020515151515151517,301,155,146
2015-02-03,31,31,21,0.3455269230769231,0.4379087870933963,0.08040384615384613,0.9023269230769232,0.01726923076923077,302,145,157
2015-02-04,26,26,19,0.37022444444444447,0.5491487959279668,0.09395555555555556,0.8613777777777779,0.044666666666666674,342,196,146
2015-02-05,34,34,18,0.2911096153846154,0.43031222665355956,0.0784423076923077,0.879673076923077,0.04184615384615384,214,110,104
2015-02-06,40,40,25,0.2732476923076923,0.49194762232381933,0.10998461538461539,0.8546461538461538,0.03535384615384615,409,183,226
2015-02-07,12,12,10,0.41376363636363644,0.5439527649491891,0.12409090909090907,0.8003181818181818,0.07563636363636364,177,92,85
2015-02-08,10,10,10,0.4835,0.5318255306019071,0.11105000000000001,0.8160499999999999,0.07305,147,54,93
2015-02-09,21,21,19,0.318335,0.6033885860496535,0.07894999999999999,0.8650249999999999,0.056025000000000005,344,136,208
2015-02-10,34,34,24,0.30443793103448274,0.545222966674023,0.09210344827586206,0.8633275862068965,0.04449999999999999,312,118,194
2015-02-11,52,52,27,0.21887088607594937,0.4776239241807804,0.0731012658227848,0.8984303797468355,0.028493670886075954,375,154,221
2015-02-12,37,37,21,0.289598275862069,0.49125709418107566,0.10648275862068966,0.8622068965517241,0.03129310344827586,328,106,222
2015-02-13,43,43,28,0.41321126760563387,0.4645581925219253,0.09890140845070423,0.8694788732394366,0.031661971830985916,425,203,222
2015-02-14,36,36,16,0.39178461538461534,0.4168828217509159,0.12540384615384614,0.8454615384615385,0.029115384615384612,248,111,137
2015-02-15,14,14,11,0.42696,0.5762073210225638,0.11864000000000001,0.81672,0.0646,184,117,67
2015-02-16,12,12,11,0.3933434782608695,0.5607112469511084,0.1135217391304348,0.8286956521739132,0.05765217391304346,229,111,118
2015-02-17,26,26,22,0.3044625,0.5591490266560577,0.10195833333333333,0.8602708333333334,0.037687500000000006,292,137,155
2015-02-18,35,35,18,0.2675358490566037,0.5034541084159339,0.05752830188679246,0.8906981132075471,0.05173584905660377,337,135,202
2015-02-19,29,29,15,0.19540454545454547,0.5089744438818058,0.06381818181818182,0.8682045454545455,0.06793181818181819,254,113,141
2015-02-20,34,34,15,0.29037755102040813,0.44577108716145397,0.07077551020408163,0.8899795918367347,0.03922448979591837,215,65,150
2015-02-21,14,14,7,0.35805238095238096,0.462166441487467,0.08252380952380953,0.8849523809523809,0.032619047619047624,104,52,52
2015-02-22,12,12,12,0.4962333333333333,0.5359190172549912,0.13558333333333336,0.7875416666666665,0.07675000000000001,227,129,98
2015-02-23,28,28,21,0.32897142857142864,0.4999804355355991,0.08640816326530612,0.8856938775510205,0.027877551020408165,266,121,145
2015-02-24,31,31,21,0.37400384615384613,0.5208463068601163,0.0935,0.8622884615384615,0.04421153846153847,338,151,187
2015-02-25,36,36,20,0.3397303571428571,0.4678780205503975,0.10978571428571428,0.840017857142857,0.050124999999999996,349,130,219
2015-02-26,35,35,19,0.29895,0.5447323568947857,0.0903148148148148,0.8444629629629631,0.06524074074074074,318,173,145
2015-02-27,26,26,14,0.3091,0.4953204013565361,0.057874999999999996,0.9004749999999999,0.041749999999999995,208,124,84
2015-02-28,19,19,4,0.10489999999999997,0.4641601400940992,0.06965217391304347,0.8330434782608694,0.0972608695652174,100,39,61
2015-03-01,10,10,10,0.570775,0.4443257396044033,0.11884999999999998,0.8503999999999998,0.030800000000000004,185,71,114
2015-03-02,28,28,18,0.4344195652173913,0.48157615209785487,0.0778695652173913,0.8916956521739131,0.03041304347826087,421,169,252
2015-03-03,40,40,24,0.3359140625,0.5170673792128025,0.11003125000000001,0.845421875,0.044546875,444,210,234
2015-03-04,29,29,13,0.25144761904761903,0.5330334404939405,0.10226190476190476,0.8555952380952382,0.042119047619047625,179,84,95
2015-03-05,37,37,20,0.29699824561403504,0.518356794580866,0.07843859649122807,0.8792105263157893,0.04235087719298245,328,113,215
2015-03-06,37,37,18,0.3396236363636364,0.4789221276475052,0.08258181818181817,0.8832909090909091,0.03414545454545455,230,92,138
2015-03-07,35,35,11,0.1651021739130435,0.4704059045072394,0.09152173913043478,0.841195652173913,0.06732608695652174,171,112,59
2015-03-08,18,18,13,0.4493032258064516,0.5472524324553558,0.125,0.799,0.07596774193548388,213,78,135
2015-03-09,37,37,20,0.2881526315789474,0.4735524858756838,0.08101754385964913,0.8807192982456139,0.03828070175438597,298,132,166
2015-03-10,66,66,25,0.18148681318681317,0.5073655684473358,0.08025274725274725,0.8633076923076922,0.05643956043956044,466,201,265
2015-03-11,45,45,22,0.28320746268656716,0.4974715206169147,0.08365671641791045,0.8706268656716417,0.04573134328358209,409,157,252
2015-03-12,40,40,23,0.20570793650793648,0.5748791998163235,0.07433333333333335,0.8564603174603175,0.06914285714285716,385,224,161
2015-03-13,31,31,19,0.323678,0.49253093356255295,0.0922,0.87846,0.029399999999999996,307,153,154
2015-03-14,12,12,4,0.14614375000000002,0.6032610587141668,0.082375,0.7905625000000001,0.127,83,50,33
2015-03-15,2,2,2,0.6953,0.41086868340140015,0.196,0.775,0.028999999999999998,49,23,26
2015-03-16,12,12,8,0.37493000000000004,0.4770819417039383,0.0859,0.8753,0.03875,137,54,83
2015-03-17,50,50,32,0.37431341463414636,0.49632799117120885,0.10553658536585366,0.8578170731707316,0.03669512195121951,484,225,259
2015-03-18,50,50,29,0.3509569620253165,0.4898092474701007,0.08569620253164556,0.8889240506329115,0.025392405063291143,514,216,298
2015-03-19,21,21,9,0.3422133333333333,0.41887222772052524,0.08403333333333333,0.8896333333333334,0.02633333333333333,155,93,62
2015-03-20,28,28,19,0.4411489361702128,0.47147611336905665,0.0921063829787234,0.8866170212765959,0.021361702127659574,368,175,193
2015-03-21,15,15,12,0.43062592592592597,0.5335137004680438,0.15133333333333335,0.8008888888888889,0.04777777777777778,178,107,71
2015-03-22,5,5,5,0.4873200000000001,0.48774608517137275,0.05669999999999999,0.9128000000000001,0.0305,67,29,38
2015-03-23,26,26,25,0.4686392156862746,0.48794556433709646,0.09494117647058822,0.8841764705882352,0.020960784313725486,416,169,247
2015-03-24,27,27,18,0.34024666666666664,0.5045903582114902,0.08404444444444445,0.8681111111111111,0.047888888888888884,251,105,146
2015-03-25,17,17,15,0.48916875000000004,0.5024126400663478,0.09196875,0.8759062499999999,0.032125,192,68,124
2015-03-26,19,19,13,0.297965625,0.4917637946777491,0.0616875,0.90121875,0.037093749999999995,125,61,64
2015-03-27,22,22,14,0.41235000000000005,0.4620582211390922,0.08302777777777777,0.8909444444444444,0.02611111111111111,210,93,117
2015-03-28,16,16,9,0.44126000000000004,0.5077315393000518,0.14312000000000002,0.8123999999999999,0.04452,114,49,65
2015-03-29,3,3,3,0.5099833333333333,0.5670473390487096,0.1555,0.7545000000000001,0.08983333333333333,50,21,29
2015-03-30,23,23,17,0.42889,0.45643608687306925,0.0975,0.8659749999999999,0.0366,195,68,127
2015-03-31,27,27,16,0.38868372093023257,0.4699331921495109,0.07437209302325581,0.9008837209302325,0.0247906976744186,216,86,130
2015-04-01,20,20,11,0.3923709677419355,0.4393617424970353,0.09861290322580644,0.8863225806451613,0.015064516129032259,222,91,131
2015-04-02,21,21,14,0.43128857142857147,0.4282343522428068,0.09117142857142857,0.8928285714285715,0.01597142857142857,230,87,143
2015-04-03,6,6,2,0.27536249999999995,0.34877139338505103,0.08525,0.895375,0.01925,19,5,14
2015-04-04,3,3,2,0.35240000000000005,0.5722295728114722,0.0742,0.8416,0.084,26,16,10
2015-04-05,5,5,3,0.2665375,0.6029999459732563,0.13375,0.836625,0.02975,55,13,42
2015-04-06,24,24,17,0.3843951219512195,0.4675037127549035,0.07965853658536584,0.8944878048780488,0.025804878048780483,218,87,131
2015-04-07,23,23,18,0.3385975609756098,0.4982534439261761,0.08148780487804878,0.8826585365853661,0.03587804878048781,270,99,171
2015-04-08,17,17,9,0.40602307692307693,0.41152925712208555,0.09580769230769232,0.8810384615384615,0.023269230769230768,109,41,68
2015-04-09,17,17,6,0.1893130434782609,0.4986324212974905,0.05895652173913045,0.8788695652173912,0.06213043478260869,66,36,30
2015-04-10,32,32,12,0.3372795454545454,0.4040710601206997,0.08052272727272727,0.9021363636363637,0.017272727272727273,195,94,101
2015-04-11,21,21,0,0.06966190476190476,0.26376289221696364,0.06952380952380952,0.9138095238095238,0.016666666666666666,18,0,18
2015-04-12,6,6,5,0.17890000000000003,0.6563780881058222,0.08236363636363636,0.7218181818181818,0.1959090909090909,104,65,39
2015-04-13,28,28,18,0.3802630434782609,0.4515295552745019,0.08215217391304348,0.8788043478260871,0.03908695652173913,295,158,137
2015-04-14,35,35,14,0.1786081632653061,0.47436528155159535,0.05361224489795919,0.9052857142857144,0.04114285714285714,208,109,99
2015-04-15,36,36,25,0.4267196721311476,0.4848891233138657,0.10513114754098361,0.8658360655737704,0.029065573770491807,407,140,267
2015-04-16,35,35,19,0.30924259259259257,0.4824558301033224,0.07757407407407407,0.8864814814814814,0.03588888888888889,297,147,150
2015-04-17,32,32,12,0.36029772727272724,0.44429700676699074,0.094,0.8756136363636362,0.030386363636363635,213,57,156
2015-04-18,10,10,5,0.2048,0.5000474044194878,0.083,0.8718,0.04533333333333333,63,24,39
2015-04-19,3,3,3,0.156,0.6789472365360948,0.07050000000000001,0.8639999999999999,0.06516666666666666,28,13,15
2015-04-20,19,19,13,0.4194,0.47114461620080095,0.0849375,0.8876875,0.02734375,299,122,177
2015-04-21,24,24,20,0.41353863636363636,0.4912455987385116,0.09434090909090909,0.8725227272727273,0.03309090909090909,295,112,183
2015-04-22,24,24,11,0.28549714285714284,0.5163970280348884,0.10031428571428572,0.8455714285714285,0.05405714285714286,179,78,101
2015-04-23,32,32,13,0.34545777777777775,0.44440396912363356,0.07273333333333333,0.9122666666666667,0.015044444444444445,243,101,142
2015-04-24,50,50,22,0.2771666666666667,0.4694150668651359,0.07558333333333334,0.8888194444444444,0.035597222222222225,385,160,225
2015-04-25,67,67,6,0.0820917808219178,0.2915037520628022,0.04373972602739726,0.9198219178082192,0.03643835616438356,151,50,101
2015-04-26,13,13,11,0.3801708333333333,0.5699542792183471,0.07575,0.8663333333333334,0.057916666666666665,171,112,59
2015-04-27,41,41,32,0.387445205479452,0.5061295394424146,0.08561643835616438,0.8710821917808219,0.04335616438356164,547,256,291
2015-04-28,63,63,35,0.22312448979591837,0.5495230752357688,0.09987755102040817,0.8438877551020407,0.056234693877551034,630,303,327
2015-04-29,70,70,39,0.2978623853211008,0.5420483878987816,0.12079816513761468,0.8130275229357798,0.06618348623853211,686,350,336
2015-04-30,51,51,33,0.20642380952380954,0.5931135412098091,0.08196428571428571,0.8541904761904763,0.06392857142857143,557,296,261
2015-05-01,39,39,14,0.23788867924528304,0.5214944080310828,0.07190566037735849,0.8615094339622641,0.06656603773584904,208,131,77
2015-05-02,13,13,8,0.3281428571428572,0.5166494146779563,0.11095238095238096,0.837904761904762,0.05128571428571428,155,83,72
2015-05-03,8,8,8,0.22814374999999998,0.6472664337125305,0.10575,0.8194374999999999,0.07506249999999999,137,64,73
2015-05-04,25,25,24,0.45819795918367345,0.5265339276196839,0.10506122448979593,0.8700204081632653,0.024857142857142855,520,251,269
2015-05-05,32,32,22,0.32202962962962967,0.5143418666497525,0.08383333333333332,0.8846296296296297,0.03157407407407408,437,217,220
2015-05-06,39,39,27,0.2662878787878788,0.5746985907030803,0.07524242424242425,0.8801818181818182,0.04457575757575758,462,256,206
2015-05-07,43,43,28,0.3333014084507042,0.5121369833514526,0.07908450704225352,0.8723098591549295,0.048647887323943664,550,279,271
2015-05-08,39,39,25,0.3069140625,0.5101248547742955,0.07312500000000001,0.88484375,0.042140625,437,241,196
2015-05-09,21,21,11,0.39004375,0.5012962210219997,0.1005625,0.8530625000000001,0.04634375,177,82,95
2015-05-10,13,13,9,0.3952,0.502951303444343,0.08877272727272728,0.8449090909090909,0.06631818181818182,135,55,80
2015-05-11,26,26,16,0.33392380952380957,0.4412947108385268,0.08795238095238095,0.8900952380952383,0.021976190476190476,204,104,100
2015-05-12,30,30,21,0.388013725490196,0.5010032922359081,0.0870392156862745,0.8818235294117648,0.03115686274509804,338,140,198
2015-05-13,35,35,22,0.33535263157894735,0.5276072073996833,0.07464912280701756,0.8882105263157895,0.03714035087719298,417,202,215
2015-05-14,32,32,21,0.4084283018867925,0.4849109505401174,0.11392452830188679,0.8546981132075471,0.03141509433962264,414,177,237
2015-05-15,20,20,6,0.2606115384615385,0.45129654443692574,0.08346153846153846,0.8779615384615383,0.038538461538461535,108,55,53
2015-05-16,16,16,11,0.07418148148148146,0.6469068551860415,0.046074074074074066,0.8614814814814814,0.09240740740740741,176,90,86
2015-05-17,12,12,11,0.43888260869565227,0.5303885365442418,0.12139130434782609,0.8186086956521739,0.060000000000000005,195,109,86
2015-05-18,43,43,34,0.41586623376623383,0.5173970691563007,0.10815584415584414,0.8484025974025974,0.043428571428571434,660,320,340
2015-05-19,52,52,28,0.34536375,0.4671243892807755,0.0984375,0.8765374999999999,0.025025000000000002,425,182,243
2015-05-20,45,45,29,0.2584864864864865,0.503245279867856,0.08624324324324324,0.8794324324324325,0.03432432432432433,454,204,250
2015-05-21,27,27,13,0.33218749999999997,0.5204139199653964,0.1462,0.8283250000000001,0.025525000000000003,340,126,214
2015-05-22,29,29,15,0.29331818181818187,0.5066505171097758,0.08459090909090909,0.8481590909090909,0.06727272727272728,275,85,190
2015-05-23,3,3,3,0.5681,0.4312617418691345,0.13466666666666666,0.8198333333333333,0.04566666666666666,59,25,34
2015-05-24,8,8,8,0.4935625,0.5094771767152578,0.137875,0.8004375,0.06175,107,57,50
2015-05-25,6,6,6,0.145225,0.7043927859333882,0.11783333333333335,0.8004999999999999,0.08166666666666665,126,58,68
2015-05-26,31,31,28,0.4533016949152542,0.4966622726239378,0.09955932203389832,0.8736101694915253,0.026813559322033904,454,198,256
2015-05-27,36,36,24,0.32591000000000003,0.47884896947437056,0.08726666666666666,0.8725166666666666,0.04021666666666667,335,202,133
2015-05-28,38,38,19,0.2987140350877193,0.48492742428177865,0.10889473684210527,0.8512280701754387,0.03989473684210526,304,115,189
2015-05-29,26,26,15,0.41574146341463414,0.4982804577968603,0.10878048780487805,0.831829268292683,0.05939024390243903,279,119,160
2015-05-30,17,17,11,0.34121071428571426,0.5159927535062081,0.07296428571428572,0.8962142857142856,0.030857142857142857,155,57,98
2015-05-31,10,10,9,0.5625526315789473,0.4236482395975787,0.14557894736842103,0.8155263157894737,0.03889473684210526,172,77,95
2015-06-01,29,29,19,0.31986875,0.49292907711465367,0.07791666666666668,0.8819791666666665,0.04008333333333334,308,99,209
2015-06-02,29,29,22,0.3177137254901961,0.5550285415800467,0.09770588235294117,0.863686274509804,0.038588235294117645,354,161,193
2015-06-03,29,29,21,0.40742199999999995,0.5216146808861882,0.10024,0.85884,0.04088,353,168,185
2015-06-04,29,29,16,0.3315488888888889,0.4749743715295348,0.08024444444444445,0.8908888888888888,0.02886666666666667,254,117,137
2015-06-05,30,30,16,0.3438195652173913,0.4578223077644507,0.07397826086956522,0.9033260869565217,0.022608695652173914,241,97,144
2015-06-06,20,20,11,0.34532903225806444,0.5090623880857627,0.14816129032258066,0.7761935483870969,0.07564516129032259,206,85,121
2015-06-07,14,14,9,0.34210434782608695,0.5756095540179545,0.12139130434782609,0.8067826086956521,0.07182608695652175,180,83,97
2015-06-08,42,42,30,0.3739513888888889,0.5022286027721992,0.08783333333333333,0.8654722222222222,0.04669444444444445,457,227,230
2015-06-09,61,61,22,0.3060493975903615,0.4222459045928335,0.08867469879518071,0.8633614457831326,0.047975903614457825,296,129,167
2015-06-10,32,32,21,0.31761698113207554,0.51725413838258,0.08381132075471696,0.8746415094339621,0.041547169811320755,372,167,205
2015-06-11,33,33,15,0.3303666666666667,0.4524800660127349,0.11362499999999999,0.8598958333333333,0.026479166666666665,235,103,132
2015-06-12,34,34,15,0.2878122448979592,0.487989371175925,0.09697959183673471,0.8684693877551021,0.034591836734693876,224,111,113
2015-06-13,12,12,10,0.3539090909090909,0.548224134579587,0.06827272727272728,0.8983181818181819,0.03340909090909091,126,53,73
2015-06-14,12,12,12,0.40991250000000007,0.6078847185887716,0.10104166666666665,0.8167083333333333,0.08220833333333333,241,108,133
2015-06-15,20,20,19,0.32180000000000003,0.5735610168064075,0.08399999999999999,0.861974358974359,0.054,327,141,186
2015-06-16,30,30,22,0.33548653846153853,0.481764574658318,0.07457692307692308,0.8847115384615384,0.04067307692307693,298,115,183
2015-06-17,19,19,17,0.4505944444444444,0.47892603925893085,0.11491666666666665,0.85625,0.028833333333333336,306,107,199
2015-06-18,27,27,21,0.3922833333333333,0.5112847320448971,0.11033333333333334,0.8434791666666667,0.04614583333333333,387,162,225
2015-06-19,23,23,14,0.33216216216216216,0.4956376244641989,0.10645945945945946,0.8572432432432433,0.03632432432432433,173,66,107
2015-06-20,8,8,4,0.2508416666666667,0.4764541189144613,0.06816666666666667,0.8703333333333334,0.06133333333333333,76,24,52
2015-06-21,9,9,9,0.2622611111111111,0.6190155258678349,0.095,0.8117222222222221,0.09327777777777778,88,90,-2
2015-06-22,21,21,16,0.39063513513513515,0.5366893994371652,0.10297297297297296,0.8607027027027027,0.03624324324324324,241,118,123
2015-06-23,33,33,18,0.32074313725490206,0.5148766858856487,0.10919607843137255,0.8568823529411763,0.033823529411764704,282,116,166
2015-06-24,29,29,12,0.36841463414634146,0.3875119318767067,0.09897560975609755,0.8910487804878049,0.009975609756097561,188,62,126
2015-06-25,19,19,7,0.33377307692307695,0.4003389300212166,0.0829230769230769,0.9031538461538461,0.013846153846153845,65,33,32
2015-06-26,27,27,15,0.4654238095238096,0.4203582286401535,0.1381190476190476,0.8327619047619047,0.029071428571428574,256,123,133
2015-06-27,5,5,0,-0.0033800000000000054,0.3581057743181475,0.083,0.8474,0.0696,2,0,2
2015-06-28,4,4,1,0.259,0.387353068917751,0.08220000000000001,0.9118,0.006,19,5,14
2015-06-29,16,16,13,0.4166689655172414,0.48755238311205107,0.08189655172413793,0.8888275862068964,0.029206896551724138,154,58,96
2015-06-30,15,15,7,0.33485454545454546,0.47439229808180783,0.09013636363636363,0.8391818181818181,0.07063636363636364,85,80,5
2015-07-01,31,31,10,0.29249756097560975,0.38790991692993326,0.08307317073170734,0.9098536585365854,0.007073170731707318,140,70,70
2015-07-02,17,17,12,0.36708965517241376,0.4378384242560873,0.05558620689655173,0.9273448275862068,0.01710344827586207,150,62,88
2015-07-03,6,6,5,0.09083636363636363,0.28724980345820406,0.012090909090909091,0.981,0.006909090909090909,36,38,-2
2015-07-04,2,2,1,0.3329666666666667,0.4708859758181615,0.049666666666666665,0.9343333333333333,0.016,12,8,4
2015-07-05,1,1,0,0.0772,0.0,0.106,0.894,0.0,3,0,3
2015-07-06,12,12,10,0.30016363636363635,0.524754063213906,0.10018181818181816,0.8686363636363637,0.031181818181818186,158,74,84
2015-07-07,18,18,13,0.4529032258064516,0.4233332390445106,0.11964516129032259,0.8570322580645162,0.02332258064516129,244,73,171
2015-07-08,29,29,20,0.325030612244898,0.42386558189108736,0.07442857142857143,0.905326530612245,0.02022448979591837,217,125,92
2015-07-09,34,34,19,0.3304264150943396,0.4650872221507522,0.09845283018867924,0.8564528301886793,0.04516981132075472,313,150,163
2015-07-10,25,25,18,0.47622790697674416,0.49683062404469647,0.11776744186046514,0.844232558139535,0.037953488372093024,332,189,143
2015-07-11,7,7,1,0.09559999999999999,0.4263213224787144,0.12662500000000002,0.757625,0.11575,1,3,-2
2015-07-12,1,1,1,0.53755,0.19754999999999998,0.1965,0.8035000000000001,0.0,0,1,-1
2015-07-13,20,20,16,0.37823055555555557,0.5100111103470876,0.07258333333333335,0.8935,0.03397222222222222,267,116,151
2015-07-14,23,23,16,0.356976923076923,0.4983784631626639,0.07033333333333334,0.8973333333333334,0.032282051282051284,208,94,114
2015-07-15,20,20,8,0.1697857142857143,0.4037306065349285,0.03585714285714286,0.9237142857142857,0.04042857142857143,88,29,59
2015-07-16,13,13,3,0.28175625,0.42643068160128617,0.0844375,0.8799375,0.035625000000000004,54,12,42
2015-07-17,30,30,19,0.3308489795918367,0.5106760673501989,0.09428571428571429,0.8595510204081631,0.04612244897959184,344,135,209
2015-07-18,4,4,0,0.189475,0.32818032676411296,0.07925,0.92075,0.0,3,2,1
2015-07-19,1,1,0,-0.0675,0.0,0.091,0.804,0.105,1,0,1
2015-07-20,30,30,25,0.43286545454545455,0.48302064598004,0.07181818181818182,0.908490909090909,0.019636363636363632,435,186,249
2015-07-21,45,45,25,0.36125571428571424,0.47646137113267917,0.07691428571428571,0.8997999999999999,0.023299999999999998,427,196,231
2015-07-22,70,70,21,0.1510692307692308,0.4812479349331592,0.07423076923076923,0.8602527472527473,0.06553846153846153,376,227,149
2015-07-23,64,64,17,0.1988098765432099,0.41619802284902985,0.06291358024691358,0.8997654320987655,0.03728395061728395,305,157,148
2015-07-24,26,26,13,0.3925794871794871,0.4377695431531955,0.12787179487179484,0.8345128205128205,0.03761538461538461,194,108,86
2015-07-25,4,4,1,0.0776,0.29579858687965366,0.0774,0.9067999999999999,0.0158,8,2,6
2015-07-26,1,1,1,0.82875,0.16905000000000003,0.265,0.643,0.092,21,1,20
2015-07-27,18,18,14,0.44623437499999996,0.5192554408774736,0.10818749999999999,0.8541875000000001,0.0376875,246,141,105
2015-07-28,19,19,13,0.37851875,0.4955368467868333,0.121875,0.83303125,0.04509375,238,105,133
2015-07-29,21,21,15,0.4424888888888889,0.45315660573469263,0.08549999999999999,0.889888888888889,0.024666666666666663,226,120,106
2015-07-30,7,7,5,0.4471083333333333,0.45935207350196594,0.10341666666666667,0.8824166666666667,0.014083333333333337,104,42,62
2015-07-31,18,18,8,0.19378076923076926,0.3969235617356908,0.03849999999999999,0.9400384615384616,0.021461538461538462,90,42,48
2015-08-01,5,5,1,0.3738333333333333,0.3947111799221749,0.1145,0.8778333333333334,0.007666666666666666,16,1,15
2015-08-02,1,1,1,0.4999,0.4999,0.073,0.8925000000000001,0.0345,29,30,-1
2015-08-03,15,15,12,0.39503703703703713,0.5372873513191215,0.08618518518518518,0.8603703703703702,0.0534074074074074,201,131,70
2015-08-04,31,31,22,0.29934339622641504,0.5037755802801271,0.05743396226415095,0.9053207547169813,0.037264150943396225,334,224,110
2015-08-05,37,37,15,0.2360192307692308,0.5350409898166903,0.08946153846153847,0.8348269230769231,0.07567307692307691,248,139,109
2015-08-06,24,24,14,0.3229631578947368,0.43259334278466033,0.06860526315789474,0.8943684210526315,0.037052631578947365,161,52,109
2015-08-07,23,23,13,0.2708027777777777,0.45848811840058207,0.05030555555555556,0.9234999999999999,0.02611111111111111,180,101,79
2015-08-08,4,4,0,-0.22547499999999998,0.4901801626698086,0.088,0.7395,0.1725,4,0,4
2015-08-09,2,2,1,0.29506666666666664,0.5487622091782762,0.11033333333333332,0.8450000000000001,0.04466666666666667,28,20,8
2015-08-10,18,18,10,0.2608107142857143,0.5000208233801623,0.07796428571428571,0.8697142857142858,0.05228571428571428,124,65,59
2015-08-11,23,23,8,0.2093451612903226,0.4605136703086055,0.06925806451612904,0.8680645161290321,0.06261290322580645,63,31,32
2015-08-12,19,19,11,0.40815,0.4810301416404867,0.1321,0.8334666666666666,0.03443333333333334,170,97,73
2015-08-13,23,23,15,0.3284921052631579,0.47485321298801547,0.07397368421052633,0.8956842105263159,0.030315789473684213,257,126,131
2015-08-14,21,21,10,0.285241935483871,0.5209851844678153,0.07174193548387096,0.866032258064516,0.06225806451612903,145,80,65
2015-08-15,5,5,1,0.148,0.148,0.09533333333333334,0.9046666666666668,0.0,2,0,2
2015-08-17,12,12,9,0.5006047619047619,0.42248537362813543,0.11314285714285716,0.8556666666666666,0.031095238095238096,171,103,68
2015-08-18,24,24,13,0.3437216216216216,0.4657739650941565,0.07491891891891893,0.896918918918919,0.028162162162162163,227,86,141
2015-08-19,25,25,16,0.36883170731707315,0.46377794909613457,0.06192682926829269,0.9146585365853658,0.023414634146341463,182,92,90
2015-08-20,16,16,10,0.32144999999999996,0.5592973120525708,0.08665384615384614,0.8527307692307692,0.06061538461538462,147,89,58
2015-08-21,18,18,10,0.33130714285714286,0.4537094782603348,0.09782142857142857,0.8721785714285714,0.029964285714285714,96,88,8
2015-08-22,13,13,4,-0.0009705882352941217,0.31096975219787365,0.051823529411764706,0.8670588235294117,0.08111764705882353,29,35,-6
2015-08-23,2,2,2,0.639,0.39258350067215,0.14475,0.8355000000000001,0.01975,11,10,1
2015-08-24,17,17,11,0.39055357142857144,0.465562603955183,0.07128571428571429,0.9002142857142857,0.0285,194,164,30
2015-08-25,31,31,14,0.36250666666666675,0.4704875851001101,0.10826666666666666,0.8355333333333336,0.056222222222222236,225,161,64
2015-08-26,20,20,14,0.41612941176470586,0.497220561503652,0.12402941176470587,0.818294117647059,0.057705882352941176,227,133,94
2015-08-27,20,20,15,0.4746285714285714,0.4828146787752174,0.12225714285714283,0.8209142857142857,0.056799999999999996,328,198,130
2015-08-28,30,30,19,0.4046102040816326,0.4550221583502877,0.08410204081632654,0.8976326530612245,0.01826530612244898,323,212,111
2015-08-29,7,7,0,0.0,0.1817376445004486,0.018571428571428572,0.9591428571428572,0.022285714285714287,0,0,0
2015-08-30,3,3,2,0.38117999999999996,0.6136638571726382,0.0982,0.8039999999999999,0.0978,34,36,-2
2015-08-31,12,12,8,0.34843999999999997,0.4985750749887123,0.07195,0.8848,0.04315,96,61,35
2015-09-01,22,22,13,0.3170685714285714,0.4522107181211802,0.06757142857142857,0.9059142857142858,0.026542857142857146,147,77,70
2015-09-02,28,28,11,0.3295102564102564,0.40801104610164646,0.10207692307692308,0.8856666666666666,0.01223076923076923,176,98,78
2015-09-03,21,21,10,0.3313161290322581,0.411847026170714,0.0714516129032258,0.9047741935483872,0.02377419354838709,136,73,63
2015-09-04,12,12,5,0.32836470588235295,0.4065483589514167,0.09570588235294117,0.8754117647058823,0.028882352941176474,45,11,34
2015-09-05,1,1,1,0.49605,0.49605,0.0555,0.9035,0.041,23,24,-1
2015-09-06,1,1,1,0.32414999999999994,0.66415,0.046,0.8245,0.129,12,9,3
2015-09-07,9,9,6,0.22234,0.337002250833235,0.06280000000000001,0.9301999999999999,0.007,62,38,24
2015-09-08,18,18,6,0.39039583333333333,0.4080498738707956,0.151875,0.8138333333333333,0.03425,88,29,59
2015-09-09,34,34,19,0.27369245283018867,0.4204964392414499,0.0629056603773585,0.9219622641509435,0.015150943396226415,188,107,81
2015-09-10,66,66,18,0.19164166666666665,0.4116373711019183,0.09333333333333334,0.8745476190476191,0.03208333333333333,265,166,99
2015-09-11,44,44,18,0.24784032258064514,0.4477747422819898,0.05829032258064516,0.9115806451612902,0.03009677419354839,172,85,87
2015-09-12,5,5,3,0.156,0.3354843029114775,0.03875,0.934125,0.027125,13,9,4
2015-09-14,27,27,14,0.19780243902439024,0.49286338753709324,0.09182926829268293,0.833048780487805,0.07526829268292684,134,114,20
2015-09-15,30,30,16,0.3924282608695652,0.4566614723055578,0.10328260869565216,0.855195652173913,0.041543478260869564,288,175,113
2015-09-16,25,25,15,0.37028,0.45077222474327316,0.09320000000000002,0.8849250000000002,0.021875,195,61,134
2015-09-17,40,40,15,0.2837727272727273,0.4272619628431274,0.060654545454545454,0.9136181818181819,0.025763636363636364,250,137,113
2015-09-18,23,23,15,0.3071342105263158,0.48967282271259865,0.09086842105263158,0.8771578947368421,0.031868421052631574,192,89,103
2015-09-19,13,13,1,0.11422857142857143,0.38182612615200245,0.10271428571428572,0.8315,0.06564285714285714,25,13,12
2015-09-20,3,3,2,0.30176,0.40045476948089903,0.0934,0.8897999999999999,0.016800000000000002,18,1,17
2015-09-21,26,26,10,0.2771277777777777,0.46635140041908263,0.06522222222222222,0.8988055555555555,0.03597222222222222,154,96,58
2015-09-22,33,33,18,0.2506019607843137,0.5052786559832444,0.061431372549019606,0.9032549019607842,0.03531372549019608,183,111,72
2015-09-23,23,23,10,0.2015848484848485,0.5574602832006861,0.08027272727272726,0.8395757575757575,0.08015151515151517,124,72,52
2015-09-24,22,22,14,0.2578027777777778,0.5770370503635655,0.07950000000000002,0.8409166666666666,0.07958333333333333,226,117,109
2015-09-25,38,38,13,0.29116862745098043,0.4529154258107487,0.11272549019607843,0.8471176470588236,0.04013725490196078,220,107,113
2015-09-26,6,6,2,0.457175,0.39038889504569674,0.140125,0.833375,0.026625000000000003,31,22,9
2015-09-27,2,2,2,0.4663,0.6190544523707102,0.12450000000000001,0.75975,0.11575,46,40,6
2015-09-28,19,19,10,0.3533586206896552,0.5340705355179616,0.1200689655172414,0.8361379310344828,0.04372413793103448,139,85,54
2015-09-29,34,34,21,0.33698727272727275,0.523484291352245,0.09725454545454545,0.8435454545454546,0.05923636363636364,340,205,135
2015-09-30,28,28,12,0.32442999999999994,0.5041853068069319,0.08205,0.8713750000000001,0.046650000000000004,201,89,112
2015-10-01,25,25,14,0.3852717948717948,0.44397504084889555,0.11476923076923076,0.8520769230769231,0.03312820512820513,292,194,98
2015-10-02,29,29,11,0.31279500000000005,0.4367862995504781,0.09285,0.881175,0.026074999999999997,185,123,62
2015-10-03,1,1,1,0.61275,0.38645,0.1925,0.776,0.0315,31,29,2
2015-10-04,1,1,1,0.49735,0.49735,0.0485,0.929,0.0225,11,4,7
2015-10-05,23,23,17,0.3561500000000001,0.3966020726118309,0.083925,0.9046749999999999,0.011349999999999999,152,80,72
2015-10-06,21,21,10,0.2479935483870968,0.4351196646200006,0.08600000000000001,0.8692903225806451,0.0447741935483871,86,46,40
2015-10-07,17,17,11,0.18758928571428574,0.5112694204060585,0.040214285714285716,0.9115714285714286,0.048214285714285716,85,59,26
2015-10-08,18,18,8,0.28951923076923075,0.47450067035636423,0.06711538461538462,0.8892692307692307,0.043653846153846154,160,77,83
2015-10-09,40,40,25,0.4453,0.4445250606416488,0.12716923076923078,0.834323076923077,0.038538461538461535,355,183,172
2015-10-10,9,9,0,0.04732222222222222,0.1610748809838164,0.04822222222222222,0.9132222222222222,0.03855555555555555,3,0,3
2015-10-11,3,3,3,0.6765166666666667,0.3612054743801957,0.19233333333333333,0.7839999999999999,0.02383333333333333,49,38,11
2015-10-12,19,19,18,0.5531054054054054,0.4273033911390005,0.12943243243243244,0.860054054054054,0.010486486486486486,274,90,184
2015-10-13,16,16,11,0.3814592592592593,0.4598675825989229,0.09318518518518519,0.8822592592592593,0.02462962962962963,147,62,85
2015-10-14,32,32,15,0.16647872340425532,0.5466565913889712,0.0604468085106383,0.8691063829787233,0.07046808510638299,208,100,108
2015-10-15,23,23,12,0.2694057142857143,0.48868432869307776,0.08682857142857142,0.8716857142857143,0.04145714285714286,134,48,86
2015-10-16,21,21,13,0.36867058823529414,0.4905897774344502,0.10664705882352943,0.8396470588235294,0.05370588235294118,300,137,163
2015-10-17,16,16,1,-0.0801764705882353,0.35811915619609364,0.06282352941176471,0.7659411764705881,0.17129411764705885,17,10,7
2015-10-18,3,3,3,0.6771166666666667,0.3595147906863113,0.1996666666666667,0.7413333333333334,0.059166666666666666,60,41,19
2015-10-19,18,18,15,0.3913060606060606,0.46681622101817893,0.057030303030303035,0.9308484848484847,0.012151515151515151,249,110,139
2015-10-20,24,24,14,0.3332894736842105,0.47782502401340105,0.07571052631578946,0.8906578947368421,0.03357894736842106,226,128,98
2015-10-21,31,31,13,0.21969545454545453,0.49633837246312,0.06193181818181817,0.9017954545454546,0.03631818181818182,201,103,98
2015-10-22,18,18,8,0.3023076923076923,0.497361845466099,0.0933076923076923,0.8745384615384615,0.032192307692307694,179,77,102
2015-10-23,18,18,17,0.50554,0.5094404517002663,0.09522857142857143,0.8597428571428571,0.045,346,118,228
2015-10-24,4,4,1,0.34156,0.4281633407941413,0.1156,0.8766,0.0078,34,7,27
2015-10-25,4,4,1,0.29186,0.38767240087475924,0.1292,0.8144,0.056400000000000006,43,15,28
2015-10-26,26,26,22,0.4077104166666667,0.505250935278527,0.08779166666666666,0.8666666666666666,0.04552083333333334,407,204,203
2015-10-27,46,46,20,0.2678212121212121,0.45998031002495315,0.07675757575757577,0.8724090909090909,0.050787878787878785,305,148,157
2015-10-28,62,62,26,0.2668897727272727,0.4927388417259217,0.0745909090909091,0.8774090909090909,0.047988636363636365,442,218,224
2015-10-29,34,34,13,0.3890744680851065,0.4351429813770852,0.13334042553191489,0.8089787234042551,0.05763829787234043,263,131,132
2015-10-30,24,24,10,0.29417352941176467,0.4292031531247751,0.08679411764705881,0.8801470588235293,0.03305882352941176,167,96,71
2015-10-31,9,9,3,0.06864166666666666,0.6042889009107224,0.14658333333333334,0.769,0.08458333333333334,46,30,16
2015-11-01,2,2,2,0.5472,0.45176567488024144,0.119,0.8472500000000001,0.03375,45,23,22
2015-11-02,16,16,16,0.495703125,0.4325500133542182,0.09775,0.8869374999999999,0.015343750000000001,324,145,179
2015-11-03,26,26,16,0.4211738095238095,0.4466330229295655,0.0986190476190476,0.8805952380952381,0.020761904761904763,270,108,162
2015-11-04,24,24,16,0.39219,0.5060686528525552,0.090475,0.873475,0.036000000000000004,304,132,172
2015-11-05,24,24,12,0.421075,0.4077374988716529,0.10533333333333333,0.8778611111111111,0.01686111111111111,252,70,182
2015-11-06,19,19,12,0.3526548387096774,0.45738289023862544,0.10325806451612904,0.8759354838709678,0.020838709677419357,242,113,129
2015-11-07,3,3,2,0.3989,0.48855318645977536,0.056799999999999996,0.9219999999999999,0.020999999999999998,41,10,31
2015-11-08,4,4,2,-0.07213333333333333,0.5601605652747156,0.03366666666666667,0.8361666666666666,0.13016666666666665,35,25,10
2015-11-09,14,14,10,0.4191958333333334,0.4998236151210133,0.07733333333333334,0.8820416666666667,0.04066666666666666,212,85,127
2015-11-10,28,28,16,0.2602772727272727,0.4606041358238293,0.07679545454545456,0.8882272727272728,0.03488636363636364,164,120,44
2015-11-11,28,28,15,0.27792093023255815,0.5163833736979656,0.059023255813953485,0.8963023255813952,0.044651162790697675,182,82,100
2015-11-12,29,29,13,0.31370238095238095,0.4057784232852394,0.07952380952380952,0.9098809523809525,0.010642857142857141,211,100,111
2015-11-13,18,18,11,0.33896206896551734,0.4637501991179371,0.06575862068965518,0.902551724137931,0.031758620689655175,203,102,101
2015-11-15,1,1,1,0.49605,0.49605,0.072,0.893,0.0345,6,0,6
2015-11-16,10,10,9,0.4703210526315789,0.44017514167233524,0.10463157894736844,0.8667368421052631,0.028526315789473688,110,73,37
2015-11-17,29,29,17,0.3489869565217391,0.45205653532961515,0.08823913043478261,0.8906304347826087,0.021195652173913043,242,105,137
2015-11-18,27,27,20,0.299631914893617,0.5019620652388848,0.08342553191489362,0.8860851063829785,0.030446808510638298,266,167,99
2015-11-19,27,27,12,0.3111564102564102,0.4395244824398714,0.09666666666666666,0.8639743589743591,0.03938461538461539,152,56,96
2015-11-20,14,14,11,0.33849199999999996,0.5217499898763774,0.10927999999999999,0.8566000000000001,0.03412,153,58,95
2015-11-21,10,10,3,0.3295230769230769,0.39139771854577826,0.16276923076923075,0.817,0.020230769230769226,27,5,22
2015-11-22,2,2,2,-0.09585000000000002,0.7207334267952334,0.05,0.84725,0.10250000000000001,35,16,19
2015-11-23,14,14,14,0.36103214285714286,0.46653124076496083,0.08582142857142858,0.8728214285714285,0.04132142857142857,161,72,89
2015-11-24,23,23,13,0.42869444444444443,0.4695196469350613,0.11527777777777776,0.8635,0.021222222222222222,188,64,124
2015-11-25,21,21,8,0.30515517241379303,0.4125455799989796,0.0756896551724138,0.8974827586206897,0.02675862068965517,128,55,73
2015-11-26,4,4,3,0.5095285714285714,0.46280946623941943,0.10085714285714285,0.8841428571428571,0.015,50,23,27
2015-11-27,11,11,6,0.30365882352941176,0.501880598711807,0.04288235294117647,0.9112941176470589,0.04582352941176471,77,22,55
2015-11-28,1,1,1,-0.78095,0.12125000000000002,0.0445,0.647,0.3085,20,8,12
2015-11-29,1,1,1,0.65685,0.33865000000000006,0.1815,0.788,0.03,9,9,0
2015-11-30,12,12,10,0.42795909090909084,0.5067901104537449,0.08795454545454547,0.8977272727272727,0.01431818181818182,108,54,54
2015-12-01,15,15,11,0.4063615384615384,0.49780708425663717,0.10192307692307692,0.8636153846153847,0.034538461538461546,153,78,75
2015-12-02,19,19,14,0.3134787878787879,0.5066884003059389,0.058606060606060606,0.9243030303030304,0.01709090909090909,179,50,129
2015-12-03,23,23,15,0.4093421052631579,0.4413395700839476,0.08039473684210527,0.898184210526316,0.02142105263157895,201,88,113
2015-12-04,24,24,11,0.2812714285714285,0.3567067075114701,0.09948571428571427,0.8717714285714285,0.0288,104,25,79
2015-12-05,7,7,1,0.01834999999999999,0.483013369380186,0.043875,0.824125,0.132,30,3,27
2015-12-06,3,3,1,0.277525,0.4101292197283681,0.07475,0.8465,0.079,14,5,9
2015-12-07,9,9,7,0.47764375,0.45840011584961177,0.081125,0.899875,0.019062500000000003,89,30,59
2015-12-08,19,19,10,0.3595931034482759,0.468749310937266,0.08289655172413793,0.8822413793103449,0.03482758620689656,127,42,85
2015-12-09,26,26,12,0.3155842105263158,0.4208362949165787,0.07863157894736841,0.8952631578947368,0.026105263157894736,151,85,66
2015-12-10,29,29,13,0.2573714285714286,0.4485721932052931,0.07238095238095238,0.899952380952381,0.027642857142857143,204,92,112
2015-12-11,25,25,12,0.3034945945945946,0.4693522304059051,0.08016216216216217,0.8768918918918919,0.043000000000000003,210,96,114
2015-12-12,4,4,2,0.33226666666666665,0.469896040512036,0.03933333333333333,0.9446666666666665,0.016,55,11,44
2015-12-13,2,2,2,0.03592500000000001,0.6622328041368836,0.06975,0.884,0.046,28,21,7
2015-12-14,29,29,19,0.3967020833333333,0.5028411750118783,0.11612499999999999,0.844,0.0399375,312,157,155
2015-12-15,56,56,28,0.3533833333333334,0.4223273112379311,0.10442857142857143,0.8722142857142859,0.02338095238095238,333,151,182
2015-12-16,19,19,11,0.36655666666666675,0.5108589601076037,0.0833,0.8664333333333332,0.05033333333333334,185,90,95
2015-12-17,20,20,7,0.2636555555555556,0.41531319313869836,0.05581481481481481,0.9067777777777779,0.037333333333333336,115,68,47
2015-12-18,27,27,12,0.295851282051282,0.46725727765760633,0.06069230769230769,0.8977948717948717,0.04148717948717948,215,127,88
2015-12-19,11,11,2,0.033192307692307674,0.4785771145345471,0.07976923076923076,0.8096153846153846,0.11061538461538463,12,5,7
2015-12-20,3,3,3,0.06998333333333334,0.6830252299309465,0.05050000000000001,0.8698333333333333,0.0795,68,69,-1
2015-12-21,29,29,21,0.38921999999999995,0.5562731843258311,0.11036000000000001,0.8349800000000002,0.054580000000000004,336,148,188
2015-12-22,32,32,17,0.3326938775510203,0.4472185884787024,0.09210204081632653,0.8590408163265305,0.04879591836734694,233,126,107
2015-12-23,19,19,10,0.2712,0.48850056859459373,0.07482758620689654,0.8602068965517242,0.06496551724137932,161,88,73
2015-12-24,13,13,8,0.4188714285714286,0.4342410633374455,0.07757142857142857,0.9025238095238096,0.019904761904761908,192,91,101
2015-12-25,7,7,3,-0.010360000000000013,0.5517675836799404,0.0185,0.8595,0.122,40,9,31
2015-12-28,16,16,15,0.45490967741935484,0.5316205804135604,0.10764516129032257,0.8480967741935482,0.04425806451612903,344,222,122
2015-12-29,21,21,15,0.4339722222222222,0.4765470220538526,0.09330555555555556,0.8655277777777778,0.04108333333333333,242,131,111
2015-12-30,27,27,11,0.3665368421052631,0.4260484438856644,0.10552631578947368,0.8773157894736843,0.01718421052631579,151,64,87
2015-12-31,11,11,9,0.18825499999999998,0.6109645951076053,0.06225000000000001,0.8744499999999998,0.06325,135,92,43
2016-01-01,6,6,1,0.0006714285714285609,0.4432006469640898,0.059428571428571435,0.8298571428571428,0.1107142857142857,21,33,-12
2016-01-02,4,4,4,0.655425,0.40531327312956333,0.156375,0.814375,0.029249999999999998,83,53,30
2016-01-03,1,1,1,0.29769999999999996,0.6996,0.0705,0.7665,0.1625,9,1,8
2016-01-04,17,17,14,0.45708064516129027,0.49012393391175274,0.07193548387096774,0.8892903225806452,0.03883870967741935,187,116,71
2016-01-05,15,15,9,0.34522499999999995,0.5272619788824148,0.10687500000000001,0.83225,0.061,92,79,13
2016-01-06,31,31,13,0.11069545454545456,0.468699006901282,0.052681818181818184,0.8867272727272727,0.06063636363636363,185,133,52
2016-01-07,36,36,13,0.2192551020408163,0.4836718165734268,0.0867142857142857,0.8398775510204081,0.07340816326530612,173,134,39
2016-01-08,40,40,13,0.12549811320754717,0.5496882974341574,0.07513207547169813,0.8386981132075471,0.0861698113207547,206,150,56
2016-01-09,15,15,4,0.1511157894736842,0.3467008118083765,0.06926315789473683,0.9225263157894736,0.008210526315789474,55,32,23
2016-01-10,1,1,1,0.5982999999999999,0.39599999999999996,0.17400000000000002,0.796,0.03,18,7,11
2016-01-11,17,17,13,0.3925633333333334,0.4916638651784593,0.10413333333333334,0.8620666666666666,0.03373333333333333,147,108,39
2016-01-12,30,30,14,0.29712500000000003,0.4968658132941474,0.07418181818181818,0.8658863636363635,0.05990909090909091,187,96,91
2016-01-13,22,22,11,0.3084181818181818,0.45857432460242803,0.07339393939393939,0.9053333333333332,0.021393939393939392,147,98,49
2016-01-14,18,18,9,0.32163703703703705,0.43819336434293915,0.0745925925925926,0.8912222222222224,0.034222222222222216,152,96,56
2016-01-15,23,23,12,0.3083,0.5235867345258363,0.1013142857142857,0.8319714285714286,0.06671428571428571,182,96,86
2016-01-16,6,6,1,0.16465714285714284,0.34195636671173973,0.06571428571428573,0.8864285714285715,0.04814285714285714,11,12,-1
2016-01-17,7,7,4,0.5123727272727273,0.41230468894850764,0.14581818181818182,0.8321818181818181,0.02190909090909091,115,49,66
2016-01-18,8,8,8,0.33226875,0.5891568325992982,0.0990625,0.84825,0.052625000000000005,114,57,57
2016-01-19,22,22,13,0.4016142857142857,0.494504115911143,0.13885714285714287,0.8130571428571429,0.048114285714285714,150,69,81
2016-01-20,13,13,9,0.28382727272727276,0.5390249793350095,0.07177272727272727,0.8811363636363635,0.04704545454545454,137,90,47
2016-01-21,19,19,10,0.3461896551724138,0.4593209645919443,0.07455172413793103,0.8867241379310343,0.03879310344827586,142,94,48
2016-01-22,29,29,21,0.349608,0.5070643702095425,0.09088000000000002,0.86104,0.04814,334,224,110
2016-01-23,11,11,2,0.03348461538461539,0.29835505911878746,0.010615384615384617,0.9582307692307693,0.03107692307692308,19,36,-17
2016-01-25,23,23,14,0.40158108108108104,0.4741287838721971,0.08983783783783782,0.8742972972972972,0.035891891891891896,277,167,110
2016-01-26,23,23,16,0.39780512820512814,0.4823079630855714,0.07015384615384615,0.891974358974359,0.0378974358974359,242,118,124
2016-01-27,53,53,26,0.16056835443037976,0.4570462790029657,0.05778481012658227,0.889151898734177,0.053050632911392406,241,184,57
2016-01-28,44,44,17,0.23944098360655744,0.4634487555017078,0.0737704918032787,0.8655081967213115,0.060754098360655734,242,173,69
2016-01-29,23,23,12,0.2862685714285715,0.4142035543556047,0.08551428571428572,0.8877428571428571,0.02668571428571429,198,101,97
2016-01-30,4,4,1,0.19366,0.38731999999999994,0.0172,0.974,0.008799999999999999,16,10,6
2016-01-31,4,4,4,0.45300000000000007,0.5436693802303013,0.122,0.7969999999999999,0.081,72,45,27
2016-02-01,17,17,16,0.5515848484848486,0.4251513086243262,0.11930303030303031,0.8506969696969697,0.029969696969696973,290,165,125
2016-02-02,28,28,13,0.3163682926829268,0.5183716010735195,0.10109756097560975,0.8413414634146341,0.05760975609756098,192,104,88
2016-02-03,24,24,9,0.3424575757575758,0.4565676139182142,0.14112121212121212,0.8145757575757576,0.04424242424242424,134,101,33
2016-02-04,24,24,15,0.18768974358974364,0.5535395540009078,0.08607692307692306,0.8455384615384617,0.06835897435897435,187,119,68
2016-02-05,13,13,10,0.40985217391304335,0.5375268121681205,0.10121739130434781,0.8388260869565217,0.059956521739130436,197,100,97
2016-02-06,2,2,2,0.135975,0.23551560855917814,0.0155,0.9725,0.01225,9,14,-5
2016-02-07,5,5,5,0.29511,0.6518772652117881,0.1155,0.7762,0.1082,132,78,54
2016-02-08,12,12,6,0.27919444444444447,0.42284399601878686,0.09488888888888888,0.8667777777777778,0.03827777777777778,59,44,15
2016-02-09,16,16,11,0.2397185185185185,0.5749442961984566,0.058222222222222224,0.849925925925926,0.09185185185185185,193,87,106
2016-02-10,17,17,14,0.46219999999999994,0.4803308315546021,0.0865483870967742,0.8835161290322581,0.029935483870967745,236,149,87
2016-02-11,13,13,10,0.3661521739130435,0.4233066571334958,0.08408695652173914,0.8946956521739132,0.021304347826086957,111,61,50
2016-02-12,16,16,13,0.31632413793103453,0.45774811599090426,0.09606896551724138,0.8708620689655173,0.03306896551724138,178,97,81
2016-02-13,7,7,5,0.3101,0.5621926745639196,0.1425,0.8360833333333333,0.021333333333333333,67,43,24
2016-02-14,2,2,2,0.10695000000000005,0.6942682388673703,0.17300000000000001,0.79025,0.036750000000000005,36,16,20
2016-02-15,4,4,4,0.122125,0.3231123788637631,0.011625,0.98125,0.007125,11,4,7
2016-02-16,22,22,18,0.339615,0.49864233903169514,0.0679,0.8902000000000001,0.041925000000000004,222,108,114
2016-02-17,35,35,22,0.3979701754385965,0.449301940037011,0.11278947368421051,0.8604912280701753,0.02666666666666667,362,170,192
2016-02-18,50,50,14,0.21131093749999996,0.3914233450327422,0.0925625,0.86996875,0.0375,172,88,84
2016-02-19,41,41,14,0.23409818181818176,0.4264617623233846,0.10219999999999999,0.8321818181818182,0.06569090909090908,212,114,98
2016-02-20,23,23,6,-0.056555172413793105,0.33000685111614114,0.03962068965517242,0.8693448275862068,0.09100000000000001,26,12,14
2016-02-21,4,4,2,0.04731666666666667,0.44752066774122906,0.016166666666666666,0.9011666666666667,0.08283333333333333,15,9,6
2016-02-22,20,20,16,0.5057277777777777,0.4726392056027933,0.11877777777777777,0.8353055555555555,0.04591666666666667,314,131,183
2016-02-23,29,29,15,0.2124090909090909,0.5074718889743288,0.07027272727272726,0.8591136363636364,0.07059090909090909,207,104,103
2016-02-24,35,35,14,0.13003265306122447,0.5070634627542279,0.0759795918367347,0.8504897959183674,0.07353061224489796,200,94,106
2016-02-25,34,34,12,0.15401521739130433,0.506876680812049,0.0648913043478261,0.8415217391304348,0.09358695652173912,198,99,99
2016-02-26,38,38,15,0.225988679245283,0.46812191472056913,0.07260377358490566,0.8817735849056604,0.045641509433962266,234,129,105
2016-02-27,16,16,2,0.16469444444444445,0.32859899653634267,0.12627777777777777,0.7672222222222221,0.10644444444444445,77,40,37
2016-02-28,3,3,3,0.43629999999999997,0.6056295870139327,0.1145,0.7591666666666667,0.12616666666666668,39,17,22
2016-02-29,14,14,9,0.4797173913043478,0.44037141305569893,0.13786956521739133,0.8362608695652175,0.025782608695652173,230,81,149
2016-03-01,26,26,13,0.2704179487179487,0.3934576632304505,0.10546153846153845,0.8521025641025641,0.042435897435897436,131,80,51
2016-03-02,28,28,13,0.27050731707317077,0.4238900026383075,0.0685609756097561,0.899390243902439,0.03207317073170732,169,105,64
2016-03-03,26,26,18,0.40011136363636374,0.4293485595092709,0.09731818181818182,0.8797499999999999,0.02297727272727273,276,165,111
2016-03-04,37,37,17,0.27980925925925926,0.5214627252289036,0.09961111111111108,0.8293888888888887,0.07101851851851851,288,110,178
2016-03-05,13,13,2,0.012286666666666668,0.44764910196367974,0.09406666666666667,0.7733333333333334,0.13246666666666665,18,11,7
2016-03-06,5,5,3,0.22073749999999998,0.42183859157709835,0.0185,0.950125,0.031375,21,11,10
2016-03-07,17,17,12,0.3883379310344828,0.5072307877184827,0.09651724137931032,0.8567241379310345,0.046862068965517235,215,124,91
2016-03-08,25,25,16,0.4300609756097561,0.48757856946745126,0.12473170731707317,0.796219512195122,0.07904878048780488,273,162,111
2016-03-09,16,16,13,0.3478,0.46959317682877155,0.06320689655172415,0.9020689655172413,0.03479310344827586,119,41,78
2016-03-10,16,16,12,0.41356071428571434,0.4735592060882339,0.06339285714285715,0.9002142857142857,0.036392857142857137,188,121,67
2016-03-11,12,12,9,0.4430190476190476,0.4441528979755118,0.1029047619047619,0.8679999999999999,0.029095238095238094,128,69,59
2016-03-12,5,5,1,-0.032583333333333346,0.48513529871114874,0.021500000000000002,0.8330000000000001,0.1455,37,16,21
2016-03-13,3,3,2,0.31914000000000003,0.6380253900903945,0.1254,0.7764,0.0984,78,36,42
2016-03-14,14,14,13,0.5524407407407408,0.4556824692531374,0.11874074074074072,0.853851851851852,0.02744444444444445,215,74,141
2016-03-15,33,33,25,0.29886379310344824,0.5198197657472006,0.06510344827586206,0.8853275862068967,0.04956896551724138,348,232,116
2016-03-16,15,15,9,0.2738541666666667,0.5378407160265688,0.060875000000000005,0.8875000000000001,0.051666666666666666,186,111,75
2016-03-17,23,23,13,0.3035972222222222,0.4962254284351188,0.06572222222222222,0.8929999999999999,0.04125,181,82,99
2016-03-18,24,24,14,0.2635473684210526,0.523642238624829,0.05881578947368422,0.8976315789473684,0.043500000000000004,200,88,112
2016-03-19,8,8,3,0.3035818181818182,0.3728442687776367,0.10727272727272727,0.8605454545454545,0.03218181818181818,61,32,29
2016-03-20,4,4,3,0.46160000000000007,0.4680637319242511,0.10442857142857143,0.8464285714285714,0.049,55,21,34
2016-03-21,28,28,22,0.281616,0.4891076467854495,0.07448,0.88538,0.04018000000000001,172,91,81
2016-03-22,40,40,10,0.11274600000000001,0.4290237994377469,0.06917999999999999,0.85874,0.07203999999999999,123,84,39
2016-03-23,29,29,12,0.20353170731707315,0.49670375694711405,0.07409756097560975,0.8713902439024391,0.054463414634146334,215,100,115
2016-03-24,17,17,7,0.13993333333333333,0.5345417692337574,0.08058333333333333,0.8287083333333333,0.09070833333333334,125,76,49
2016-03-25,8,8,4,0.208125,0.28667036274264557,0.07508333333333334,0.9065833333333333,0.018333333333333333,17,4,13
2016-03-26,3,3,1,0.21975,0.44190551309075116,0.02275,0.92675,0.050499999999999996,12,4,8
2016-03-27,4,4,2,0.46849999999999997,0.4111988083640321,0.12933333333333333,0.858,0.012666666666666668,19,7,12
2016-03-28,20,20,14,0.4469676470588235,0.49559554175972037,0.08208823529411764,0.884029411764706,0.033882352941176475,287,138,149
2016-03-29,23,23,15,0.2687684210526316,0.5233224728422404,0.0858421052631579,0.8598421052631579,0.05431578947368421,209,119,90
2016-03-30,26,26,16,0.48056666666666664,0.42446664217281005,0.13995238095238097,0.8166666666666668,0.04342857142857143,247,176,71
2016-03-31,29,29,15,0.38754318181818187,0.4754654133285555,0.09484090909090909,0.8714772727272727,0.033749999999999995,259,135,124
2016-04-01,19,19,13,0.23569375,0.5401661011540224,0.07999999999999999,0.8520625,0.06790625,247,140,107
2016-04-02,3,3,3,0.49656666666666666,0.49658533226649193,0.06316666666666666,0.906,0.031,55,19,36
2016-04-03,1,1,1,0.84615,0.10315000000000002,0.277,0.6970000000000001,0.026,7,3,4
2016-04-04,20,20,18,0.4030289473684211,0.5458011918310139,0.1031578947368421,0.8492631578947368,0.047684210526315794,261,140,121
2016-04-05,13,13,8,0.3500238095238095,0.48896919944362055,0.06738095238095239,0.8815714285714285,0.05114285714285714,102,63,39
2016-04-06,16,16,12,0.4175892857142857,0.4654617717456855,0.06971428571428571,0.9082499999999999,0.021964285714285714,134,82,52
2016-04-07,15,15,12,0.47052962962962963,0.45923345940076726,0.1112962962962963,0.8675555555555555,0.021148148148148145,196,74,122
2016-04-08,15,15,12,0.3547555555555555,0.5622699176080057,0.07540740740740741,0.8945925925925926,0.030000000000000002,167,86,81
2016-04-09,9,9,3,0.2943333333333333,0.34871378027768785,0.08091666666666668,0.9089166666666668,0.010083333333333333,28,15,13
2016-04-11,15,15,12,0.46600370370370364,0.4238115203732638,0.10492592592592592,0.8697777777777778,0.0252962962962963,150,75,75
2016-04-12,15,15,12,0.3200111111111111,0.5423310259688219,0.06407407407407407,0.8996666666666668,0.036333333333333336,206,112,94
2016-04-13,25,25,21,0.38769130434782617,0.5540314831056189,0.08719565217391305,0.868608695652174,0.044239130434782614,254,113,141
2016-04-14,35,35,20,0.2791909090909091,0.5008898522621251,0.09552727272727272,0.8629272727272727,0.04147272727272727,202,104,98
2016-04-15,35,35,10,0.2171,0.42383662680592177,0.065,0.8929555555555555,0.04206666666666667,113,70,43
2016-04-16,17,17,4,0.25695714285714283,0.4257360601654152,0.11742857142857141,0.8265238095238097,0.0560952380952381,65,26,39
2016-04-17,5,5,2,-0.16317142857142855,0.3031795399913849,0.011714285714285715,0.9498571428571428,0.03842857142857143,16,15,1
2016-04-18,22,22,18,0.340985,0.5739537488116965,0.088025,0.869375,0.0426,319,196,123
2016-04-19,19,19,15,0.43755000000000005,0.482472448619059,0.12273529411764705,0.8399411764705883,0.037294117647058825,260,183,77
2016-04-20,23,23,12,0.29072000000000003,0.5086482061307205,0.06022857142857143,0.9017999999999999,0.037942857142857146,222,150,72
2016-04-21,24,24,15,0.20837692307692315,0.5073108178205072,0.0408974358974359,0.9054871794871795,0.053615384615384606,222,131,91
2016-04-22,16,16,15,0.2566709677419355,0.5259873389826328,0.06651612903225808,0.9036451612903227,0.029806451612903222,197,190,7
2016-04-23,10,10,1,0.1279727272727273,0.3158869219167145,0.14281818181818182,0.7649090909090909,0.0920909090909091,31,12,19
2016-04-24,3,3,3,0.4858,0.4865421495958324,0.06133333333333333,0.9101666666666667,0.028499999999999998,84,62,22
2016-04-25,30,30,22,0.3753461538461539,0.4861697908777654,0.06649999999999999,0.8935,0.03996153846153846,304,230,74
2016-04-26,39,39,28,0.3561089552238806,0.5098493417305622,0.07340298507462686,0.8835074626865672,0.04305970149253731,367,197,170
2016-04-27,66,66,39,0.14006285714285716,0.5746577932013754,0.05716190476190476,0.8600857142857143,0.08280952380952382,614,504,110
2016-04-28,53,53,22,0.18789466666666668,0.5107805412355574,0.06174666666666667,0.8556,0.08266666666666665,396,230,166
2016-04-29,39,39,23,0.27720806451612906,0.5515271941642638,0.08843548387096775,0.8410645161290321,0.07058064516129031,409,274,135
2016-04-30,3,3,1,-0.024724999999999997,0.6569961011109579,0.03425,0.764,0.20174999999999998,31,15,16
2016-05-01,3,3,3,0.4856833333333333,0.4858291895192063,0.048999999999999995,0.9216666666666667,0.0295,56,32,24
2016-05-02,26,26,23,0.4329306122448979,0.5322280523188677,0.09251020408163266,0.8529591836734692,0.05451020408163265,436,383,53
2016-05-03,33,33,21,0.4262759259259259,0.48580514647990797,0.10516666666666666,0.853574074074074,0.04125925925925925,417,271,146
2016-05-04,29,29,23,0.3332711538461538,0.5616517732191426,0.07028846153846152,0.8673461538461538,0.062384615384615386,369,214,155
2016-05-05,22,22,17,0.3954769230769231,0.5407527206145809,0.09548717948717948,0.836102564102564,0.06835897435897435,277,178,99
2016-05-06,35,35,18,0.22853207547169818,0.55503948721455,0.056547169811320755,0.8526603773584904,0.0908301886792453,302,227,75
2016-05-07,2,2,0,0.064,0.064,0.06,0.94,0.0,2,0,2
2016-05-09,22,22,20,0.4432380952380952,0.4977516644885618,0.07019047619047619,0.8883809523809523,0.041452380952380956,423,251,172
2016-05-10,24,24,18,0.41355238095238095,0.42542159830438186,0.08183333333333334,0.9010000000000001,0.01719047619047619,231,123,108
2016-05-11,22,22,14,0.2757277777777778,0.46130316291706036,0.08088888888888889,0.8647222222222222,0.05441666666666666,150,62,88
2016-05-12,19,19,11,0.03975333333333335,0.4945488534906222,0.04076666666666666,0.8666000000000001,0.09263333333333336,75,100,-25
2016-05-13,40,40,16,0.22292321428571427,0.5143615508538826,0.07633928571428572,0.841625,0.08201785714285714,370,228,142
2016-05-14,8,8,0,0.076775,0.1330939682141907,0.047875,0.952125,0.0,4,0,4
2016-05-16,36,36,25,0.43476721311475414,0.4691940965490674,0.10927868852459018,0.857639344262295,0.03308196721311475,458,339,119
2016-05-17,50,50,16,0.3190181818181818,0.43656615795945763,0.10359090909090908,0.8639545454545454,0.03245454545454545,246,138,108
2016-05-18,21,21,12,0.4648242424242424,0.46439012010886827,0.143,0.8159090909090909,0.04106060606060606,191,82,109
2016-05-19,26,26,18,0.38975909090909105,0.4978890755060453,0.08988636363636364,0.8735454545454545,0.0365,309,151,158
2016-05-20,30,30,18,0.38853541666666663,0.5065924201999009,0.09675,0.8510624999999999,0.05220833333333333,301,154,147
2016-05-21,6,6,2,0.1842125,0.4947324742663958,0.028999999999999998,0.922125,0.048875,44,15,29
2016-05-22,6,6,2,0.2406375,0.4172100787897507,0.03075,0.961,0.00825,49,13,36
2016-05-23,30,30,15,0.439771111111111,0.44891036750594315,0.10797777777777778,0.8612,0.030866666666666667,310,132,178
2016-05-24,26,26,19,0.4029355555555556,0.47717745413609236,0.097,0.8661333333333332,0.03682222222222222,222,113,109
2016-05-25,27,27,14,0.2946926829268293,0.5111567094871958,0.11826829268292684,0.8246829268292682,0.056951219512195124,215,103,112
2016-05-26,32,32,12,0.2639022727272727,0.41594640197147575,0.06579545454545455,0.9005454545454546,0.03365909090909091,118,67,51
2016-05-27,27,27,19,0.4429804347826087,0.48571441807048527,0.09958695652173916,0.8591956521739129,0.04121739130434783,319,137,182
2016-05-28,10,10,2,0.22041666666666668,0.37420768928794373,0.06433333333333334,0.9181666666666667,0.017499999999999998,27,12,15
2016-05-29,1,1,1,0.499,0.499,0.055,0.9390000000000001,0.006,21,10,11
2016-05-30,2,2,0,-0.204,0.3819,0.11549999999999999,0.757,0.1275,2,0,2
2016-05-31,14,14,9,0.44708260869565225,0.4533253737440154,0.10743478260869566,0.853,0.03969565217391304,177,92,85
2016-06-01,19,19,16,0.4947428571428571,0.44969117484635374,0.09551428571428572,0.8863714285714286,0.01805714285714286,298,174,124
2016-06-02,33,33,17,0.270938,0.5162426405828948,0.0833,0.87174,0.045,341,185,156
2016-06-03,23,23,9,0.313990625,0.43398149539998754,0.09518750000000001,0.8628125,0.04196875,131,78,53
2016-06-04,9,9,4,0.320676923076923,0.5005784502473822,0.09600000000000002,0.839,0.06492307692307692,53,30,23
2016-06-05,3,3,2,0.49668,0.44165801430518614,0.17980000000000002,0.7158,0.1044,45,18,27
2016-06-06,19,19,14,0.46857575757575753,0.44863932198424905,0.09063636363636364,0.8908484848484849,0.018484848484848486,236,111,125
2016-06-07,26,26,21,0.4124446808510638,0.4865716189257725,0.1064255319148936,0.8640000000000001,0.029574468085106387,393,186,207
2016-06-08,15,15,9,0.41352083333333334,0.42112871347839986,0.07429166666666666,0.9129166666666667,0.01275,96,65,31
2016-06-09,23,23,11,0.2946235294117647,0.5195917656928163,0.08573529411764706,0.8555294117647058,0.05873529411764706,167,76,91
2016-06-10,26,26,13,0.39658461538461537,0.4740122959232076,0.11187179487179486,0.8474615384615384,0.04071794871794872,203,72,131
2016-06-11,8,8,2,0.03404999999999999,0.3943143574611505,0.0363,0.9021000000000001,0.0617,22,27,-5
2016-06-12,4,4,4,0.5171749999999999,0.4811956222525305,0.07525,0.893125,0.032,98,65,33
2016-06-13,24,24,17,0.33429756097560975,0.5083169826713445,0.08546341463414635,0.8822195121951221,0.03229268292682927,309,146,163
2016-06-14,20,20,10,0.4568433333333334,0.42531839813119865,0.1320333333333333,0.8476666666666668,0.020266666666666665,177,72,105
2016-06-15,18,18,11,0.4167689655172414,0.49313006125435405,0.08127586206896552,0.8923793103448276,0.026344827586206897,157,96,61
2016-06-16,14,14,12,0.2665153846153846,0.5784817041800077,0.06942307692307693,0.8623461538461539,0.0683076923076923,176,104,72
2016-06-17,30,30,21,0.2768901960784314,0.5426472711479118,0.05852941176470587,0.8800588235294117,0.0614313725490196,356,242,114
2016-06-18,20,20,4,0.08356666666666668,0.4719124050664017,0.06179166666666667,0.8310416666666667,0.10712500000000001,57,40,17
2016-06-19,1,1,1,0.16915000000000002,0.82885,0.0595,0.706,0.23399999999999999,28,14,14
2016-06-20,16,16,15,0.5110709677419355,0.47065750042415677,0.09703225806451612,0.8826451612903227,0.020387096774193553,216,141,75
2016-06-21,21,21,12,0.42588787878787876,0.45763276249370705,0.11333333333333333,0.8506060606060606,0.03606060606060606,213,120,93
2016-06-22,17,17,14,0.4481354838709677,0.519269969904019,0.09874193548387097,0.8687096774193547,0.032612903225806456,256,133,123
2016-06-23,19,19,18,0.43093783783783784,0.4899466939296787,0.06564864864864864,0.9043783783783784,0.029945945945945948,235,99,136
2016-06-24,25,25,13,0.2843210526315789,0.5174675002039385,0.09284210526315789,0.8412894736842105,0.06594736842105264,174,135,39
2016-06-25,5,5,5,0.40223999999999993,0.5485167822409812,0.13940000000000002,0.8083,0.0522,80,46,34
2016-06-26,1,1,1,0.49665,0.49665,0.051,0.923,0.026,17,13,4
2016-06-27,11,11,10,0.4696809523809524,0.4577713128575047,0.10504761904761907,0.8712380952380953,0.023714285714285716,123,87,36
2016-06-28,20,20,17,0.42259729729729734,0.5433583887650434,0.07883783783783783,0.8620540540540541,0.059081081081081094,314,147,167
2016-06-29,15,15,10,0.289128,0.4290560070853221,0.07356,0.90172,0.02468,110,80,30
2016-06-30,9,9,7,0.48769999999999997,0.5017375882869451,0.14175,0.8119375,0.04637499999999999,132,83,49
2016-07-01,23,23,17,0.42164250000000003,0.46185280549515995,0.095275,0.86595,0.0387,291,126,165
2016-07-02,8,8,0,-0.10045,0.343830390599784,0.03625,0.87,0.09375,4,0,4
2016-07-03,1,1,1,0.8336,0.16310000000000002,0.295,0.6835,0.0215,11,10,1
2016-07-04,4,4,4,0.484775,0.4522936705007047,0.134125,0.8538749999999999,0.012,39,14,25
2016-07-05,21,21,15,0.35875833333333335,0.5180906293384713,0.0821388888888889,0.8801944444444445,0.037805555555555564,245,136,109
2016-07-06,19,19,15,0.32331764705882354,0.5258214931226736,0.06552941176470588,0.8945588235294117,0.03997058823529412,243,168,75
2016-07-07,16,16,12,0.46978571428571436,0.44409004855377,0.10678571428571429,0.8721785714285714,0.020964285714285713,135,73,62
2016-07-08,14,14,11,0.19367200000000004,0.5751987096786639,0.07904,0.86716,0.053840000000000006,260,118,142
2016-07-09,4,4,2,0.4672,0.436321200493398,0.17400000000000002,0.7738333333333335,0.05216666666666667,30,24,6
2016-07-11,14,14,9,0.41147391304347836,0.5261280346880293,0.09269565217391305,0.8655652173913042,0.041739130434782605,157,51,106
2016-07-12,20,20,18,0.5276263157894737,0.43839378998447603,0.11031578947368421,0.8800263157894738,0.009657894736842105,350,132,218
2016-07-13,19,19,16,0.4658085714285715,0.5241862887896841,0.11134285714285713,0.8560285714285715,0.03251428571428571,268,143,125
2016-07-14,22,22,17,0.4280076923076923,0.4445066711648535,0.06020512820512819,0.9234358974358974,0.016384615384615386,286,153,133
2016-07-15,27,27,22,0.32068775510204084,0.5949814463348546,0.1046938775510204,0.8525102040816326,0.04279591836734694,374,214,160
2016-07-16,7,7,3,0.24455,0.5431850315500234,0.0682,0.8479000000000001,0.0839,51,25,26
2016-07-17,3,3,2,0.43007999999999996,0.4588136240348579,0.0796,0.905,0.0154,56,19,37
2016-07-18,36,36,29,0.463963076923077,0.4703736817497767,0.0814923076923077,0.894676923076923,0.023769230769230768,564,275,289
2016-07-19,22,22,19,0.41189268292682923,0.5195881996961956,0.08365853658536587,0.8735853658536585,0.042682926829268296,361,174,187
2016-07-20,26,26,23,0.4191122448979592,0.4856842543794304,0.0929795918367347,0.8753469387755102,0.031693877551020405,374,197,177
2016-07-21,25,25,22,0.41342978723404256,0.5549370575444795,0.10440425531914893,0.8433617021276595,0.05229787234042554,319,152,167
2016-07-22,32,32,27,0.4403898305084746,0.4695168947682848,0.09998305084745762,0.8754237288135595,0.024576271186440676,466,276,190
2016-07-23,8,8,5,0.4094615384615385,0.42837368399108583,0.09769230769230769,0.8717692307692307,0.030615384615384617,93,46,47
2016-07-24,6,6,2,0.26485000000000003,0.4816307428933498,0.0655,0.875375,0.059375,52,41,11
2016-07-25,31,31,26,0.36983333333333335,0.5646718514022829,0.08387719298245613,0.854561403508772,0.061508771929824554,532,287,245
2016-07-26,37,37,22,0.3868966101694915,0.5099738298257599,0.08383050847457627,0.871186440677966,0.04501694915254237,387,199,188
2016-07-27,73,73,42,0.3619869565217392,0.4704633859101488,0.08941739130434782,0.8650260869565218,0.045547826086956525,704,409,295
2016-07-28,37,37,20,0.39084385964912277,0.46505953250964066,0.10066666666666667,0.8556140350877194,0.043631578947368424,377,213,164
2016-07-29,16,16,10,0.2816730769230769,0.5306007586164749,0.08703846153846154,0.8703461538461538,0.042499999999999996,171,107,64
2016-07-30,7,7,2,0.3368555555555555,0.4524346904646045,0.1728888888888889,0.7976666666666667,0.029555555555555557,52,25,27
2016-07-31,1,1,1,0.49935,0.49935,0.063,0.903,0.0345,39,32,7
2016-08-01,17,17,14,0.39440645161290333,0.5608379260652896,0.13306451612903225,0.8253870967741935,0.04151612903225806,327,195,132
2016-08-02,28,28,19,0.3415936170212765,0.5063178878691517,0.0803191489361702,0.8851489361702125,0.034574468085106384,282,96,186
2016-08-03,20,20,12,0.29876875,0.5059113610835771,0.07378125,0.8638125,0.06240625,273,95,178
2016-08-04,19,19,13,0.30233437500000004,0.5176721082218545,0.10284375,0.8628125,0.03425,174,86,88
2016-08-05,23,23,14,0.3575432432432432,0.5391405375327505,0.0944054054054054,0.843081081081081,0.06245945945945946,233,80,153
2016-08-06,3,3,2,0.6691999999999999,0.37096990713533623,0.2254,0.7502,0.0242,45,27,18
2016-08-07,1,1,1,0.0655,0.9344,0.072,0.5955,0.33199999999999996,18,9,9
2016-08-08,15,15,12,0.41675185185185193,0.5090486656283976,0.06648148148148147,0.9014074074074074,0.032185185185185185,166,60,106
2016-08-09,25,25,18,0.4306279069767442,0.4768186478548536,0.09123255813953489,0.8789767441860465,0.029767441860465118,331,120,211
2016-08-10,17,17,9,0.30576923076923074,0.4787531207122477,0.09926923076923076,0.8469615384615385,0.05388461538461538,115,44,71
2016-08-11,15,15,13,0.333025,0.5259224125456693,0.06371428571428571,0.8803571428571428,0.056,239,134,105
2016-08-12,9,9,7,0.36805625000000003,0.5733054770023895,0.13093749999999998,0.8446250000000001,0.0245625,136,81,55
2016-08-13,3,3,2,0.35136,0.5343972814302108,0.05620000000000001,0.8688,0.075,35,25,10
2016-08-14,3,3,3,0.3370333333333333,0.671762119768267,0.09716666666666667,0.7244999999999999,0.1785,50,25,25
2016-08-15,19,19,13,0.43042500000000006,0.4536021232864767,0.08240624999999999,0.8946562499999999,0.0229375,222,87,135
2016-08-16,29,29,19,0.42997499999999994,0.4673267586764105,0.11462499999999999,0.8551041666666667,0.03025,247,101,146
2016-08-17,14,14,12,0.4317846153846154,0.5002605088215444,0.07342307692307691,0.8906153846153847,0.03584615384615385,191,97,94
2016-08-18,19,19,16,0.44352285714285716,0.5202235690193835,0.09522857142857144,0.8737142857142857,0.03108571428571429,263,138,125
2016-08-19,18,18,13,0.38266774193548386,0.4981139333248172,0.06193548387096774,0.9080322580645162,0.030000000000000002,187,74,113
2016-08-20,3,3,3,0.41009999999999996,0.6069642054245593,0.07283333333333335,0.8208333333333333,0.10633333333333335,88,40,48
2016-08-21,5,5,4,0.3536222222222222,0.45659921832263306,0.06677777777777777,0.9185555555555555,0.014666666666666668,73,42,31
2016-08-22,16,16,15,0.5175580645161291,0.4866550562002681,0.10809677419354839,0.8569999999999999,0.03490322580645161,275,167,108
2016-08-23,20,20,17,0.5157054054054054,0.4735871984813105,0.11308108108108109,0.8487567567567568,0.038189189189189184,272,118,154
2016-08-24,13,13,9,0.30450454545454547,0.6333163151059183,0.09613636363636363,0.8394545454545453,0.06436363636363637,140,70,70
2016-08-25,18,18,16,0.4391529411764706,0.5634706611889934,0.14641176470588235,0.8010882352941175,0.05267647058823529,380,252,128
2016-08-26,15,15,12,0.39986666666666676,0.48159261099290446,0.07477777777777778,0.8994814814814815,0.025814814814814818,142,64,78
2016-08-27,4,4,3,0.2028142857142857,0.616152502988323,0.07185714285714286,0.903142857142857,0.024999999999999998,65,42,23
2016-08-28,2,2,2,0.493225,0.49327824995128255,0.0485,0.92825,0.023,32,14,18
2016-08-29,23,23,19,0.4266809523809524,0.47628217388539507,0.09280952380952383,0.8863095238095237,0.02092857142857143,318,162,156
2016-08-30,34,34,21,0.37962000000000007,0.4826038655611302,0.10590909090909091,0.8568363636363636,0.03725454545454545,228,108,120
2016-08-31,20,20,17,0.4149513513513513,0.45267694621364246,0.08278378378378377,0.8938918918918919,0.023297297297297296,220,166,54
2016-09-01,18,18,16,0.4760352941176471,0.5130047367527866,0.07232352941176469,0.8902647058823528,0.03752941176470588,256,98,158
2016-09-02,22,22,17,0.45855897435897447,0.399162238539508,0.11779487179487177,0.8583333333333335,0.023897435897435898,253,129,124
2016-09-03,3,3,1,0.29975,0.41077242178607853,0.055999999999999994,0.92975,0.01425,18,9,9
2016-09-04,3,3,2,0.48402,0.44799254636656627,0.1316,0.8486,0.0198,46,21,25
2016-09-05,2,2,2,0.26460000000000006,0.6569906277870332,0.168,0.8140000000000001,0.018000000000000002,19,7,12
2016-09-06,29,29,23,0.37082499999999996,0.49054079688998503,0.06357692307692307,0.9203076923076924,0.01607692307692308,356,146,210
2016-09-07,39,39,25,0.2647953125,0.4358291305910808,0.063609375,0.90134375,0.0350625,247,126,121
2016-09-08,45,45,34,0.3788708860759493,0.49686264972996635,0.10334177215189873,0.8580886075949368,0.03854430379746835,524,243,281
2016-09-09,34,34,32,0.44641515151515154,0.5209180000736533,0.09648484848484848,0.8747272727272727,0.02878787878787879,644,357,287
2016-09-10,6,6,5,0.23795454545454542,0.45687670380458095,0.03190909090909091,0.9352727272727273,0.032818181818181816,49,23,26
2016-09-11,2,2,1,0.33213333333333334,0.46970746451618395,0.036333333333333336,0.9470000000000001,0.016666666666666666,32,12,20
2016-09-12,26,26,19,0.3843533333333334,0.4451438537022487,0.08026666666666667,0.9005333333333334,0.01922222222222222,279,145,134
2016-09-13,34,34,27,0.3793393442622951,0.5337880540521213,0.10752459016393442,0.8546229508196722,0.03775409836065574,365,208,157
2016-09-14,35,35,26,0.41677868852459016,0.47874948516507143,0.08545901639344262,0.8723114754098361,0.04221311475409836,353,172,181
2016-09-15,45,45,34,0.4299126582278481,0.46489244635207,0.09729113924050632,0.8763797468354432,0.026329113924050632,537,283,254
2016-09-16,29,29,22,0.4234098039215686,0.4870139947479474,0.09637254901960783,0.8642549019607842,0.039392156862745095,407,220,187
2016-09-17,6,6,6,0.547875,0.49086364896476087,0.11833333333333335,0.8314166666666667,0.05016666666666667,157,69,88
2016-09-18,1,1,1,0.4996,0.4996,0.075,0.9045000000000001,0.021,26,13,13
2016-09-19,34,34,30,0.35971406250000004,0.46683565994469195,0.072984375,0.8995312499999999,0.027484375000000002,416,176,240
2016-09-20,26,26,19,0.40488,0.4503021975913015,0.09742222222222224,0.884488888888889,0.01808888888888889,270,118,152
2016-09-21,19,19,13,0.35944062499999996,0.5120721841567938,0.079125,0.8789687500000001,0.04196875,235,67,168
2016-09-22,21,21,17,0.33861315789473684,0.5245435470212235,0.083,0.8860263157894738,0.03092105263157895,204,108,96
2016-09-23,23,23,20,0.32604418604651164,0.48390206307913636,0.07495348837209304,0.8987674418604651,0.02625581395348837,267,154,113
2016-09-24,4,4,3,0.4587,0.47824416059462466,0.08199999999999999,0.8692857142857144,0.04842857142857143,78,50,28
2016-09-25,3,3,3,0.5404833333333333,0.4119618283962187,0.14466666666666664,0.8355,0.02,29,17,12
2016-09-26,22,22,21,0.4311348837209303,0.512371564341657,0.08334883720930232,0.894,0.0226046511627907,362,165,197
2016-09-27,19,19,18,0.5146216216216216,0.4547352785814616,0.08327027027027027,0.8982162162162161,0.01856756756756757,259,152,107
2016-09-28,16,16,13,0.4583896551724138,0.45582912735065584,0.08806896551724139,0.8718965517241379,0.04010344827586207,166,99,67
2016-09-29,28,28,24,0.36228461538461537,0.4945282699333918,0.08405769230769232,0.8761538461538462,0.039807692307692315,318,191,127
2016-09-30,23,23,21,0.2577977272727273,0.5016875818351118,0.07340909090909091,0.8902045454545455,0.03638636363636363,232,150,82
2016-10-01,4,4,4,0.368625,0.47600880966112386,0.03925,0.9415,0.019375,60,26,34
2016-10-02,4,4,2,0.46104999999999996,0.4327633138718361,0.18433333333333335,0.7698333333333335,0.04566666666666667,52,43,9
2016-10-03,27,27,21,0.44387708333333337,0.48675393648450316,0.123125,0.8416458333333333,0.035208333333333335,387,202,185
2016-10-04,24,24,22,0.37337391304347833,0.4675860722601183,0.08341304347826087,0.8821956521739132,0.034413043478260866,342,153,189
2016-10-05,17,17,14,0.2385225806451613,0.4893135169573912,0.08225806451612903,0.8842903225806451,0.03354838709677419,171,98,73
2016-10-06,21,21,17,0.43750526315789473,0.54868453497403,0.09536842105263159,0.8383684210526315,0.06626315789473684,324,228,96
2016-10-07,14,14,13,0.2994777777777778,0.5635043884500538,0.07607407407407407,0.8736666666666666,0.05025925925925926,216,110,106
2016-10-08,1,1,1,0.4004,0.4004,0.046,0.9159999999999999,0.0385,15,16,-1
2016-10-09,2,2,2,0.07515,0.5975824650205191,0.035500000000000004,0.93975,0.02475,23,12,11
2016-10-10,15,15,14,0.4851793103448276,0.4452384610050496,0.0903448275862069,0.8994482758620691,0.010206896551724137,179,76,103
2016-10-11,27,27,22,0.37164285714285716,0.5458349376722541,0.09322448979591835,0.8704081632653061,0.036408163265306125,349,158,191
2016-10-12,17,17,13,0.34073,0.4903946445806003,0.06230000000000001,0.8816333333333333,0.056066666666666674,168,81,87
2016-10-13,17,17,13,0.37573000000000006,0.45178324312292356,0.0881,0.8774666666666665,0.03436666666666666,201,138,63
2016-10-14,19,19,18,0.5202189189189189,0.5033798790327713,0.1321351351351351,0.8470000000000001,0.020837837837837842,367,189,178
2016-10-15,2,2,2,0.516875,0.493734485199282,0.10325,0.8365,0.06,38,17,21
2016-10-17,23,23,17,0.3888875,0.501499904380599,0.079525,0.884675,0.035725,313,117,196
2016-10-18,14,14,11,0.469436,0.4890127817388826,0.09632,0.87164,0.0322,209,90,119
2016-10-19,17,17,15,0.466053125,0.5041319408054149,0.11131250000000001,0.86234375,0.026375000000000003,297,138,159
2016-10-20,16,16,14,0.44737666666666664,0.49859844944493054,0.09416666666666668,0.868,0.03796666666666667,284,121,163
2016-10-21,21,21,17,0.4787605263157895,0.4561136905476378,0.09926315789473684,0.8860263157894736,0.014710526315789473,327,131,196
2016-10-22,1,1,1,0.65935,0.31935,0.20149999999999998,0.758,0.0405,24,17,7
2016-10-23,2,2,2,0.52235,0.4290836311256816,0.1355,0.7745,0.09,43,39,4
2016-10-24,30,30,25,0.44293272727272726,0.5017057964600896,0.09736363636363636,0.8776,0.025054545454545458,503,191,312
2016-10-25,32,32,27,0.45011355932203395,0.49797657267665596,0.08020338983050848,0.8911694915254237,0.028644067796610172,552,195,357
2016-10-26,47,47,34,0.32502469135802464,0.5541877578901171,0.07009876543209875,0.8719876543209878,0.05788888888888889,588,271,317
2016-10-27,23,23,21,0.4465409090909091,0.47250298763758763,0.08188636363636365,0.8896363636363636,0.028568181818181822,372,178,194
2016-10-28,37,37,35,0.43325833333333336,0.4840470356363453,0.09231944444444445,0.8756666666666666,0.03204166666666667,603,247,356
2016-10-29,4,4,4,0.41637499999999994,0.44305148614466916,0.082875,0.8967499999999999,0.02025,68,26,42
2016-10-30,2,2,1,0.0,0.0,0.0,1.0,0.0,0,1,-1
2016-10-31,31,31,25,0.4567267857142857,0.4853408873782395,0.090125,0.8771607142857142,0.03271428571428571,464,261,203
2016-11-01,24,24,20,0.3308681818181818,0.5124765434865941,0.08063636363636363,0.8725227272727274,0.04670454545454546,297,121,176
2016-11-02,22,22,18,0.5213599999999999,0.45538906596447837,0.09615,0.886075,0.017825,329,183,146
2016-11-03,27,27,23,0.500556,0.48146822290157426,0.10852,0.8556199999999999,0.03598,451,215,236
2016-11-04,17,17,16,0.39712121212121215,0.5359875336392746,0.0803939393939394,0.8776363636363637,0.04196969696969697,345,199,146
2016-11-05,1,1,1,-0.4869,0.4675,0.155,0.6745,0.17049999999999998,18,16,2
2016-11-06,1,1,0,0.4019,0.0,0.197,0.803,0.0,3,0,3
2016-11-07,15,15,12,0.34984074074074073,0.5073982322771432,0.08514814814814817,0.8799999999999999,0.034851851851851856,180,81,99
2016-11-08,22,22,21,0.39892558139534884,0.480263348829903,0.0824186046511628,0.8843953488372094,0.03318604651162791,314,202,112
2016-11-09,17,17,13,0.5017033333333333,0.42903875620067505,0.11886666666666666,0.8542666666666668,0.026833333333333334,184,116,68
2016-11-10,20,20,15,0.4421057142857143,0.49125204641833714,0.09617142857142857,0.8494571428571427,0.05437142857142857,306,175,131
2016-11-11,24,24,20,0.5146431818181818,0.4997929464005012,0.13331818181818184,0.8133181818181817,0.05343181818181817,387,171,216
2016-11-13,2,2,1,0.3544333333333333,0.44776634035572116,0.08866666666666667,0.839,0.07233333333333333,22,6,16
2016-11-14,22,22,17,0.41929743589743595,0.5051931209751425,0.09458974358974358,0.8757948717948719,0.029564102564102565,376,148,228
2016-11-15,19,19,15,0.3448764705882353,0.5484183525798229,0.09394117647058824,0.8506176470588236,0.05544117647058824,304,126,178
2016-11-16,12,12,8,0.394445,0.4993443465936107,0.071,0.9025000000000001,0.02645,143,56,87
2016-11-17,15,15,13,0.46626428571428574,0.4922822812561665,0.07992857142857143,0.9016428571428571,0.018571428571428572,255,125,130
2016-11-18,19,19,17,0.4704,0.5127725334991249,0.10630555555555556,0.8627777777777779,0.030916666666666665,314,148,166
2016-11-19,1,1,0,0.0,0.0,0.0,1.0,0.0,0,0,0
2016-11-20,1,1,0,0.0,0.0,0.0,1.0,0.0,1,0,1
2016-11-21,19,19,16,0.3433142857142857,0.5464748684028555,0.08525714285714285,0.8792571428571427,0.03554285714285714,233,102,131
2016-11-22,16,16,16,0.485375,0.4681054054644104,0.09325,0.887875,0.01871875,250,109,141
2016-11-23,15,15,13,0.46410714285714283,0.4441370283470853,0.09128571428571428,0.8811428571428571,0.02753571428571428,200,105,95
2016-11-24,1,1,1,0.49785,0.49785,0.0585,0.9235,0.0185,29,4,25
2016-11-25,6,6,5,0.4346,0.44331397041333626,0.0770909090909091,0.9192727272727272,0.0036363636363636364,68,16,52
2016-11-26,3,3,2,0.48992,0.468130838121139,0.1614,0.7712,0.06720000000000001,30,13,17
2016-11-27,1,1,0,0.9062,0.0,0.577,0.423,0.0,1,0,1
2016-11-28,30,30,24,0.3647518518518518,0.4922005209941788,0.06431481481481481,0.9075555555555554,0.028129629629629633,355,149,206
2016-11-29,17,17,14,0.5147870967741935,0.4620307926771698,0.10177419354838708,0.8768709677419356,0.021354838709677422,253,102,151
2016-11-30,17,17,14,0.5256967741935484,0.4315242380841548,0.1094193548387097,0.8629677419354839,0.027645161290322583,241,138,103
2016-12-01,18,18,14,0.39714375,0.5990870387188638,0.10578125,0.81078125,0.08356250000000001,302,119,183
2016-12-02,2,2,1,0.39496666666666663,0.5990133684280806,0.16833333333333333,0.7403333333333334,0.09133333333333334,15,17,-2
2016-12-03,1,1,0,-0.6486,0.0,0.0,0.538,0.462,0,0,0
2016-12-04,2,2,0,0.2294,0.2294,0.1365,0.8634999999999999,0.0,0,0,0
2016-12-05,6,6,1,0.41301428571428567,0.38822353806821663,0.18,0.7869999999999999,0.033,11,5,6
2016-12-06,16,16,14,0.5103466666666667,0.42625853949086917,0.10190000000000002,0.8821666666666667,0.01596666666666667,209,84,125
2016-12-07,20,20,14,0.45139705882352943,0.4727363793945989,0.10655882352941178,0.853235294117647,0.04017647058823529,257,90,167
2016-12-08,16,16,12,0.409525,0.4556855609369563,0.07132142857142858,0.9198214285714285,0.008857142857142859,232,77,155
2016-12-09,19,19,13,0.4380375,0.4963644639715358,0.13528125,0.83840625,0.026312499999999996,235,90,145
2016-12-10,5,5,5,0.6794100000000001,0.3420595136814645,0.2071,0.7464000000000001,0.0464,98,77,21
2016-12-11,1,1,1,0.4998,0.4998,0.0865,0.883,0.0305,29,10,19
2016-12-12,21,21,19,0.44753750000000003,0.468161989960473,0.08807499999999999,0.8882749999999999,0.0237,378,157,221
2016-12-13,21,21,18,0.45260769230769227,0.4670556214527046,0.07192307692307692,0.9076410256410256,0.02041025641025641,317,167,150
2016-12-14,22,22,20,0.5355261904761905,0.43127372650232454,0.1260952380952381,0.8534285714285716,0.020404761904761905,353,166,187
2016-12-15,18,18,16,0.5048382352941176,0.43115700362322357,0.12247058823529411,0.8329411764705882,0.044617647058823526,307,144,163
2016-12-16,20,20,14,0.43866764705882355,0.4973075842625487,0.08258823529411764,0.8881176470588235,0.029411764705882353,333,130,203
2016-12-17,7,7,7,0.46150714285714284,0.5199713267702992,0.13921428571428573,0.8095,0.05121428571428571,127,54,73
2016-12-18,8,8,7,0.46886,0.5396322288373814,0.12420000000000002,0.7962666666666667,0.07973333333333335,168,71,97
2016-12-19,18,18,13,0.475825806451613,0.4627355469712709,0.12383870967741935,0.8466451612903224,0.02945161290322581,256,112,144
2016-12-20,18,18,16,0.4704176470588235,0.4718873092484664,0.0896764705882353,0.8872941176470588,0.02302941176470588,252,104,148
2016-12-21,23,23,13,0.23093888888888892,0.5594726526321103,0.08252777777777778,0.8376944444444444,0.0798611111111111,263,144,119
2016-12-22,27,27,21,0.35473333333333334,0.5171218567438648,0.07245833333333333,0.8814375,0.04614583333333333,350,202,148
2016-12-23,14,14,8,0.38348636363636357,0.4508959296328856,0.08218181818181819,0.8892727272727271,0.02859090909090909,152,79,73
2016-12-26,1,1,1,0.5,0.5,0.0715,0.9035,0.025,76,48,28
2016-12-27,19,19,15,0.4420029411764706,0.4237095574907374,0.09055882352941177,0.8945588235294117,0.014911764705882354,167,75,92
2016-12-28,19,19,17,0.5602083333333334,0.4580003562437964,0.136,0.8302222222222222,0.03372222222222223,330,160,170
2016-12-29,12,12,11,0.4853304347826087,0.48477852086402845,0.10717391304347826,0.8591739130434782,0.03360869565217391,207,101,106
2016-12-30,18,18,13,0.4920387096774194,0.46818734165786424,0.11277419354838708,0.8559032258064515,0.031290322580645166,225,106,119
2016-12-31,1,1,1,0.4979,0.4979,0.0825,0.89,0.0275,17,14,3
2017-01-02,1,1,1,0.37405,0.62405,0.188,0.637,0.1755,23,4,19
2017-01-03,13,13,11,0.5266708333333333,0.4351414496834781,0.12395833333333334,0.8645,0.011625000000000002,259,99,160
2017-01-04,16,16,13,0.4689931034482759,0.4823078748676349,0.1066551724137931,0.8722413793103447,0.02110344827586207,266,143,123
2017-01-05,16,16,9,0.3258,0.5407742760154184,0.09704,0.8664399999999999,0.036559999999999995,204,112,92
2017-01-06,18,18,14,0.525271875,0.44027124042626764,0.10140625,0.8749375,0.02371875,283,135,148
2017-01-07,3,3,3,0.6183166666666667,0.4086051289312077,0.148,0.8365,0.015333333333333332,86,20,66
2017-01-09,21,21,15,0.2936666666666667,0.48889729039498225,0.07069444444444445,0.9083888888888888,0.020888888888888887,197,72,125
2017-01-10,24,24,19,0.4398162790697675,0.44503282707779246,0.08790697674418604,0.8913488372093024,0.02072093023255814,237,112,125
2017-01-11,21,21,18,0.4304717948717949,0.5160485824618464,0.07694871794871797,0.9023589743589744,0.02074358974358974,253,141,112
2017-01-12,26,26,19,0.4578622222222222,0.4411721686038425,0.10324444444444444,0.874711111111111,0.02197777777777778,333,172,161
2017-01-13,17,17,13,0.4259133333333335,0.5084570232466937,0.0752,0.8862000000000001,0.03866666666666667,215,97,118
2017-01-14,1,1,1,0.8230999999999999,0.17450000000000004,0.285,0.7090000000000001,0.006,19,7,12
2017-01-15,3,3,2,0.35741999999999996,0.5098650543035873,0.0754,0.8550000000000001,0.06960000000000001,40,18,22
2017-01-16,2,2,2,0.3454,0.40870730358044743,0.04375,0.95375,0.0025,50,10,40
2017-01-17,26,26,21,0.5139510638297872,0.4769267243206326,0.11185106382978724,0.8466382978723404,0.041531914893617024,319,158,161
2017-01-18,24,24,22,0.4791065217391305,0.49556037994865804,0.06578260869565218,0.9137608695652174,0.020413043478260867,263,138,125
2017-01-19,23,23,21,0.5029318181818182,0.44675184070065277,0.07902272727272729,0.9106136363636362,0.010386363636363638,366,109,257
2017-01-20,36,36,28,0.37980468749999996,0.5609802370710374,0.086640625,0.8716875,0.041671875000000004,470,182,288
2017-01-21,3,3,3,0.4066,0.4472902301638165,0.09350000000000001,0.8958333333333334,0.010833333333333334,70,22,48
2017-01-23,33,33,28,0.35531147540983604,0.5635406073193158,0.0631311475409836,0.8930655737704918,0.04375409836065574,435,251,184
2017-01-24,27,27,24,0.40843725490196076,0.5274518782848251,0.08750980392156862,0.88621568627451,0.02629411764705883,295,148,147
2017-01-25,36,36,24,0.3960683333333333,0.4698091773942788,0.08743333333333334,0.8837333333333334,0.028816666666666664,296,153,143
2017-01-26,16,16,15,0.5163322580645162,0.4437391099160572,0.10012903225806452,0.8910645161290324,0.008838709677419355,290,118,172
2017-01-27,30,30,26,0.49815178571428576,0.47794913581403475,0.097625,0.8892142857142857,0.013160714285714288,388,227,161
2017-01-28,3,3,2,0.5462800000000001,0.41047348952155244,0.189,0.7908,0.02,41,19,22
2017-01-29,3,3,3,0.5331,0.4365601104086355,0.11166666666666665,0.8666666666666666,0.022000000000000002,60,20,40
2017-01-30,25,25,19,0.4808454545454545,0.42887676363779575,0.10129545454545456,0.8867727272727273,0.011909090909090909,227,115,112
2017-01-31,38,38,26,0.4168609375,0.5290466176343736,0.097703125,0.8580625,0.04425,424,206,218
2017-02-01,56,56,43,0.4754070707070708,0.47335794841086437,0.09848484848484848,0.87289898989899,0.028626262626262628,746,343,403
2017-02-02,28,28,21,0.4523857142857142,0.5013537937730324,0.09583673469387756,0.8657551020408163,0.03840816326530612,321,169,152
2017-02-03,28,28,26,0.5429944444444443,0.4631693164598412,0.10320370370370367,0.8695,0.027240740740740742,510,288,222
2017-02-05,1,1,1,0.8674999999999999,0.13240000000000002,0.3175,0.649,0.0335,45,29,16
2017-02-06,28,28,22,0.436414,0.4945233879241709,0.07302,0.89504,0.03196,383,197,186
2017-02-07,28,28,23,0.42199019607843136,0.48363782035365277,0.074078431372549,0.9044705882352941,0.021450980392156864,297,141,156
2017-02-08,30,30,25,0.5051,0.4474210739946717,0.10907272727272727,0.8721090909090908,0.01881818181818182,398,205,193
2017-02-09,15,15,14,0.6453068965517242,0.37553303443563735,0.1400344827586207,0.8494827586206896,0.010482758620689654,190,74,116
2017-02-10,30,30,27,0.5101052631578947,0.5123377420238759,0.11196491228070175,0.845,0.04298245614035087,567,270,297
2017-02-11,1,1,1,0.7278,0.269,0.2445,0.722,0.0335,30,20,10
2017-02-12,1,1,1,0.49855,0.49855,0.068,0.9075,0.025,17,5,12
2017-02-13,40,40,28,0.42605588235294123,0.48454488148290276,0.08073529411764704,0.8952205882352943,0.024058823529411768,450,151,299
2017-02-14,32,32,22,0.4246814814814815,0.5018167546152879,0.08748148148148147,0.8883333333333334,0.024203703703703703,416,178,238
2017-02-15,34,34,25,0.42987118644067795,0.4852938278396608,0.08076271186440678,0.889457627118644,0.02971186440677966,403,181,222
2017-02-16,25,25,22,0.4520872340425532,0.48520537332671365,0.07748936170212765,0.9029999999999999,0.019446808510638295,378,162,216
2017-02-17,19,19,15,0.48182647058823536,0.46125417919919137,0.09555882352941177,0.8793823529411765,0.025088235294117647,310,136,174
2017-02-18,1,1,1,0.60045,0.39815,0.1985,0.771,0.03,26,10,16
2017-02-19,4,4,4,0.4859625,0.522386214733649,0.080375,0.8755,0.044375,78,16,62
2017-02-20,6,6,5,0.36263636363636365,0.4316337868499328,0.09563636363636364,0.8972727272727273,0.0070909090909090896,80,23,57
2017-02-21,20,20,17,0.4688783783783783,0.46827484949294534,0.09889189189189189,0.8766756756756756,0.024432432432432434,296,111,185
2017-02-22,12,12,11,0.577995652173913,0.4144386003491437,0.1143913043478261,0.8729130434782608,0.012739130434782609,250,97,153
2017-02-23,13,13,11,0.45127500000000004,0.5466275310559588,0.11395833333333334,0.8447083333333333,0.04129166666666667,240,111,129
2017-02-24,17,17,12,0.46533793103448273,0.44868991551557585,0.09879310344827585,0.8745172413793105,0.026586206896551726,241,75,166
2017-02-25,3,3,1,0.480125,0.37257083470797875,0.18425000000000002,0.8095,0.006,26,6,20
2017-02-26,2,2,1,0.2189,0.5672328328532004,0.03933333333333333,0.8610000000000001,0.09966666666666667,25,17,8
2017-02-27,30,30,21,0.4673,0.43411670970726157,0.10999999999999999,0.8718431372549018,0.01815686274509804,383,157,226
2017-02-28,20,20,15,0.37182,0.49949053232840585,0.06742857142857142,0.8975714285714285,0.035114285714285716,261,91,170
2017-03-01,20,20,18,0.5056394736842107,0.459301629788137,0.12068421052631582,0.8627894736842106,0.01644736842105263,432,153,279
2017-03-02,23,23,19,0.523547619047619,0.474105659430316,0.13490476190476192,0.8355000000000002,0.029619047619047625,450,140,310
2017-03-03,27,27,25,0.45364038461538464,0.5125364329487729,0.09465384615384614,0.8747307692307692,0.030692307692307692,440,202,238
2017-03-05,2,2,2,0.501775,0.6669412394469246,0.157,0.70175,0.14125,62,24,38
2017-03-06,25,25,19,0.4125568181818183,0.4971252793437519,0.10536363636363634,0.8579090909090908,0.03675,421,154,267
2017-03-07,16,16,15,0.4707548387096774,0.5337197366739369,0.12054838709677418,0.8442903225806451,0.035193548387096776,272,134,138
2017-03-08,16,16,16,0.556790625,0.4565430287493276,0.10903125,0.86815625,0.0228125,388,182,206
2017-03-09,29,29,24,0.433577358490566,0.5331855118562392,0.10611320754716981,0.8486603773584905,0.04516981132075472,373,203,170
2017-03-10,101,101,94,0.5475220512820512,0.4855299263806268,0.14344102564102565,0.8221076923076922,0.03445641025641026,2186,747,1439
2017-03-11,2,2,2,0.7931,0.25120463769604257,0.24875,0.7272500000000001,0.024,63,33,30
2017-03-12,1,1,1,0.4997,0.4997,0.082,0.896,0.022,29,12,17
2017-03-13,23,23,19,0.4124333333333334,0.45206782975391285,0.06630952380952382,0.9180952380952382,0.015595238095238096,260,103,157
2017-03-14,22,22,19,0.48295609756097563,0.47591722228011435,0.1193658536585366,0.8478048780487806,0.03278048780487804,285,124,161
2017-03-15,17,17,15,0.361175,0.5715249781286904,0.07953125,0.86528125,0.055125,251,110,141
2017-03-16,126,126,123,0.5620987951807228,0.4655318837822234,0.13716867469879518,0.8352489959839358,0.027566265060240968,3152,891,2261
2017-03-17,17,17,14,0.5192451612903226,0.47099014087257446,0.11093548387096773,0.8642580645161291,0.024774193548387096,379,124,255
2017-03-18,2,2,2,0.5427,0.45889398013048727,0.093,0.86125,0.0455,25,8,17
2017-03-19,3,3,2,0.54812,0.45634977111860153,0.11080000000000001,0.8734,0.0158,41,12,29
2017-03-20,35,35,31,0.379319696969697,0.5364840072794107,0.07777272727272727,0.8941666666666667,0.028015151515151514,451,202,249
2017-03-21,27,27,24,0.39694313725490193,0.5010301909634033,0.09184313725490195,0.8800588235294117,0.028117647058823532,357,183,174
2017-03-22,23,23,20,0.368793023255814,0.5173043925992585,0.08925581395348837,0.8898604651162788,0.020883720930232556,279,149,130
2017-03-23,100,100,99,0.5450201005025126,0.4790226789335273,0.12313065326633166,0.8487085427135679,0.028180904522613067,2230,732,1498
2017-03-24,107,107,104,0.5821213270142179,0.4564128070050609,0.14402369668246448,0.8273175355450236,0.028687203791469197,2395,775,1620
2017-03-25,4,4,2,0.3598166666666667,0.539849557490068,0.09799999999999999,0.8091666666666667,0.09266666666666667,50,26,24
2017-03-26,6,6,6,0.6972583333333334,0.31968157974859224,0.19575,0.7851666666666667,0.01908333333333333,142,70,72
2017-03-27,24,24,24,0.4812895833333333,0.5534399328441101,0.11929166666666667,0.8289791666666666,0.05175,414,216,198
2017-03-28,107,107,104,0.5751800947867298,0.45542586224531295,0.13096682464454976,0.8439573459715639,0.02509478672985782,2300,751,1549
2017-03-29,109,109,109,0.6041733944954129,0.4507407330899428,0.1603348623853211,0.8121788990825688,0.02746330275229358,2667,881,1786
2017-03-30,20,20,20,0.42559,0.532605501661408,0.084275,0.878675,0.037075000000000004,458,172,286
2017-03-31,23,23,23,0.48710000000000003,0.5108484570662385,0.10495652173913043,0.8549347826086958,0.04015217391304348,497,280,217
2017-04-01,2,2,2,0.600725,0.39842500156867666,0.195,0.78,0.025249999999999998,62,16,46
2017-04-02,5,5,3,0.53955,0.42284337230232194,0.175375,0.773625,0.051125,55,46,9
2017-04-03,96,96,95,0.5681931937172775,0.4581859213682389,0.1385916230366492,0.835261780104712,0.026183246073298427,2354,752,1602
2017-04-04,30,30,28,0.49175517241379313,0.50635408361194,0.11075862068965517,0.8573275862068965,0.031879310344827584,655,311,344
2017-04-05,24,24,22,0.4752152173913044,0.4857557943297771,0.07447826086956523,0.9052608695652176,0.020304347826086956,413,189,224
2017-04-06,30,30,28,0.399046551724138,0.5710355829288294,0.06301724137931035,0.8963793103448275,0.04058620689655173,507,218,289
2017-04-07,24,24,22,0.5311282608695652,0.48427739430630656,0.10673913043478259,0.8781739130434781,0.015065217391304347,380,151,229
2017-04-08,3,3,3,0.5720333333333333,0.44985977321333764,0.11516666666666665,0.8603333333333333,0.024333333333333332,87,41,46
2017-04-09,1,1,1,0.49875,0.49875,0.0655,0.9195,0.0155,26,3,23
2017-04-10,28,28,26,0.5051870370370369,0.47624142416553905,0.09611111111111109,0.8902592592592593,0.013592592592592592,380,186,194
2017-04-11,39,39,34,0.38231917808219174,0.4942756173771583,0.07434246575342465,0.8854520547945206,0.04013698630136986,575,322,253
2017-04-12,37,37,33,0.5186057142857142,0.46832582671399514,0.11272857142857143,0.8622428571428571,0.024957142857142855,594,298,296
2017-04-13,20,20,19,0.5153846153846156,0.46271352356670836,0.10058974358974358,0.873948717948718,0.025512820512820517,313,139,174
2017-04-14,9,9,8,0.42523529411764704,0.48314441141726666,0.115,0.8701764705882352,0.014764705882352942,93,41,52
2017-04-17,29,29,26,0.4751181818181819,0.4807177720832612,0.09170909090909092,0.8878545454545455,0.020472727272727274,383,191,192
2017-04-18,30,30,29,0.534664406779661,0.4831290292485168,0.13079661016949154,0.8497457627118645,0.019491525423728815,525,270,255
2017-04-19,31,31,28,0.5559084745762711,0.4382301141854916,0.09372881355932204,0.8943559322033897,0.01188135593220339,442,227,215
2017-04-20,35,35,30,0.5014307692307692,0.4516953547633547,0.09572307692307692,0.8789076923076924,0.025353846153846154,465,248,217
2017-04-21,120,120,120,0.5420970833333333,0.48286165611883747,0.11153333333333333,0.8609375,0.027545833333333335,3480,1077,2403
2017-04-22,5,5,5,0.7271799999999999,0.32061124683953307,0.20700000000000002,0.7731000000000001,0.019700000000000002,132,46,86
2017-04-24,138,138,136,0.5297463503649635,0.4875941217818046,0.09833211678832116,0.8828686131386861,0.018799270072992702,3490,1081,2409
2017-04-25,80,80,80,0.527554375,0.47510013442521715,0.09275,0.8883875,0.018875000000000003,1599,443,1156
2017-04-26,43,43,42,0.5550211764705884,0.46561413261705614,0.0902470588235294,0.8962235294117649,0.013494117647058823,879,329,550
2017-04-27,30,30,29,0.5103983050847457,0.5192577337555252,0.09218644067796611,0.8740338983050847,0.033847457627118646,474,207,267
2017-04-28,37,37,30,0.4694149253731344,0.4951301720153194,0.09940298507462689,0.8749253731343283,0.025626865671641793,616,270,346
2017-04-29,1,1,1,0.716,0.2756,0.2055,0.7595000000000001,0.035,19,18,1
2017-04-30,1,1,1,0.77805,0.22065,0.3145,0.6605000000000001,0.025,31,15,16
2017-05-01,46,46,38,0.43237857142857133,0.5376173995978368,0.07333333333333333,0.8871309523809523,0.03955952380952381,697,312,385
2017-05-02,45,45,39,0.5260583333333334,0.4379623709668863,0.10463095238095238,0.8694642857142857,0.025904761904761906,743,368,375
2017-05-03,38,38,30,0.3465514705882353,0.5415453303748252,0.07233823529411765,0.8858529411764706,0.041749999999999995,445,249,196
2017-05-04,17,17,15,0.409825,0.5120076146894693,0.10390625,0.86178125,0.034437499999999996,320,166,154
2017-05-05,116,116,110,0.48415530973451326,0.5380983391990705,0.10830973451327434,0.8350442477876104,0.05658849557522125,3111,1109,2002
2017-05-06,1,1,0,-0.0516,0.0,0.097,0.8,0.103,0,0,0
2017-05-07,3,3,1,0.298775,0.409118298142481,0.083,0.906,0.011,36,7,29
2017-05-08,32,32,28,0.4887116666666667,0.4968013104154975,0.09901666666666667,0.8686166666666667,0.032433333333333335,533,207,326
2017-05-09,47,47,45,0.5311065217391304,0.46942711380453755,0.10680434782608698,0.8658695652173914,0.02733695652173913,866,355,511
2017-05-10,47,47,46,0.5660258064516129,0.43903255639028216,0.12248387096774194,0.863752688172043,0.013731182795698927,848,292,556
2017-05-11,56,56,56,0.4726151785714286,0.5240078555861921,0.10124999999999999,0.8682053571428572,0.030517857142857145,916,395,521
2017-05-12,28,28,25,0.4155773584905661,0.5162184584513156,0.08526415094339623,0.880377358490566,0.03428301886792453,425,194,231
2017-05-13,4,4,2,0.33066666666666666,0.5271660733477533,0.08950000000000001,0.8646666666666666,0.04583333333333334,29,8,21
2017-05-14,1,1,1,0.4997,0.4997,0.085,0.8905000000000001,0.0245,35,16,19
2017-05-15,27,27,22,0.5200979591836735,0.44710028391109985,0.11346938775510206,0.8633877551020408,0.023081632653061224,461,186,275
2017-05-16,33,33,30,0.4845365079365079,0.4868816352691983,0.08047619047619048,0.9024603174603174,0.017015873015873016,451,197,254
2017-05-17,28,28,25,0.3734018867924528,0.5778150058105416,0.0700754716981132,0.8834339622641512,0.046547169811320746,416,251,165
2017-05-18,29,29,28,0.5107017543859649,0.49223979589585076,0.09475438596491227,0.870017543859649,0.03517543859649123,544,271,273
2017-05-19,26,26,26,0.5262884615384615,0.4947220877398068,0.1054423076923077,0.8731153846153846,0.021442307692307688,605,293,312
2017-05-21,2,2,2,0.4986,0.4986018100649054,0.06275,0.9309999999999999,0.00625,47,12,35
2017-05-22,26,26,24,0.44502600000000003,0.4771673013985766,0.07260000000000001,0.8995200000000001,0.02786,433,199,234
2017-05-23,34,34,26,0.42284666666666665,0.526424675354625,0.08246666666666667,0.8793666666666666,0.03818333333333334,493,218,275
2017-05-24,27,27,26,0.5409301886792452,0.4695388032611244,0.13216981132075473,0.8333584905660377,0.03439622641509434,505,191,314
2017-05-25,27,27,26,0.46433207547169814,0.5427224860789283,0.0970377358490566,0.864622641509434,0.03830188679245283,378,130,248
2017-05-26,11,11,11,0.4585227272727273,0.46768170016079236,0.08913636363636362,0.894,0.016818181818181815,148,78,70
2017-05-27,4,4,4,0.6598125,0.4077583243708827,0.152125,0.8272499999999999,0.020624999999999998,89,30,59
2017-05-28,4,4,3,0.41888571428571425,0.56782010085834,0.09071428571428572,0.8114285714285715,0.09785714285714286,85,61,24
2017-05-29,3,3,3,0.4359166666666667,0.42069230013026016,0.12333333333333334,0.8641666666666667,0.012666666666666666,45,14,31
2017-05-30,94,94,93,0.5638844919786096,0.4836744941420474,0.1381764705882353,0.8299625668449198,0.031882352941176466,2254,620,1634
2017-05-31,96,96,96,0.5440822916666667,0.48123084269116445,0.12951041666666666,0.8387135416666668,0.031765625,2471,805,1666
2017-06-01,24,24,24,0.4841145833333333,0.5284865241854892,0.11216666666666668,0.8529583333333334,0.034854166666666665,528,267,261
2017-06-02,27,27,25,0.5125884615384615,0.4907097327238791,0.11759615384615385,0.8510000000000001,0.031384615384615386,538,210,328
2017-06-03,1,1,1,0.68035,0.31915,0.203,0.782,0.0145,24,6,18
2017-06-04,3,3,3,0.72765,0.2880346608193766,0.19949999999999998,0.7800000000000001,0.0205,61,27,34
2017-06-05,40,40,35,0.43964800000000004,0.5070629119047589,0.09042666666666667,0.8702533333333332,0.03932,638,291,347
2017-06-06,35,35,34,0.4861840579710146,0.4704955813444929,0.10991304347826086,0.8659130434782608,0.02417391304347826,606,232,374
2017-06-07,28,28,24,0.440925,0.4838821128980615,0.08678846153846152,0.8913076923076925,0.021826923076923074,381,149,232
2017-06-08,18,18,16,0.48540882352941184,0.4720027949615946,0.089,0.8867352941176471,0.02432352941176471,328,132,196
2017-06-09,98,98,97,0.5217441025641026,0.5069033713649157,0.12122051282051281,0.8429179487179487,0.03584615384615385,2118,678,1440
2017-06-10,3,3,3,0.43470000000000003,0.45329560259651025,0.12266666666666669,0.8565,0.020833333333333332,45,22,23
2017-06-12,118,118,112,0.5105778260869565,0.5107745473762842,0.1103,0.8534043478260869,0.03634347826086957,2403,891,1512
2017-06-13,31,31,29,0.4122733333333333,0.5508401516068179,0.08626666666666667,0.8722666666666666,0.04153333333333333,610,332,278
2017-06-14,38,38,35,0.44991917808219173,0.5006764746170335,0.0796027397260274,0.8848904109589041,0.035506849315068485,716,343,373
2017-06-15,34,34,30,0.4723265625,0.5176727523379839,0.134125,0.8357812499999999,0.030109375,585,313,272
2017-06-16,34,34,32,0.5444833333333333,0.4789283714975054,0.12886363636363637,0.8346212121212122,0.03648484848484849,664,363,301
2017-06-17,5,5,5,0.67891,0.33672507910757105,0.20670000000000002,0.7566,0.036699999999999997,108,31,77
2017-06-18,1,1,1,0.49815,0.49815,0.0545,0.9265,0.0195,6,10,-4
2017-06-19,41,41,38,0.544713924050633,0.44398585669518953,0.11489873417721522,0.8655569620253165,0.019531645569620254,743,329,414
2017-06-20,24,24,24,0.43979375,0.4882194564632496,0.08129166666666666,0.887,0.03175,425,213,212
2017-06-21,30,30,26,0.4699982142857143,0.47040386883851176,0.10094642857142856,0.8720178571428571,0.027017857142857142,412,147,265
2017-06-22,28,28,27,0.5830799999999999,0.4262434986547649,0.12781818181818183,0.8520727272727274,0.020163636363636363,482,166,316
2017-06-23,20,20,18,0.49314473684210525,0.48272149358303484,0.10415789473684212,0.8692105263157895,0.026631578947368426,309,150,159
2017-06-24,1,1,1,0.71685,0.27645,0.2765,0.6965,0.027,25,12,13
2017-06-25,5,5,5,0.60468,0.44082697240527374,0.1496,0.8248,0.0259,126,49,77
2017-06-26,26,26,23,0.4707040816326531,0.5004424185348945,0.10948979591836736,0.8615714285714285,0.028938775510204084,345,137,208
2017-06-27,29,29,28,0.5335877192982457,0.45930865785712954,0.1139122807017544,0.8604035087719298,0.025666666666666667,602,290,312
2017-06-28,26,26,23,0.4806102040816327,0.45740115526160646,0.10514285714285715,0.8738163265306123,0.021040816326530615,376,159,217
2017-06-29,19,19,18,0.4835837837837838,0.5052763180427835,0.09275675675675675,0.8675675675675676,0.03964864864864865,332,158,174
2017-06-30,24,24,24,0.5087416666666668,0.48097776405348397,0.08289583333333334,0.8886666666666666,0.028520833333333332,429,224,205
2017-07-01,3,3,3,0.43706666666666666,0.4377206021602771,0.06716666666666667,0.9083333333333332,0.02416666666666667,54,28,26
2017-07-02,2,2,2,0.682125,0.337698196434331,0.2165,0.766,0.01725,95,43,52
2017-07-03,23,23,23,0.5138413043478262,0.4707165230083615,0.10032608695652175,0.8692173913043477,0.030478260869565215,390,158,232
2017-07-04,4,4,4,0.2496625,0.4324282568747676,0.03375,0.9548749999999999,0.0115,47,29,18
2017-07-05,18,18,17,0.5536285714285715,0.45681654684280837,0.11168571428571429,0.8688857142857144,0.01942857142857143,349,125,224
2017-07-06,34,34,28,0.5095548387096774,0.4876254275956876,0.10700000000000001,0.8495806451612903,0.04337096774193548,590,276,314
2017-07-07,28,28,25,0.4144245283018868,0.5574764138866073,0.10235849056603773,0.8570000000000001,0.04066037735849056,485,237,248
2017-07-08,3,3,3,0.6400166666666667,0.4046264714386454,0.19283333333333333,0.7911666666666667,0.016,57,18,39
2017-07-09,3,3,2,0.58014,0.3865695000902166,0.2222,0.7322,0.045799999999999993,34,20,14
2017-07-10,42,42,41,0.5132602409638554,0.5157754881751861,0.131855421686747,0.8369397590361445,0.031144578313253013,707,317,390
2017-07-11,121,121,117,0.5509163865546219,0.48592108579710463,0.13497058823529412,0.831953781512605,0.033058823529411765,2881,866,2015
2017-07-12,146,146,145,0.5535030927835052,0.4872613784037326,0.14280068728522338,0.824171821305842,0.033020618556701034,3605,1165,2440
2017-07-13,121,121,118,0.5759866108786611,0.463314024729565,0.13584100418410042,0.839581589958159,0.024573221757322176,2809,792,2017
2017-07-14,115,115,114,0.5697842794759824,0.47041126048243465,0.1334235807860262,0.8387336244541485,0.027816593886462886,2620,831,1789
2017-07-15,6,6,6,0.4797,0.46083947132741715,0.14233333333333334,0.8204166666666666,0.03716666666666667,79,29,50
2017-07-16,3,3,3,0.53235,0.46978399557669054,0.09799999999999999,0.8853333333333334,0.016666666666666666,70,18,52
2017-07-17,57,57,55,0.50593125,0.5068595943636043,0.1135,0.8537857142857143,0.032732142857142855,1263,482,781
2017-07-18,26,26,24,0.46443399999999996,0.5150392402953391,0.0886,0.86882,0.04256,401,153,248
2017-07-19,30,30,26,0.4921357142857143,0.4937849500934344,0.10001785714285714,0.8710714285714285,0.028928571428571425,549,211,338
2017-07-20,27,27,26,0.5055660377358491,0.4591593495514677,0.09550943396226416,0.8761886792452831,0.028264150943396227,460,165,295
2017-07-21,35,35,35,0.54151,0.502603336965217,0.1143,0.8604571428571429,0.02517142857142857,643,296,347
2017-07-22,4,4,4,0.6178874999999999,0.3688833976932955,0.137125,0.8392499999999999,0.023625,65,22,43
2017-07-24,165,165,164,0.5186784194528875,0.5059659448779387,0.09229179331306991,0.8783434650455926,0.029322188449848026,4306,1251,3055
2017-07-25,29,29,27,0.5131928571428571,0.47720752705458347,0.10655357142857144,0.8770535714285713,0.016303571428571428,446,219,227
2017-07-26,38,38,36,0.4912202702702703,0.5148781973463527,0.10472972972972973,0.866689189189189,0.028581081081081077,729,303,426
2017-07-27,30,30,28,0.4580258620689655,0.5199458906066472,0.09699999999999999,0.8667241379310344,0.03620689655172414,515,238,277
2017-07-28,33,33,29,0.4531016129032258,0.49030341576775455,0.07969354838709677,0.8990967741935484,0.021193548387096774,480,298,182
2017-07-29,4,4,4,0.6927,0.38316811910700505,0.173125,0.79075,0.036125000000000004,89,39,50
2017-07-30,4,4,4,0.5574125,0.4619160514571344,0.0895,0.894375,0.01625,99,20,79
2017-07-31,183,183,176,0.5156183844011142,0.5003449421254118,0.10620891364902509,0.8591253481894152,0.034654596100278545,4761,1586,3175
2017-08-01,50,50,47,0.4805670103092784,0.5128486092650368,0.1076082474226804,0.8587525773195877,0.033628865979381445,919,438,481
2017-08-02,64,64,53,0.4739572649572649,0.47761025778835225,0.09178632478632477,0.8774102564102564,0.03077777777777778,945,466,479
2017-08-03,36,36,32,0.5416676470588235,0.443870806734273,0.10301470588235295,0.8801029411764705,0.016911764705882352,588,264,324
2017-08-04,21,21,20,0.5108121951219512,0.46701448308618293,0.09275609756097561,0.8833414634146342,0.023902439024390244,526,238,288
2017-08-05,2,2,2,0.47502500000000003,0.6327136531441376,0.1935,0.72675,0.08,68,24,44
2017-08-06,7,7,6,0.49149230769230773,0.510698035816648,0.13423076923076924,0.8071538461538462,0.05876923076923077,145,73,72
2017-08-07,37,37,31,0.5281441176470587,0.4547351515482756,0.10226470588235294,0.8768529411764706,0.020911764705882352,586,215,371
2017-08-08,26,26,23,0.49011836734693875,0.4601529642183858,0.08704081632653063,0.901469387755102,0.011489795918367346,371,151,220
2017-08-09,40,40,37,0.43474805194805194,0.5500863577091906,0.10118181818181819,0.8680519480519481,0.030766233766233764,718,382,336
2017-08-10,38,38,33,0.4649253521126761,0.4640704398688709,0.08935211267605635,0.8890281690140844,0.021619718309859155,444,216,228
2017-08-11,28,28,25,0.4637245283018868,0.49454211790250435,0.09199999999999998,0.877754716981132,0.030264150943396222,473,265,208
2017-08-12,8,8,8,0.45895624999999995,0.4988919133549245,0.1,0.8513124999999999,0.048687499999999995,138,93,45
2017-08-13,3,3,3,0.6274666666666667,0.39513619452313176,0.14833333333333332,0.8401666666666667,0.011333333333333334,51,10,41
2017-08-14,32,32,28,0.47070333333333336,0.5116188069799189,0.09386666666666668,0.8678666666666667,0.03828333333333333,580,302,278
2017-08-15,34,34,29,0.42684603174603175,0.5000914772907614,0.07219047619047618,0.910079365079365,0.01774603174603175,400,203,197
2017-08-16,32,32,31,0.49837142857142863,0.46888368762093524,0.10095238095238096,0.8713333333333333,0.027873015873015876,596,335,261
2017-08-17,33,33,32,0.44472153846153845,0.49726272223112605,0.07663076923076922,0.8971846153846154,0.026200000000000005,529,216,313
2017-08-18,30,30,29,0.5008508474576271,0.4927786756519075,0.10428813559322034,0.8641864406779661,0.031525423728813555,634,268,366
2017-08-19,7,7,6,0.5158,0.46274847628889315,0.11746153846153848,0.8457692307692307,0.03676923076923077,117,54,63
2017-08-20,2,2,2,0.4545,0.5821125535495691,0.157,0.76075,0.0825,57,26,31
2017-08-21,117,117,117,0.5620034188034189,0.48112921642142525,0.12564957264957266,0.8402350427350428,0.03408974358974359,2603,1007,1596
2017-08-22,23,23,23,0.4539478260869565,0.532598301903908,0.1025217391304348,0.8693913043478259,0.02806521739130435,390,154,236
2017-08-23,29,29,27,0.47424821428571423,0.4851096367210905,0.11053571428571429,0.8535714285714285,0.035892857142857136,538,265,273
2017-08-24,23,23,23,0.5477630434782609,0.4765521716767931,0.11395652173913043,0.8672608695652173,0.01882608695652174,491,180,311
2017-08-25,26,26,25,0.49570784313725486,0.4633651995713309,0.10509803921568628,0.8665882352941177,0.028431372549019607,529,240,289
2017-08-27,2,2,1,0.6153,0.43924130801493005,0.17966666666666667,0.8053333333333333,0.015,25,12,13
2017-08-28,117,117,116,0.5436682403433476,0.4852133006687169,0.11711587982832618,0.8609828326180257,0.021922746781115884,2743,735,2008
2017-08-29,29,29,26,0.5052581818181818,0.48691439967911815,0.09472727272727274,0.8811090909090911,0.02409090909090909,536,244,292
2017-08-30,24,24,23,0.528527659574468,0.4658245075005601,0.09338297872340427,0.884,0.02263829787234042,584,210,374
2017-08-31,27,27,25,0.4511500000000001,0.4820939381410097,0.09034615384615385,0.8880384615384617,0.021576923076923073,552,205,347
2017-09-01,107,107,105,0.5616367924528302,0.47825567870371716,0.13325943396226414,0.8370707547169811,0.02966981132075472,2553,771,1782
2017-09-02,2,2,2,0.300125,0.4114086981032365,0.1015,0.8855,0.01325,29,10,19
2017-09-03,2,2,2,0.2913,0.7631036790633366,0.06375,0.7445,0.19200000000000003,50,13,37
2017-09-04,2,2,2,0.249275,0.4317569650567319,0.03175,0.9585,0.00975,22,8,14
2017-09-05,29,29,29,0.5108810344827586,0.4654166640678364,0.08653448275862069,0.8932586206896551,0.02017241379310345,601,237,364
2017-09-06,27,27,25,0.47859807692307693,0.4993577850562678,0.10436538461538461,0.8530384615384616,0.042576923076923075,470,218,252
2017-09-07,21,21,20,0.4453390243902439,0.537178193116608,0.10721951219512198,0.8632195121951218,0.029634146341463417,441,189,252
2017-09-08,109,109,105,0.5513621495327103,0.48478551015584376,0.128196261682243,0.8405280373831775,0.031252336448598136,2335,733,1602
2017-09-09,4,4,4,0.7052,0.3057942363747231,0.240625,0.7335,0.025500000000000002,78,34,44
2017-09-10,5,5,2,0.12714285714285714,0.3551344689274869,0.015,0.9768571428571429,0.008142857142857143,34,12,22
2017-09-11,115,115,112,0.555325550660793,0.48125792827982145,0.12833039647577094,0.8471850220264316,0.024480176211453746,2703,830,1873
2017-09-12,154,154,137,0.5125051546391753,0.48850201926467346,0.11677319587628864,0.85293470790378,0.030264604810996566,3033,927,2106
2017-09-13,152,152,146,0.5478570469798658,0.4725272528989405,0.1262986577181208,0.8470771812080538,0.026583892617449666,3424,994,2430
2017-09-14,41,41,34,0.4618186666666667,0.5021000534271586,0.10930666666666668,0.8655466666666666,0.025160000000000002,823,266,557
2017-09-15,34,34,32,0.5090787878787879,0.4946336607408807,0.10516666666666666,0.8749696969696971,0.01993939393939394,747,315,432
2017-09-16,2,2,2,0.249975,0.43296940062203004,0.03125,0.957,0.01175,40,11,29
2017-09-17,3,3,1,0.054300000000000015,0.5692393477264199,0.05825,0.83975,0.10200000000000001,44,35,9
2017-09-18,28,28,26,0.5120962962962964,0.46978050744094074,0.11714814814814814,0.8611666666666666,0.021777777777777778,599,203,396
2017-09-19,29,29,26,0.548849090909091,0.4372064961975695,0.12821818181818181,0.8475454545454545,0.024254545454545452,539,178,361
2017-09-20,132,132,130,0.5318068702290076,0.4858513131632128,0.12136259541984731,0.8502022900763359,0.028484732824427476,3028,950,2078
2017-09-21,32,32,29,0.42071311475409834,0.5050104743193605,0.07400000000000001,0.901344262295082,0.024721311475409836,498,203,295
2017-09-22,33,33,32,0.4578492307692308,0.5489766328565225,0.09541538461538461,0.8450461538461539,0.05961538461538462,686,357,329
2017-09-23,2,2,2,0.39880000000000004,0.6049997851239287,0.067,0.8402499999999999,0.09275000000000001,41,14,27
2017-09-24,6,6,5,0.5041545454545454,0.4492355291616604,0.06999999999999999,0.915909090909091,0.014,78,30,48
2017-09-25,28,28,24,0.4382192307692308,0.5222023285450477,0.09407692307692307,0.85975,0.04619230769230769,433,193,240
2017-09-26,33,33,32,0.41304615384615384,0.5416824156351063,0.08672307692307693,0.8726461538461537,0.040584615384615386,517,244,273
2017-09-27,35,35,33,0.5202941176470588,0.4986914910049018,0.10185294117647058,0.8626911764705882,0.03548529411764706,756,298,458
2017-09-28,89,89,86,0.5448400000000001,0.4823980984326417,0.13554285714285713,0.8245828571428571,0.03986285714285715,1839,657,1182
2017-09-29,26,26,24,0.49845599999999995,0.4974771778323102,0.10189999999999999,0.8618600000000001,0.03634,435,190,245
2017-09-30,4,4,4,0.3820125,0.473874290918752,0.0675,0.893,0.0395,55,22,33
2017-10-01,5,5,5,0.59665,0.49387778093370427,0.15439999999999998,0.7936,0.0518,122,66,56
2017-10-02,27,27,26,0.5616943396226415,0.42360017968847824,0.11315094339622643,0.8729056603773584,0.014018867924528305,496,165,331
2017-10-03,19,19,19,0.46279736842105257,0.5248673308494964,0.09792105263157894,0.867578947368421,0.034499999999999996,358,159,199
2017-10-04,26,26,25,0.4664529411764706,0.4572574549839601,0.08223529411764705,0.8951176470588235,0.022627450980392157,470,231,239
2017-10-05,26,26,23,0.4240530612244898,0.4721423212022205,0.07108163265306124,0.9106734693877551,0.018224489795918366,417,151,266
2017-10-06,20,20,20,0.5408,0.446032829509219,0.097225,0.8766749999999999,0.026275000000000003,386,149,237
2017-10-07,2,2,2,0.65115,0.40187653887730246,0.18875,0.78425,0.026500000000000003,29,10,19
2017-10-08,3,3,3,0.5772666666666667,0.39846265683108734,0.11783333333333335,0.8584999999999999,0.023500000000000004,43,18,25
2017-10-09,21,21,20,0.4384951219512194,0.5143580431582367,0.07336585365853658,0.897341463414634,0.02929268292682927,343,143,200
2017-10-10,29,29,28,0.5151333333333334,0.44818385886266504,0.08657894736842106,0.9026140350877193,0.01080701754385965,452,126,326
2017-10-11,33,33,31,0.506796875,0.4946593919584813,0.09234375,0.8799531249999999,0.027609375,565,278,287
2017-10-12,26,26,24,0.41781,0.5466269474696615,0.08030000000000001,0.88048,0.0392,421,212,209
2017-10-13,29,29,26,0.4966909090909091,0.46371998850118284,0.09396363636363636,0.8915090909090909,0.014563636363636362,401,192,209
2017-10-14,4,4,4,0.572125,0.46356208793968473,0.126125,0.80575,0.068125,71,28,43
2017-10-15,4,4,4,0.5208625,0.47616009108675833,0.105375,0.838625,0.056,109,28,81
2017-10-16,36,36,33,0.4596927536231884,0.50207847597208,0.0798840579710145,0.9022028985507246,0.017956521739130434,576,249,327
2017-10-17,37,37,37,0.5544013513513514,0.453262310991926,0.10594594594594596,0.871054054054054,0.023,727,296,431
2017-10-18,41,41,41,0.5068048780487806,0.48720342120590787,0.10421951219512196,0.867170731707317,0.02860975609756097,795,252,543
2017-10-19,43,43,42,0.4895988235294117,0.5053016952030605,0.09955294117647061,0.8673294117647059,0.03312941176470588,731,371,360
2017-10-20,36,36,35,0.5014478873239436,0.46689805711201376,0.10571830985915491,0.8634788732394367,0.030774647887323946,656,300,356
2017-10-21,4,4,4,0.6352875,0.391899864243087,0.17500000000000002,0.8007500000000001,0.023999999999999997,83,40,43
2017-10-22,5,5,5,0.57973,0.37428473399271844,0.1223,0.8538,0.024,104,38,66
2017-10-23,30,30,30,0.5378066666666667,0.46083835881527435,0.08805,0.8968666666666666,0.015083333333333334,613,263,350
2017-10-24,36,36,35,0.5225563380281693,0.46853687477423767,0.09753521126760566,0.86956338028169,0.03292957746478873,662,293,369
2017-10-25,35,35,34,0.49262173913043483,0.5088382077844816,0.1022463768115942,0.8700579710144928,0.027695652173913045,637,269,368
2017-10-26,22,22,22,0.5208772727272728,0.4468042808574711,0.09050000000000001,0.8838636363636364,0.025727272727272724,401,225,176
2017-10-27,37,37,35,0.49260138888888894,0.49401215108004953,0.10009722222222223,0.8776527777777778,0.022305555555555554,731,297,434
2017-10-28,1,1,1,0.49985,0.49985,0.0625,0.9205,0.0165,26,16,10
2017-10-29,2,2,2,0.49729999999999996,0.4973012869478622,0.05075,0.932,0.01725,37,14,23
2017-10-30,53,53,50,0.48722135922330095,0.48589283101637126,0.10313592233009708,0.8753398058252427,0.02155339805825243,880,411,469
2017-10-31,57,57,48,0.5114609523809523,0.46245005012026524,0.09647619047619048,0.879752380952381,0.02379047619047619,949,438,511
2017-11-01,168,168,165,0.5291636636636636,0.5017605402288244,0.10616816816816817,0.8575825825825826,0.03623123123123124,4190,1386,2804
2017-11-02,54,54,47,0.5083485148514851,0.4834116290407728,0.09281188118811881,0.8743861386138613,0.03276237623762376,872,428,444
2017-11-03,68,68,66,0.45570970149253726,0.49917285999903116,0.09930597014925373,0.8671567164179105,0.03349253731343283,1388,629,759
2017-11-04,2,2,2,0.293325,0.4117982963478601,0.0605,0.9235,0.016,28,7,21
2017-11-05,5,5,3,0.2603,0.4270605841095617,0.0375,0.9293750000000001,0.033125,43,15,28
2017-11-06,46,46,44,0.5067755555555555,0.47657120123535957,0.09309999999999999,0.8807888888888887,0.026111111111111113,934,388,546
2017-11-07,35,35,34,0.5020159420289855,0.4874628510923956,0.09656521739130434,0.8776231884057971,0.025768115942028987,612,285,327
2017-11-08,30,30,29,0.4840254237288136,0.4562840969727569,0.07433898305084746,0.9124406779661016,0.013169491525423727,458,229,229
2017-11-09,30,30,30,0.5219233333333334,0.4715742466698349,0.11288333333333335,0.8524333333333333,0.034733333333333324,649,261,388
2017-11-10,87,87,87,0.5501281609195402,0.4692941321632144,0.12213218390804599,0.8515977011494252,0.026316091954022985,2143,707,1436
2017-11-11,4,4,4,0.46292500000000003,0.4342610008681415,0.11612499999999999,0.8432499999999999,0.040624999999999994,43,16,27
2017-11-13,42,42,40,0.45471097560975604,0.5150230335853324,0.0868780487804878,0.8722682926829269,0.04086585365853659,744,308,436
2017-11-14,32,32,30,0.4326016129032258,0.5163340321335927,0.08398387096774194,0.8845322580645161,0.03145161290322581,428,248,180
2017-11-15,42,42,42,0.4963642857142857,0.501425638897272,0.09236904761904761,0.8776190476190476,0.02998809523809524,700,413,287
2017-11-16,38,38,36,0.48958108108108106,0.49216736377618425,0.094,0.8806216216216216,0.02536486486486486,638,274,364
2017-11-17,30,30,29,0.504506779661017,0.5109168670525391,0.10952542372881358,0.8567118644067796,0.03376271186440678,787,316,471
2017-11-18,5,5,5,0.60056,0.4352530234243066,0.11120000000000001,0.8614,0.027500000000000004,93,25,68
2017-11-19,3,3,3,0.46015,0.5783638092354442,0.085,0.8288333333333333,0.08616666666666667,49,21,28
2017-11-20,29,29,25,0.4089537037037037,0.4915345972198299,0.06418518518518519,0.9097592592592593,0.026092592592592598,493,213,280
2017-11-21,28,28,27,0.42836727272727276,0.5397853243498485,0.09116363636363635,0.8699818181818181,0.03889090909090909,521,192,329
2017-11-22,22,22,21,0.5500511627906977,0.46838465774929794,0.11206976744186047,0.8548837209302325,0.03304651162790698,511,219,292
2017-11-23,3,3,3,0.4986833333333333,0.4986834681327314,0.06533333333333334,0.9205000000000001,0.013999999999999999,71,18,53
2017-11-24,90,90,90,0.5536833333333334,0.48959054451426837,0.11643888888888887,0.8542444444444445,0.029349999999999998,2386,657,1729
2017-11-25,2,2,2,0.17515000000000003,0.4894173755599611,0.032,0.88525,0.08275,22,9,13
2017-11-26,2,2,2,0.2468,0.4274701393079989,0.0305,0.96075,0.009,18,3,15
2017-11-27,38,38,38,0.537707894736842,0.44518324901194456,0.11973684210526313,0.8558421052631578,0.02444736842105263,730,306,424
2017-11-28,32,32,31,0.5044698412698413,0.5100672046087997,0.10503174603174603,0.8647301587301587,0.03025396825396825,610,211,399
2017-11-29,36,36,35,0.46712112676056344,0.5002190857804328,0.08161971830985916,0.8865633802816902,0.03181690140845071,755,258,497
2017-11-30,38,38,32,0.55859,0.44212046811765165,0.12721428571428567,0.8447142857142856,0.028142857142857143,779,298,481
2017-12-01,29,29,28,0.5118666666666667,0.5010150214274083,0.12845614035087718,0.8372631578947369,0.034245614035087725,585,248,337
2017-12-02,5,5,5,0.26220999999999994,0.48326496965950266,0.052000000000000005,0.8943000000000001,0.0536,58,16,42
2017-12-03,4,4,3,0.45258571428571426,0.3826692284040447,0.1402857142857143,0.828,0.031714285714285716,59,14,45
2017-12-04,28,28,27,0.3548945454545454,0.5326967086671303,0.07654545454545453,0.8856727272727272,0.03779999999999999,477,218,259
2017-12-05,23,23,23,0.4760434782608696,0.4836447886495849,0.07671739130434782,0.8951739130434785,0.02810869565217391,470,214,256
2017-12-06,34,34,28,0.38775,0.549233622584615,0.08932258064516128,0.8508225806451614,0.05975806451612903,495,207,288
2017-12-07,22,22,20,0.49309285714285717,0.47485012341883664,0.10716666666666666,0.8537142857142858,0.039071428571428576,366,168,198
2017-12-08,32,32,28,0.5145666666666666,0.48616921116920686,0.10049999999999999,0.8760833333333333,0.02343333333333333,648,254,394
2017-12-09,3,3,2,0.19796,0.39592000000000005,0.0218,0.9629999999999999,0.015,16,7,9
2017-12-10,4,4,3,0.4714714285714286,0.441200429718369,0.08357142857142856,0.9009999999999999,0.015428571428571429,54,14,40
2017-12-11,41,41,37,0.5490641025641024,0.44274985441349274,0.13029487179487179,0.8521538461538462,0.01758974358974359,914,285,629
2017-12-12,121,121,118,0.5412623430962343,0.4920827724922213,0.12373640167364017,0.8438995815899581,0.032389121338912134,2788,738,2050
2017-12-13,53,53,45,0.5223244897959184,0.4674063234884447,0.10631632653061224,0.8742040816326531,0.019438775510204086,976,341,635
2017-12-14,28,28,25,0.4175056603773586,0.5077253567554889,0.09141509433962264,0.8754716981132076,0.033169811320754715,432,224,208
2017-12-15,28,28,24,0.4639365384615385,0.49094872207125917,0.0929423076923077,0.8771730769230769,0.029903846153846152,523,174,349
2017-12-16,2,2,2,0.45835000000000004,0.6132515654280876,0.121,0.7869999999999999,0.092,52,22,30
2017-12-17,6,6,5,0.4340727272727273,0.477863063479504,0.039363636363636365,0.9451818181818182,0.015272727272727273,117,40,77
2017-12-18,39,39,37,0.47284868421052634,0.4733556842524004,0.09718421052631579,0.8733552631578947,0.02953947368421052,718,200,518
2017-12-19,38,38,37,0.37460666666666664,0.5817930349837093,0.08837333333333333,0.8532666666666666,0.058306666666666666,658,324,334
2017-12-20,32,32,31,0.44159523809523815,0.45465811066819417,0.09161904761904761,0.8754126984126984,0.03288888888888889,604,241,363
2017-12-21,24,24,24,0.42904375,0.4809439931470928,0.0805,0.8925,0.027,445,151,294
2017-12-22,26,26,24,0.543656,0.4519701335973429,0.11600000000000002,0.8625200000000001,0.02138,626,184,442
2017-12-23,4,4,4,0.5761125,0.47685462784138943,0.165375,0.772,0.062625,78,27,51
2017-12-24,4,4,3,0.28502857142857146,0.45067012552510766,0.03571428571428571,0.9537142857142857,0.01057142857142857,29,12,17
2017-12-25,3,3,2,0.13854,0.42699751568363953,0.0184,0.9298,0.052000000000000005,16,11,5
2017-12-26,35,35,31,0.3554045454545455,0.5820151319057071,0.08960606060606062,0.8494242424242424,0.06095454545454545,489,343,146
2017-12-27,30,30,29,0.5226,0.44531054409026305,0.11496610169491525,0.8528983050847457,0.03206779661016949,529,267,262
2017-12-28,23,23,23,0.41785,0.5096786898113616,0.08910869565217391,0.8899565217391305,0.020956521739130433,363,161,202
2017-12-29,103,103,101,0.5416098039215687,0.4901673154737932,0.12847549019607843,0.8465392156862745,0.024965686274509805,2512,587,1925
2017-12-30,1,1,1,0.4991,0.4991,0.071,0.9095,0.0195,28,10,18
2017-12-31,5,5,5,0.36989,0.6814591307628066,0.1638,0.7632,0.0728,152,90,62
2018-01-01,2,2,1,0.23453333333333334,0.554315946810922,0.048999999999999995,0.8556666666666667,0.09533333333333333,48,44,4
2018-01-02,27,27,26,0.5951622641509433,0.4280879107504937,0.11916981132075471,0.8642641509433963,0.016509433962264154,728,249,479
2018-01-03,25,25,24,0.5052081632653062,0.4906578702595596,0.10530612244897959,0.8731224489795919,0.02157142857142857,538,140,398
2018-01-04,21,21,21,0.4615857142857143,0.5481794460156396,0.12026190476190475,0.8338333333333333,0.04585714285714285,469,290,179
2018-01-05,31,31,28,0.4986152542372882,0.4752316907959735,0.09869491525423729,0.8722711864406779,0.02896610169491525,487,217,270
2018-01-06,4,4,4,0.5955250000000001,0.46470707642018966,0.158875,0.8025,0.038875,101,24,77
2018-01-07,5,5,4,0.5737111111111112,0.4301105295785271,0.14866666666666667,0.8331111111111111,0.01833333333333333,107,34,73
2018-01-08,21,21,17,0.48861052631578955,0.4803487487394055,0.10931578947368421,0.8500000000000001,0.04076315789473685,410,142,268
2018-01-09,29,29,26,0.3823490909090909,0.5589963915553486,0.09912727272727273,0.8523636363636365,0.04852727272727273,435,203,232
2018-01-10,26,26,25,0.46714313725490203,0.545671377890559,0.08998039215686274,0.8652941176470589,0.044745098039215676,605,259,346
2018-01-11,22,22,22,0.4094454545454545,0.5175154681283122,0.08168181818181819,0.8890681818181818,0.029227272727272727,377,141,236
2018-01-12,27,27,24,0.351156862745098,0.5669284584166742,0.08205882352941178,0.8725882352941177,0.045294117647058825,459,179,280
2018-01-13,4,4,4,0.072525,0.6969597580743095,0.116375,0.7525,0.13124999999999998,119,54,65
2018-01-14,5,5,5,0.59514,0.42800145607228957,0.1645,0.7994000000000001,0.0364,138,72,66
2018-01-15,9,9,8,0.4097352941176471,0.5462391320132242,0.09370588235294118,0.8538235294117648,0.05252941176470588,178,32,146
2018-01-16,24,24,23,0.39892765957446813,0.5478514551358995,0.08827659574468086,0.866,0.04568085106382978,438,152,286
2018-01-17,129,129,124,0.5401972332015811,0.48890155741027724,0.12419367588932806,0.8486600790513833,0.02714624505928854,3146,887,2259
2018-01-18,36,36,31,0.412655223880597,0.5266000332415717,0.09080597014925372,0.8750298507462687,0.03416417910447762,725,265,460
2018-01-19,43,43,34,0.4863116883116883,0.47098113618552084,0.11589610389610389,0.8417402597402597,0.04242857142857143,837,325,512
2018-01-20,5,5,4,0.42338888888888887,0.44911927503712923,0.09200000000000001,0.8975555555555554,0.010555555555555556,56,24,32
2018-01-21,7,7,7,0.5281214285714286,0.48288372480719777,0.07914285714285715,0.8798571428571428,0.041,180,96,84
2018-01-22,40,40,39,0.43036075949367086,0.5092985904977231,0.08432911392405064,0.8826708860759495,0.032962025316455694,816,327,489
2018-01-23,31,31,29,0.4702233333333332,0.4959198179029437,0.10756666666666666,0.8509833333333334,0.041466666666666666,665,272,393
2018-01-24,43,43,41,0.3660607142857143,0.5730890733181297,0.08002380952380952,0.8645357142857144,0.055380952380952385,772,462,310
2018-01-25,33,33,30,0.4649190476190476,0.5251281342824492,0.10593650793650795,0.8523015873015872,0.041746031746031746,605,358,247
2018-01-26,24,24,23,0.46420212765957447,0.5488789233962847,0.09725531914893619,0.8773191489361702,0.02546808510638298,555,249,306
2018-01-27,2,2,1,0.0,0.0,0.0,1.0,0.0,1,0,1
2018-01-28,2,2,1,0.3869,0.4275782267609051,0.07233333333333332,0.9193333333333333,0.008333333333333333,16,5,11
2018-01-29,45,45,40,0.3366988235294118,0.5967455570684786,0.09058823529411764,0.8439764705882353,0.06540000000000001,846,422,424
2018-01-30,30,30,29,0.43764915254237285,0.5534141806826401,0.11916949152542372,0.8512542372881355,0.02964406779661017,676,280,396
2018-01-31,32,32,27,0.4999305084745763,0.49397089643708775,0.11459322033898306,0.8472033898305084,0.03816949152542373,625,230,395
2018-02-01,36,36,31,0.43361343283582093,0.49701891999649706,0.09313432835820896,0.8769850746268657,0.02986567164179105,717,381,336
2018-02-02,45,45,34,0.4029620253164557,0.5400937338487954,0.10929113924050636,0.8393797468354429,0.05129113924050634,733,463,270
2018-02-03,1,1,1,0.817,0.18009999999999998,0.191,0.7825,0.0265,24,7,17
2018-02-04,6,6,5,0.30902727272727276,0.428611311713685,0.051272727272727275,0.9404545454545455,0.008363636363636363,71,29,42
2018-02-05,28,28,23,0.3903549019607843,0.5080913795046627,0.08905882352941176,0.864313725490196,0.046607843137254905,436,221,215
2018-02-06,131,131,129,0.5098315384615384,0.508203638701988,0.11012692307692307,0.8480461538461539,0.04181153846153846,3520,1075,2445
2018-02-07,27,27,26,0.37113396226415096,0.5714111116081013,0.06858490566037735,0.9006792452830188,0.030716981132075473,541,246,295
2018-02-08,17,17,16,0.42604848484848484,0.5233908529215492,0.08578787878787877,0.8781515151515151,0.03609090909090908,296,149,147
2018-02-09,16,16,15,0.4371161290322581,0.4896343402573079,0.0739032258064516,0.8916774193548387,0.03432258064516129,258,167,91
2018-02-10,7,7,6,0.42948461538461535,0.5917944807579919,0.11415384615384615,0.7939999999999999,0.09184615384615386,134,68,66
2018-02-11,5,5,4,0.5855111111111112,0.46460099594393767,0.16055555555555556,0.7884444444444445,0.051000000000000004,61,38,23
2018-02-12,30,30,23,0.3696943396226415,0.5083907991741602,0.0949811320754717,0.8739622641509432,0.031075471698113206,433,211,222
2018-02-13,20,20,19,0.4067538461538462,0.5178832775364288,0.07107692307692307,0.9005897435897435,0.02830769230769231,304,90,214
2018-02-14,26,26,23,0.38760408163265303,0.533261670637498,0.08242857142857142,0.883061224489796,0.034489795918367344,497,204,293
2018-02-15,37,37,34,0.5161915492957747,0.4423549217879169,0.11370422535211268,0.8673943661971831,0.018845070422535214,728,300,428
2018-02-16,25,25,20,0.47980666666666666,0.4734594599094814,0.10935555555555557,0.8584444444444443,0.03217777777777778,509,181,328
2018-02-17,3,3,3,0.3562166666666666,0.6625615554212471,0.10966666666666668,0.77,0.12033333333333333,73,47,26
2018-02-18,3,3,3,0.4399166666666667,0.5647422020021368,0.05283333333333332,0.8666666666666666,0.0805,53,32,21
2018-02-19,5,5,4,0.4032,0.4426229119941965,0.09111111111111111,0.8965555555555554,0.012222222222222223,55,24,31
2018-02-20,18,18,16,0.5493588235294118,0.4451534726213547,0.12241176470588237,0.8540294117647058,0.023500000000000004,294,116,178
2018-02-21,17,17,16,0.4904454545454545,0.5051962583482144,0.11263636363636363,0.8555151515151515,0.03184848484848485,306,139,167
2018-02-22,118,118,116,0.5156188034188035,0.5216682165016092,0.10640598290598291,0.8507820512820514,0.042807692307692304,2898,895,2003
2018-02-23,23,23,21,0.4419772727272728,0.5056794802601726,0.08650000000000001,0.8915,0.022068181818181817,542,214,328
2018-02-24,4,4,4,0.3729125,0.48144654282043614,0.045,0.9395,0.0155,90,42,48
2018-02-25,3,3,3,0.32855,0.4646398883364765,0.030333333333333334,0.9541666666666666,0.015666666666666666,55,33,22
2018-02-26,21,21,18,0.4826846153846154,0.47926565597180326,0.09328205128205128,0.8810769230769231,0.025717948717948715,357,156,201
2018-02-27,22,22,20,0.41388095238095235,0.4920130540457986,0.09164285714285715,0.8681904761904763,0.04014285714285714,354,202,152
2018-02-28,17,17,16,0.4510242424242424,0.5207363888619962,0.0846060606060606,0.8799393939393939,0.03548484848484849,280,108,172
2018-03-01,20,20,19,0.5318538461538462,0.48913396457997055,0.13256410256410256,0.8265384615384616,0.0408974358974359,453,183,270
2018-03-02,17,17,17,0.4590470588235295,0.5870351092994123,0.10938235294117647,0.8366470588235295,0.0538235294117647,337,143,194
2018-03-03,2,2,2,0.49845,0.4984520062152424,0.067,0.91175,0.020999999999999998,48,19,29
2018-03-04,2,2,2,0.300475,0.4120025932867413,0.06925,0.9265,0.004,18,12,6
2018-03-05,14,14,13,0.5732259259259259,0.43046776159462957,0.1227037037037037,0.8568518518518518,0.020444444444444446,262,158,104
2018-03-06,17,17,15,0.396840625,0.5053827737835049,0.06225000000000001,0.899,0.03875,236,130,106
2018-03-07,16,16,15,0.4793709677419355,0.5108755281731161,0.1053225806451613,0.856258064516129,0.03835483870967742,405,153,252
2018-03-08,19,19,16,0.47295714285714285,0.47769394582467867,0.10065714285714286,0.8692857142857143,0.030114285714285715,346,132,214
2018-03-09,12,12,12,0.4278583333333333,0.5861204227209248,0.06824999999999999,0.8718333333333333,0.05975,255,132,123
2018-03-10,4,4,3,0.25015714285714286,0.4787690074022958,0.03514285714285714,0.9104285714285715,0.05442857142857143,58,27,31
2018-03-11,2,2,1,0.3331,0.47107453762647794,0.051,0.9369999999999999,0.012333333333333333,22,4,18
2018-03-12,18,18,14,0.485228125,0.4948362369476233,0.14340625,0.79803125,0.0584375,299,147,152
2018-03-13,29,29,26,0.3276509090909091,0.5524206256016176,0.07081818181818182,0.8805454545454545,0.04870909090909092,486,217,269
2018-03-14,17,17,17,0.3744058823529412,0.48158419271325786,0.07108823529411765,0.9060882352941177,0.022852941176470586,284,144,140
2018-03-15,20,20,18,0.3659263157894736,0.6439245308362949,0.10542105263157896,0.8056842105263158,0.08886842105263157,479,248,231
2018-03-16,14,14,13,0.5308888888888889,0.4736977801442394,0.12437037037037035,0.8436296296296296,0.031962962962962964,249,130,119
2018-03-18,2,2,2,0.676375,0.3251818596954633,0.15125,0.83275,0.016,60,39,21
2018-03-19,116,116,107,0.4981762331838565,0.5114488076028403,0.11416143497757847,0.8576502242152467,0.028206278026905833,2594,837,1757
2018-03-20,21,21,20,0.49383902439024385,0.5038874142920966,0.08539024390243903,0.8841707317073172,0.03048780487804878,546,284,262
2018-03-21,17,17,16,0.44789696969696974,0.5571354704334124,0.0890909090909091,0.874090909090909,0.03681818181818182,328,170,158
2018-03-22,24,24,22,0.4913195652173913,0.5033113659941939,0.09056521739130435,0.8751956521739132,0.034239130434782605,492,255,237
2018-03-23,15,15,15,0.5052333333333333,0.5039026885774232,0.07246666666666665,0.8947666666666667,0.03280000000000001,301,123,178
2018-03-24,3,3,3,0.5577166666666667,0.4536109398176175,0.1055,0.8788333333333335,0.015500000000000002,94,35,59
2018-03-25,2,2,2,0.499,0.4990001252504853,0.057749999999999996,0.9295,0.012750000000000001,30,4,26
2018-03-26,16,16,12,0.2680892857142857,0.6037904120395738,0.06742857142857143,0.8370000000000001,0.09557142857142856,241,128,113
2018-03-27,17,17,16,0.47961515151515155,0.44749670533489194,0.0863939393939394,0.8916969696969698,0.022,283,123,160
2018-03-28,21,21,20,0.3141560975609756,0.5965736092413975,0.09939024390243903,0.8450731707317074,0.05551219512195123,414,228,186
2018-03-29,18,18,16,0.5026441176470589,0.4852937165149857,0.09270588235294118,0.8767352941176471,0.030558823529411763,320,170,150
2018-03-30,5,5,5,0.43359999999999993,0.41284924851572635,0.1578,0.8230999999999999,0.0191,64,36,28
2018-03-31,2,2,2,0.5898,0.4286640467778934,0.13275,0.8444999999999999,0.0225,59,22,37
2018-04-01,4,4,4,0.5495875,0.4541085399920926,0.109875,0.87775,0.01225,92,28,64
2018-04-02,26,26,22,0.22526458333333332,0.6344112731795727,0.056999999999999995,0.8690416666666666,0.07395833333333333,348,223,125
2018-04-03,21,21,19,0.31065,0.6175936920824241,0.06695,0.8513249999999999,0.081775,369,242,127
2018-04-04,16,16,15,0.5022483870967742,0.5052740724634999,0.10903225806451614,0.8403870967741934,0.050677419354838715,346,167,179
2018-04-05,19,19,16,0.42398285714285716,0.5461527434103888,0.09897142857142856,0.8371142857142857,0.064,361,143,218
2018-04-06,14,14,14,0.5063107142857143,0.49565388293739654,0.09489285714285713,0.8752857142857142,0.029821428571428575,370,165,205
2018-04-07,2,2,2,0.4923,0.49230895787096945,0.0455,0.93175,0.0225,25,23,2
2018-04-08,2,2,2,0.6224,0.4140720166830886,0.152,0.82175,0.02625,30,11,19
2018-04-09,18,18,15,0.3408787878787879,0.5486341286557039,0.0773030303030303,0.882030303030303,0.040636363636363644,268,126,142
2018-04-10,26,26,25,0.40784509803921565,0.5274447092345321,0.08688235294117647,0.8683921568627451,0.04468627450980391,452,235,217
2018-04-11,17,17,15,0.257671875,0.6012810341441714,0.09253125,0.862125,0.045312500000000006,313,139,174
2018-04-12,23,23,21,0.4157295454545455,0.5249577595905587,0.10509090909090908,0.8605454545454546,0.03438636363636363,461,201,260
2018-04-13,22,22,19,0.44567317073170726,0.5130084885069548,0.11324390243902438,0.8442682926829267,0.04253658536585366,347,176,171
2018-04-14,1,1,1,0.24805,0.74195,0.0465,0.7975,0.156,17,1,16
2018-04-15,5,5,5,0.36919,0.5140329686897523,0.043500000000000004,0.9153,0.041,63,28,35
2018-04-16,18,18,16,0.5108,0.5332386222276986,0.14476470588235293,0.8171470588235294,0.03802941176470588,368,162,206
2018-04-17,10,10,9,0.47469999999999996,0.5236972598744432,0.08826315789473685,0.866578947368421,0.04526315789473684,161,51,110
2018-04-18,16,16,16,0.5566312499999999,0.4408810372690546,0.14140624999999998,0.8230937500000001,0.0354375,289,147,142
2018-04-19,30,30,25,0.33615090909090906,0.5704410019283254,0.08632727272727271,0.8514909090909091,0.0622,438,273,165
2018-04-20,31,31,26,0.2042701754385965,0.5529654067302222,0.06084210526315789,0.8882456140350877,0.05091228070175438,375,229,146
2018-04-21,4,4,4,0.5387875,0.5436288288839638,0.139625,0.780375,0.08012500000000002,84,30,54
2018-04-22,4,4,3,0.4143428571428571,0.5052868657848667,0.06014285714285715,0.892142857142857,0.047714285714285716,76,58,18
2018-04-23,29,29,25,0.3365111111111111,0.6198147694231412,0.10257407407407407,0.8364629629629629,0.060944444444444454,495,271,224
2018-04-24,22,22,21,0.46994651162790696,0.4841613345122351,0.09874418604651164,0.8695348837209302,0.03169767441860465,338,190,148
2018-04-25,19,19,18,0.4193675675675676,0.580607562050564,0.12037837837837839,0.8016216216216218,0.078,426,241,185
2018-04-26,197,197,197,0.5237705583756345,0.5041389443641121,0.09989086294416244,0.8689086294416244,0.03121319796954315,5634,1505,4129
2018-04-27,26,26,23,0.42878979591836736,0.5538333099426209,0.09855102040816328,0.859204081632653,0.04228571428571429,641,269,372
2018-04-28,7,7,6,0.4087461538461538,0.4643279868888844,0.0783846153846154,0.8860769230769231,0.03553846153846153,135,55,80
2018-04-29,2,2,1,0.5698,0.4199666970923608,0.24933333333333332,0.7383333333333333,0.012333333333333333,34,18,16
2018-04-30,42,42,35,0.3953168831168832,0.5343358427354874,0.0845064935064935,0.8602987012987012,0.05516883116883116,711,412,299
2018-05-01,46,46,38,0.3830071428571428,0.5166384903497652,0.0812857142857143,0.8740238095238096,0.04470238095238096,707,371,336
2018-05-02,48,48,39,0.4322,0.49314642902465605,0.10285057471264368,0.8559310344827585,0.04120689655172413,840,414,426
2018-05-03,21,21,19,0.4273375,0.5555841123032138,0.099025,0.8506750000000001,0.0502,456,241,215
2018-05-04,37,37,27,0.5256171875,0.43479844811802154,0.11840625,0.853125,0.0284375,688,314,374
2018-05-05,3,3,3,0.5719166666666666,0.44974953183843214,0.09066666666666666,0.8941666666666667,0.015166666666666667,54,24,30
2018-05-06,3,3,2,0.4394,0.461514363806805,0.0966,0.882,0.0216,51,28,23
2018-05-07,118,118,117,0.527176170212766,0.5019968092064111,0.10647659574468084,0.8632382978723404,0.030289361702127662,3120,1001,2119
2018-05-08,32,32,28,0.5132466666666667,0.4792160074770272,0.0866,0.8946166666666666,0.018766666666666664,791,265,526
2018-05-09,24,24,21,0.46690666666666675,0.4865416768262395,0.08466666666666668,0.8865333333333333,0.028777777777777777,463,191,272
2018-05-10,19,19,18,0.510535135135135,0.45955808750641014,0.10745945945945945,0.872054054054054,0.020540540540540542,497,195,302
2018-05-11,19,19,15,0.6011970588235295,0.43025956973005336,0.15738235294117647,0.8040000000000002,0.038441176470588236,401,164,237
2018-05-12,3,3,3,0.6342,0.44993660664586965,0.166,0.7959999999999999,0.03783333333333333,93,46,47
2018-05-13,1,1,0,0.0,0.0,0.0,1.0,0.0,2,2,0
2018-05-14,19,19,18,0.49393243243243246,0.4758145857676269,0.10121621621621622,0.8764054054054053,0.022351351351351353,455,164,291
2018-05-15,109,109,101,0.5497004761904762,0.46695934762365193,0.13232380952380954,0.8388714285714286,0.028776190476190473,2644,692,1952
2018-05-16,15,15,15,0.5354033333333333,0.4829617634853601,0.1044,0.8533666666666666,0.0422,454,213,241
2018-05-17,22,22,21,0.48024883720930234,0.4926924015028525,0.09953488372093022,0.8705116279069768,0.030000000000000002,409,188,221
2018-05-18,118,118,117,0.5340387234042553,0.48675468476307027,0.11296170212765957,0.8562808510638298,0.030791489361702132,3132,966,2166
2018-05-19,2,2,2,0.49160000000000004,0.49160246134452995,0.03825,0.94775,0.014,35,17,18
2018-05-21,35,35,34,0.43986811594202896,0.555617735470093,0.09973913043478262,0.8523768115942029,0.04791304347826088,768,296,472
2018-05-22,20,20,18,0.41715263157894733,0.5291853618817481,0.09102631578947369,0.8589999999999999,0.049973684210526316,316,115,201
2018-05-23,19,19,16,0.5562857142857143,0.4383868970557903,0.1292857142857143,0.8428857142857143,0.027857142857142858,289,104,185
2018-05-24,19,19,18,0.4950513513513515,0.4747618980030634,0.0877027027027027,0.8853243243243243,0.027081081081081083,380,189,191
2018-05-25,18,18,17,0.4596885714285715,0.4873747861298346,0.09379999999999998,0.8796571428571429,0.0266,408,161,247
2018-05-26,1,1,1,0.60085,0.39854999999999996,0.22699999999999998,0.7585,0.0145,22,11,11
2018-05-27,2,2,1,0.3327333333333333,0.4705559926536078,0.04033333333333333,0.9540000000000001,0.005999999999999999,32,9,23
2018-05-28,7,7,7,0.4382142857142857,0.47820678261477584,0.11107142857142857,0.8546428571428571,0.03435714285714286,115,45,70
2018-05-29,119,119,114,0.5633107296137339,0.4669497386044128,0.12939914163090127,0.8496909871244636,0.020939914163090132,2952,722,2230
2018-05-30,29,29,27,0.5044946428571428,0.4806004430544755,0.10371428571428572,0.8605357142857143,0.03576785714285714,697,265,432
2018-05-31,19,19,19,0.5305315789473685,0.4761472572447703,0.102,0.8718684210526316,0.02610526315789474,430,172,258
2018-06-01,107,107,107,0.5657004672897197,0.4776430463914834,0.12767757009345795,0.8444439252336449,0.02788317757009346,2779,743,2036
2018-06-02,2,2,2,0.2486,0.43058783076162294,0.015,0.9815,0.0035,16,11,5
2018-06-03,5,5,4,0.4889111111111111,0.46209108877037186,0.08444444444444445,0.9076666666666667,0.008,114,72,42
2018-06-04,40,40,31,0.4844253521126761,0.4639794087582299,0.10608450704225351,0.8676478873239437,0.026267605633802815,741,250,491
2018-06-05,29,29,27,0.43252500000000005,0.5327385683730275,0.07226785714285715,0.8962857142857142,0.03144642857142858,619,171,448
2018-06-06,17,17,15,0.5973,0.4468828775529445,0.16368749999999999,0.8130625,0.023218750000000003,361,151,210
2018-06-07,15,15,14,0.45418620689655165,0.5334927150872162,0.10037931034482758,0.8488620689655173,0.050896551724137935,318,128,190
2018-06-08,30,30,22,0.29232115384615387,0.5815918421871722,0.09055769230769231,0.8460192307692308,0.06342307692307693,359,155,204
2018-06-09,4,4,4,0.37782499999999997,0.6201612103921044,0.15725,0.790125,0.052625000000000005,105,41,64
2018-06-10,4,4,4,0.5564,0.46350252426497096,0.086,0.8935,0.020375,119,70,49
2018-06-11,13,13,13,0.4507653846153846,0.5511423451078732,0.06280769230769231,0.8910384615384614,0.04615384615384616,269,124,145
2018-06-12,100,100,100,0.592696,0.44652406081195667,0.142395,0.8371500000000001,0.020470000000000002,2610,627,1983
2018-06-13,24,24,21,0.45798222222222235,0.5156962927446902,0.10093333333333333,0.8717333333333337,0.027222222222222224,512,184,328
2018-06-14,16,16,14,0.5429666666666666,0.44268947983383966,0.11053333333333333,0.8786333333333334,0.010800000000000002,387,101,286
2018-06-15,25,25,22,0.4246531914893617,0.5230132408929901,0.08559574468085106,0.8682765957446807,0.04612765957446808,489,297,192
2018-06-16,2,2,2,0.5948249999999999,0.425883683504076,0.1545,0.836,0.0095,47,10,37
2018-06-17,5,5,5,0.49962,0.4996202674031549,0.07289999999999999,0.9065,0.0206,216,73,143
2018-06-18,14,14,14,0.5275642857142857,0.49362973487530226,0.1379642857142857,0.8209642857142859,0.04114285714285714,332,108,224
2018-06-19,13,13,12,0.459368,0.5544430450244642,0.13416,0.82604,0.03984,246,64,182
2018-06-20,23,23,23,0.45548043478260863,0.576264386642845,0.09145652173913044,0.8582826086956521,0.050282608695652174,503,233,270
2018-06-21,12,12,12,0.48347083333333335,0.5115483615775139,0.09470833333333334,0.846,0.0595,228,90,138
2018-06-22,19,19,19,0.54425,0.5003687239110984,0.15744736842105264,0.793421052631579,0.04926315789473684,370,163,207
2018-06-23,1,1,1,0.2807,0.7021999999999999,0.04,0.8045,0.156,18,10,8
2018-06-24,2,2,1,0.45343333333333335,0.41306209648859765,0.12566666666666668,0.8576666666666667,0.016666666666666666,20,10,10
2018-06-25,21,21,18,0.3813179487179487,0.5569543505999415,0.07156410256410256,0.889102564102564,0.03941025641025641,379,189,190
2018-06-26,116,116,116,0.5546456896551724,0.4873682320403235,0.1192241379310345,0.8523706896551724,0.02841810344827586,2733,807,1926
2018-06-27,28,28,23,0.4140274509803922,0.4977115678147734,0.09480392156862746,0.8718431372549019,0.033372549019607844,641,307,334
2018-06-28,24,24,22,0.5184021739130436,0.45976231406027257,0.11417391304347828,0.8623913043478261,0.023500000000000004,523,190,333
2018-06-29,13,13,13,0.45157692307692315,0.5022536742659126,0.07876923076923077,0.8922692307692307,0.028884615384615384,219,88,131
2018-06-30,1,1,0,0.0,0.0,0.0,1.0,0.0,0,0,0
2018-07-01,2,2,1,0.4006,0.4314643515595079,0.09066666666666667,0.9036666666666666,0.005333333333333333,19,11,8
2018-07-02,21,21,20,0.3674463414634146,0.5432333672254521,0.07695121951219513,0.8799268292682927,0.04302439024390244,404,150,254
2018-07-03,12,12,11,0.5219347826086956,0.44894785947735694,0.09682608695652173,0.8843478260869565,0.018782608695652174,231,95,136
2018-07-04,1,1,1,0.0,0.0,0.0,1.0,0.0,0,0,0
2018-07-05,13,13,12,0.347884,0.5695102216325885,0.059359999999999996,0.89248,0.04828,230,85,145
2018-07-06,15,15,12,0.36962222222222224,0.5519783411836033,0.06318518518518518,0.8912962962962964,0.04555555555555556,229,117,112
2018-07-07,2,2,2,0.54355,0.45893054213028794,0.0905,0.8925,0.01675,65,14,51
2018-07-08,2,2,1,0.5185666666666666,0.4084782681557925,0.20766666666666667,0.7806666666666667,0.011333333333333334,28,15,13
2018-07-09,20,20,17,0.4337108108108108,0.5023859810316967,0.09094594594594593,0.8767027027027028,0.03235135135135135,356,174,182
2018-07-10,17,17,14,0.5535129032258064,0.44326600965715574,0.1348064516129032,0.8466774193548388,0.018516129032258067,320,135,185
2018-07-11,100,100,100,0.558645,0.48780712784357716,0.13381,0.8372399999999999,0.028975,2463,743,1720
2018-07-12,27,27,23,0.525572,0.4712021574823273,0.11539999999999999,0.8519,0.0327,682,203,479
2018-07-13,25,25,23,0.5661333333333333,0.46365783690370443,0.141625,0.8292083333333334,0.029187500000000005,578,212,366
2018-07-14,3,3,3,0.5321333333333332,0.46956907076831855,0.11416666666666668,0.862,0.02383333333333333,69,31,38
2018-07-15,3,3,3,0.5351666666666667,0.5366654409923892,0.1386666666666667,0.7961666666666667,0.06516666666666666,65,22,43
2018-07-16,14,14,13,0.4885148148148148,0.4559521016946632,0.12296296296296297,0.8452962962962963,0.031666666666666676,241,151,90
2018-07-17,19,19,18,0.493472972972973,0.5413917723436806,0.1045945945945946,0.8461081081081081,0.049243243243243244,476,191,285
2018-07-18,17,17,16,0.49591212121212125,0.5270911351005261,0.10857575757575756,0.8443333333333334,0.04712121212121212,450,170,280
2018-07-19,17,17,15,0.47459062500000004,0.5447444007051467,0.12537500000000001,0.83975,0.03484374999999999,361,91,270
2018-07-20,14,14,12,0.5282346153846154,0.47631116521604594,0.11976923076923077,0.8537307692307692,0.026538461538461535,295,145,150
2018-07-21,3,3,3,0.6438333333333334,0.3843814844078153,0.1728333333333333,0.7806666666666667,0.04633333333333334,70,27,43
2018-07-22,2,2,1,0.3320666666666667,0.4696131836120257,0.03666666666666667,0.9483333333333333,0.014666666666666666,16,5,11
2018-07-23,20,20,19,0.49758205128205135,0.4685610601765163,0.09556410256410255,0.8675128205128206,0.03687179487179487,426,179,247
2018-07-24,14,14,14,0.49679642857142864,0.49459371745341424,0.10800000000000001,0.8478571428571428,0.04410714285714286,380,131,249
2018-07-25,154,154,152,0.5376960784313726,0.4887161498074936,0.10642156862745097,0.8687352941176469,0.024862745098039218,4420,1129,3291
2018-07-26,26,26,24,0.523896,0.4628877271909464,0.11416000000000003,0.8610400000000001,0.02484,667,267,400
2018-07-27,15,15,13,0.46526428571428574,0.5270030558425131,0.09439285714285714,0.8735357142857143,0.03196428571428571,356,170,186
2018-07-28,3,3,2,0.46586,0.5673260529889317,0.23960000000000004,0.6362,0.12400000000000003,48,24,24
2018-07-29,2,2,2,0.491875,0.49195377514051053,0.053500000000000006,0.9235,0.023,52,16,36
2018-07-30,42,42,35,0.49054415584415595,0.4696099662357303,0.11350649350649351,0.8649350649350649,0.021597402597402598,689,334,355
2018-07-31,28,28,21,0.4477734693877551,0.4444316272914687,0.11081632653061224,0.8706938775510205,0.01842857142857143,396,178,218
2018-08-01,54,54,37,0.3312659340659341,0.5628304966509823,0.09804395604395605,0.8545824175824174,0.047428571428571424,762,338,424
2018-08-02,44,44,38,0.39985000000000004,0.49651391974445186,0.09578048780487805,0.8729390243902437,0.03125609756097561,745,327,418
2018-08-03,34,34,31,0.44058307692307697,0.5054961929611584,0.09883076923076924,0.8704307692307693,0.03076923076923077,672,300,372
2018-08-04,1,1,1,0.4995,0.4995,0.095,0.8855,0.0195,28,2,26
2018-08-05,5,5,2,0.2574571428571429,0.4640727709472879,0.032999999999999995,0.9395714285714286,0.02742857142857143,53,19,34
2018-08-06,41,41,36,0.46538571428571424,0.5209148248331806,0.10554545454545453,0.8485584415584415,0.04592207792207792,814,329,485
2018-08-07,28,28,25,0.4867056603773585,0.48736207508597856,0.11362264150943396,0.8580377358490566,0.02830188679245283,663,294,369
2018-08-08,111,111,110,0.5046547511312218,0.5248116988211182,0.10386425339366516,0.8517194570135748,0.04442533936651585,3109,845,2264
2018-08-09,17,17,15,0.434684375,0.47597060381220957,0.08431249999999998,0.8979062499999999,0.017875000000000002,348,130,218
2018-08-10,19,19,17,0.37938333333333335,0.5713185721060828,0.1206111111111111,0.8165833333333333,0.06283333333333334,401,154,247
2018-08-11,2,2,2,0.8099500000000001,0.18896394497363778,0.24225,0.74375,0.01375,39,18,21
2018-08-12,2,2,2,0.608975,0.4187975428234984,0.1345,0.8382499999999999,0.02725,55,23,32
2018-08-13,19,19,17,0.4505666666666668,0.5013019798484742,0.09080555555555556,0.8722499999999999,0.03691666666666666,312,99,213
2018-08-14,25,25,20,0.378148888888889,0.5565213477475643,0.08126666666666668,0.8792,0.039466666666666664,428,254,174
2018-08-15,25,25,22,0.41472765957446817,0.5378411470385227,0.09736170212765957,0.8696382978723404,0.03304255319148937,389,177,212
2018-08-16,18,18,16,0.4559735294117647,0.4677140367592798,0.08970588235294118,0.889764705882353,0.0205,408,101,307
2018-08-17,16,16,14,0.5124166666666666,0.45772494949356746,0.11379999999999998,0.8577666666666666,0.028566666666666667,334,168,166
2018-08-18,2,2,1,0.5411333333333334,0.41191682277965885,0.20466666666666666,0.7806666666666667,0.014666666666666666,28,22,6
2018-08-19,2,2,2,0.6171249999999999,0.47009908729437033,0.1865,0.762,0.05149999999999999,37,14,23
2018-08-20,18,18,18,0.6099611111111112,0.40013138764228834,0.13808333333333334,0.8491111111111111,0.012805555555555556,395,134,261
2018-08-21,17,17,17,0.5113617647058823,0.4752053989435738,0.11549999999999999,0.8526176470588236,0.03176470588235295,395,126,269
2018-08-22,110,110,109,0.5673716894977169,0.46538812095438803,0.11951598173515982,0.8618904109589042,0.018648401826484015,2990,738,2252
2018-08-23,17,17,14,0.49903225806451607,0.4891776637392112,0.10238709677419354,0.8694193548387097,0.028225806451612902,414,176,238
2018-08-24,17,17,17,0.4542705882352941,0.4940212680164642,0.0868235294117647,0.8818235294117647,0.03138235294117647,384,135,249
2018-08-25,3,3,2,0.31106,0.5833643856116004,0.054200000000000005,0.8827999999999999,0.06300000000000001,43,27,16
2018-08-26,2,2,2,0.40735,0.6016593616823394,0.05425,0.8520000000000001,0.094,43,36,7
2018-08-27,11,11,10,0.5183857142857142,0.4494949952427717,0.11371428571428571,0.8760952380952383,0.01019047619047619,237,88,149
2018-08-28,14,14,12,0.5234346153846153,0.45838653569827664,0.10088461538461538,0.8867307692307692,0.0125,446,134,312
2018-08-29,14,14,13,0.5365222222222221,0.4379732626147766,0.11196296296296294,0.8571111111111113,0.03077777777777778,264,82,182
2018-08-30,24,24,20,0.4014113636363636,0.5173337415036261,0.09511363636363636,0.8778636363636363,0.027022727272727275,443,163,280
2018-08-31,117,117,113,0.5205982608695652,0.4895387792930791,0.12456521739130434,0.8483217391304348,0.027091304347826087,3020,748,2272
2018-09-01,4,4,4,0.4172125,0.45203403477365506,0.08612500000000001,0.9045000000000001,0.00925,57,20,37
2018-09-02,3,3,2,0.32462,0.6072087067886955,0.0794,0.8613999999999999,0.05920000000000001,56,22,34
2018-09-03,4,4,3,0.3990857142857143,0.4034774676964942,0.10428571428571429,0.8781428571428572,0.01757142857142857,44,29,15
2018-09-04,30,30,27,0.48593157894736844,0.45106128698526676,0.10478947368421053,0.8681929824561403,0.027087719298245615,700,223,477
2018-09-05,21,21,14,0.4968142857142857,0.4464464627272039,0.14934285714285714,0.8122285714285714,0.0384,402,129,273
2018-09-06,14,14,11,0.346804,0.5063709316143651,0.07564,0.9002800000000001,0.02412,247,132,115
2018-09-07,86,86,82,0.5432172619047619,0.47278112914019127,0.11786904761904762,0.8605178571428572,0.02160119047619048,2213,629,1584
2018-09-08,3,3,2,0.0015800000000000037,0.6523176171160795,0.13219999999999998,0.7724,0.0954,52,36,16
2018-09-09,6,6,5,0.4796454545454546,0.5229734294721714,0.09736363636363636,0.8582727272727273,0.044272727272727276,91,28,63
2018-09-10,27,27,24,0.4033764705882353,0.5005433634182488,0.07598039215686274,0.8971372549019606,0.026980392156862744,386,191,195
2018-09-11,25,25,22,0.3726553191489362,0.5347480006263083,0.07306382978723405,0.8931914893617022,0.03380851063829787,491,208,283
2018-09-12,47,47,39,0.3894302325581395,0.5027529774106709,0.0827093023255814,0.8800232558139534,0.037209302325581395,810,384,426
2018-09-13,36,36,30,0.4580090909090909,0.46792682985609363,0.08881818181818182,0.8901666666666668,0.02104545454545454,620,263,357
2018-09-14,19,19,16,0.4895000000000001,0.4718690108796841,0.1028,0.8690857142857142,0.028142857142857147,335,152,183
2018-09-15,2,2,2,0.593275,0.4244207780905643,0.13224999999999998,0.852,0.01575,44,7,37
2018-09-16,3,3,1,0.51325,0.3620297259894552,0.237,0.7545,0.0085,16,6,10
2018-09-17,35,35,34,0.39800869565217395,0.5242035805270976,0.07355072463768116,0.9012753623188406,0.025217391304347827,555,258,297
2018-09-18,142,142,142,0.5650580985915492,0.4648130373472047,0.13686267605633803,0.8349577464788733,0.028204225352112682,3515,1056,2459
2018-09-19,27,27,27,0.48645185185185186,0.5183305379491399,0.09044444444444445,0.8719074074074072,0.03762962962962963,663,267,396
2018-09-20,14,14,12,0.5473961538461538,0.45834549488078835,0.13657692307692307,0.8451153846153847,0.018307692307692306,289,95,194
2018-09-21,17,17,16,0.3313515151515151,0.5970154995811486,0.08166666666666667,0.8655454545454545,0.052787878787878786,360,156,204
2018-09-22,5,5,5,0.39379,0.4876350017174731,0.05469999999999999,0.9148,0.030599999999999995,85,39,46
2018-09-23,3,3,3,0.6628666666666667,0.3720131658363123,0.13416666666666666,0.8515,0.014333333333333332,60,18,42
2018-09-24,25,25,20,0.4259022222222222,0.5043668243953177,0.0922,0.8877333333333332,0.020022222222222223,402,142,260
2018-09-25,114,114,112,0.5323030973451327,0.493021146075026,0.10731858407079645,0.8688008849557521,0.02392035398230089,2905,677,2228
2018-09-26,32,32,29,0.42804262295081963,0.5273731955300837,0.09757377049180328,0.8662459016393442,0.03616393442622951,719,264,455
2018-09-27,30,30,27,0.5049929824561404,0.4393493146707199,0.10635087719298246,0.875315789473684,0.018280701754385967,534,154,380
2018-09-28,23,23,20,0.45714883720930233,0.4987104656463102,0.10216279069767444,0.8654418604651163,0.032418604651162794,477,230,247
2018-09-30,5,5,3,0.5503875,0.3914660759168666,0.1605,0.825625,0.013875,92,34,58
2018-10-01,15,15,15,0.5438233333333334,0.4490798033633765,0.09020000000000002,0.8886,0.021133333333333337,318,78,240
2018-10-02,20,20,17,0.4693027027027027,0.4804336776718968,0.0815945945945946,0.8934864864864864,0.024945945945945947,352,157,195
2018-10-03,26,26,24,0.5318740000000001,0.4771792915917455,0.12510000000000002,0.8428999999999999,0.032,542,184,358
2018-10-04,119,119,117,0.5916063559322035,0.45067694835839567,0.1542584745762712,0.8229237288135592,0.022822033898305085,3273,807,2466
2018-10-05,24,24,24,0.38461666666666666,0.5251444179673076,0.0765,0.8802916666666668,0.04314583333333333,515,213,302
2018-10-06,3,3,3,0.5147333333333333,0.5120202296350755,0.13466666666666666,0.7965,0.06883333333333334,96,39,57
2018-10-07,1,1,0,0.296,0.0,0.18,0.82,0.0,0,1,-1
2018-10-08,14,14,12,0.4548538461538461,0.4856867685047552,0.09080769230769231,0.8864230769230768,0.022653846153846153,260,77,183
2018-10-09,18,18,15,0.38231818181818183,0.4934008883647439,0.06215151515151516,0.9056363636363636,0.032242424242424246,333,138,195
2018-10-10,20,20,19,0.5218333333333333,0.45766342258920845,0.09938461538461538,0.8680256410256413,0.03251282051282051,346,203,143
2018-10-11,22,22,21,0.39988372093023267,0.524971427320034,0.07218604651162791,0.8789534883720929,0.04886046511627906,322,192,130
2018-10-12,30,30,23,0.40678867924528306,0.48524784317480774,0.09758490566037735,0.8786603773584905,0.02379245283018868,365,123,242
2018-10-13,5,5,3,0.32277500000000003,0.5794727209929731,0.14975000000000002,0.79375,0.056625,52,20,32
2018-10-14,5,5,4,0.2556333333333333,0.6309714978595397,0.09755555555555556,0.8141111111111111,0.08833333333333335,90,52,38
2018-10-15,94,94,93,0.5312893048128342,0.4860585216994236,0.11622994652406417,0.8593208556149733,0.024443850267379677,2239,683,1556
2018-10-16,21,21,20,0.5592707317073171,0.44363336666826114,0.11229268292682927,0.8642926829268293,0.02346341463414634,469,156,313
2018-10-17,10,10,8,0.4139722222222222,0.45534424926587813,0.08422222222222223,0.8891111111111112,0.026666666666666665,185,67,118
2018-10-18,15,15,15,0.32676000000000005,0.5771179981020634,0.06133333333333334,0.8875666666666666,0.05113333333333333,314,150,164
2018-10-19,20,20,14,0.4405470588235294,0.44123133070673004,0.07505882352941176,0.9154117647058824,0.009441176470588236,312,149,163
2018-10-20,3,3,2,0.59474,0.37666907810437533,0.1784,0.8034000000000001,0.018,49,12,37
2018-10-21,4,4,3,0.5247857142857143,0.4327262593259208,0.12085714285714286,0.8625714285714287,0.016714285714285713,46,22,24
2018-10-22,16,16,16,0.418975,0.5617775644105059,0.07634375000000002,0.8868437499999999,0.03678125,340,152,188
2018-10-23,14,14,13,0.3993888888888889,0.5686461865097653,0.07707407407407407,0.8729629629629629,0.04985185185185185,276,161,115
2018-10-24,15,15,13,0.44451785714285713,0.4853386711900784,0.09753571428571428,0.8770357142857144,0.025500000000000002,341,175,166
2018-10-25,18,18,16,0.3665911764705882,0.47599552850571974,0.04623529411764706,0.921470588235294,0.03226470588235294,258,209,49
2018-10-26,24,24,21,0.41975999999999997,0.5241652200933934,0.09146666666666665,0.8718666666666666,0.03671111111111111,633,308,325
2018-10-27,2,2,1,0.4764333333333333,0.4045199651713401,0.124,0.867,0.008666666666666666,23,7,16
2018-10-28,2,2,1,0.5455666666666666,0.41324435332567533,0.16833333333333333,0.8146666666666667,0.016999999999999998,16,9,7
2018-10-29,84,84,78,0.5147345679012346,0.4957882339054995,0.09559876543209878,0.877537037037037,0.0268641975308642,2132,619,1513
2018-10-30,31,31,29,0.46279833333333337,0.48901916986680816,0.07960000000000002,0.8975833333333333,0.022816666666666662,757,376,381
2018-10-31,38,38,36,0.4597162162162163,0.5018661744273384,0.09582432432432433,0.8750135135135134,0.029229729729729734,987,494,493
2018-11-01,57,57,52,0.47782201834862387,0.5173833268038717,0.0981834862385321,0.8639724770642202,0.037862385321100915,1472,747,725
2018-11-02,53,53,47,0.438496,0.5185159243301984,0.11373000000000001,0.84025,0.04596,966,493,473
2018-11-03,2,2,2,0.6691499999999999,0.40247023803009335,0.149,0.831,0.02,34,18,16
2018-11-04,4,4,2,0.34981666666666666,0.46830237175236356,0.067,0.9006666666666666,0.03233333333333333,67,36,31
2018-11-05,31,31,25,0.43189285714285713,0.4946422158840609,0.08367857142857142,0.8752857142857142,0.041035714285714286,523,290,233
2018-11-06,25,25,23,0.4607958333333333,0.5195535082157616,0.1040625,0.8690833333333332,0.026937500000000003,478,211,267
2018-11-07,29,29,25,0.41527222222222226,0.5248046399893211,0.07450000000000001,0.8894999999999998,0.03596296296296297,886,390,496
2018-11-08,12,12,12,0.4646041666666667,0.45421410102062243,0.11008333333333335,0.8638750000000001,0.025958333333333333,237,85,152
2018-11-09,25,25,23,0.49162083333333334,0.47636466159442625,0.10618749999999999,0.8640833333333333,0.02975,536,254,282
2018-11-10,3,3,3,0.64035,0.3673598723776636,0.19866666666666666,0.7791666666666667,0.022000000000000002,124,75,49
2018-11-11,3,3,2,-0.09179999999999999,0.6311172664410316,0.041,0.8698,0.08919999999999999,29,40,-11
2018-11-12,106,106,98,0.4753338235294119,0.547647418852291,0.11451960784313726,0.844862745098039,0.04064705882352941,2290,723,1567
2018-11-13,42,42,38,0.38504125,0.549905537272937,0.073525,0.8857875,0.0406375,818,470,348
2018-11-14,31,31,26,0.35001929824561395,0.574372946095588,0.08668421052631581,0.8634210526315789,0.04989473684210527,527,400,127
2018-11-15,34,34,29,0.45327460317460316,0.5060309940844028,0.09998412698412698,0.8553174603174603,0.044650793650793656,712,409,303
2018-11-16,17,17,16,0.41865757575757573,0.5284345789790726,0.08790909090909092,0.8815151515151515,0.03063636363636363,329,170,159
2018-11-17,4,4,3,0.002571428571428558,0.5294066806051732,0.03,0.9511428571428571,0.018714285714285715,41,43,-2
2018-11-18,4,4,3,0.37142857142857144,0.4501516719452479,0.10785714285714286,0.8575714285714285,0.034428571428571426,22,15,7
2018-11-19,35,35,30,0.22920000000000001,0.6263876894850836,0.08298461538461539,0.8456461538461537,0.07132307692307692,478,314,164
2018-11-20,31,31,28,0.4553186440677966,0.5351695538306659,0.11049152542372881,0.8427796610169492,0.046711864406779664,584,319,265
2018-11-21,21,21,21,0.46048571428571433,0.5367852499443545,0.09904761904761905,0.8697619047619046,0.03107142857142857,429,254,175
2018-11-22,3,3,3,0.46471666666666667,0.4339572153130101,0.1673333333333333,0.7776666666666667,0.05483333333333334,32,18,14
2018-11-23,14,14,14,0.5045071428571428,0.4658881916209476,0.08889285714285715,0.8930714285714286,0.018,257,152,105
2018-11-24,2,2,2,0.34609999999999996,0.5171942913451385,0.051500000000000004,0.8542500000000001,0.09425,37,19,18
2018-11-26,20,20,18,0.4462105263157894,0.4991978184992998,0.10207894736842105,0.8741315789473686,0.023710526315789474,347,178,169
2018-11-27,24,24,21,0.45264666666666664,0.5279081576688632,0.12415555555555555,0.8453111111111111,0.030555555555555555,433,201,232
2018-11-28,80,80,75,0.5228658064516128,0.49510721881338376,0.11706451612903228,0.8534322580645161,0.029477419354838715,2064,624,1440
2018-11-29,30,30,28,0.4813224137931035,0.48805012710436557,0.10243103448275862,0.8632758620689656,0.03424137931034483,572,227,345
2018-11-30,15,15,13,0.5613607142857143,0.43279711292548223,0.12425,0.8594999999999998,0.01628571428571429,239,125,114
2018-12-01,3,3,1,0.33365,0.40606030032496404,0.0745,0.921,0.0045,33,8,25
2018-12-02,3,3,3,0.43898333333333334,0.4552307708429014,0.11066666666666668,0.8783333333333333,0.011000000000000001,67,20,47
2018-12-03,15,15,13,0.37984999999999997,0.5212607138330245,0.10267857142857142,0.864,0.033357142857142856,193,99,94
2018-12-04,19,19,14,0.19478484848484848,0.5852713119214972,0.05690909090909091,0.8780909090909091,0.06493939393939395,261,144,117
2018-12-05,15,15,13,0.47914642857142853,0.48040906935216815,0.09275,0.8781785714285715,0.029214285714285713,367,135,232
2018-12-06,74,74,69,0.48156223776223783,0.5371837133892434,0.10762237762237763,0.8504895104895105,0.04186013986013987,1584,469,1115
2018-12-07,22,22,19,0.4130439024390244,0.5432455650313534,0.10646341463414635,0.8547073170731709,0.038878048780487805,475,195,280
2018-12-08,3,3,2,0.39892000000000005,0.4885772053626735,0.0502,0.9406000000000001,0.0092,39,17,22
2018-12-09,1,1,0,0.0,0.0,0.0,1.0,0.0,2,2,0
2018-12-10,36,36,24,0.198335,0.5569272935267222,0.06723333333333333,0.8633000000000002,0.06955,402,207,195
2018-12-11,25,25,24,0.4854081632653061,0.5246415191412422,0.1116326530612245,0.842204081632653,0.045979591836734696,412,238,174
2018-12-12,18,18,17,0.535602857142857,0.45677760170613463,0.11382857142857142,0.8509999999999999,0.035171428571428576,379,186,193
2018-12-13,28,28,26,0.47777777777777786,0.47132130806075245,0.12722222222222224,0.8324074074074075,0.040351851851851854,671,376,295
2018-12-14,79,79,77,0.5267474358974359,0.5051343926846722,0.11223076923076925,0.8574166666666667,0.030358974358974364,1802,607,1195
2018-12-15,5,5,5,0.5466,0.4268403706305204,0.1167,0.8501,0.0331,124,59,65
2018-12-16,6,6,5,0.27137272727272727,0.44315657830225413,0.027909090909090908,0.9601818181818182,0.011909090909090909,70,27,43
2018-12-17,21,21,21,0.5244595238095238,0.4633082153483759,0.12933333333333336,0.8456190476190477,0.024976190476190475,352,221,131
2018-12-18,21,21,18,0.429274358974359,0.5015349519828968,0.08269230769230769,0.883076923076923,0.03423076923076923,423,150,273
2018-12-19,21,21,21,0.3254142857142857,0.606059404825031,0.083,0.8650714285714285,0.05190476190476191,426,252,174
2018-12-20,22,22,16,0.36348157894736843,0.5218185810248329,0.0746842105263158,0.8869473684210526,0.03831578947368421,343,203,140
2018-12-21,18,18,17,0.2835457142857143,0.6280751289650705,0.09897142857142857,0.8274857142857143,0.07354285714285713,268,142,126
2018-12-22,1,1,1,0.4998,0.4998,0.0535,0.9155,0.031,35,24,11
2018-12-23,2,2,2,0.318575,0.5695362867061238,0.039,0.8645,0.0965,40,31,9
2018-12-24,69,69,69,0.5352934782608695,0.4996258609194443,0.12761594202898552,0.8309275362318841,0.041485507246376806,1554,520,1034
2018-12-26,18,18,17,0.5029114285714285,0.491360313980588,0.11077142857142859,0.8462571428571428,0.042942857142857144,402,170,232
2018-12-27,23,23,22,0.4316244444444445,0.5380686949763759,0.08077777777777778,0.8929777777777779,0.02615555555555555,430,255,175
2018-12-28,24,24,24,0.58981875,0.4603923271045802,0.13739583333333333,0.8249791666666667,0.03760416666666667,525,295,230
2018-12-29,2,2,2,0.35919999999999996,0.4094711711463946,0.07875,0.913,0.00825,23,1,22
2018-12-30,5,5,4,0.46014444444444447,0.5088587079842085,0.10333333333333333,0.8496666666666667,0.047,109,48,61
2018-12-31,13,13,10,0.5156913043478262,0.4819660108104716,0.10852173913043477,0.8517391304347826,0.03965217391304348,210,113,97
2019-01-02,31,31,22,0.22796226415094337,0.5910474396649531,0.08211320754716982,0.8355094339622641,0.08224528301886792,528,339,189
2019-01-03,141,141,120,0.44858084291187744,0.5432112441076308,0.1101992337164751,0.8402911877394635,0.04952873563218391,2971,1226,1745
2019-01-04,56,56,51,0.4490682242990654,0.5297719087041017,0.10454205607476635,0.8431308411214954,0.05233644859813084,1067,681,386
2019-01-05,3,3,3,0.5995666666666667,0.49573591648062876,0.19400000000000003,0.7595000000000001,0.04633333333333333,98,27,71
2019-01-06,4,4,3,0.48607142857142854,0.45099806054155583,0.127,0.8511428571428571,0.021857142857142856,189,104,85
2019-01-07,25,25,22,0.4600489361702127,0.5109263268173195,0.11491489361702129,0.8243404255319149,0.060765957446808516,466,278,188
2019-01-08,27,27,24,0.4966235294117648,0.4775857502670399,0.10419607843137255,0.8690000000000001,0.026803921568627452,651,344,307
2019-01-09,27,27,20,0.4382531914893617,0.4883834519174823,0.11370212765957448,0.8567659574468087,0.029489361702127664,381,166,215
2019-01-10,30,30,28,0.3160965517241379,0.5904745379676497,0.08424137931034481,0.8331034482758622,0.08274137931034484,546,379,167
2019-01-11,116,116,114,0.5388291304347826,0.4836970385560981,0.11298695652173914,0.8611565217391305,0.025847826086956523,2706,852,1854
2019-01-12,4,4,3,0.2923857142857143,0.6228906150901191,0.07857142857142858,0.7834285714285716,0.13785714285714284,47,34,13
2019-01-13,2,2,1,0.37866666666666665,0.4161084340516169,0.07933333333333333,0.9086666666666666,0.011666666666666667,20,2,18
2019-01-14,26,26,23,0.36648979591836733,0.512022706067348,0.08318367346938776,0.8840408163265305,0.03275510204081633,453,277,176
2019-01-15,32,32,27,0.36964067796610167,0.5424238345716426,0.08493220338983051,0.8605593220338983,0.05454237288135593,529,286,243
2019-01-16,101,101,98,0.5331522613065326,0.48861829013009767,0.11376884422110553,0.8571206030150754,0.02913065326633166,2229,726,1503
2019-01-17,45,45,41,0.4149523255813954,0.5650596333474704,0.11061627906976744,0.8448255813953487,0.04458139534883721,883,451,432
2019-01-18,37,37,35,0.5514097222222222,0.4470932872951318,0.11712499999999999,0.8549305555555555,0.02795833333333333,975,444,531
2019-01-19,5,5,5,0.5204199999999999,0.4854375980494301,0.092,0.8640000000000001,0.043899999999999995,100,41,59
2019-01-20,4,4,4,0.5540625,0.4639895444336542,0.09824999999999999,0.8805000000000001,0.021249999999999998,89,47,42
2019-01-21,13,13,13,0.5201961538461538,0.5076819586503477,0.10442307692307692,0.863423076923077,0.03223076923076923,343,172,171
2019-01-22,24,24,21,0.4569822222222223,0.4728365079385327,0.07626666666666668,0.8958222222222223,0.027911111111111112,487,276,211
2019-01-23,22,22,21,0.5045790697674419,0.5115050048895334,0.11553488372093025,0.8283023255813953,0.05611627906976745,501,322,179
2019-01-24,144,144,142,0.4933157342657343,0.5347473665957638,0.1073041958041958,0.8515209790209791,0.04115034965034965,3818,1292,2526
2019-01-25,24,24,23,0.47107659574468086,0.49398256503506666,0.1236808510638298,0.8435957446808511,0.032723404255319145,503,238,265
2019-01-26,4,4,4,0.4284,0.4609018686228121,0.09837499999999999,0.884,0.017750000000000002,69,39,30
2019-01-27,4,4,4,0.41869999999999996,0.462426613096608,0.052625000000000005,0.9213749999999999,0.026125,93,56,37
2019-01-28,38,38,33,0.2927661971830986,0.6084602890611777,0.06525352112676057,0.8586056338028168,0.0761549295774648,763,538,225
2019-01-29,42,42,36,0.3870871794871795,0.5196600280062239,0.08374358974358974,0.8686538461538461,0.04762820512820513,680,485,195
2019-01-30,65,65,54,0.4186899159663865,0.49407124964952687,0.097890756302521,0.8708067226890757,0.031285714285714285,1129,580,549
2019-01-31,40,40,38,0.45628205128205124,0.5262115399780287,0.0928076923076923,0.8738205128205129,0.033448717948717954,1165,505,660
2019-02-01,114,114,113,0.5205418502202643,0.5173783456675972,0.09881938325991191,0.8658325991189427,0.03536123348017621,3284,1141,2143
2019-02-02,3,3,2,0.37245999999999996,0.5097514437448902,0.1,0.8093999999999999,0.09079999999999999,45,51,-6
2019-02-03,3,3,3,0.5668500000000001,0.43721555610476626,0.11733333333333335,0.8638333333333333,0.01883333333333333,68,37,31
2019-02-04,31,31,25,0.47549285714285716,0.45807274837750656,0.08205357142857142,0.9067321428571429,0.011214285714285715,623,261,362
2019-02-05,22,22,20,0.47094523809523803,0.49061426425130367,0.09195238095238095,0.8636666666666667,0.044333333333333336,482,246,236
2019-02-06,28,28,28,0.44445714285714283,0.5197085927493897,0.11198214285714285,0.849,0.038982142857142854,601,260,341
2019-02-07,25,25,24,0.3951061224489796,0.47101287187583285,0.07877551020408163,0.8950816326530613,0.026183673469387752,520,241,279
2019-02-08,15,15,14,0.547151724137931,0.44959352264070224,0.10786206896551725,0.8660689655172414,0.02593103448275862,497,207,290
2019-02-09,1,1,1,0.0,0.0,0.0,1.0,0.0,0,0,0
2019-02-10,3,3,1,0.249625,0.43236318283938097,0.03425,0.956,0.00975,17,7,10
2019-02-11,18,18,14,0.416565625,0.49086030574478046,0.11053125,0.8476875,0.04175,336,163,173
2019-02-12,19,19,18,0.48300000000000004,0.5204489413386683,0.10843243243243242,0.8595405405405406,0.03205405405405405,482,218,264
2019-02-13,25,25,22,0.4514808510638298,0.4747165378786017,0.08155319148936169,0.9004042553191488,0.017978723404255322,758,343,415
2019-02-14,25,25,23,0.4789833333333333,0.471689409787368,0.10262500000000001,0.87725,0.020104166666666666,532,238,294
2019-02-15,23,23,19,0.41894285714285723,0.48088017324527754,0.09395238095238095,0.8692619047619048,0.036738095238095236,400,180,220
2019-02-16,4,4,4,0.5373,0.47932603726482453,0.12325000000000001,0.823625,0.053500000000000006,75,39,36
2019-02-17,1,1,1,0.4989,0.4989,0.062,0.9195,0.0185,13,7,6
2019-02-18,2,2,1,0.3333333333333333,0.4714045207910317,0.05633333333333334,0.9279999999999999,0.015333333333333332,80,30,50
2019-02-19,18,18,17,0.4850371428571429,0.5046101001682752,0.10462857142857143,0.8622,0.0332,455,206,249
2019-02-20,22,22,22,0.5264227272727272,0.448197759143944,0.11981818181818182,0.8516590909090909,0.028431818181818183,390,218,172
2019-02-21,24,24,22,0.44704782608695653,0.5207080692334615,0.0917391304347826,0.8654347826086956,0.042804347826086955,582,260,322
2019-02-22,21,21,19,0.4632175,0.4959115011206637,0.09385,0.8879000000000001,0.018349999999999998,333,112,221
2019-02-23,2,2,1,0.3252,0.45990225048373057,0.02766666666666667,0.9586666666666667,0.013666666666666667,18,7,11
2019-02-24,5,5,5,0.44143,0.45224826599999257,0.07039999999999999,0.9158,0.013900000000000001,96,44,52
2019-02-25,18,18,18,0.5255361111111112,0.4643389041020086,0.10769444444444447,0.8633611111111111,0.029111111111111105,441,175,266
2019-02-26,22,22,19,0.4443439024390244,0.48874348653823657,0.0713658536585366,0.9056097560975609,0.02304878048780488,479,223,256
2019-02-27,24,24,24,0.5564958333333333,0.4602315743905151,0.12835416666666669,0.8369166666666666,0.034749999999999996,782,360,422
2019-02-28,20,20,18,0.4395763157894737,0.5028890567375937,0.12713157894736843,0.8513157894736842,0.02160526315789474,518,251,267
2019-03-01,15,15,15,0.43781000000000003,0.4913003767893256,0.08533333333333333,0.8785999999999999,0.036000000000000004,340,140,200
2019-03-03,7,7,6,0.48452307692307683,0.4777393514553664,0.1560769230769231,0.8013076923076923,0.04261538461538462,128,47,81
2019-03-04,12,12,11,0.47399130434782605,0.47075678748995636,0.08221739130434781,0.8948260869565219,0.022956521739130435,205,61,144
2019-03-05,20,20,20,0.5799375,0.44804904401610995,0.126075,0.8535499999999999,0.020375,546,276,270
2019-03-06,17,17,16,0.5514666666666668,0.49519208373920903,0.14066666666666666,0.8209090909090909,0.03839393939393939,383,173,210
2019-03-07,20,20,18,0.37853157894736844,0.5174927042990752,0.07242105263157894,0.9007631578947368,0.026842105263157896,334,157,177
2019-03-08,16,16,14,0.5500166666666666,0.4352788455563731,0.12443333333333334,0.8537,0.02186666666666667,320,120,200
2019-03-09,5,5,5,0.64731,0.38137084956771405,0.1769,0.7965000000000001,0.026500000000000003,131,54,77
2019-03-10,3,3,3,0.5493,0.4514289829714821,0.122,0.8500000000000001,0.027833333333333335,62,29,33
2019-03-11,33,33,31,0.37434375,0.5547732624896747,0.08890624999999999,0.852859375,0.05821875,609,310,299
2019-03-12,33,33,30,0.3996968253968254,0.5325056535859811,0.08520634920634922,0.8643968253968254,0.05036507936507936,588,291,297
2019-03-13,21,21,20,0.44833414634146346,0.5420272662612211,0.08019512195121951,0.8560000000000001,0.06385365853658537,367,180,187
2019-03-14,23,23,21,0.5015295454545453,0.5203278868260707,0.10813636363636366,0.8453409090909091,0.04652272727272728,548,262,286
2019-03-15,21,21,18,0.5097999999999999,0.44175594666088697,0.10515384615384615,0.8643589743589744,0.03051282051282051,419,213,206
2019-03-16,2,2,1,0.5411,0.41187981256672435,0.14966666666666667,0.8426666666666667,0.007666666666666666,36,5,31
2019-03-17,3,3,0,0.25723333333333337,0.36378286869443915,0.152,0.848,0.0,4,2,2
2019-03-18,22,22,19,0.5181048780487805,0.4605200051009249,0.11978048780487806,0.8535365853658536,0.026731707317073174,375,180,195
2019-03-19,24,24,21,0.5185355555555556,0.476377057081447,0.13966666666666666,0.8153333333333331,0.04495555555555556,454,183,271
2019-03-20,22,22,21,0.4600744186046512,0.5008197963493053,0.09832558139534883,0.867,0.03467441860465117,521,266,255
2019-03-21,24,24,22,0.5040304347826087,0.46255092075480225,0.09293478260869564,0.8859347826086956,0.02115217391304348,419,161,258
2019-03-22,18,18,17,0.39885714285714285,0.5609365089031094,0.0988857142857143,0.8552285714285714,0.04582857142857143,456,179,277
2019-03-23,4,4,3,0.4528142857142857,0.4713127273252607,0.09514285714285715,0.8482857142857142,0.05671428571428572,65,37,28
2019-03-24,4,4,1,0.11506000000000001,0.470123063037754,0.0162,0.8661999999999999,0.1176,17,5,12
2019-03-25,70,70,51,0.3942462809917355,0.513626683583977,0.08996694214876035,0.874900826446281,0.035099173553719006,1095,543,552
2019-03-26,49,49,41,0.4486711111111111,0.5122539290548183,0.1283333333333333,0.8309777777777779,0.04071111111111111,971,445,526
2019-03-27,31,31,26,0.4187877192982456,0.5199909463011344,0.09019298245614035,0.8603684210526316,0.04947368421052632,624,249,375
2019-03-28,18,18,15,0.4920151515151515,0.44491986075888357,0.10890909090909091,0.8703636363636365,0.02078787878787879,263,112,151
2019-03-29,12,12,8,0.40923499999999996,0.4530562981297137,0.09190000000000001,0.88325,0.02475,167,52,115
2019-03-30,5,5,5,0.51653,0.42061331897599247,0.1283,0.8524,0.0193,89,49,40
2019-03-31,3,3,3,0.6024166666666667,0.44577745350741504,0.139,0.8350000000000001,0.026000000000000006,51,18,33
2019-04-01,20,20,17,0.3361810810810811,0.5343595240972371,0.06751351351351352,0.884972972972973,0.0475945945945946,248,114,134
2019-04-02,26,26,20,0.48207391304347824,0.4581531490834947,0.09054347826086957,0.894586956521739,0.014891304347826085,487,250,237
2019-04-03,20,20,20,0.52313,0.4583081660847862,0.10277499999999999,0.874475,0.02275,394,162,232
2019-04-04,17,17,16,0.44595151515151515,0.5476985745447128,0.11175757575757575,0.847030303030303,0.04127272727272727,329,191,138
2019-04-05,18,18,15,0.43770000000000003,0.43808789003342624,0.1053939393939394,0.8719999999999999,0.02266666666666667,244,121,123
2019-04-06,2,2,2,0.249325,0.43184356759711023,0.031,0.9595,0.0095,18,9,9
2019-04-07,6,6,6,0.5857916666666667,0.44082446328505354,0.14091666666666666,0.7953333333333332,0.06383333333333334,110,33,77
2019-04-08,16,16,15,0.3163032258064516,0.5485390129236675,0.09693548387096775,0.867032258064516,0.03612903225806451,310,177,133
2019-04-09,27,27,23,0.39733199999999996,0.5141652121410005,0.08404,0.8701400000000001,0.045840000000000006,433,234,199
2019-04-10,17,17,15,0.44470625,0.42391291775073037,0.072875,0.90615625,0.021062499999999998,201,109,92
2019-04-11,15,15,13,0.4694607142857143,0.5119207048943125,0.12357142857142857,0.817857142857143,0.05853571428571428,237,136,101
2019-04-12,19,19,14,0.46365454545454543,0.43118406537917725,0.09084848484848486,0.8909393939393939,0.01821212121212121,278,99,179
2019-04-13,1,1,0,0.0,0.0,0.0,1.0,0.0,1,0,1
2019-04-14,5,5,2,0.3853571428571429,0.4022303350680796,0.14142857142857143,0.8227142857142856,0.03571428571428571,67,23,44
2019-04-15,15,15,12,0.45111851851851853,0.446070482752435,0.08677777777777777,0.8875925925925927,0.025629629629629627,232,122,110
2019-04-16,25,25,19,0.4233227272727273,0.4740637360599389,0.08947727272727272,0.8659772727272727,0.044522727272727276,289,111,178
2019-04-17,43,43,33,0.36525263157894744,0.5167515104435655,0.09251315789473684,0.8609342105263158,0.04661842105263157,693,358,335
2019-04-18,19,19,17,0.44907777777777774,0.4757921214559003,0.10361111111111111,0.8809444444444444,0.015416666666666665,256,121,135
2019-04-19,4,4,3,0.20652857142857142,0.608050323843784,0.07214285714285715,0.8720000000000001,0.05585714285714285,74,35,39
2019-04-20,4,4,4,0.248675,0.598457182574493,0.050125,0.8955,0.05450000000000001,78,40,38
2019-04-21,3,3,2,0.39868000000000003,0.48828261242849924,0.045799999999999993,0.9326000000000001,0.0216,48,11,37
2019-04-22,17,17,14,0.4028903225806452,0.5259720202020063,0.10474193548387097,0.8296774193548386,0.06561290322580644,207,81,126
2019-04-23,22,22,18,0.39658,0.5166582323935234,0.0802,0.8931000000000001,0.026725,468,193,275
2019-04-24,18,18,16,0.5400588235294117,0.4738021597035965,0.1301470588235294,0.8316470588235294,0.03814705882352941,461,196,265
2019-04-25,10,10,7,0.3830764705882353,0.48875336078809817,0.08364705882352942,0.9025294117647059,0.013823529411764707,166,73,93
2019-04-26,21,21,15,0.42893055555555554,0.4843549185482827,0.0931111111111111,0.8797777777777778,0.02711111111111111,584,291,293
2019-04-27,3,3,1,0.47155,0.35438917520150076,0.16549999999999998,0.82475,0.01,32,17,15
2019-04-28,4,4,3,0.37674285714285716,0.522270186937054,0.04185714285714286,0.9157142857142857,0.04214285714285715,63,28,35
2019-04-29,21,21,16,0.4058297297297297,0.47124302381523014,0.08870270270270271,0.8814054054054052,0.029864864864864865,394,190,204
2019-04-30,28,28,18,0.2917347826086957,0.5299244450729013,0.08567391304347825,0.8643260869565218,0.049999999999999996,482,245,237
2019-05-01,35,35,25,0.45674833333333337,0.47386962851670034,0.10068333333333333,0.8766333333333333,0.022683333333333337,691,311,380
2019-05-02,21,21,15,0.3703805555555555,0.4765506495288387,0.07080555555555555,0.8983333333333334,0.03083333333333333,384,204,180
2019-05-03,19,19,19,0.4606578947368421,0.541134558921093,0.09607894736842107,0.8677105263157893,0.036289473684210524,620,289,331
2019-05-05,5,5,3,0.440425,0.47922846782615075,0.131875,0.8085,0.0595,102,68,34
2019-05-06,15,15,13,0.3837357142857143,0.5092279865599675,0.0914642857142857,0.8707142857142858,0.037964285714285714,234,130,104
2019-05-07,5,5,3,0.29423750000000004,0.4550570869064122,0.08325,0.906875,0.01,74,24,50
2019-05-08,15,15,14,0.39038275862068966,0.4473996539922556,0.07468965517241379,0.890655172413793,0.03462068965517241,210,94,116
2019-05-09,11,11,8,0.4092368421052632,0.46712027439185555,0.08842105263157894,0.8750526315789474,0.036526315789473685,193,119,74
2019-05-10,16,16,14,0.41590999999999995,0.4777905031496545,0.06936666666666666,0.8984,0.032100000000000004,329,117,212
2019-05-11,4,4,3,0.5204285714285715,0.4363277559498649,0.11314285714285714,0.8734285714285713,0.013428571428571429,68,17,51
2019-05-13,22,22,18,0.21509499999999998,0.6259456006515263,0.094675,0.85015,0.055174999999999995,413,221,192
2019-05-14,14,14,13,0.43858518518518524,0.5218816544600918,0.12496296296296297,0.841962962962963,0.033,328,169,159
2019-05-15,19,19,16,0.35168,0.5510931893194524,0.0907142857142857,0.8607714285714286,0.048542857142857145,306,131,175
2019-05-16,13,13,10,0.32879565217391304,0.5142650623257645,0.06521739130434784,0.9071304347826086,0.02765217391304348,155,66,89
2019-05-17,10,10,10,0.375165,0.5084148446642761,0.061349999999999995,0.9158999999999999,0.02275,215,92,123
2019-05-18,4,4,2,0.5607500000000001,0.3638024956392319,0.18966666666666665,0.7926666666666667,0.017833333333333336,76,29,47
2019-05-20,16,16,13,0.27640689655172407,0.6141831940182884,0.09055172413793103,0.8607241379310344,0.04882758620689655,225,138,87
2019-05-21,15,15,15,0.40628333333333333,0.528110557291011,0.07313333333333334,0.8776666666666666,0.0492,302,144,158
2019-05-22,19,19,15,0.12883235294117648,0.5227319483594247,0.06852941176470588,0.8538823529411765,0.07758823529411764,228,161,67
2019-05-23,13,13,13,0.18757692307692306,0.5032881108712769,0.05061538461538461,0.9163076923076924,0.033192307692307695,187,101,86
2019-05-24,14,14,13,0.5149259259259259,0.4439694080156563,0.1134074074074074,0.8685925925925925,0.017925925925925925,289,131,158
2019-05-25,4,4,3,0.508,0.4296174643962763,0.11099999999999999,0.8644285714285714,0.02457142857142857,55,52,3
2019-05-27,4,4,3,0.3477428571428572,0.43672518281651956,0.08542857142857142,0.9041428571428572,0.01042857142857143,65,14,51
2019-05-28,19,19,17,0.23520277777777776,0.6086988442964546,0.08772222222222222,0.8483333333333332,0.06402777777777778,386,241,145
2019-05-29,14,14,14,0.37699642857142857,0.5864645687033342,0.08114285714285716,0.8632857142857143,0.055678571428571424,317,147,170
2019-05-30,19,19,18,0.22632972972972973,0.587133644192845,0.06375675675675674,0.8832432432432432,0.053054054054054056,260,192,68
2019-05-31,9,9,9,0.3611722222222222,0.522133609769202,0.08977777777777779,0.8833333333333333,0.026944444444444448,134,70,64
2019-06-01,3,3,1,0.18635000000000002,0.282594041869251,0.05175,0.9084999999999999,0.03975,0,0,0
2019-06-02,5,5,2,0.2145857142857142,0.590062607885375,0.06771428571428571,0.8454285714285715,0.08685714285714285,32,25,7
2019-06-03,23,23,18,0.33908536585365856,0.5103277237614083,0.082,0.8630487804878049,0.054878048780487805,298,167,131
2019-06-04,16,16,15,0.3776870967741936,0.5004447620202521,0.08845161290322581,0.8679354838709677,0.04361290322580645,179,104,75
2019-06-05,22,22,19,0.45858048780487803,0.455384841923203,0.10151219512195121,0.8535609756097562,0.04482926829268293,362,191,171
2019-06-06,13,13,13,0.5078230769230769,0.4900613551129572,0.09976923076923078,0.8571538461538462,0.04315384615384616,325,171,154
2019-06-07,17,17,14,0.35809032258064516,0.46841231861355664,0.04406451612903226,0.9185806451612903,0.037322580645161293,213,113,100
2019-06-08,1,1,1,0.7196,0.2792,0.277,0.6945,0.0285,28,16,12
2019-06-09,1,1,1,0.0,0.0,0.0,1.0,0.0,0,0,0
2019-06-10,11,11,10,0.38551904761904765,0.5095558389131868,0.09580952380952379,0.8492857142857143,0.05490476190476191,199,99,100
2019-06-11,16,16,10,0.4223769230769231,0.45950257160717767,0.08930769230769231,0.8786153846153847,0.032115384615384615,221,134,87
2019-06-12,20,20,18,0.39837105263157896,0.5524192800800449,0.12510526315789472,0.8326315789473684,0.04228947368421052,300,165,135
2019-06-13,15,15,11,0.3603038461538462,0.469258918591341,0.07273076923076922,0.898576923076923,0.02869230769230769,213,148,65
2019-06-14,13,13,8,0.2297095238095238,0.47515614065750544,0.05376190476190476,0.8909047619047621,0.05533333333333333,149,104,45
2019-06-15,3,3,2,0.29386,0.6412857634471547,0.0892,0.784,0.127,37,13,24
2019-06-17,16,16,16,0.37033125,0.5631052612730922,0.12040625,0.8256874999999999,0.053875000000000006,320,185,135
2019-06-18,11,11,8,0.37278947368421056,0.5324447971334304,0.11478947368421051,0.827421052631579,0.05763157894736843,174,67,107
2019-06-19,15,15,13,0.3757714285714285,0.5588834946679361,0.07492857142857143,0.8710714285714286,0.05407142857142856,192,90,102
2019-06-20,15,15,12,0.5317111111111111,0.44599285937925504,0.11177777777777778,0.8612222222222222,0.027074074074074073,209,96,113
2019-06-21,15,15,14,0.11689999999999998,0.5619621081838907,0.06886206896551723,0.8602758620689656,0.07075862068965517,233,175,58
2019-06-24,14,14,11,0.363152,0.5588397295253801,0.1332,0.8099200000000001,0.056760000000000005,240,103,137
2019-06-25,9,9,9,0.19069444444444442,0.6293684413514359,0.085,0.8066666666666666,0.10833333333333334,139,85,54
2019-06-26,13,13,13,0.4444961538461538,0.4868441216974494,0.09984615384615385,0.8651923076923077,0.03503846153846154,240,105,135
2019-06-27,16,16,14,0.4845866666666667,0.47826086586947736,0.12063333333333334,0.8425333333333334,0.03693333333333334,275,133,142
2019-06-28,17,17,16,0.3826969696969697,0.4777793090671,0.09236363636363637,0.8696363636363637,0.03793939393939394,226,107,119
2019-06-29,5,5,4,0.2479555555555556,0.6556869732681749,0.09788888888888889,0.8474444444444444,0.05466666666666667,110,64,46
2019-06-30,2,2,2,0.368975,0.7091773733523934,0.10650000000000001,0.75825,0.135,48,13,35
2019-07-01,12,12,11,0.4345347826086956,0.5468277565302526,0.10543478260869567,0.8564347826086957,0.03821739130434783,273,124,149
2019-07-02,14,14,13,0.36580740740740736,0.4703303346041312,0.06288888888888888,0.8978148148148148,0.039296296296296294,314,173,141
2019-07-03,12,12,11,0.5307739130434782,0.40717603950325676,0.12791304347826088,0.853695652173913,0.018434782608695653,181,103,78
2019-07-04,2,2,2,0.25,0.4330127018922193,0.03475,0.9545,0.01075,56,30,26
2019-07-05,9,9,7,0.34121250000000003,0.48911157836811636,0.0816875,0.897,0.021312499999999998,106,43,63
2019-07-06,2,2,1,0.32503333333333334,0.45966654822333497,0.034333333333333334,0.9390000000000001,0.02666666666666667,28,17,11
2019-07-07,1,1,1,0.0,0.0,0.0,1.0,0.0,0,0,0
2019-07-08,16,16,10,0.30443461538461536,0.5594490063668467,0.08861538461538461,0.846153846153846,0.06534615384615386,193,172,21
2019-07-09,14,14,11,0.419764,0.5568028964579835,0.12408,0.8065599999999999,0.06936,232,136,96
2019-07-10,12,12,12,0.46518333333333334,0.4667506683325573,0.08387499999999999,0.901875,0.014166666666666668,240,120,120
2019-07-11,15,15,13,0.4096214285714286,0.47701584906070155,0.07842857142857142,0.8884642857142858,0.033107142857142856,203,114,89
2019-07-12,11,11,9,0.461435,0.46592560594476884,0.06939999999999999,0.9189999999999999,0.0114,234,76,158
2019-07-14,1,1,1,0.4972,0.4972,0.0585,0.927,0.0145,22,1,21
2019-07-15,18,18,17,0.4806485714285715,0.5075227726749545,0.12262857142857145,0.8462571428571428,0.031142857142857146,339,150,189
2019-07-16,15,15,13,0.5872642857142857,0.38100433088491426,0.1764285714285714,0.7915357142857141,0.032035714285714285,398,187,211
2019-07-17,11,11,11,0.5218136363636364,0.5053032521488768,0.10995454545454546,0.8414090909090909,0.04863636363636364,246,91,155
2019-07-18,15,15,14,0.49568965517241387,0.47633580544418136,0.10241379310344827,0.8679655172413793,0.02958620689655173,318,197,121
2019-07-19,13,13,9,0.42047727272727276,0.4560610315335778,0.09509090909090907,0.8799545454545453,0.024909090909090912,178,72,106
2019-07-20,1,1,1,0.0,0.0,0.0,1.0,0.0,0,0,0
2019-07-21,3,3,2,0.56702,0.4076334893013575,0.16599999999999998,0.818,0.0158,62,28,34
2019-07-22,20,20,16,0.43525555555555556,0.43198249285798895,0.09936111111111111,0.8757222222222222,0.024944444444444443,372,231,141
2019-07-23,24,24,17,0.4567951219512195,0.48968725955585835,0.09404878048780489,0.870780487804878,0.03517073170731708,412,201,211
2019-07-24,20,20,15,0.3799285714285714,0.45983615067694256,0.09102857142857143,0.8753714285714285,0.0336,352,164,188
2019-07-25,22,22,15,0.4230135135135135,0.4758186289493327,0.0934054054054054,0.8663513513513513,0.04027027027027027,385,169,216
2019-07-26,27,27,22,0.4036755102040816,0.45123428030988566,0.06626530612244898,0.9172653061224489,0.016408163265306124,489,197,292
2019-07-27,3,3,1,0.25,0.4330127018922193,0.046,0.94825,0.00575,71,29,42
2019-07-28,7,7,6,0.4162615384615384,0.4720102810784814,0.06799999999999999,0.8955384615384616,0.036538461538461534,200,105,95
2019-07-29,22,22,18,0.31696,0.5648062051712959,0.06957500000000001,0.9004999999999999,0.029925,357,180,177
2019-07-30,27,27,18,0.36629999999999996,0.4885992199930099,0.06166666666666666,0.9038444444444445,0.03457777777777778,493,272,221
2019-07-31,37,37,20,0.3502491228070176,0.42604349218838283,0.08605263157894735,0.8865263157894736,0.0273859649122807,512,291,221
2019-08-01,18,18,15,0.3719090909090909,0.5195178763591771,0.08878787878787879,0.8860303030303031,0.025181818181818184,611,297,314
2019-08-02,16,16,11,0.32192592592592595,0.5147724017700859,0.08481481481481482,0.882925925925926,0.03225925925925926,293,183,110
2019-08-03,4,4,4,0.4971125,0.49712762304437474,0.057,0.923,0.020125,97,37,60
2019-08-04,3,3,2,0.43983999999999995,0.4620473508202379,0.0958,0.89,0.0142,85,30,55
2019-08-05,22,22,17,0.23068974358974365,0.5867051165116595,0.07958974358974359,0.861,0.05938461538461538,294,200,94
2019-08-06,27,27,23,0.35013000000000005,0.516069821342035,0.06670000000000001,0.8909,0.04238,448,269,179
2019-08-07,14,14,14,0.4914785714285714,0.5031409376230928,0.0762142857142857,0.8998928571428572,0.023892857142857143,568,246,322
2019-08-08,18,18,15,0.43935151515151516,0.5039147625861439,0.08863636363636362,0.8955454545454544,0.015818181818181818,761,357,404
2019-08-09,18,18,14,0.40740937499999996,0.5022847862265085,0.0720625,0.89890625,0.029062499999999998,369,166,203
2019-08-10,3,3,3,0.4635666666666667,0.5490082472564102,0.08916666666666667,0.8649999999999999,0.04583333333333334,83,51,32
2019-08-11,1,1,1,0.67,0.33,0.281,0.7030000000000001,0.016,33,12,21
2019-08-12,17,17,17,0.42930882352941174,0.46809878568250896,0.07929411764705883,0.8872647058823528,0.03344117647058824,417,239,178
2019-08-13,18,18,13,0.3538193548387097,0.48820048725336446,0.10174193548387098,0.8730322580645161,0.025193548387096774,156,63,93
2019-08-14,15,15,11,0.3492269230769231,0.448678369948634,0.093,0.8628846153846154,0.04415384615384616,180,96,84
2019-08-15,11,11,11,0.47352727272727274,0.48925432982876954,0.08800000000000001,0.8650454545454545,0.04709090909090909,303,177,126
2019-08-16,8,8,6,0.2566642857142857,0.52863884864425,0.09842857142857143,0.8510714285714286,0.05064285714285715,108,98,10
2019-08-17,2,2,0,0.0,0.0,0.0,1.0,0.0,2,4,-2
2019-08-18,1,1,1,0.7001,0.29819999999999997,0.2405,0.745,0.014,21,5,16
2019-08-19,21,21,18,0.4504051282051283,0.48475985381540976,0.10051282051282054,0.8616666666666668,0.037794871794871794,289,139,150
2019-08-20,22,22,20,0.36770714285714284,0.5041861137813416,0.06661904761904762,0.9071190476190475,0.02626190476190476,326,201,125
2019-08-21,18,18,16,0.4337882352941177,0.43447080912213054,0.07097058823529412,0.910264705882353,0.018764705882352937,305,136,169
2019-08-22,20,20,17,0.42231351351351354,0.46069096234933665,0.07013513513513514,0.9044324324324324,0.02548648648648649,359,193,166
2019-08-23,15,15,11,0.2702576923076923,0.49401971478340273,0.08326923076923078,0.8549999999999999,0.061769230769230764,170,87,83
2019-08-25,1,1,1,0.4999,0.4999,0.083,0.886,0.031,29,19,10
2019-08-26,30,30,25,0.4035436363636364,0.4701480964986696,0.10090909090909092,0.8631272727272727,0.03594545454545455,527,302,225
2019-08-27,17,17,17,0.4136294117647058,0.5197434426654863,0.10505882352941176,0.8466176470588236,0.04832352941176471,354,182,172
2019-08-28,11,11,11,0.3566727272727272,0.6339944724320395,0.07536363636363637,0.8594090909090909,0.06509090909090909,162,75,87
2019-08-29,11,11,9,0.33187,0.453550727151881,0.0673,0.916,0.016550000000000002,109,55,54
2019-08-30,9,9,9,0.5311777777777777,0.45902297879488385,0.1363888888888889,0.8297777777777778,0.03388888888888889,219,68,151
2019-08-31,1,1,0,0.0,0.0,0.0,1.0,0.0,2,2,0
2019-09-01,3,3,3,0.5751666666666667,0.3726114851811319,0.18000000000000002,0.79,0.03,61,20,41
2019-09-02,2,2,2,0.45137499999999997,0.5046383277903097,0.04875,0.8760000000000001,0.07525,46,30,16
2019-09-03,17,17,14,0.3357935483870968,0.5669747692716447,0.09480645161290323,0.8754516129032258,0.029806451612903222,314,220,94
2019-09-04,23,23,19,0.38152380952380954,0.5103072094381337,0.08521428571428571,0.8828333333333334,0.03197619047619048,295,123,172
2019-09-05,15,15,12,0.3220592592592592,0.5420316679687016,0.08177777777777778,0.882074074074074,0.036111111111111115,237,87,150
2019-09-06,11,11,10,0.5049714285714286,0.44498812947555094,0.12204761904761907,0.8447142857142858,0.03328571428571429,202,102,100
2019-09-07,5,5,3,0.11685000000000001,0.5537296813428011,0.044625,0.887375,0.068,93,38,55
2019-09-08,3,3,2,0.5219,0.4488518508372223,0.13040000000000002,0.8576,0.011800000000000001,43,11,32
2019-09-09,23,23,18,0.42127317073170734,0.4880134249574769,0.12785365853658537,0.8417073170731707,0.03041463414634146,305,167,138
2019-09-10,28,28,17,0.21852888888888888,0.4774632316837356,0.06684444444444444,0.9048222222222222,0.028311111111111113,179,98,81
2019-09-11,36,36,23,0.40611355932203397,0.46271237119858005,0.099135593220339,0.8726779661016949,0.028152542372881357,491,178,313
2019-09-12,20,20,19,0.2943230769230769,0.5137469248577445,0.06997435897435897,0.8976666666666667,0.03238461538461539,253,122,131
2019-09-13,14,14,11,0.31954400000000005,0.6204239447861437,0.1314,0.7862800000000001,0.08236,221,132,89
2019-09-14,3,3,2,0.39712,0.4863835786701685,0.0516,0.9225999999999999,0.0258,45,10,35
2019-09-15,6,6,4,0.46929,0.46904263015210035,0.16219999999999998,0.7535000000000001,0.08420000000000001,99,45,54
2019-09-16,21,21,20,0.322990243902439,0.5860514885416568,0.08997560975609756,0.8464878048780489,0.06358536585365854,314,177,137
2019-09-17,25,25,23,0.4502791666666666,0.5212702030290742,0.08856249999999999,0.8732916666666667,0.03816666666666667,451,201,250
2019-09-18,21,21,18,0.4221205128205129,0.47662063674802846,0.08784615384615384,0.886974358974359,0.025179487179487182,408,175,233
2019-09-19,17,17,17,0.5226999999999999,0.5356691060500601,0.12858823529411764,0.8071764705882354,0.06423529411764706,350,151,199
2019-09-20,17,17,14,0.2845387096774193,0.5879453313830371,0.05609677419354838,0.8780645161290322,0.06593548387096775,213,122,91
2019-09-21,2,2,2,0.36145,0.6329871582425666,0.03875,0.85975,0.10125,23,30,-7
2019-09-22,3,3,3,0.49885,0.4988512428570265,0.058666666666666666,0.927,0.014166666666666668,72,29,43
2019-09-23,22,22,21,0.5100720930232558,0.4571089332922944,0.09674418604651164,0.8742093023255815,0.02902325581395349,472,247,225
2019-09-24,20,20,16,0.40631944444444446,0.4986195063592213,0.10369444444444445,0.8331944444444445,0.0631111111111111,307,176,131
2019-09-25,10,10,9,0.3914263157894737,0.5145176717768177,0.06736842105263156,0.9051052631578947,0.027631578947368424,113,77,36
2019-09-26,10,10,9,0.38249999999999995,0.5749146957318286,0.05373684210526315,0.8864210526315789,0.05973684210526316,149,79,70
2019-09-27,10,10,9,0.2961947368421053,0.5472198850589022,0.03963157894736843,0.9184736842105263,0.04189473684210526,138,72,66
2019-09-28,3,3,2,0.41981999999999997,0.4469616243034742,0.11199999999999999,0.8634000000000001,0.0246,41,14,27
2019-09-29,6,6,5,0.32571818181818185,0.5195057578089912,0.05709090909090909,0.9069090909090908,0.036000000000000004,66,42,24
2019-09-30,25,25,19,0.4177272727272726,0.43924137822740184,0.0973181818181818,0.8745681818181817,0.028090909090909097,316,130,186
2019-10-01,23,23,19,0.47043571428571435,0.49992989690528394,0.10211904761904764,0.8575714285714285,0.04030952380952381,380,204,176
2019-10-02,14,14,12,0.11981923076923075,0.5975077527783028,0.05965384615384616,0.8643846153846154,0.07596153846153846,236,111,125
2019-10-03,15,15,15,0.41770333333333326,0.5684125124609961,0.0856,0.8649666666666663,0.04933333333333333,301,222,79
2019-10-04,19,19,14,0.4052181818181818,0.4780777250453874,0.09854545454545453,0.8731212121212121,0.028242424242424242,230,119,111
2019-10-05,4,4,3,0.41137142857142855,0.5870602079472786,0.11114285714285714,0.8032857142857143,0.08585714285714285,43,8,35
2019-10-06,5,5,4,0.5337888888888889,0.4535758749327257,0.12711111111111112,0.8517777777777779,0.021111111111111112,94,50,44
2019-10-07,20,20,16,0.3999222222222223,0.5143516361569038,0.06905555555555558,0.8874444444444445,0.04347222222222222,271,130,141
2019-10-08,18,18,14,0.42357500000000003,0.48996766538721714,0.09996875,0.86409375,0.036,257,173,84
2019-10-09,20,20,17,0.4176,0.49593492925388316,0.08637837837837839,0.8645405405405405,0.0491081081081081,224,157,67
2019-10-10,20,20,17,0.43361081081081077,0.5171803233980905,0.09072972972972973,0.858027027027027,0.051216216216216214,301,129,172
2019-10-11,20,20,14,0.497685294117647,0.4423596614496564,0.11394117647058824,0.8658235294117647,0.02026470588235294,226,87,139
2019-10-12,4,4,2,0.4094333333333333,0.43771692019183156,0.09983333333333333,0.8805,0.0195,36,22,14
2019-10-13,11,11,11,0.5005318181818182,0.5084486113180364,0.0934090909090909,0.8723636363636363,0.03418181818181818,307,130,177
2019-10-14,20,20,18,0.35892631578947365,0.47272615121687667,0.08436842105263159,0.8852105263157894,0.030473684210526313,318,173,145
2019-10-15,24,24,21,0.43392888888888886,0.4687723003867405,0.06520000000000001,0.9177333333333332,0.017066666666666667,410,191,219
2019-10-16,20,20,18,0.4417973684210526,0.5101773667259168,0.11089473684210527,0.8463684210526315,0.04276315789473684,299,157,142
2019-10-17,19,19,17,0.43745833333333334,0.47246253665414223,0.09602777777777778,0.8709166666666667,0.033083333333333326,381,177,204
2019-10-18,16,16,16,0.47713125,0.48915586692631774,0.11837500000000001,0.8456250000000001,0.03596875,275,121,154
2019-10-19,2,2,2,0.493275,0.527508390336116,0.1085,0.8242499999999999,0.067,70,22,48
2019-10-20,3,3,3,0.44225000000000003,0.41718482215120595,0.08466666666666667,0.8941666666666667,0.021166666666666667,54,26,28
2019-10-21,8,8,7,0.43152666666666667,0.5071659550438649,0.08753333333333332,0.8599999999999999,0.052466666666666675,147,55,92
2019-10-22,17,17,14,0.4024645161290323,0.5247285236954482,0.0838064516129032,0.8679677419354839,0.048129032258064516,480,264,216
2019-10-23,20,20,19,0.39824871794871797,0.535307420360701,0.08351282051282051,0.8814358974358976,0.03517948717948718,527,289,238
2019-10-24,17,17,17,0.5510647058823529,0.493487759477705,0.11205882352941177,0.8565294117647059,0.0313235294117647,559,283,276
2019-10-25,16,16,15,0.5756903225806452,0.4452489831578751,0.12441935483870967,0.8486774193548388,0.026935483870967745,308,157,151
2019-10-26,6,6,6,0.46974166666666667,0.4598223270248581,0.07991666666666668,0.9023333333333333,0.017666666666666664,116,61,55
2019-10-27,5,5,4,0.6182555555555556,0.3946162133041028,0.18400000000000002,0.7818888888888887,0.03411111111111111,123,35,88
2019-10-28,26,26,18,0.4708636363636364,0.4439819268900016,0.1068181818181818,0.8643409090909091,0.02890909090909091,363,211,152
2019-10-29,29,29,24,0.39076226415094345,0.5307674686205034,0.07945283018867925,0.8785283018867925,0.04207547169811321,569,340,229
2019-10-30,27,27,20,0.43091489361702134,0.47707217660755874,0.08270212765957448,0.8936595744680853,0.02363829787234043,571,263,308
2019-10-31,33,33,27,0.35553666666666667,0.5185137481194582,0.06746666666666666,0.8916166666666666,0.040883333333333334,641,356,285
2019-11-01,28,28,23,0.4694549019607843,0.46091000793771797,0.09731372549019608,0.8769411764705883,0.02572549019607843,597,278,319
2019-11-03,5,5,4,0.43851111111111113,0.4904455648680752,0.05455555555555555,0.9291111111111111,0.016444444444444442,121,42,79
2019-11-04,16,16,12,0.30947857142857144,0.4944387968460106,0.07817857142857143,0.8938214285714287,0.027964285714285716,210,84,126
2019-11-05,23,23,21,0.44610454545454553,0.4827301975386484,0.09104545454545455,0.8767954545454544,0.03218181818181818,690,325,365
2019-11-06,24,24,20,0.4425318181818181,0.5149627333262826,0.0838181818181818,0.8790681818181819,0.037136363636363634,806,334,472
2019-11-07,20,20,16,0.4463916666666667,0.45638395955781214,0.07875,0.8957222222222223,0.025527777777777778,558,279,279
2019-11-08,20,20,16,0.4497083333333333,0.5358846291543441,0.09566666666666666,0.8502222222222223,0.05402777777777777,545,226,319
2019-11-09,3,3,3,0.49528333333333335,0.4952977165862523,0.052833333333333336,0.9276666666666666,0.01933333333333333,62,17,45
2019-11-10,4,4,3,0.4529,0.4772223321322193,0.108,0.8322857142857142,0.05957142857142857,60,22,38
2019-11-11,27,27,24,0.41379411764705876,0.5257343731789548,0.0824313725490196,0.8678823529411767,0.049745098039215695,493,256,237
2019-11-12,19,19,14,0.40523333333333333,0.46245544825005747,0.07512121212121213,0.9030606060606061,0.02175757575757576,285,88,197
2019-11-13,23,23,17,0.35305749999999997,0.5484027110105766,0.08702499999999999,0.8482,0.0648,489,237,252
2019-11-14,27,27,18,0.4023577777777777,0.4858669760742194,0.0746,0.8897333333333333,0.03562222222222222,410,233,177
2019-11-15,29,29,20,0.42796938775510207,0.4601977401979486,0.10551020408163263,0.870265306122449,0.024163265306122454,438,193,245
2019-11-16,6,6,5,0.4612545454545455,0.5148938626086604,0.09672727272727273,0.8570909090909091,0.04609090909090909,80,41,39
2019-11-17,2,2,2,0.498625,0.498626204561092,0.06225,0.92025,0.01725,28,6,22
2019-11-18,23,23,15,0.3716368421052632,0.5145780782764258,0.09776315789473684,0.8787105263157894,0.023526315789473683,336,142,194
2019-11-19,20,20,20,0.40555250000000004,0.5343589261851532,0.094,0.8597000000000001,0.04635,410,211,199
2019-11-20,24,24,20,0.3469022727272727,0.5929791493684612,0.07113636363636364,0.8627727272727271,0.06606818181818182,486,209,277
2019-11-21,24,24,18,0.31979285714285716,0.5401090716093314,0.07616666666666666,0.873904761904762,0.049928571428571426,317,135,182
2019-11-22,17,17,13,0.3979033333333334,0.5226421646999238,0.0946,0.8563333333333333,0.048900000000000006,270,116,154
2019-11-23,2,2,1,0.47126666666666667,0.40663035083749244,0.106,0.8466666666666667,0.04733333333333334,27,8,19
2019-11-24,10,10,10,0.60653,0.41969210750263103,0.1637,0.7825000000000001,0.053649999999999996,251,118,133
2019-11-25,23,23,23,0.5450869565217392,0.4681867894653454,0.12817391304347825,0.827521739130435,0.04439130434782608,525,235,290
2019-11-26,21,21,20,0.4901268292682927,0.49910900076640974,0.12095121951219512,0.8412439024390244,0.03778048780487805,540,235,305
2019-11-27,24,24,22,0.43090434782608694,0.48944348341698984,0.10141304347826087,0.8677608695652175,0.030739130434782606,421,190,231
2019-11-28,4,4,4,0.3081125,0.4248967563935385,0.059,0.9335,0.0075,55,11,44
2019-11-29,6,6,4,0.20225999999999997,0.39745171077754843,0.0397,0.9446999999999999,0.0156,12,10,2
2019-11-30,6,6,6,0.272475,0.44493327238474767,0.07258333333333333,0.8941666666666667,0.03316666666666667,59,31,28
2019-12-01,5,5,5,0.63249,0.3908940456185026,0.19590000000000002,0.7687,0.03520000000000001,92,42,50
2019-12-02,21,21,18,0.3876179487179487,0.4828961325233913,0.10492307692307694,0.8714871794871795,0.02358974358974359,230,151,79
2019-12-03,27,27,21,0.32128749999999995,0.5308009865700609,0.058166666666666665,0.9027291666666667,0.03914583333333333,398,214,184
2019-12-04,25,25,23,0.39418749999999997,0.47638658086378055,0.07604166666666666,0.8973541666666667,0.026625000000000006,343,183,160
2019-12-05,17,17,14,0.345116129032258,0.4645291775945064,0.0696774193548387,0.8924193548387096,0.037903225806451606,265,126,139
2019-12-06,19,19,15,0.2797117647058824,0.5408646855701394,0.11126470588235295,0.8478823529411764,0.04079411764705882,284,130,154
2019-12-07,4,4,4,0.49531250000000004,0.41700596050146577,0.125625,0.8611249999999999,0.013125000000000001,73,35,38
2019-12-08,5,5,4,0.4578444444444445,0.5421218971394023,0.14266666666666666,0.8184444444444445,0.03866666666666666,95,37,58
2019-12-09,22,22,16,0.25497105263157893,0.5760015775325139,0.09689473684210527,0.842421052631579,0.06060526315789474,317,132,185
2019-12-10,13,13,10,0.346604347826087,0.4967231006071175,0.10013043478260869,0.8466956521739131,0.05321739130434783,218,115,103
2019-12-11,21,21,17,0.3943631578947368,0.4827772862473373,0.06889473684210526,0.8932368421052631,0.037921052631578946,251,108,143
2019-12-12,22,22,20,0.4154309523809524,0.45796423414523957,0.09197619047619048,0.8769523809523809,0.031095238095238096,368,210,158
2019-12-13,23,23,16,0.40936153846153844,0.4588337387363328,0.09964102564102563,0.8538205128205129,0.04651282051282051,306,130,176
2019-12-14,2,2,2,0.555175,0.4714502856876852,0.10849999999999999,0.8255,0.06599999999999999,37,9,28
2019-12-15,1,1,1,0.8172,0.18030000000000002,0.241,0.743,0.016,35,11,24
2019-12-16,16,16,15,0.33334516129032254,0.6025093782371223,0.07461290322580645,0.8539032258064515,0.07148387096774195,378,149,229
2019-12-17,22,22,20,0.3289547619047618,0.6013122349544334,0.09178571428571429,0.8544761904761906,0.05376190476190476,391,145,246
2019-12-18,14,14,12,0.5187615384615385,0.4481495827519089,0.13465384615384618,0.8389615384615385,0.02642307692307692,265,139,126
2019-12-19,21,21,20,0.508390243902439,0.4886222286632516,0.10565853658536585,0.8586341463414634,0.03565853658536586,343,138,205
2019-12-20,22,22,18,0.591075,0.4018809766274089,0.15362499999999998,0.8302250000000001,0.016175000000000002,453,182,271
2019-12-21,4,4,3,0.5178285714285714,0.5083611840703298,0.15614285714285714,0.7918571428571429,0.052142857142857144,70,29,41
2019-12-22,3,3,3,0.5327333333333333,0.4701615526130944,0.1075,0.8661666666666669,0.026166666666666668,94,34,60
2019-12-23,18,18,17,0.5128314285714286,0.46925777611118635,0.11171428571428571,0.8648571428571429,0.02345714285714286,314,172,142
2019-12-24,8,8,8,0.5264187499999999,0.5015146062413711,0.0788125,0.8905,0.03075,156,50,106
2019-12-25,3,3,3,0.6110166666666668,0.4133938614955745,0.18366666666666664,0.7928333333333333,0.023333333333333334,77,31,46
2019-12-26,19,19,17,0.49772777777777777,0.44715274336076893,0.08477777777777777,0.9014166666666665,0.013805555555555555,322,136,186
2019-12-27,15,15,12,0.4780592592592593,0.3986385750593854,0.10300000000000001,0.8778148148148149,0.019185185185185187,191,96,95
2019-12-28,3,3,2,0.41942,0.446343761690471,0.06420000000000001,0.9204000000000001,0.0158,44,7,37
2019-12-29,3,3,3,0.6349333333333333,0.38639163063169757,0.1575,0.8213333333333334,0.021166666666666667,95,43,52
2019-12-30,19,19,16,0.4763942857142857,0.48149150827275816,0.10782857142857143,0.8463428571428572,0.04585714285714285,320,173,147
2019-12-31,13,13,11,0.3745083333333333,0.5259271946735804,0.06904166666666667,0.8899166666666667,0.041041666666666664,213,108,105
2020-01-01,5,5,4,0.48241111111111107,0.546117078299037,0.14200000000000002,0.7604444444444445,0.09755555555555556,100,52,48
2020-01-02,25,25,19,0.5402909090909092,0.4491075341052325,0.12734090909090906,0.8410909090909091,0.03159090909090909,477,164,313
2020-01-03,25,25,20,0.4187422222222222,0.47869081902339,0.09657777777777778,0.8666222222222223,0.03671111111111111,389,160,229
2020-01-04,1,1,0,0.0,0.0,0.0,1.0,0.0,2,2,0
2020-01-05,5,5,4,0.20211111111111113,0.6993911216105437,0.125,0.7871111111111112,0.08777777777777779,84,31,53
2020-01-06,18,18,15,0.3891363636363636,0.5912841545356671,0.11118181818181819,0.8231818181818182,0.06551515151515151,268,146,122
2020-01-07,10,10,10,0.36573500000000003,0.5866557775007418,0.0999,0.8743000000000001,0.0259,207,102,105
2020-01-08,19,19,18,0.5374891891891893,0.44558010702343775,0.13045945945945947,0.8384864864864863,0.031108108108108108,387,174,213
2020-01-09,20,20,15,0.48841142857142855,0.4565042361070415,0.1238857142857143,0.8521428571428572,0.023885714285714288,341,132,209
2020-01-10,13,13,12,0.591816,0.42192921745714645,0.14384,0.8261200000000001,0.03,236,81,155
2020-01-11,3,3,2,0.39944,0.48921209551686273,0.0588,0.9149999999999998,0.0264,38,10,28
2020-01-12,5,5,4,0.3588222222222222,0.6090383216875196,0.05877777777777777,0.8573333333333334,0.08411111111111111,122,44,78
2020-01-13,15,15,12,0.46820740740740735,0.4474643953772362,0.10362962962962963,0.8721111111111112,0.02425925925925926,225,102,123
2020-01-14,21,21,18,0.4760717948717949,0.4482566389164537,0.09930769230769232,0.8712820512820512,0.02935897435897436,401,152,249
2020-01-15,24,24,19,0.44005116279069767,0.5093355851622792,0.09102325581395349,0.8695348837209301,0.039511627906976744,394,171,223
2020-01-16,21,21,16,0.46428648648648657,0.46929318627298416,0.08564864864864866,0.8921351351351351,0.022189189189189187,334,124,210
2020-01-17,20,20,17,0.5082810810810812,0.4696023849091322,0.09567567567567567,0.887189189189189,0.01718918918918919,410,152,258
2020-01-18,6,6,5,0.6085909090909091,0.41399102856890174,0.15572727272727274,0.8276363636363636,0.016545454545454544,141,38,103
2020-01-19,7,7,6,0.47969999999999996,0.5171540047368719,0.08623076923076924,0.8459230769230769,0.06784615384615385,184,48,136
2020-01-20,4,4,2,0.5751166666666666,0.3507048684039362,0.2011666666666667,0.7805,0.018333333333333333,56,13,43
2020-01-21,23,23,20,0.3888139534883721,0.5532511102276171,0.08890697674418604,0.8803023255813954,0.030837209302325582,605,232,373
2020-01-22,20,20,16,0.48428888888888877,0.45022847334423055,0.09708333333333333,0.8763888888888889,0.026555555555555558,305,121,184
2020-01-23,22,22,15,0.5175756756756758,0.4543450548512515,0.1345675675675676,0.8298378378378379,0.03567567567567567,372,125,247
2020-01-24,27,27,21,0.49491041666666663,0.4542417666835871,0.103,0.8689583333333334,0.028125,509,279,230
2020-01-25,6,6,5,0.4849,0.45779380233304323,0.08209090909090909,0.9005454545454546,0.017363636363636362,120,56,64
2020-01-26,4,4,3,0.4283428571428572,0.49460778648235976,0.057,0.9317142857142857,0.011285714285714286,147,45,102
2020-01-27,13,13,8,0.3272666666666667,0.40409138091152613,0.0740952380952381,0.9018095238095237,0.02419047619047619,186,99,87
2020-01-28,31,31,21,0.4728115384615385,0.4636567607508175,0.11503846153846155,0.8571346153846153,0.02782692307692308,565,250,315
2020-01-29,43,43,31,0.37459054054054053,0.5184099226321691,0.09105405405405405,0.8645675675675676,0.044418918918918915,973,420,553
2020-01-30,30,30,22,0.3775788461538462,0.5343718639445678,0.09863461538461539,0.865,0.03638461538461538,560,327,233
2020-01-31,18,18,15,0.33907575757575753,0.5753934411683692,0.09593939393939394,0.8426969696969696,0.06136363636363636,361,188,173
2020-02-01,2,2,2,0.54645,0.3560631299362516,0.1775,0.79525,0.02725,45,28,17
2020-02-02,2,2,2,0.5495,0.4540208310198993,0.10300000000000001,0.8779999999999999,0.019,45,8,37
2020-02-03,19,19,15,0.5132558823529412,0.4705940552305555,0.12129411764705884,0.8307352941176471,0.04797058823529412,297,154,143
2020-02-04,20,20,17,0.512954054054054,0.4703715383664134,0.11056756756756757,0.8605675675675676,0.02889189189189189,657,281,376
2020-02-05,21,21,20,0.4119317073170731,0.5690491424785927,0.08760975609756098,0.8509024390243902,0.06148780487804878,606,301,305
2020-02-06,28,28,18,0.37246956521739133,0.501083072549316,0.07352173913043479,0.883804347826087,0.042717391304347825,367,194,173
2020-02-07,19,19,14,0.42980606060606064,0.46875163349332766,0.09657575757575756,0.8723939393939393,0.03103030303030303,385,205,180
2020-02-08,2,2,2,0.40704999999999997,0.6013685080713822,0.07300000000000001,0.8405,0.08650000000000001,47,21,26
2020-02-09,7,7,4,0.4634727272727272,0.4501616903269497,0.10881818181818183,0.8807272727272728,0.010454545454545454,99,50,49
2020-02-10,26,26,17,0.3189093023255814,0.5695542519900789,0.08986046511627907,0.8677209302325583,0.04246511627906977,357,188,169
2020-02-11,27,27,17,0.3649818181818182,0.5257983295007556,0.08572727272727274,0.8808863636363636,0.033340909090909095,628,332,296
2020-02-12,27,27,18,0.4148,0.5359047473406279,0.11922222222222224,0.840311111111111,0.04051111111111111,451,209,242
2020-02-13,17,17,13,0.32510000000000006,0.5420917597602827,0.06256666666666665,0.8984666666666666,0.038933333333333334,398,160,238
2020-02-14,18,18,16,0.38885000000000003,0.5046816680140183,0.056529411764705884,0.9175588235294118,0.025970588235294117,461,187,274
2020-02-15,4,4,4,0.4505,0.5583309345719616,0.09874999999999999,0.8382499999999999,0.06312499999999999,108,12,96
2020-02-16,3,3,3,0.5927,0.4208452684776199,0.14200000000000002,0.8413333333333334,0.016666666666666666,105,27,78
2020-02-17,10,10,1,0.11563636363636362,0.3512805826808465,0.044636363636363634,0.9235454545454546,0.031818181818181815,31,25,6
2020-02-18,46,46,22,0.25516617647058826,0.5446176655692382,0.10086764705882352,0.8132499999999999,0.08589705882352941,536,338,198
2020-02-19,23,23,15,0.4117894736842105,0.47164335588700346,0.0871578947368421,0.8849736842105265,0.027842105263157897,458,219,239
2020-02-20,27,27,24,0.3903333333333334,0.5866014455724708,0.09301960784313727,0.8506666666666667,0.0563921568627451,726,360,366
2020-02-21,15,15,15,0.4582933333333334,0.48170407301117507,0.08213333333333334,0.8790333333333332,0.038766666666666665,426,216,210
2020-02-22,4,4,4,0.4580125,0.5102140737903551,0.141625,0.81125,0.047125,83,41,42
2020-02-23,4,4,3,0.42510000000000003,0.5431160018159762,0.09128571428571429,0.874,0.03471428571428572,87,34,53
2020-02-24,25,25,15,0.23095250000000003,0.6045272715053888,0.0982,0.8275500000000001,0.0742,295,199,96
2020-02-25,21,21,17,0.3785684210526316,0.5929658373514682,0.11160526315789472,0.8364473684210526,0.0518421052631579,346,251,95
2020-02-26,26,26,21,0.496963829787234,0.46167526232261114,0.1097872340425532,0.8548936170212766,0.03531914893617021,484,279,205
2020-02-27,26,26,25,0.4593235294117647,0.4998659818776665,0.11458823529411763,0.8455490196078432,0.039764705882352945,620,355,265
2020-02-28,22,22,19,0.216290243902439,0.5712110676512295,0.08426829268292683,0.8631463414634145,0.05251219512195122,308,223,85
2020-02-29,4,4,3,0.5664857142857144,0.44286970489095784,0.14157142857142857,0.8372857142857144,0.021142857142857147,64,28,36
2020-03-01,7,7,5,0.4653416666666667,0.4691465362022356,0.09808333333333334,0.8696666666666667,0.03225,95,59,36
2020-03-02,17,17,12,0.25694482758620685,0.5496916694282017,0.06320689655172414,0.8859999999999999,0.05089655172413793,220,131,89
2020-03-03,26,26,24,0.31967999999999996,0.5932399447104013,0.10705999999999999,0.8313999999999999,0.06154,515,276,239
2020-03-04,17,17,13,0.3707733333333333,0.5189441915616317,0.09656666666666668,0.8400333333333335,0.06346666666666666,356,195,161
2020-03-05,16,16,14,0.37467333333333325,0.5474866408923195,0.05406666666666667,0.9125333333333333,0.0335,252,177,75
2020-03-06,12,12,11,0.30369565217391303,0.549508709016922,0.0811304347826087,0.8717826086956523,0.04721739130434782,174,128,46
2020-03-07,3,3,2,0.4497,0.457897761514511,0.09059999999999999,0.8952,0.014199999999999999,76,32,44
2020-03-08,4,4,4,0.433925,0.588141848855359,0.08124999999999999,0.8464999999999999,0.07212500000000001,142,52,90
2020-03-09,12,12,9,0.3202095238095238,0.5233468165428041,0.09238095238095238,0.853095238095238,0.05452380952380952,172,131,41
2020-03-10,20,20,10,0.23427,0.5104730473786055,0.06210000000000001,0.8689333333333332,0.06899999999999999,103,78,25
2020-03-11,26,26,11,0.23937027027027016,0.5200107409830731,0.08702702702702703,0.8538648648648648,0.05918918918918919,168,123,45
2020-03-12,15,15,9,0.2109791666666667,0.5800960214906714,0.09637499999999999,0.8216666666666667,0.08195833333333334,172,142,30
2020-03-13,33,33,17,0.207014,0.5583558729018617,0.057699999999999994,0.8741599999999999,0.06814,375,251,124
2020-03-14,6,6,4,0.49013,0.4664774808069517,0.1474,0.7948000000000001,0.057999999999999996,99,61,38
2020-03-15,10,10,6,0.37534375,0.45379298690144776,0.09375,0.8671875,0.039,156,117,39
2020-03-16,24,24,13,0.20175405405405406,0.5584772383247217,0.07813513513513513,0.8672432432432431,0.0547027027027027,233,247,-14
2020-03-17,32,32,19,0.316278431372549,0.5445703963617723,0.07782352941176471,0.8629411764705882,0.059176470588235296,477,311,166
2020-03-18,20,20,15,0.3028828571428571,0.5405572101271133,0.10365714285714286,0.8510857142857143,0.04522857142857143,284,233,51
2020-03-19,18,18,15,0.3651454545454546,0.5683165038426606,0.08039393939393939,0.8543333333333333,0.06527272727272727,366,212,154
2020-03-20,18,18,14,0.350884375,0.5382926655810567,0.0821875,0.89046875,0.02728125,289,162,127
2020-03-21,3,3,2,0.50156,0.44661037426374234,0.1162,0.8640000000000001,0.0196,41,27,14
2020-03-22,5,5,5,0.48778999999999995,0.5326828201659971,0.093,0.8583999999999999,0.0485,142,86,56
2020-03-23,14,14,6,0.249605,0.5368201910090566,0.08205,0.83605,0.08205,84,59,25
2020-03-24,26,26,16,0.35493571428571424,0.5017051428789189,0.07585714285714286,0.8813333333333333,0.04278571428571428,282,196,86
2020-03-25,27,27,14,0.3836170731707317,0.48596803011501966,0.10202439024390243,0.8631707317073171,0.03480487804878049,448,243,205
2020-03-26,25,25,22,0.3883276595744682,0.5462154865486571,0.08008510638297872,0.8542978723404255,0.06559574468085105,431,255,176
2020-03-27,22,22,8,0.27215333333333336,0.5195270571929392,0.10536666666666668,0.8374333333333335,0.057166666666666664,143,92,51
2020-03-28,5,5,4,0.5347666666666666,0.4874368016015569,0.13011111111111112,0.8247777777777778,0.045111111111111116,99,53,46
2020-03-29,7,7,5,0.28644166666666665,0.652363426905501,0.13533333333333333,0.7821666666666666,0.0825,106,46,60
2020-03-30,13,13,8,0.3857190476190476,0.4894306046622394,0.09433333333333334,0.8451904761904763,0.06042857142857142,164,89,75
2020-03-31,12,12,7,0.29456315789473686,0.45999204250614495,0.08742105263157895,0.8505263157894737,0.06210526315789475,111,75,36
2020-04-01,19,19,11,0.2886533333333334,0.5336572868632287,0.0755,0.8778666666666667,0.04663333333333333,225,126,99
2020-04-02,23,23,19,0.4401904761904762,0.5070111461203288,0.09154761904761906,0.8528571428571429,0.055547619047619054,348,201,147
2020-04-03,22,22,15,0.20766756756756755,0.5698412733261562,0.09464864864864864,0.824027027027027,0.0812972972972973,234,127,107
2020-04-04,3,3,1,0.25925,0.520489137734881,0.10350000000000001,0.8182499999999999,0.07825,21,9,12
2020-04-05,5,5,4,0.4033888888888889,0.5664640979982647,0.09188888888888888,0.8212222222222222,0.08677777777777777,109,89,20
2020-04-06,17,17,11,0.403825,0.49705749927879145,0.09642857142857143,0.8840357142857143,0.0195,217,100,117
2020-04-07,16,16,13,0.5401586206896551,0.4303701450333521,0.10893103448275863,0.8679310344827585,0.023,321,205,116
2020-04-08,28,28,15,0.38690697674418595,0.4666876069807988,0.09567441860465119,0.8652790697674418,0.039,297,159,138
2020-04-09,31,31,22,0.3971283018867925,0.510132557459466,0.09749056603773586,0.8698679245283019,0.032698113207547175,504,316,188
2020-04-10,3,3,3,0.1955,0.686489783852122,0.0735,0.87,0.056499999999999995,78,46,32
2020-04-11,2,2,1,0.21243333333333334,0.5750605552654626,0.044333333333333336,0.8643333333333333,0.09133333333333332,22,3,19
2020-04-12,6,6,4,0.54712,0.4067451137997849,0.1126,0.8602000000000001,0.027100000000000003,88,32,56
2020-04-13,17,17,10,0.29718518518518516,0.4878953133793748,0.07296296296296297,0.8697407407407406,0.05725925925925926,255,178,77
2020-04-14,33,33,24,0.4773701754385965,0.4505298393314692,0.1010175438596491,0.8761052631578948,0.022947368421052633,455,258,197
2020-04-15,32,32,22,0.4757203703703703,0.45416492899958283,0.12746296296296297,0.8402037037037035,0.032296296296296295,395,210,185
2020-04-16,28,28,15,0.4062046511627907,0.45846149236153594,0.11232558139534884,0.8467209302325581,0.040999999999999995,377,227,150
2020-04-17,33,33,21,0.35016666666666674,0.5097444243423837,0.0947962962962963,0.8800925925925925,0.02511111111111111,487,280,207
2020-04-18,7,7,5,0.4996749999999999,0.5133728422972268,0.12825,0.828,0.043833333333333335,107,64,43
2020-04-19,5,5,3,0.4163375,0.5045743154816246,0.09187500000000001,0.873375,0.034749999999999996,92,48,44
2020-04-20,18,18,13,0.3444967741935483,0.5620042563745782,0.08441935483870967,0.8823548387096773,0.03325806451612903,298,199,99
2020-04-21,16,16,8,0.3068125,0.5894968492370563,0.08095833333333334,0.85075,0.06833333333333334,191,75,116
2020-04-22,23,23,13,0.30099722222222225,0.513691813404643,0.08030555555555556,0.8709166666666666,0.04875,339,227,112
2020-04-23,23,23,13,0.2861666666666666,0.5070175506495477,0.07861111111111112,0.8921944444444444,0.029249999999999998,398,218,180
2020-04-24,17,17,8,-0.017108000000000016,0.6144575395712872,0.0706,0.84564,0.08372,197,91,106
2020-04-25,3,3,2,0.5212600000000001,0.4106465955051862,0.1588,0.8172,0.0242,52,16,36
2020-04-26,9,9,7,0.36943125,0.544853724313634,0.1435,0.7954999999999999,0.061125,198,97,101
2020-04-27,44,44,24,0.346989705882353,0.4513106084895497,0.0854264705882353,0.8849558823529411,0.02954411764705882,535,282,253
2020-04-28,24,24,21,0.4787377777777778,0.507232707624371,0.11793333333333335,0.8357777777777777,0.046200000000000005,590,298,292
2020-04-29,34,34,27,0.5064639344262295,0.4875285309962279,0.11406557377049181,0.857327868852459,0.02863934426229509,1147,679,468
2020-04-30,68,68,27,0.33271157894736847,0.4574480544253161,0.0931578947368421,0.8833473684210525,0.023484210526315788,722,368,354
2020-05-01,64,64,27,0.047623076923076914,0.5605488738878227,0.08629670329670329,0.8344615384615386,0.07923076923076923,627,487,140
2020-05-02,3,3,2,0.19948000000000002,0.5396970683633551,0.11099999999999999,0.8652,0.0236,34,23,11
2020-05-03,11,11,10,0.5217095238095238,0.48643014464934503,0.11833333333333333,0.8397619047619047,0.042,189,93,96
2020-05-04,35,35,17,0.1929653846153846,0.509691557137412,0.08334615384615383,0.8660384615384616,0.050576923076923075,397,239,158
2020-05-05,27,27,16,0.5111302325581395,0.39721038800842856,0.14027906976744184,0.8413720930232559,0.018348837209302325,527,260,267
2020-05-06,26,26,13,0.34594358974358974,0.4708237433803689,0.08046153846153846,0.8850512820512819,0.034589743589743586,417,205,212
2020-05-07,17,17,13,0.44640333333333326,0.5518459214209062,0.1226,0.8325666666666667,0.04480000000000001,439,257,182
2020-05-08,30,30,14,0.35925681818181815,0.45300317698952536,0.0831590909090909,0.8939772727272726,0.022931818181818178,451,274,177
2020-05-09,3,3,2,0.39980000000000004,0.4896531016954758,0.0586,0.9236000000000001,0.0178,80,39,41
2020-05-10,3,3,3,0.49671666666666664,0.496748428672793,0.0625,0.9218333333333333,0.015666666666666666,70,25,45
2020-05-11,22,22,13,0.32564857142857145,0.5564889763361656,0.09754285714285715,0.8542857142857143,0.04814285714285715,404,224,180
2020-05-12,29,29,14,0.3413767441860465,0.47150291712195797,0.1059767441860465,0.8677441860465117,0.026348837209302325,517,309,208
2020-05-13,23,23,10,0.4160606060606061,0.3886180932323037,0.11048484848484848,0.8646363636363636,0.02493939393939394,178,113,65
2020-05-14,21,21,8,0.32121379310344816,0.4323620168364165,0.08086206896551723,0.8962758620689656,0.02286206896551724,187,90,97
2020-05-15,41,41,24,0.1135323076923077,0.6121978674874758,0.058723076923076926,0.855923076923077,0.08533846153846154,487,355,132
2020-05-16,2,2,1,0.20993333333333333,0.19871796317617818,0.09666666666666666,0.8250000000000001,0.078,4,2,2
2020-05-17,7,7,6,0.5165923076923077,0.4429305128026264,0.10646153846153845,0.8736923076923078,0.019846153846153847,175,71,104
2020-05-18,18,18,16,0.48625294117647055,0.5109562933048385,0.09373529411764707,0.8545294117647059,0.051676470588235296,326,153,173
2020-05-19,21,21,15,0.4948083333333334,0.4576174945513387,0.12402777777777778,0.8533055555555555,0.022555555555555558,355,168,187
2020-05-20,18,18,11,0.4032034482758621,0.4467674304206396,0.07958620689655171,0.899448275862069,0.020965517241379315,168,73,95
2020-05-21,15,15,10,0.36972399999999994,0.5801195099494585,0.08407999999999999,0.8484800000000001,0.06756000000000001,257,133,124
2020-05-22,8,8,7,0.4078799999999999,0.5432929218509416,0.13580000000000003,0.8030666666666666,0.061000000000000006,131,75,56
2020-05-23,4,4,4,0.47031249999999997,0.5710313551756593,0.10575000000000001,0.782375,0.112,72,34,38
2020-05-24,3,3,3,0.48993333333333333,0.5093572474752426,0.08233333333333333,0.8763333333333332,0.04133333333333333,69,33,36
2020-05-25,3,3,2,0.45847999999999994,0.45374119231121174,0.11220000000000001,0.8702,0.0174,31,13,18
2020-05-26,14,14,11,0.42735200000000007,0.550039033611252,0.09727999999999999,0.87776,0.02492,281,137,144
2020-05-27,27,27,14,0.35539268292682924,0.48336390593032136,0.1126829268292683,0.8442439024390244,0.043048780487804875,291,109,182
2020-05-28,24,24,12,0.3627444444444444,0.49914672327685844,0.0945,0.8529999999999999,0.052500000000000005,324,190,134
2020-05-29,13,13,7,0.36723500000000003,0.5355139571243686,0.10865,0.8213999999999999,0.06989999999999999,253,107,146
2020-05-30,8,8,2,0.20568999999999998,0.4901664563186673,0.088,0.8423,0.0696,73,42,31
2020-05-31,10,10,2,-0.0949,0.5333227134359333,0.05483333333333334,0.844,0.10116666666666667,34,8,26
2020-06-01,22,22,13,0.19414571428571428,0.5737511353703586,0.09585714285714286,0.8205428571428571,0.08357142857142857,288,128,160
2020-06-02,29,29,21,0.257112,0.6378315826736711,0.08802,0.8282200000000001,0.08376000000000001,532,218,314
2020-06-03,17,17,17,0.45800882352941175,0.5844563946737913,0.10591176470588236,0.8369117647058824,0.05720588235294117,433,248,185
2020-06-04,6,6,6,0.5652916666666666,0.5092217239054342,0.16341666666666668,0.7715833333333335,0.06491666666666666,162,73,89
2020-06-05,6,6,6,0.52815,0.4469315113452321,0.07616666666666666,0.8944999999999999,0.029416666666666664,150,58,92
2020-06-06,3,3,3,0.5032333333333333,0.4947088998143813,0.08316666666666667,0.902,0.014833333333333332,79,18,61
2020-06-08,11,11,10,0.4854380952380953,0.4579990335570906,0.13485714285714284,0.8069047619047619,0.05838095238095237,239,83,156
2020-06-09,23,23,18,0.3695560975609756,0.5564141456570008,0.11548780487804877,0.8305853658536586,0.05382926829268293,294,117,177
2020-06-10,27,27,22,0.20347142857142858,0.5641430441702834,0.07753061224489796,0.898938775510204,0.02369387755102041,502,325,177
2020-06-11,13,13,11,0.4557541666666666,0.5113611606773686,0.10420833333333335,0.8531666666666666,0.042624999999999996,224,104,120
2020-06-12,9,9,9,0.5382277777777777,0.47877105501197953,0.12394444444444444,0.8218888888888889,0.05422222222222223,214,126,88
2020-06-13,1,1,1,0.4995,0.4995,0.0745,0.9105,0.015,28,1,27
2020-06-14,2,2,2,0.64145,0.45007977348465683,0.23750000000000002,0.7175,0.04525,51,7,44
2020-06-15,11,11,11,0.48095,0.467009940277701,0.09072727272727271,0.8683181818181818,0.040818181818181816,173,114,59
2020-06-16,9,9,9,0.3465111111111111,0.513152662890975,0.07444444444444445,0.8758888888888889,0.049666666666666665,188,56,132
2020-06-17,9,9,9,0.4163611111111111,0.5718674488403847,0.09533333333333333,0.8334444444444444,0.07122222222222223,250,162,88
2020-06-18,8,8,8,0.48395625,0.4534524616329009,0.0688125,0.9130625,0.0181875,143,65,78
2020-06-19,17,17,17,0.5277882352941177,0.4722924516246175,0.14670588235294116,0.802,0.05120588235294118,366,192,174
2020-06-20,4,4,4,0.5890124999999999,0.4308607067182502,0.119625,0.839,0.0415,67,34,33
2020-06-21,2,2,2,0.35919999999999996,0.6406535061950415,0.047,0.854,0.099,50,32,18
2020-06-22,23,23,23,0.49150217391304346,0.48686226446551745,0.09121739130434783,0.872586956521739,0.036130434782608696,422,219,203
2020-06-23,27,27,27,0.46183703703703705,0.524668335553006,0.09977777777777777,0.8781666666666667,0.022018518518518524,645,260,385
2020-06-24,15,15,15,0.3421466666666666,0.6071499703441391,0.0852,0.8586333333333331,0.05606666666666666,293,147,146
2020-06-25,13,13,13,0.38538846153846157,0.6156176956314334,0.11007692307692309,0.7881153846153846,0.10184615384615385,340,151,189
2020-06-26,8,8,8,0.223475,0.665082902257305,0.0965625,0.8236875,0.0799375,230,123,107
2020-06-28,3,3,3,0.4981166666666666,0.4981231253972812,0.063,0.9205000000000001,0.016666666666666666,76,17,59
2020-06-29,12,12,12,0.35944166666666666,0.5977848351181403,0.09691666666666666,0.83675,0.066375,240,151,89
2020-06-30,22,22,22,0.4836272727272728,0.5047606441597463,0.1283409090909091,0.8278863636363638,0.04368181818181818,492,268,224
2020-07-01,16,16,16,0.365225,0.6702333851913078,0.127875,0.8079999999999999,0.06418750000000001,326,171,155
2020-07-02,18,18,18,0.3078166666666667,0.6124752800000267,0.10336111111111111,0.8503611111111111,0.04636111111111111,413,194,219
2020-07-03,3,3,3,0.6043833333333333,0.39593750103043057,0.12183333333333334,0.8446666666666668,0.0335,76,37,39
2020-07-04,2,2,2,0.4978,0.49780514260099806,0.06375,0.901,0.035250000000000004,63,39,24
2020-07-05,6,6,6,0.34912499999999996,0.6075931521517228,0.09549999999999999,0.81475,0.08966666666666666,144,61,83
2020-07-06,15,15,15,0.5433600000000001,0.48786549485146685,0.1472666666666667,0.8117,0.04106666666666667,462,135,327
2020-07-07,15,15,15,0.4252500000000001,0.5751344531208913,0.09516666666666666,0.8439666666666666,0.06083333333333333,318,191,127
2020-07-08,16,16,16,0.286371875,0.5544867278812762,0.10359375,0.84978125,0.04668750000000001,312,130,182
2020-07-09,16,16,16,0.25677187500000004,0.6530998331200861,0.08753125,0.8584999999999999,0.054093749999999996,386,215,171
2020-07-10,15,15,15,0.5196400000000001,0.4770255986143022,0.08856666666666667,0.8821,0.029366666666666666,275,117,158
2020-07-11,4,4,4,0.5065999999999999,0.4951666739593851,0.089375,0.876625,0.034124999999999996,119,22,97
2020-07-12,3,3,3,0.50955,0.4845322581280494,0.07933333333333333,0.9006666666666666,0.020166666666666666,70,22,48
2020-07-13,11,11,11,0.5269590909090909,0.49004907793096786,0.10290909090909092,0.8572727272727273,0.03972727272727273,266,123,143
2020-07-14,18,18,18,0.2522527777777778,0.6490057697424196,0.08672222222222221,0.8448888888888889,0.06844444444444445,402,180,222
2020-07-15,23,23,23,0.5899021739130434,0.4444277461151737,0.1607608695652174,0.7941521739130435,0.0451304347826087,502,186,316
2020-07-16,14,14,14,0.22356785714285718,0.6756317007351457,0.09324999999999999,0.8413214285714286,0.06542857142857143,327,154,173
2020-07-17,10,10,10,0.5049600000000001,0.49962648488645994,0.13140000000000002,0.84595,0.022550000000000004,275,114,161
2020-07-18,4,4,4,0.60475,0.41100394158693904,0.126375,0.8452500000000001,0.0285,82,17,65
2020-07-19,2,2,2,0.7078,0.3266064374748299,0.23424999999999999,0.7382500000000001,0.027749999999999997,49,30,19
2020-07-20,9,9,9,0.5707444444444445,0.47542861039302936,0.161,0.7965,0.042499999999999996,241,103,138
2020-07-21,10,10,10,0.5937250000000002,0.432135410346109,0.1315,0.8507,0.0179,302,129,173
2020-07-22,10,10,10,0.61647,0.41265729861472217,0.14765,0.8326,0.019700000000000002,283,127,156
2020-07-23,22,22,22,0.4874181818181819,0.5393577730937918,0.1159772727272727,0.8427499999999999,0.04127272727272727,637,304,333
2020-07-24,19,19,19,0.28417631578947367,0.5620007554940654,0.062026315789473686,0.8801315789473684,0.0578684210526316,389,218,171
2020-07-25,2,2,2,0.763125,0.29591116382286087,0.229,0.7284999999999999,0.0425,30,5,25
2020-07-26,6,6,6,0.5339,0.4836294139111062,0.11191666666666666,0.84725,0.040749999999999995,128,64,64
2020-07-27,24,24,24,0.46285,0.4547385828693228,0.07987499999999999,0.8864583333333332,0.03364583333333334,479,270,209
2020-07-28,24,24,24,0.489825,0.5134752596685324,0.11002083333333335,0.8361041666666665,0.053812500000000006,648,305,343
2020-07-29,25,25,25,0.47618000000000005,0.5034994748755951,0.11295999999999999,0.83698,0.05008,615,318,297
2020-07-30,37,37,37,0.4184486486486486,0.5624415513761319,0.08763513513513513,0.8592837837837838,0.05312162162162162,992,476,516
2020-07-31,40,40,40,0.3869475,0.5602036027140044,0.0815125,0.8683624999999999,0.05015000000000001,1077,535,542
2020-08-01,2,2,2,0.549125,0.45365007095227045,0.11575,0.8625,0.02175,55,18,37
2020-08-02,6,6,6,0.549925,0.454439545163417,0.11941666666666667,0.8593333333333333,0.02133333333333333,162,95,67
2020-08-03,26,26,26,0.5170173076923077,0.4607902224695319,0.10769230769230768,0.8677884615384615,0.0245,612,214,398
2020-08-04,22,22,22,0.4566954545454545,0.48992311778785785,0.11534090909090909,0.8302500000000002,0.05443181818181817,690,316,374
2020-08-05,25,25,25,0.5225080000000001,0.4844726740859592,0.10726000000000001,0.8547,0.03808,671,392,279
2020-08-06,17,17,17,0.48385,0.5035027970306095,0.10049999999999999,0.8589411764705881,0.0405,580,292,288
2020-08-07,24,24,24,0.5762895833333334,0.4472022068928399,0.11554166666666667,0.8579791666666665,0.0265,968,503,465
2020-08-08,1,1,1,0.09639999999999999,0.5730999999999999,0.0355,0.8069999999999999,0.157,24,11,13
2020-08-09,1,1,1,0.4996,0.4996,0.0735,0.904,0.023,39,9,30
2020-08-10,14,14,14,0.5493321428571428,0.48064510002820426,0.116,0.8479642857142856,0.036071428571428574,415,208,207
2020-08-11,15,15,15,0.47198000000000007,0.5378930490968131,0.11733333333333335,0.8476333333333331,0.035,352,229,123
2020-08-12,14,14,14,0.48663571428571434,0.5241197056659356,0.11617857142857144,0.8487499999999999,0.03510714285714286,363,190,173
2020-08-13,27,27,27,0.47368333333333335,0.5173078819448068,0.07924074074074074,0.8823518518518518,0.038407407407407404,582,313,269
2020-08-14,25,25,25,0.46595800000000004,0.5080429927043577,0.10831999999999999,0.84958,0.04212,497,266,231
2020-08-15,3,3,3,0.50615,0.48925684716721135,0.09933333333333333,0.8343333333333334,0.06633333333333334,52,33,19
2020-08-16,3,3,3,0.4963166666666667,0.6276668474508502,0.154,0.6845,0.1615,79,26,53
2020-08-17,9,9,9,0.47675,0.4277377042196668,0.13322222222222224,0.8064444444444444,0.06027777777777778,202,133,69
2020-08-18,25,25,25,0.4726560000000001,0.4902379333180981,0.08088,0.8847000000000002,0.03452,732,403,329
2020-08-19,13,13,13,0.5007538461538462,0.5203665181912052,0.10707692307692308,0.8709615384615385,0.02192307692307692,303,162,141
2020-08-20,16,16,16,0.5281875,0.4803941999480739,0.12037500000000001,0.83659375,0.04309375000000001,390,197,193
2020-08-21,23,23,23,0.5573586956521741,0.4381897512226404,0.13202173913043477,0.839369565217391,0.028630434782608693,639,249,390
2020-08-22,2,2,2,0.49824999999999997,0.49825313596604687,0.07025,0.90675,0.023,49,20,29
2020-08-23,5,5,5,0.5915999999999999,0.4226358953046937,0.1254,0.8525,0.022,150,57,93
2020-08-24,28,28,28,0.4220339285714286,0.4938237193707262,0.09025000000000001,0.88475,0.025035714285714283,503,236,267
2020-08-25,30,30,30,0.5222916666666666,0.48437713691284895,0.10001666666666664,0.8749166666666668,0.025033333333333335,576,297,279
2020-08-26,33,33,33,0.49415000000000003,0.5180533303686606,0.10287878787878788,0.8582424242424243,0.03884848484848485,742,310,432
2020-08-27,14,14,14,0.48886785714285713,0.4955996844037761,0.12121428571428573,0.8360714285714286,0.042678571428571434,314,163,151
2020-08-28,11,11,11,0.5826045454545454,0.4185169753017224,0.1379090909090909,0.8381818181818183,0.023863636363636365,209,99,110
2020-08-29,2,2,2,0.83815,0.15619357381147278,0.27625,0.6945,0.028999999999999998,39,10,29
2020-08-30,3,3,3,0.5896833333333333,0.4423715761539036,0.1205,0.8666666666666667,0.012666666666666666,43,14,29
2020-08-31,21,21,21,0.6206666666666666,0.42217030171578107,0.1265,0.8484285714285714,0.02519047619047619,510,230,280
2020-09-01,31,31,31,0.5100870967741935,0.4602828546503983,0.10062903225806454,0.8723064516129032,0.027096774193548386,701,287,414
2020-09-02,28,28,28,0.5383660714285715,0.44056417696792305,0.11096428571428571,0.8651071428571429,0.02394642857142857,556,254,302
2020-09-03,19,19,19,0.37041315789473683,0.5770042580208904,0.0746842105263158,0.8753421052631578,0.049973684210526316,382,275,107
2020-09-04,19,19,19,0.31382105263157895,0.5897645775436228,0.0898684210526316,0.8642105263157895,0.04594736842105264,327,180,147
2020-09-05,4,4,4,0.41200000000000003,0.6005967407503974,0.08574999999999999,0.8475,0.066625,100,27,73
2020-09-06,2,2,2,0.703125,0.32966625832044144,0.22899999999999998,0.7490000000000001,0.02225,44,17,27
2020-09-07,4,4,4,-0.02581250000000001,0.4678688503135788,0.030625,0.930625,0.0385,57,24,33
2020-09-08,26,26,26,0.0905692307692308,0.6462536161298803,0.056557692307692316,0.869923076923077,0.07353846153846154,471,331,140
2020-09-09,19,19,19,0.49123947368421056,0.5308230102196686,0.12089473684210525,0.8383157894736841,0.04068421052631579,461,211,250
2020-09-10,14,14,14,0.41873214285714283,0.5424074707486796,0.09278571428571428,0.8629285714285715,0.04428571428571428,381,214,167
2020-09-11,30,30,30,0.49282666666666675,0.4675995857806359,0.10615,0.8571666666666667,0.03668333333333333,614,349,265
2020-09-12,1,1,1,0.49985,0.49985,0.0825,0.9035,0.0145,29,9,20
2020-09-13,4,4,4,0.539675,0.4611914400495742,0.09725,0.8703749999999999,0.0325,112,53,59
2020-09-14,16,16,16,0.652584375,0.38539403464942135,0.1469375,0.83565625,0.017375,346,114,232
2020-09-15,18,18,18,0.5035944444444446,0.5155409612697265,0.09847222222222222,0.8546944444444444,0.04686111111111111,310,125,185
2020-09-16,32,32,32,0.5817468749999999,0.4543450292621615,0.135859375,0.8132343750000001,0.051000000000000004,741,368,373
2020-09-17,20,20,20,0.4178075,0.5527821430670042,0.09192499999999999,0.8788750000000001,0.029199999999999997,455,292,163
2020-09-18,25,25,25,0.474534,0.5045840566684603,0.10278000000000001,0.85296,0.04424,420,216,204
2020-09-19,2,2,2,0.4053,0.563623003434033,0.03975,0.89,0.07025,34,13,21
2020-09-20,5,5,5,0.58309,0.4373864777287931,0.1337,0.8445,0.0218,84,33,51
2020-09-21,12,12,12,0.34980000000000006,0.5854011395331126,0.077,0.8729166666666667,0.050125,218,140,78
2020-09-22,22,22,22,0.45769318181818175,0.5177512365104093,0.12640909090909092,0.8383863636363637,0.03518181818181818,498,273,225
2020-09-23,21,21,21,0.45290952380952376,0.5593309493150527,0.09757142857142857,0.8379523809523812,0.0645,389,247,142
2020-09-24,29,29,29,0.41473103448275855,0.5633669886179409,0.09820689655172413,0.847706896551724,0.05412068965517241,631,359,272
2020-09-25,22,22,22,0.3983659090909091,0.5531410415005882,0.07656818181818181,0.8394772727272727,0.08397727272727272,383,233,150
2020-09-26,2,2,2,0.5456000000000001,0.5724698638356434,0.13075,0.79375,0.0755,65,32,33
2020-09-27,7,7,7,0.2983571428571429,0.652389693702299,0.1417142857142857,0.7809285714285713,0.07735714285714286,135,72,63
2020-09-28,21,21,21,0.46677619047619034,0.5501362756754539,0.1280238095238095,0.8206904761904761,0.05121428571428572,553,333,220
2020-09-29,17,17,17,0.43062647058823533,0.5638428323508473,0.10870588235294118,0.8425882352941177,0.04861764705882353,287,137,150
2020-09-30,22,22,22,0.5205295454545454,0.5044508362293799,0.11788636363636364,0.8306363636363635,0.05143181818181817,446,284,162
2020-10-01,21,21,21,0.5968904761904762,0.4645816827096147,0.14526190476190476,0.8061904761904761,0.04854761904761905,442,229,213
2020-10-02,14,14,14,0.5206464285714285,0.4377153930859501,0.12303571428571428,0.8408214285714285,0.036071428571428574,270,138,132
2020-10-03,1,1,1,0.26155,0.7382500000000001,0.0865,0.746,0.1675,34,3,31
2020-10-04,6,6,6,0.6081833333333334,0.4007157051937058,0.14858333333333335,0.8255,0.025833333333333333,141,66,75
2020-10-05,14,14,14,0.6712035714285715,0.3702710556202065,0.15225000000000002,0.8236785714285714,0.024035714285714282,284,161,123
2020-10-06,20,20,20,0.37727750000000004,0.6026849664159128,0.082425,0.8671,0.050574999999999995,381,214,167
2020-10-07,12,12,12,0.6527416666666667,0.3968825392109806,0.135375,0.8444166666666666,0.02020833333333333,235,95,140
2020-10-08,14,14,14,0.4941035714285715,0.5070884703609018,0.08289285714285714,0.8699642857142856,0.047214285714285716,279,139,140
2020-10-09,19,19,19,0.6309789473684211,0.41582894266367115,0.14071052631578945,0.8396842105263157,0.019578947368421057,443,188,255
2020-10-10,5,5,5,0.62517,0.43775146384678143,0.1659,0.8026,0.0316,95,36,59
2020-10-11,1,1,1,0.81825,0.18135,0.2965,0.688,0.0155,18,2,16
2020-10-12,24,24,24,0.6218895833333333,0.42997353224723,0.13883333333333334,0.8335,0.027708333333333335,575,261,314
2020-10-13,26,26,26,0.46570576923076923,0.5160774540905291,0.1033653846153846,0.837423076923077,0.059211538461538454,512,286,226
2020-10-14,24,24,24,0.5353166666666667,0.44960457734794274,0.10593750000000002,0.8657083333333334,0.028375,640,335,305
2020-10-15,18,18,18,0.5671527777777778,0.43758355359996426,0.13191666666666668,0.8231944444444445,0.04494444444444444,297,123,174
2020-10-16,15,15,15,0.6217733333333334,0.4365201216693478,0.14343333333333336,0.8285333333333333,0.027933333333333334,361,137,224
2020-10-17,4,4,4,0.480725,0.5430740597515223,0.08762500000000001,0.845,0.06762499999999999,91,53,38
2020-10-18,6,6,6,0.520175,0.509241794443792,0.11983333333333335,0.8291666666666667,0.05091666666666667,140,81,59
2020-10-19,15,15,15,0.5305233333333333,0.48783449152578606,0.08633333333333333,0.8801333333333334,0.0336,275,158,117
2020-10-20,7,7,7,0.7147142857142857,0.3061325853219784,0.19414285714285717,0.7778571428571428,0.027999999999999997,167,58,109
2020-10-21,20,20,20,0.5427575,0.5039483861902427,0.133175,0.82595,0.040825,568,281,287
2020-10-22,15,15,15,0.5378066666666667,0.51027588416028,0.10173333333333331,0.8629999999999999,0.03523333333333334,545,238,307
2020-10-23,17,17,17,0.48307352941176473,0.4705886284649093,0.08811764705882352,0.8726470588235293,0.0391764705882353,394,250,144
2020-10-24,5,5,5,0.5346200000000001,0.5092181768161855,0.0939,0.8654999999999999,0.0404,102,33,69
2020-10-25,6,6,6,0.3496833333333333,0.6118070186386845,0.081,0.8939166666666666,0.025083333333333332,162,65,97
2020-10-26,24,24,24,0.22991666666666669,0.585580641448203,0.08060416666666666,0.8667708333333333,0.052625,517,278,239
2020-10-27,20,20,20,0.4937075,0.5247921771461062,0.11309999999999998,0.8333,0.05355000000000001,451,241,210
2020-10-28,24,24,24,0.34269375,0.5900236959952858,0.08139583333333333,0.8478124999999999,0.07077083333333334,723,405,318
2020-10-29,27,27,27,0.534512962962963,0.45125055495863947,0.09025925925925925,0.8799444444444445,0.02983333333333333,631,232,399
2020-10-30,29,29,29,0.46700689655172417,0.5108317520651539,0.08743103448275862,0.870206896551724,0.0423448275862069,858,446,412
2020-10-31,4,4,4,0.620125,0.4033566590190374,0.13725,0.82725,0.0355,153,63,90
2020-11-01,6,6,6,0.4596583333333333,0.4690864427415153,0.11816666666666666,0.8590833333333334,0.022833333333333334,112,72,40
2020-11-02,19,19,19,0.3667789473684211,0.5906287012283448,0.0688157894736842,0.8852105263157894,0.046000000000000006,344,203,141
2020-11-03,15,15,15,0.5732066666666665,0.4492203497418858,0.11676666666666667,0.8369333333333333,0.04626666666666667,267,137,130
2020-11-04,34,34,34,0.4906661764705883,0.5011268900042988,0.1008235294117647,0.8657941176470588,0.03336764705882353,674,316,358
2020-11-05,24,24,24,0.54816875,0.4655762348764924,0.09720833333333334,0.8792083333333333,0.023583333333333335,817,463,354
2020-11-06,21,21,21,0.4620642857142857,0.47819304819658076,0.09126190476190477,0.8777619047619047,0.030952380952380946,502,269,233
2020-11-07,5,5,5,0.60442,0.43367916666586603,0.1408,0.8383,0.020999999999999998,192,108,84
2020-11-08,3,3,3,0.49438333333333334,0.49439598979180865,0.050833333333333335,0.9255,0.02383333333333333,45,34,11
2020-11-09,15,15,15,0.5690933333333333,0.48196549041975556,0.127,0.8395666666666667,0.033433333333333336,400,198,202
2020-11-10,28,28,28,0.5324053571428572,0.5071497733903393,0.12283928571428572,0.8197142857142857,0.05741071428571428,559,312,247
2020-11-11,29,29,29,0.5211724137931035,0.48925046783164544,0.11020689655172414,0.860551724137931,0.029224137931034483,643,273,370
2020-11-12,23,23,23,0.5998804347826087,0.44932823560605945,0.1363695652173913,0.8305434782608695,0.03304347826086956,564,250,314
2020-11-13,16,16,16,0.480059375,0.4767972864982658,0.08515624999999999,0.88625,0.02865625,296,137,159
2020-11-14,4,4,4,0.5213375,0.5376295493588034,0.14837499999999998,0.7751250000000001,0.07675000000000001,91,30,61
2020-11-15,4,4,4,0.7053125,0.3100520256243297,0.186,0.7927500000000001,0.021125,102,28,74
2020-11-16,11,11,11,0.5553681818181818,0.48123260713445165,0.1229090909090909,0.8493636363636363,0.027636363636363636,215,62,153
2020-11-17,9,9,9,0.6815888888888888,0.35513708916243236,0.193,0.7849444444444446,0.022166666666666668,208,66,142
2020-11-18,20,20,20,0.5247675,0.49711228881787867,0.127925,0.827825,0.044274999999999995,360,170,190
2020-11-19,16,16,16,0.547421875,0.4602976827108566,0.11956249999999999,0.8525625000000001,0.027812499999999997,406,191,215
2020-11-20,14,14,14,0.5252357142857143,0.4722457246379002,0.11021428571428571,0.8481071428571428,0.041821428571428565,276,126,150
2020-11-21,5,5,5,0.65324,0.4504861445150117,0.1653,0.7824000000000001,0.0523,138,50,88
2020-11-22,8,8,8,0.5862750000000001,0.4654630080629394,0.1539375,0.809125,0.0369375,158,37,121
2020-11-23,10,10,10,0.45804999999999996,0.5008211322418413,0.09334999999999999,0.8820500000000001,0.0246,172,112,60
2020-11-24,6,6,6,0.5098583333333333,0.4460343960173425,0.08191666666666665,0.9028333333333333,0.015416666666666667,148,66,82
2020-11-25,10,10,10,0.44797000000000003,0.5057890351717799,0.07844999999999999,0.8744,0.047200000000000006,183,105,78
2020-11-26,3,3,3,0.5616333333333334,0.5215251277636475,0.15466666666666667,0.7838333333333334,0.061500000000000006,91,40,51
2020-11-27,8,8,8,0.56515625,0.4005002028225922,0.12993749999999998,0.8578125000000001,0.012125,168,67,101
2020-11-28,1,1,1,0.49975,0.49975,0.0975,0.8915,0.011,26,7,19
2020-11-30,13,13,13,0.6298923076923078,0.3814513013812429,0.1353076923076923,0.8489999999999998,0.015692307692307693,215,91,124
2020-12-01,14,14,14,0.5885357142857144,0.42037810379830826,0.12189285714285714,0.862892857142857,0.01507142857142857,315,123,192
2020-12-02,16,16,16,0.580884375,0.4527773315255076,0.13253125,0.844,0.0235,328,154,174
2020-12-03,10,10,10,0.5809300000000001,0.4647376077960552,0.12089999999999998,0.8544,0.02465,291,132,159
2020-12-04,13,13,13,0.5914653846153847,0.4172314677105851,0.13161538461538463,0.8433076923076922,0.02515384615384615,281,147,134
2020-12-05,6,6,6,0.6170166666666667,0.42618781038671466,0.11991666666666667,0.8603333333333333,0.01983333333333333,171,72,99
2020-12-06,4,4,4,0.5499875000000001,0.45450100780278807,0.11474999999999999,0.865875,0.019375,135,52,83
2020-12-07,23,23,23,0.40334130434782606,0.520933794748759,0.08430434782608694,0.8713260869565217,0.044434782608695655,352,162,190
2020-12-08,12,12,12,0.584375,0.4522815681353818,0.12166666666666666,0.85175,0.02654166666666667,350,140,210
2020-12-09,15,15,15,0.5232933333333334,0.5114547858369844,0.11873333333333336,0.8239,0.05733333333333333,360,143,217
2020-12-10,13,13,13,0.57935,0.429774754287728,0.12046153846153845,0.8536538461538463,0.02576923076923077,251,122,129
2020-12-11,29,29,29,0.48115517241379313,0.511839769234277,0.08537931034482758,0.8583620689655173,0.056362068965517244,542,297,245
2020-12-12,5,5,5,0.63882,0.38264002874764685,0.1402,0.8374,0.022500000000000003,148,56,92
2020-12-13,2,2,2,0.499625,0.4996250112584437,0.079,0.90375,0.0175,84,11,73
2020-12-14,9,9,9,0.4200166666666667,0.5984592831689648,0.11855555555555555,0.7989999999999999,0.08244444444444445,145,61,84
2020-12-15,22,22,22,0.5447363636363636,0.4096678477692236,0.12236363636363637,0.8416136363636363,0.03593181818181818,403,156,247
2020-12-16,12,12,12,0.6044791666666667,0.44141600841229,0.11708333333333336,0.8624166666666667,0.02033333333333333,205,71,134
2020-12-17,12,12,12,0.5186708333333333,0.44785182303894394,0.08554166666666667,0.8901249999999999,0.024208333333333335,228,76,152
2020-12-18,14,14,14,0.6118678571428572,0.3798095801597459,0.14839285714285716,0.8373928571428573,0.01417857142857143,253,102,151
2020-12-19,9,9,9,0.6205111111111111,0.4280006268023563,0.15705555555555556,0.8181111111111111,0.024944444444444446,254,86,168
2020-12-20,4,4,4,0.6025375,0.4194262328988853,0.126625,0.8454999999999999,0.028,97,39,58
2020-12-21,16,16,16,0.54684375,0.46499036544958383,0.09984375000000001,0.86540625,0.0346875,301,139,162
2020-12-22,33,33,33,0.4546136363636364,0.5143688314955034,0.09739393939393941,0.866909090909091,0.03574242424242424,643,299,344
2020-12-23,22,22,22,0.5207272727272728,0.4946866383533006,0.10750000000000001,0.8576136363636363,0.03481818181818182,458,184,274
2020-12-24,14,14,14,0.6159,0.4087387211200539,0.141,0.8429285714285716,0.016071428571428573,298,79,219
2020-12-25,2,2,2,0.714375,0.3269745890356007,0.17825,0.81175,0.01,48,8,40
2020-12-26,2,2,2,0.40545,0.6506291474411517,0.095,0.75825,0.14675,24,19,5
2020-12-27,3,3,3,0.6680166666666666,0.41071957755735106,0.18416666666666667,0.8035000000000001,0.012166666666666666,99,24,75
2020-12-28,19,19,19,0.5448131578947368,0.4635044246487568,0.08660526315789473,0.8874210526315788,0.025947368421052636,344,122,222
2020-12-29,19,19,19,0.5807815789473684,0.4420029166701,0.11476315789473683,0.8562631578947367,0.02892105263157894,417,160,257
2020-12-30,22,22,22,0.5818727272727274,0.43415790506326796,0.1323409090909091,0.8429090909090909,0.024795454545454544,415,173,242
2020-12-31,18,18,18,0.5737861111111111,0.4707572494000006,0.12277777777777778,0.8463611111111111,0.030888888888888893,375,136,239
2021-01-01,1,1,1,0.7628999999999999,0.23620000000000002,0.28049999999999997,0.6995,0.02,25,9,16
2021-01-03,4,4,4,0.5493375,0.45386437384283645,0.10875,0.8751249999999999,0.016125,86,31,55
2021-01-04,16,16,16,0.657203125,0.38028807130612763,0.16409374999999998,0.8200937500000001,0.0156875,345,159,186
2021-01-05,15,15,15,0.5784566666666666,0.4150008085802029,0.1191,0.8630666666666666,0.017866666666666666,302,122,180
2021-01-06,20,20,20,0.5218425,0.4642499525511553,0.101325,0.857325,0.041475,493,224,269
2021-01-07,14,14,14,0.5729107142857143,0.4447603225649307,0.11585714285714285,0.8594285714285713,0.024642857142857143,258,109,149
2021-01-08,16,16,16,0.568434375,0.46143939039256215,0.12959375,0.83575,0.03459375,336,131,205
2021-01-09,5,5,5,0.6215400000000001,0.4144913755435691,0.1527,0.8290000000000001,0.0184,185,54,131
2021-01-10,6,6,6,0.7394333333333333,0.34941872286540243,0.24724999999999997,0.7121666666666666,0.04058333333333333,174,41,133
2021-01-11,19,19,19,0.3715473684210526,0.5548689901024253,0.09536842105263159,0.8329473684210525,0.07168421052631578,349,179,170
2021-01-12,8,8,8,0.67135625,0.35268690429464133,0.1580625,0.814125,0.0278125,168,73,95
2021-01-13,19,19,19,0.564921052631579,0.41065778822575727,0.1193684210526316,0.8666578947368421,0.013947368421052632,358,150,208
2021-01-14,16,16,16,0.5121249999999999,0.48448270157457635,0.13037500000000002,0.8225312499999999,0.0471875,343,138,205
2021-01-15,21,21,21,0.5118380952380952,0.5022549935528295,0.1356904761904762,0.8243095238095238,0.040095238095238094,519,159,360
2021-01-16,5,5,5,0.63819,0.40245133730676064,0.16660000000000003,0.8146000000000001,0.0191,123,33,90
2021-01-17,5,5,5,0.51941,0.48235702223560506,0.10310000000000001,0.8685,0.028599999999999997,181,87,94
2021-01-18,5,5,5,0.43226,0.5604805530970721,0.0607,0.8513,0.088,133,63,70
2021-01-19,22,22,22,0.5220500000000001,0.5269394455895116,0.12361363636363637,0.8303636363636364,0.04593181818181818,558,247,311
2021-01-20,10,10,10,0.5053099999999999,0.5118251174962011,0.0786,0.88995,0.03145,354,128,226
2021-01-21,17,17,17,0.585370588235294,0.47161988777691805,0.13247058823529412,0.8274411764705882,0.04000000000000001,433,161,272
2021-01-22,21,21,21,0.5718547619047618,0.44700129231856495,0.10976190476190477,0.8687619047619046,0.021476190476190475,534,281,253
2021-01-23,3,3,3,0.4964166666666667,0.4964621718273765,0.056666666666666664,0.9226666666666666,0.020666666666666667,67,52,15
2021-01-24,13,13,13,0.5168,0.49325438982022557,0.1255,0.8227692307692307,0.05161538461538462,388,171,217
2021-01-25,17,17,17,0.5339,0.46263336074108213,0.11691176470588237,0.8550588235294119,0.027970588235294115,329,166,163
2021-01-26,30,30,30,0.5829866666666665,0.43274770073206503,0.12406666666666664,0.85225,0.023633333333333336,647,240,407
2021-01-27,40,40,40,0.34961625,0.6159389765723042,0.094475,0.8456624999999999,0.059875,944,505,439
2021-01-28,37,37,37,0.39002297297297295,0.5372072267498293,0.09481081081081082,0.8636081081081081,0.041540540540540544,1054,592,462
2021-01-29,23,23,23,0.4253065217391304,0.5384710877556671,0.10347826086956521,0.8544347826086957,0.042086956521739126,521,295,226
2021-01-30,5,5,5,0.6336999999999999,0.3797412408469746,0.15259999999999999,0.8113999999999999,0.0359,134,50,84
2021-01-31,4,4,4,0.555925,0.49854563920969164,0.108875,0.848125,0.04275,126,78,48
2021-02-01,22,22,22,0.5593022727272728,0.4952750991706236,0.1223409090909091,0.8455454545454546,0.03206818181818182,513,187,326
2021-02-02,20,20,20,0.5580075000000001,0.48916547271219996,0.1322,0.833975,0.033800000000000004,739,313,426
2021-02-03,28,28,28,0.5346178571428571,0.49379987780879364,0.12614285714285714,0.8335178571428571,0.04026785714285714,841,329,512
2021-02-04,19,19,19,0.5567868421052632,0.4685696680049171,0.10910526315789476,0.8646052631578949,0.026263157894736842,568,226,342
2021-02-05,21,21,21,0.5361309523809523,0.48196749618131246,0.1117857142857143,0.854452380952381,0.03371428571428571,657,299,358
2021-02-06,6,6,6,0.543075,0.5541824596120547,0.15308333333333335,0.7715000000000001,0.07541666666666667,171,55,116
2021-02-07,5,5,5,0.51018,0.5691303081017562,0.1467,0.7745,0.0787,126,64,62
2021-02-08,11,11,11,0.5159318181818182,0.46465149539135403,0.09609090909090909,0.8867727272727273,0.017136363636363637,365,161,204
2021-02-09,19,19,19,0.5055578947368421,0.4975063409442923,0.09715789473684212,0.8579736842105263,0.044894736842105265,505,253,252
2021-02-10,17,17,17,0.5226970588235293,0.5198435960970513,0.13476470588235293,0.8271470588235295,0.03811764705882353,680,249,431
2021-02-11,9,9,9,0.5225777777777778,0.4856563400361247,0.09627777777777778,0.8776111111111111,0.026166666666666668,372,161,211
2021-02-12,19,19,19,0.5258526315789475,0.4780640255165356,0.1300263157894737,0.8403157894736841,0.029605263157894735,420,189,231
2021-02-13,3,3,3,0.49973333333333336,0.49973345784416806,0.07866666666666666,0.8978333333333334,0.023500000000000004,99,40,59
2021-02-14,4,4,4,0.4991625,0.49916281145909697,0.07,0.910125,0.01975,72,26,46
2021-02-15,7,7,7,0.6081357142857143,0.39562919798204776,0.15792857142857145,0.8155,0.026571428571428576,150,48,102
2021-02-16,14,14,14,0.5654607142857143,0.4348972919300156,0.11757142857142856,0.8672142857142857,0.015285714285714288,387,139,248
2021-02-17,18,18,18,0.4147055555555556,0.5557514592095825,0.08422222222222223,0.8671944444444445,0.04861111111111111,486,280,206
2021-02-18,23,23,23,0.45428043478260877,0.5273378273767392,0.09428260869565216,0.8664347826086957,0.03923913043478261,483,248,235
2021-02-19,9,9,9,0.5971166666666667,0.38994758230362764,0.11811111111111113,0.8677777777777779,0.014,198,121,77
2021-02-20,4,4,4,0.5319875000000001,0.47120217645268786,0.08875,0.8903749999999999,0.02075,173,73,100
2021-02-21,4,4,4,0.6756125,0.3542160373186821,0.178625,0.784625,0.0365,93,29,64
2021-02-22,22,22,22,0.47341818181818185,0.5083284117722282,0.09065909090909091,0.8726818181818179,0.03663636363636364,571,251,320
2021-02-23,27,27,27,0.5666574074074074,0.4617709495545792,0.12522222222222223,0.8527962962962965,0.022,958,416,542
2021-02-24,20,20,20,0.4621549999999999,0.569975086714323,0.0955,0.8527000000000001,0.051725,494,248,246
2021-02-25,33,33,33,0.5378757575757575,0.49612018523759305,0.12566666666666668,0.8469242424242422,0.027424242424242424,871,365,506
2021-02-26,20,20,20,0.4667624999999999,0.5166733444292921,0.09475,0.868275,0.0369,399,212,187
2021-02-27,8,8,8,0.51143125,0.531752223454155,0.130125,0.809625,0.060312500000000005,289,107,182
2021-02-28,4,4,4,0.5801624999999999,0.482794744010071,0.135625,0.8005,0.06375,80,51,29
2021-03-01,22,22,22,0.6673909090909091,0.38862011178140504,0.1612727272727273,0.8253863636363638,0.013204545454545457,586,277,309
2021-03-02,21,21,21,0.5937309523809523,0.4562172699222196,0.13128571428571428,0.8348809523809523,0.03373809523809524,483,222,261
2021-03-03,22,22,22,0.5723340909090909,0.4580594884664802,0.1136136363636364,0.8581590909090909,0.028227272727272726,472,204,268
2021-03-04,23,23,23,0.4603847826086956,0.5347585273696138,0.10380434782608694,0.8515652173913043,0.0446304347826087,509,275,234
2021-03-05,16,16,16,0.5698468750000001,0.4500455421290543,0.098625,0.87559375,0.02571875,366,192,174
2021-03-07,5,5,5,0.6088600000000001,0.44233134232156784,0.1405,0.8397,0.019899999999999998,157,46,111
2021-03-08,20,20,20,0.5722149999999999,0.449929429216405,0.128025,0.837375,0.034575,410,199,211
2021-03-09,25,25,25,0.5005179999999999,0.49326533293553076,0.1065,0.84538,0.04806,538,220,318
2021-03-10,19,19,19,0.5344368421052633,0.4845919826981157,0.09818421052631579,0.8614999999999998,0.04028947368421052,410,175,235
2021-03-11,18,18,18,0.5410916666666667,0.4879375457388647,0.12447222222222222,0.848138888888889,0.027388888888888893,405,197,208
2021-03-12,29,29,29,0.5413051724137932,0.5014908904946412,0.12384482758620688,0.8313103448275863,0.04486206896551724,690,313,377
2021-03-13,4,4,4,0.6142749999999999,0.4080712644563447,0.1755,0.785,0.039625,110,56,54
2021-03-14,8,8,8,0.63194375,0.4034373370933056,0.1726875,0.8091250000000001,0.018125000000000002,170,58,112
2021-03-15,17,17,17,0.46710882352941185,0.5514104990400138,0.10791176470588236,0.8652647058823529,0.026852941176470586,335,127,208
2021-03-16,21,21,21,0.4765071428571429,0.4855000992559641,0.08397619047619048,0.878452380952381,0.03754761904761905,555,263,292
2021-03-17,17,17,17,0.5078647058823529,0.5375390792263403,0.11947058823529412,0.797764705882353,0.08273529411764705,384,185,199
2021-03-18,22,22,22,0.44743636363636363,0.5458012542420835,0.0815,0.8580681818181819,0.06040909090909092,436,212,224
2021-03-19,19,19,19,0.5234842105263158,0.4351661682176348,0.11534210526315787,0.858578947368421,0.02605263157894737,411,192,219
2021-03-20,2,2,2,0.765125,0.24145736036617316,0.267,0.7142499999999999,0.019,67,18,49
2021-03-21,6,6,6,0.396175,0.6222390445332618,0.08508333333333334,0.8184166666666667,0.09625,160,85,75
2021-03-22,16,16,16,0.5793,0.4209070503092102,0.13546875,0.83040625,0.034,341,134,207
2021-03-23,13,13,13,0.48755,0.5063754112468185,0.08965384615384617,0.8651153846153845,0.04526923076923077,204,86,118
2021-03-24,17,17,17,0.5781823529411765,0.4401444445196627,0.14861764705882352,0.8151176470588236,0.03608823529411765,416,185,231
2021-03-25,23,23,23,0.4347130434782608,0.5821592963713684,0.09606521739130436,0.8365869565217394,0.06734782608695652,527,218,309
2021-03-26,16,16,16,0.6336375,0.42675204140548645,0.15481250000000002,0.822875,0.022312500000000002,417,194,223
2021-03-27,6,6,6,0.6680999999999999,0.3812134507070809,0.18341666666666667,0.7986666666666666,0.018000000000000002,143,63,80
2021-03-28,5,5,5,0.5764600000000001,0.47521268543674217,0.1139,0.8672000000000001,0.0191,146,61,85
2021-03-29,9,9,9,0.639861111111111,0.4155461709056179,0.16033333333333333,0.8158333333333334,0.023944444444444445,209,87,122
2021-03-30,20,20,20,0.52407,0.499776098468104,0.11327500000000001,0.830525,0.056174999999999996,335,181,154
2021-03-31,28,28,28,0.5486392857142857,0.49199305224426965,0.11698214285714285,0.8506607142857143,0.03239285714285715,609,261,348
2021-04-01,15,15,15,0.6427133333333335,0.4132542887321989,0.1457,0.8265666666666666,0.027800000000000005,335,128,207
2021-04-02,8,8,8,0.68171875,0.3555957329235511,0.20725,0.7528125000000001,0.039999999999999994,231,99,132
2021-04-04,3,3,3,0.33306666666666673,0.4852923403017562,0.08083333333333333,0.9016666666666667,0.0175,57,35,22
2021-04-05,10,10,10,0.595975,0.3685106251860318,0.16749999999999998,0.8041500000000001,0.02845000000000001,162,64,98
2021-04-06,12,12,12,0.5335541666666667,0.5231907005569819,0.118875,0.8263750000000001,0.05479166666666666,303,120,183
2021-04-07,10,10,10,0.65559,0.3723407362886849,0.1446,0.84085,0.014599999999999998,240,85,155
2021-04-08,26,26,26,0.5860846153846154,0.44712765144463,0.1243076923076923,0.8537884615384617,0.021826923076923077,639,266,373
2021-04-09,16,16,16,0.64643125,0.38018189514814815,0.16568750000000002,0.8183437499999999,0.0160625,307,87,220
2021-04-10,1,1,1,0.49985,0.49985,0.0865,0.892,0.0215,19,12,7
2021-04-11,2,2,2,0.6558,0.40829129919703167,0.16025,0.82125,0.0185,65,24,41
2021-04-12,11,11,11,0.6238727272727274,0.41350896899343853,0.12272727272727274,0.8622727272727272,0.014954545454545453,329,121,208
2021-04-13,22,22,22,0.5522977272727272,0.4718311839325569,0.12288636363636365,0.8314772727272728,0.04568181818181818,464,180,284
2021-04-14,23,23,23,0.4794065217391304,0.5336423127910166,0.10567391304347826,0.8602608695652173,0.034043478260869564,496,184,312
2021-04-15,26,26,26,0.6019,0.4122238189661982,0.12590384615384617,0.8570769230769231,0.017076923076923076,553,205,348
2021-04-16,13,13,13,0.6133615384615384,0.38406312489657923,0.11319230769230769,0.8701538461538463,0.016576923076923076,338,144,194
2021-04-17,4,4,4,0.5219,0.5190374890121137,0.1215,0.81925,0.059375,88,29,59
2021-04-18,6,6,6,0.49779166666666663,0.49780594522084826,0.06391666666666666,0.9150833333333334,0.021,181,61,120
2021-04-19,13,13,13,0.5730384615384615,0.4731932554276831,0.1371153846153846,0.822923076923077,0.03996153846153846,236,83,153
2021-04-20,22,22,22,0.43671590909090907,0.5713673563332653,0.10652272727272728,0.8559318181818184,0.03749999999999999,422,171,251
2021-04-21,21,21,21,0.3920761904761904,0.5815211623752393,0.11895238095238095,0.845309523809524,0.035666666666666666,340,150,190
2021-04-22,24,24,24,0.5570041666666666,0.45505762728395793,0.1185,0.8485416666666666,0.033062499999999995,878,364,514
2021-04-23,20,20,20,0.5983050000000001,0.4035659741293857,0.1271,0.8495999999999999,0.023275,398,166,232
2021-04-24,6,6,6,0.5428083333333333,0.44086648103164094,0.13816666666666666,0.8452500000000001,0.016666666666666666,165,55,110
2021-04-25,5,5,5,0.52632,0.4451601257974483,0.1034,0.8641,0.0325,150,54,96
2021-04-26,26,26,26,0.5777769230769231,0.4241805618870816,0.12623076923076923,0.8473846153846154,0.02642307692307692,555,226,329
2021-04-27,24,24,24,0.4672666666666667,0.5468900130637685,0.0900625,0.8710625,0.03893750000000001,748,356,392
2021-04-28,40,40,40,0.5007987500000001,0.5021015891962876,0.099725,0.855075,0.04515,966,428,538
2021-04-29,34,34,34,0.5785485294117647,0.4194406497638349,0.12247058823529411,0.8567058823529413,0.02082352941176471,855,293,562
2021-04-30,44,44,44,0.45030568181818187,0.5574861864081465,0.11420454545454546,0.8393863636363637,0.046352272727272735,1078,506,572
2021-05-01,4,4,4,0.527425,0.475923259964251,0.09912499999999999,0.875,0.02575,117,41,76
2021-05-02,4,4,4,0.3792625,0.5605964812980456,0.07600000000000001,0.8608750000000001,0.063,109,51,58
2021-05-03,19,19,19,0.60405,0.4227630882844309,0.1356315789473684,0.8411315789473683,0.023263157894736847,477,159,318
2021-05-04,22,22,22,0.5393681818181818,0.4784731700337531,0.1138409090909091,0.8516590909090909,0.034522727272727274,645,250,395
2021-05-05,30,30,30,0.49331333333333327,0.4924421740897323,0.1062,0.8693833333333333,0.02446666666666667,935,428,507
2021-05-06,26,26,26,0.5618807692307692,0.4533306850576,0.10428846153846154,0.8772115384615385,0.0185,1025,459,566
2021-05-07,29,29,29,0.4762275862068966,0.5542613431228814,0.09643103448275861,0.8491379310344828,0.05444827586206896,990,393,597
2021-05-08,1,1,1,0.5,0.5,0.08,0.9085,0.0115,87,31,56
2021-05-09,5,5,5,0.5372300000000001,0.4659008350496917,0.12010000000000001,0.8413999999999999,0.0383,181,60,121
2021-05-10,26,26,26,0.5837173076923077,0.4491593955212995,0.12382692307692306,0.8514807692307692,0.024730769230769226,756,313,443
2021-05-11,24,24,24,0.33103125,0.5743381274549318,0.0761875,0.882,0.04185416666666667,567,232,335
2021-05-12,20,20,20,0.561505,0.4605505900278492,0.12445000000000002,0.8357749999999999,0.039724999999999996,507,217,290
2021-05-13,12,12,12,0.509175,0.5472695285460355,0.11662499999999999,0.840875,0.042625,311,125,186
2021-05-14,17,17,17,0.5175705882352942,0.45080281559315133,0.1285294117647059,0.8470882352941176,0.024411764705882355,317,146,171
2021-05-15,3,3,3,0.5635333333333333,0.578538874138021,0.151,0.7755,0.0735,77,34,43
2021-05-16,2,2,2,0.39855,0.6161105684047304,0.08,0.851,0.06925,80,31,49
2021-05-17,15,15,15,0.53319,0.4665088461826492,0.11580000000000003,0.8657666666666668,0.01833333333333333,313,152,161
2021-05-18,16,16,16,0.554240625,0.45529363592313626,0.12012500000000001,0.8495937499999999,0.03021875,395,141,254
2021-05-19,18,18,18,0.5527166666666666,0.5118947539940868,0.13002777777777774,0.8158055555555556,0.05419444444444445,420,189,231
2021-05-20,13,13,13,0.5409884615384616,0.46229495773130275,0.09707692307692309,0.8772307692307693,0.025576923076923073,295,103,192
2021-05-21,11,11,11,0.5675227272727272,0.41547792735575584,0.1084090909090909,0.8569545454545455,0.03463636363636364,160,81,79
2021-05-22,7,7,7,0.6195571428571428,0.432614991673206,0.1515,0.8253571428571428,0.02314285714285714,188,75,113
2021-05-23,4,4,4,0.484325,0.46140856827219845,0.064625,0.9216249999999999,0.013749999999999998,93,43,50
2021-05-24,15,15,15,0.5970633333333333,0.40166595780020437,0.11533333333333333,0.8738666666666668,0.01076666666666667,356,130,226
2021-05-25,8,8,8,0.5435687499999999,0.5204396683559368,0.1161875,0.831,0.052750000000000005,195,67,128
2021-05-26,14,14,14,0.49719285714285716,0.46933180003107416,0.14589285714285719,0.7946785714285713,0.05939285714285714,379,169,210
2021-05-27,15,15,15,0.5843166666666666,0.41351261333711326,0.13043333333333332,0.8517666666666667,0.017833333333333333,321,112,209
2021-05-28,21,21,21,0.5689928571428572,0.4565293394800847,0.1398095238095238,0.8193333333333334,0.04076190476190476,545,250,295
2021-05-29,2,2,2,0.4989,0.4989,0.05875,0.91925,0.02175,41,21,20
2021-05-30,3,3,3,0.5730333333333334,0.45080500465525253,0.13483333333333333,0.8451666666666666,0.020166666666666666,81,43,38
2021-05-31,4,4,4,0.5593,0.4553847631399188,0.10974999999999999,0.856375,0.033875,89,40,49
2021-06-01,9,9,9,0.6232944444444445,0.38250259036482676,0.1376666666666667,0.8433333333333334,0.019000000000000003,181,46,135
2021-06-02,16,16,16,0.47644375000000005,0.5085637570265281,0.09984375,0.8578749999999999,0.04228125,410,150,260
2021-06-03,14,14,14,0.6032178571428571,0.48569567856953644,0.1762142857142857,0.7886071428571428,0.03510714285714286,425,182,243
2021-06-04,8,8,8,0.5554749999999999,0.44448101407709195,0.1209375,0.8403125,0.038625,141,55,86
2021-06-05,5,5,5,0.48498,0.5350521092379694,0.1129,0.8064,0.08080000000000001,89,24,65
2021-06-06,5,5,5,0.25328999999999996,0.6132890940657596,0.07730000000000001,0.8638999999999999,0.058600000000000006,114,46,68
2021-06-07,19,19,19,0.52985,0.4800808039168758,0.10410526315789474,0.8508421052631581,0.04507894736842105,292,142,150
2021-06-08,19,19,19,0.5280263157894737,0.47033183173059656,0.11976315789473685,0.8461052631578948,0.034157894736842095,484,203,281
2021-06-09,9,9,9,0.6107166666666666,0.4037070475948838,0.14311111111111108,0.8171666666666666,0.03955555555555555,173,82,91
2021-06-10,17,17,17,0.512385294117647,0.5072011963779921,0.12373529411764705,0.8493823529411765,0.026941176470588236,446,186,260
2021-06-11,14,14,14,0.5683357142857142,0.44334338289080305,0.12789285714285717,0.8387142857142857,0.03332142857142858,307,160,147
2021-06-12,3,3,3,0.5484,0.46184791508316525,0.11483333333333333,0.8378333333333333,0.04733333333333333,100,45,55
2021-06-13,3,3,3,0.6455166666666666,0.38131079369575793,0.16783333333333336,0.8109999999999999,0.021166666666666667,101,35,66
2021-06-14,14,14,14,0.5552535714285715,0.475141551451582,0.10946428571428572,0.86425,0.026321428571428575,305,163,142
2021-06-15,11,11,11,0.5236136363636363,0.442563137042157,0.11645454545454545,0.861590909090909,0.02195454545454546,254,91,163
2021-06-16,12,12,12,0.5033916666666666,0.4962847879634121,0.10329166666666667,0.8578333333333333,0.038875,299,103,196
2021-06-17,11,11,11,0.5052409090909091,0.5203029848595133,0.09845454545454545,0.8465454545454546,0.05504545454545455,248,99,149
2021-06-18,11,11,11,0.5286318181818181,0.4836616768196204,0.10036363636363638,0.8690000000000001,0.030681818181818185,216,92,124
2021-06-19,2,2,2,0.6633,0.4047823921565759,0.16525,0.8145000000000001,0.0205,63,10,53
2021-06-20,6,6,6,0.5472583333333333,0.5083390690250181,0.12083333333333335,0.8259166666666666,0.05308333333333334,223,96,127
2021-06-21,25,25,25,0.6080639999999999,0.4217041805626309,0.13856,0.8444600000000001,0.01702,573,197,376
2021-06-22,18,18,18,0.5524416666666666,0.456579835038615,0.09647222222222224,0.8800555555555554,0.02358333333333333,400,152,248
2021-06-23,12,12,12,0.6224,0.4184086977266765,0.12345833333333334,0.8670416666666666,0.009583333333333334,258,72,186
2021-06-24,14,14,14,0.5462714285714286,0.49734699790642206,0.09560714285714288,0.8746785714285714,0.029678571428571433,384,163,221
2021-06-25,9,9,9,0.6204166666666666,0.40523834310467494,0.146,0.8352777777777779,0.018777777777777775,200,69,131
2021-06-26,2,2,2,0.6643749999999999,0.33957003235709715,0.1445,0.8370000000000001,0.018500000000000003,65,8,57
2021-06-27,4,4,4,0.636425,0.41340819340574275,0.15812500000000002,0.8318749999999999,0.009875,105,23,82
2021-06-28,27,27,27,0.5348277777777778,0.4675447855025412,0.10572222222222222,0.8748333333333334,0.019444444444444445,608,261,347
2021-06-29,14,14,14,0.6234785714285714,0.42573618957312626,0.1394642857142857,0.8300714285714286,0.030500000000000003,367,104,263
2021-06-30,22,22,22,0.5505909090909091,0.5050785397153513,0.13529545454545455,0.8114545454545454,0.05334090909090909,523,190,333
2021-07-01,10,10,10,0.49379,0.4897359695795276,0.11345000000000001,0.8472999999999999,0.03925,163,77,86
2021-07-02,11,11,11,0.6149818181818182,0.4157854436172182,0.14445454545454545,0.8369090909090908,0.018681818181818185,327,94,233
2021-07-03,2,2,2,0.2933,0.7093555843157928,0.0665,0.73275,0.20075,39,13,26
2021-07-04,3,3,3,0.5323,0.46973817529910566,0.09600000000000002,0.8801666666666668,0.02366666666666667,77,36,41
2021-07-05,3,3,3,0.6896,0.37918700751300366,0.18666666666666668,0.7981666666666666,0.015166666666666667,83,11,72
2021-07-06,14,14,14,0.5743928571428573,0.5067183001069385,0.13542857142857143,0.8151785714285715,0.04939285714285714,231,83,148
2021-07-07,15,15,15,0.5341633333333333,0.46579480924782984,0.09406666666666669,0.8843000000000001,0.021633333333333338,227,88,139
2021-07-08,11,11,11,0.6037909090909092,0.4254465439224265,0.11318181818181819,0.8608181818181818,0.02581818181818182,189,102,87
2021-07-09,20,20,20,0.5682375,0.4552850912820999,0.12007500000000002,0.847725,0.03225,456,189,267
2021-07-10,5,5,5,0.48745000000000005,0.522341011696382,0.0885,0.8559000000000001,0.055600000000000004,150,53,97
2021-07-11,4,4,4,0.58,0.43850307581589437,0.12475,0.858375,0.017125,135,43,92
2021-07-12,14,14,14,0.5758892857142858,0.45800069895399387,0.11321428571428573,0.8510714285714285,0.03571428571428571,297,116,181
2021-07-13,21,21,21,0.6011166666666667,0.4183934852883659,0.13745238095238096,0.8262380952380952,0.036333333333333336,392,159,233
2021-07-14,25,25,25,0.49638999999999994,0.5012267220530047,0.10464000000000001,0.85556,0.03974,494,182,312
2021-07-15,26,26,26,0.37570961538461545,0.5458196899581453,0.09853846153846152,0.8524423076923077,0.04898076923076923,400,183,217
2021-07-16,17,17,17,0.5340499999999999,0.49110723475572193,0.09682352941176471,0.8702647058823529,0.03288235294117647,352,172,180
2021-07-17,1,1,1,0.4998,0.4998,0.0935,0.888,0.0185,24,1,23
2021-07-18,5,5,5,0.5373699999999999,0.46653475336784933,0.0913,0.8898999999999999,0.018699999999999998,134,59,75
2021-07-19,12,12,12,0.49284583333333326,0.4817593659175767,0.08154166666666667,0.8743333333333334,0.04420833333333333,240,110,130
2021-07-20,19,19,19,0.46527631578947365,0.48876887306902367,0.10049999999999999,0.8535263157894736,0.046,396,185,211
2021-07-21,20,20,20,0.5702200000000001,0.4702091014644442,0.12542499999999998,0.84055,0.034125,524,184,340
2021-07-22,24,24,24,0.54278125,0.4848090086382171,0.10960416666666667,0.8534583333333333,0.036937500000000005,699,310,389
2021-07-23,22,22,22,0.6088318181818182,0.4394011109002008,0.13670454545454544,0.8365681818181817,0.02668181818181818,634,227,407
2021-07-24,4,4,4,0.46928749999999997,0.4365726326669481,0.08837500000000001,0.892625,0.019125,72,25,47
2021-07-25,7,7,7,0.48117857142857146,0.5260172555270833,0.09192857142857144,0.8597857142857144,0.0482857142857143,195,68,127
2021-07-26,26,26,26,0.4739403846153846,0.5193304021895055,0.09723076923076925,0.8727115384615386,0.030134615384615385,642,264,378
2021-07-27,28,28,28,0.42942678571428566,0.4949405481942364,0.06485714285714286,0.9073035714285714,0.02782142857142857,703,338,365
2021-07-28,34,34,34,0.5491117647058823,0.4491893733125104,0.1079264705882353,0.8709117647058824,0.021191176470588234,909,374,535
2021-07-29,20,20,20,0.5574675,0.4456676504905309,0.129,0.8405249999999999,0.030500000000000006,650,232,418
2021-07-30,22,22,22,0.5708590909090909,0.4466718458464791,0.11495454545454545,0.8477727272727275,0.03722727272727273,736,379,357
2021-07-31,5,5,5,0.54637,0.524096121050328,0.15439999999999998,0.7725,0.0732,151,72,79
2021-08-01,8,8,8,0.49453749999999996,0.5296277594629553,0.08331250000000001,0.8681874999999999,0.048625,208,100,108
2021-08-02,15,15,15,0.5169066666666666,0.4391641704672892,0.09133333333333334,0.897,0.011800000000000003,340,127,213
2021-08-03,23,23,23,0.5533130434782608,0.46953097161755847,0.11928260869565216,0.8435,0.03723913043478261,649,255,394
2021-08-04,20,20,20,0.4977625,0.5103239371651598,0.085425,0.8725750000000001,0.04195,722,296,426
2021-08-05,14,14,14,0.5867535714285713,0.4487486502026201,0.1177857142857143,0.8600000000000001,0.02214285714285714,591,178,413
2021-08-06,16,16,16,0.5481125,0.47247094272425894,0.09765625,0.88159375,0.02078125,530,204,326
2021-08-07,7,7,7,0.6141928571428572,0.4310821606546644,0.1447142857142857,0.8369285714285714,0.018357142857142857,349,133,216
2021-08-08,4,4,4,0.646975,0.4222873244308903,0.155625,0.8222499999999999,0.022250000000000002,155,52,103
2021-08-09,8,8,8,0.46659375000000003,0.494321850453667,0.05075,0.9304375,0.018812500000000003,182,63,119
2021-08-10,16,16,16,0.53031875,0.4588137860542526,0.08771875,0.8895625,0.02278125,477,193,284
2021-08-11,12,12,12,0.42982916666666665,0.5274674148538836,0.089625,0.8604583333333332,0.049916666666666665,272,104,168
2021-08-12,18,18,18,0.5324361111111111,0.5229115142656005,0.11738888888888886,0.8481944444444445,0.03433333333333333,515,249,266
2021-08-13,9,9,9,0.5057555555555555,0.49388606785846,0.08894444444444444,0.8782777777777778,0.03272222222222223,187,88,99
2021-08-14,4,4,4,0.5615875,0.4464172527958009,0.11975000000000001,0.8665,0.01375,105,26,79
2021-08-15,8,8,8,0.46211874999999997,0.5138505147642041,0.09025,0.873,0.036875,238,65,173
2021-08-16,20,20,20,0.48047749999999995,0.5232447651374547,0.08992499999999999,0.8585499999999999,0.051550000000000006,549,248,301
2021-08-17,15,15,15,0.5333166666666666,0.4778223805860174,0.11493333333333335,0.8428000000000001,0.04223333333333333,315,192,123
2021-08-18,15,15,15,0.5519366666666667,0.4922326099744126,0.11536666666666667,0.8516,0.032933333333333335,353,142,211
2021-08-19,14,14,14,0.4798071428571428,0.47787681685957173,0.07657142857142858,0.8888571428571428,0.03453571428571429,246,107,139
2021-08-20,14,14,14,0.42964285714285716,0.5935736591843939,0.09307142857142858,0.8559285714285714,0.05103571428571428,350,137,213
2021-08-21,4,4,4,0.5973625,0.4247009858050132,0.14500000000000002,0.835625,0.0195,89,35,54
2021-08-22,6,6,6,0.5839916666666667,0.43156868603258147,0.11958333333333333,0.8670833333333333,0.013416666666666667,144,48,96
2021-08-23,16,16,16,0.5915874999999999,0.3887206779536561,0.149375,0.82090625,0.02971875,324,156,168
2021-08-24,19,19,19,0.5211868421052633,0.483147842237186,0.12810526315789475,0.8376842105263159,0.03426315789473684,428,165,263
2021-08-25,9,9,9,0.4731444444444445,0.4344147023067324,0.09999999999999999,0.8522777777777778,0.04761111111111112,176,73,103
2021-08-26,9,9,9,0.5524777777777777,0.4893201480461954,0.11466666666666667,0.8480555555555556,0.03727777777777778,217,79,138
2021-08-27,21,21,21,0.5256904761904762,0.4652692967311787,0.11195238095238096,0.8677380952380951,0.020261904761904762,670,277,393
2021-08-28,3,3,3,0.5621166666666667,0.4400320648038681,0.1505,0.7938333333333333,0.0555,81,24,57
2021-08-29,3,3,3,0.58715,0.44746517834724675,0.13733333333333334,0.8454999999999999,0.017166666666666667,139,45,94
2021-08-30,23,23,23,0.4935869565217391,0.5097571078075345,0.11228260869565215,0.8450434782608696,0.042717391304347825,530,188,342
2021-08-31,19,19,19,0.49391315789473683,0.4880740610167642,0.10947368421052632,0.8518157894736842,0.03871052631578947,368,160,208
2021-09-01,19,19,19,0.5757289473684211,0.42735713766055,0.12510526315789475,0.8528157894736841,0.022131578947368422,513,238,275
2021-09-02,21,21,21,0.4314738095238094,0.5496675935160067,0.10576190476190477,0.8586190476190477,0.03557142857142857,476,215,261
2021-09-03,14,14,14,0.5554035714285714,0.39104766560223725,0.13875,0.8420714285714286,0.01917857142857143,271,145,126
2021-09-04,3,3,3,0.57155,0.4503772779570479,0.12716666666666668,0.8446666666666668,0.027999999999999997,63,29,34
2021-09-05,4,4,4,0.4026125,0.6407002408254191,0.065125,0.85,0.08487499999999999,102,52,50
2021-09-06,1,1,1,0.49535,0.49535,0.0385,0.9405,0.0215,20,7,13
2021-09-07,17,17,17,0.41699411764705885,0.5748994039580144,0.07561764705882353,0.8647352941176469,0.05973529411764706,327,158,169
2021-09-08,18,18,18,0.2697916666666667,0.5565207200769797,0.09725,0.8415833333333335,0.06127777777777779,361,221,140
2021-09-09,17,17,17,0.1563705882352941,0.6500711149013358,0.09420588235294117,0.8327941176470589,0.07305882352941176,269,235,34
2021-09-10,20,20,20,0.46870500000000004,0.4946897300076079,0.0885,0.88425,0.027175000000000005,367,181,186
2021-09-11,6,6,6,0.5642666666666666,0.4819088681713818,0.15125000000000002,0.8048333333333333,0.043833333333333335,175,56,119
2021-09-12,3,3,3,0.5477833333333333,0.4957609787544352,0.10833333333333334,0.8436666666666667,0.04800000000000001,77,40,37
2021-09-13,18,18,18,0.5672333333333335,0.43413250985282265,0.13097222222222224,0.8245555555555556,0.04452777777777778,371,145,226
2021-09-14,25,25,25,0.5366599999999999,0.4497465624104313,0.09527999999999999,0.88348,0.021299999999999996,461,177,284
2021-09-15,17,17,17,0.45135294117647057,0.5915882894852258,0.1280294117647059,0.8214117647058824,0.050676470588235295,434,256,178
2021-09-16,16,16,16,0.529671875,0.43093775234537574,0.135,0.8356250000000001,0.0293125,366,130,236
2021-09-17,8,8,8,0.6227750000000001,0.411181872016508,0.14218750000000002,0.8461875,0.011624999999999998,204,39,165
2021-09-18,3,3,3,0.63315,0.4100980441715534,0.159,0.8226666666666667,0.018166666666666668,81,40,41
2021-09-19,9,9,9,0.6315944444444445,0.42759134498077617,0.15244444444444447,0.8140000000000001,0.03344444444444444,232,87,145
2021-09-20,25,25,25,0.41470199999999996,0.5626925673900447,0.11821999999999998,0.83808,0.043739999999999994,501,261,240
2021-09-21,18,18,18,0.3962333333333334,0.5832778511710063,0.10691666666666667,0.8543333333333334,0.038916666666666676,484,238,246
2021-09-22,4,4,4,0.6525375,0.36696463364164944,0.141375,0.84175,0.016875,70,27,43
2021-09-23,15,15,15,0.37996333333333326,0.6090006412056468,0.10526666666666668,0.8234666666666666,0.07129999999999997,333,185,148
2021-09-24,17,17,17,0.48482058823529406,0.5150848101380472,0.12005882352941179,0.823764705882353,0.05626470588235294,360,162,198
2021-09-25,3,3,3,0.8029000000000001,0.22877855377343975,0.26999999999999996,0.7081666666666667,0.021833333333333333,79,21,58
2021-09-26,5,5,5,0.5182800000000001,0.5149234346968489,0.11950000000000001,0.8328000000000001,0.0475,147,74,73
2021-09-27,15,15,15,0.5461733333333333,0.4941421191879473,0.12906666666666666,0.8199666666666668,0.051,244,95,149
2021-09-28,12,12,12,0.39365,0.5390767964770882,0.129,0.7917083333333332,0.07929166666666666,282,158,124
2021-09-29,14,14,14,0.46938928571428573,0.47808878086104895,0.12092857142857143,0.8470357142857141,0.031892857142857146,222,108,114
2021-09-30,6,6,6,0.5564833333333334,0.42729103242273747,0.11575000000000002,0.8571666666666667,0.02691666666666667,195,67,128
2021-10-01,11,11,11,0.4132045454545455,0.5828976516096682,0.10327272727272728,0.8431363636363636,0.053636363636363635,235,120,115
2021-10-02,6,6,6,0.6735416666666666,0.375227323228496,0.1885,0.7934999999999999,0.018000000000000002,154,34,120
2021-10-03,6,6,6,0.6364166666666666,0.3890198384687113,0.16608333333333333,0.807,0.026999999999999996,205,65,140
2021-10-04,21,21,21,0.4715595238095239,0.503475286223533,0.07980952380952382,0.871547619047619,0.04864285714285715,297,173,124
2021-10-05,17,17,17,0.46366470588235287,0.46597000022240315,0.08041176470588234,0.8827352941176471,0.036823529411764706,398,201,197
2021-10-06,17,17,17,0.48190588235294113,0.5250491483667905,0.10308823529411766,0.8542058823529411,0.042705882352941184,324,159,165
2021-10-07,18,18,18,0.5016027777777778,0.5277773975656526,0.10927777777777778,0.8281944444444445,0.062472222222222214,341,171,170
2021-10-08,8,8,8,0.52591875,0.41085397986807615,0.10650000000000001,0.8731875,0.0203125,158,70,88
2021-10-09,2,2,2,0.498475,0.49847653593223423,0.0605,0.9085,0.0315,41,24,17
2021-10-10,2,2,2,0.5497,0.4542175084692355,0.11775,0.8605,0.021750000000000002,69,26,43
2021-10-11,18,18,18,0.5405777777777778,0.4879388560915708,0.12805555555555556,0.8141666666666668,0.05777777777777778,423,219,204
2021-10-12,18,18,18,0.5045166666666666,0.4987166672236518,0.1255277777777778,0.8366388888888889,0.03788888888888889,351,166,185
2021-10-13,26,26,26,0.5233115384615384,0.4863096491607625,0.10940384615384616,0.8520576923076923,0.03867307692307693,577,200,377
2021-10-14,23,23,23,0.5700021739130435,0.45925440495822684,0.12676086956521737,0.843195652173913,0.029934782608695656,499,218,281
2021-10-15,15,15,15,0.6383833333333333,0.4387986729570737,0.1523,0.8152,0.0325,375,178,197
2021-10-16,3,3,3,0.5786333333333333,0.4488044179323055,0.1406666666666667,0.8436666666666667,0.015666666666666666,58,21,37
2021-10-17,7,7,7,0.5678857142857143,0.4723519584515991,0.12307142857142857,0.85,0.027,296,116,180
2021-10-18,17,17,17,0.624120588235294,0.41740987317405825,0.15211764705882355,0.803264705882353,0.04461764705882353,373,217,156
2021-10-19,24,24,24,0.5550520833333333,0.44680829361781066,0.11866666666666666,0.8431458333333334,0.0381875,634,286,348
2021-10-20,10,10,10,0.59399,0.44936132221187,0.16265,0.7888499999999998,0.04870000000000001,222,120,102
2021-10-21,21,21,21,0.41497380952380947,0.5361650439128413,0.10307142857142855,0.8651904761904761,0.03169047619047619,521,253,268
2021-10-22,29,29,29,0.28838103448275865,0.6260529716094307,0.08344827586206896,0.8622758620689656,0.0543448275862069,654,399,255
2021-10-23,7,7,7,0.5571642857142858,0.4908928506989554,0.13514285714285715,0.8172857142857144,0.0475,197,91,106
2021-10-24,7,7,7,0.48016428571428577,0.48346446406142835,0.096,0.8552857142857143,0.04864285714285715,204,97,107
2021-10-25,27,27,27,0.4353870370370371,0.5487954209823738,0.08620370370370369,0.8780185185185186,0.03579629629629629,583,296,287
2021-10-26,32,32,32,0.53270625,0.48157453923140237,0.111,0.8669375,0.0220625,872,374,498
2021-10-27,21,21,21,0.4623238095238095,0.5295652717580281,0.0976190476190476,0.8856666666666667,0.01673809523809524,630,304,326
2021-10-28,29,29,29,0.5232706896551724,0.4837637400734673,0.11272413793103449,0.8628965517241379,0.024431034482758622,986,447,539
2021-10-29,50,50,50,0.466537,0.5270955922135946,0.10873999999999998,0.8413299999999999,0.04989999999999999,1124,631,493
2021-10-30,4,4,4,0.4993125,0.4993130191510632,0.06825,0.9103749999999999,0.021374999999999998,142,60,82
2021-10-31,7,7,7,0.6668357142857143,0.37504222163671663,0.1625,0.8019285714285714,0.03564285714285714,216,85,131
2021-11-01,18,18,18,0.5110944444444444,0.4787239542926384,0.08469444444444445,0.8890833333333332,0.026111111111111113,378,139,239
2021-11-02,13,13,13,0.44163461538461546,0.5354306411610031,0.08730769230769232,0.868423076923077,0.04426923076923076,388,197,191
2021-11-03,18,18,18,0.5323527777777778,0.4859975425670102,0.0956111111111111,0.8714444444444445,0.03305555555555555,661,271,390
2021-11-04,27,27,27,0.5435333333333334,0.47695638437135174,0.10155555555555554,0.8835000000000001,0.014888888888888889,1469,575,894
2021-11-05,16,16,16,0.516371875,0.5175265791691133,0.09315625,0.87484375,0.032,707,314,393
2021-11-06,8,8,8,0.55061875,0.46531350751234113,0.0965,0.8876875,0.015875,332,137,195
2021-11-07,11,11,11,0.5903818181818182,0.43214558325171726,0.11936363636363635,0.8616363636363634,0.018954545454545457,411,171,240
2021-11-08,13,13,13,0.46174615384615386,0.5536432378282059,0.08392307692307692,0.8574230769230768,0.05857692307692308,431,182,249
2021-11-09,10,10,10,0.5183250000000001,0.47275923034352274,0.10945,0.8762000000000001,0.014450000000000001,283,112,171
2021-11-10,20,20,20,0.2923125,0.6300764291685176,0.0898,0.84405,0.06615,517,251,266
2021-11-11,20,20,20,0.5409525000000001,0.47692178813066405,0.09605,0.8853249999999999,0.01865,735,282,453
2021-11-12,19,19,19,0.47926052631578947,0.4740489917716553,0.11073684210526316,0.8558157894736842,0.03347368421052632,446,215,231
2021-11-13,6,6,6,0.5059333333333335,0.4984972422747748,0.08374999999999999,0.8576666666666667,0.05866666666666667,177,94,83
2021-11-14,6,6,6,0.511875,0.49157873924225,0.09358333333333334,0.8765833333333334,0.029833333333333333,229,93,136
2021-11-15,17,17,17,0.5577882352941177,0.4633228532375453,0.11779411764705883,0.8315588235294119,0.050617647058823524,382,136,246
2021-11-16,15,15,15,0.5295233333333333,0.48426874266487835,0.09893333333333333,0.8637666666666666,0.03733333333333333,384,119,265
2021-11-17,21,21,21,0.539154761904762,0.4885506057534738,0.1318809523809524,0.8475476190476189,0.020642857142857143,604,229,375
2021-11-18,13,13,13,0.43894999999999995,0.576009688920915,0.11911538461538461,0.8254615384615386,0.05553846153846154,344,135,209
2021-11-19,27,27,27,0.5075981481481482,0.508750710433844,0.10292592592592592,0.8589999999999999,0.038018518518518514,676,283,393
2021-11-20,3,3,3,0.761,0.24176313476899935,0.2728333333333333,0.7066666666666667,0.0205,63,19,44
2021-11-21,6,6,6,0.5542833333333334,0.4775721199172144,0.11108333333333331,0.8399166666666668,0.04916666666666667,140,64,76
2021-11-22,13,13,13,0.5307615384615384,0.4706985799172276,0.09023076923076924,0.8783461538461539,0.03134615384615384,305,144,161
2021-11-23,14,14,14,0.5897178571428571,0.43010039613159046,0.13785714285714284,0.8236428571428572,0.038571428571428576,320,158,162
2021-11-24,13,13,13,0.5436730769230769,0.46223508134821845,0.10373076923076924,0.8667692307692308,0.029423076923076927,408,182,226
2021-11-25,5,5,5,0.5243599999999999,0.5082530653129403,0.14010000000000003,0.7928,0.0672,120,45,75
2021-11-26,14,14,14,0.3591750000000001,0.6209347507847687,0.08892857142857144,0.8431428571428572,0.06803571428571428,309,129,180
2021-11-27,1,1,1,0.75345,0.24284999999999995,0.2365,0.6955,0.068,14,5,9
2021-11-28,5,5,5,0.48157000000000005,0.5822881830331095,0.1048,0.837,0.058100000000000006,86,55,31
2021-11-29,19,19,19,0.4544342105263158,0.4946911776028161,0.08494736842105262,0.8867894736842106,0.028210526315789474,347,129,218
2021-11-30,13,13,13,0.5279423076923077,0.46419960657945486,0.09846153846153845,0.8756923076923075,0.02576923076923077,274,116,158
2021-12-01,19,19,19,0.4695578947368421,0.5567347765184438,0.10076315789473683,0.8539736842105263,0.04521052631578947,430,230,200
2021-12-02,25,25,25,0.49202200000000007,0.45623059839953745,0.10758,0.8441799999999999,0.04824,457,267,190
2021-12-03,16,16,16,0.42456874999999994,0.5614414269524804,0.09384375,0.8501875000000001,0.055968750000000005,324,194,130
2021-12-04,2,2,2,0.6501,0.35567177987577253,0.17575000000000002,0.80825,0.016,66,22,44
2021-12-05,5,5,5,0.50751,0.546767355371551,0.11839999999999999,0.8242,0.05740000000000001,188,106,82
2021-12-06,14,14,14,0.51375,0.4674208630498704,0.08857142857142855,0.8774642857142858,0.033999999999999996,244,117,127
2021-12-07,20,20,20,0.5457924999999999,0.4728890596046286,0.0876,0.8852,0.027125,403,227,176
2021-12-08,23,23,23,0.4879304347826086,0.5287373983983243,0.10502173913043479,0.8554782608695654,0.0395,562,240,322
2021-12-09,15,15,15,0.5051033333333332,0.43372020050053267,0.09016666666666667,0.8784000000000002,0.0314,314,194,120
2021-12-10,12,12,12,0.4872375,0.5244608174214892,0.08129166666666666,0.8754583333333334,0.04329166666666667,386,155,231
2021-12-11,7,7,7,0.5357928571428572,0.4693825647505846,0.09671428571428574,0.8847857142857142,0.0185,209,103,106
2021-12-12,3,3,3,0.55935,0.4504608371804738,0.09449999999999999,0.8891666666666667,0.0165,89,31,58
2021-12-13,25,25,25,0.639824,0.38335027041075637,0.14594,0.83816,0.0159,462,170,292
2021-12-14,20,20,20,0.5616949999999999,0.47499865576125583,0.12465000000000001,0.8345500000000001,0.04085,396,215,181
2021-12-15,23,23,23,0.48508478260869575,0.5130210297271878,0.1013913043478261,0.8744347826086958,0.024130434782608692,402,166,236
2021-12-16,24,24,24,0.4413520833333333,0.5621278161257691,0.10597916666666667,0.8316875,0.06229166666666667,478,227,251
2021-12-17,22,22,22,0.4900227272727273,0.5031722386580945,0.09370454545454546,0.8631590909090909,0.04311363636363636,464,198,266
2021-12-18,3,3,3,0.5800833333333334,0.5198981964983359,0.1895,0.7551666666666668,0.05533333333333334,83,21,62
2021-12-19,3,3,3,0.5096166666666667,0.506693600435433,0.09766666666666667,0.8559999999999999,0.04616666666666667,91,44,47
2021-12-20,17,17,17,0.32295294117647055,0.6246780423618207,0.08850000000000001,0.8507941176470588,0.060735294117647054,285,171,114
2021-12-21,17,17,17,0.6254558823529413,0.39393788790140694,0.12452941176470589,0.8593235294117647,0.01623529411764706,356,174,182
2021-12-22,15,15,15,0.6153066666666667,0.4702055181395566,0.16760000000000003,0.787,0.04536666666666666,311,110,201
2021-12-23,25,25,25,0.5211960000000001,0.4745811449941938,0.12074000000000001,0.8504999999999999,0.028779999999999997,515,191,324
2021-12-24,5,5,5,0.04633,0.6313439950613294,0.058899999999999994,0.8082,0.13269999999999998,82,83,-1
2021-12-26,5,5,5,0.59992,0.46932785299830654,0.1659,0.7989,0.0351,136,45,91
2021-12-27,18,18,18,0.5566444444444445,0.46609042663679456,0.13030555555555556,0.8415833333333333,0.028166666666666666,344,168,176
2021-12-28,23,23,23,0.47653478260869564,0.4478118841352681,0.11719565217391302,0.8466304347826086,0.036239130434782614,437,172,265
2021-12-29,13,13,13,0.582276923076923,0.454281889196643,0.11403846153846155,0.8533846153846155,0.032461538461538465,362,126,236
2021-12-30,16,16,16,0.548371875,0.48335242915649484,0.10278125,0.8669375,0.030250000000000003,282,134,148
2021-12-31,14,14,14,0.5685392857142857,0.4493534071619589,0.13225,0.8428214285714287,0.02503571428571429,269,91,178
2022-01-01,4,4,4,0.6433,0.4199568608797813,0.166,0.811625,0.02225,95,35,60
2022-01-02,3,3,3,0.7077333333333334,0.35813400502543113,0.17533333333333334,0.8093333333333333,0.015333333333333332,92,30,62
2022-01-03,23,23,23,0.5436195652173912,0.49900385448522877,0.12254347826086956,0.8412608695652174,0.036217391304347826,482,188,294
2022-01-04,19,19,19,0.5842736842105264,0.41219610348538216,0.10771052631578948,0.8800526315789474,0.012263157894736842,355,92,263
2022-01-05,18,18,18,0.5736416666666667,0.4565832091470294,0.10855555555555556,0.8640555555555556,0.027527777777777776,420,158,262
2022-01-06,15,15,15,0.57704,0.4689844905751149,0.12136666666666666,0.8498666666666668,0.028633333333333337,332,108,224
2022-01-07,25,25,25,0.45360200000000006,0.5856106913265843,0.10405999999999999,0.8423,0.05364000000000001,552,242,310
2022-01-08,6,6,6,0.6092916666666667,0.4369518841900356,0.15891666666666668,0.7864166666666668,0.05475,129,53,76
2022-01-09,6,6,6,0.5986250000000001,0.415135241266827,0.1405,0.8420000000000001,0.017583333333333333,175,48,127
2022-01-10,16,16,16,0.5918125,0.4459407890558454,0.132375,0.8445,0.023218750000000003,255,131,124
2022-01-11,19,19,19,0.49710000000000004,0.5301517791608064,0.12057894736842108,0.8518684210526316,0.027578947368421054,493,201,292
2022-01-12,24,24,24,0.5593229166666666,0.4397667100480584,0.11452083333333334,0.863125,0.022354166666666665,663,234,429
2022-01-13,26,26,26,0.6381788461538461,0.3985368983672743,0.16163461538461538,0.8120192307692308,0.026365384615384617,630,231,399
2022-01-14,22,22,22,0.5175727272727273,0.4871756713042471,0.08409090909090909,0.8807045454545454,0.03515909090909091,419,229,190
2022-01-15,5,5,5,0.51068,0.4730469295957854,0.1143,0.8561,0.029500000000000005,89,26,63
2022-01-16,3,3,3,0.65555,0.4071503438534714,0.18733333333333335,0.769,0.043666666666666666,75,13,62
2022-01-17,12,12,12,0.5031333333333333,0.4852010430967994,0.10620833333333331,0.864375,0.029416666666666664,319,128,191
2022-01-18,29,29,29,0.5124672413793104,0.49086966258978637,0.10779310344827588,0.845396551724138,0.046810344827586205,697,329,368
2022-01-19,28,28,28,0.5602071428571429,0.47590290420914,0.11900000000000001,0.8546428571428571,0.026446428571428572,699,232,467
2022-01-20,24,24,24,0.5527687499999999,0.4679426915393638,0.11345833333333333,0.8543958333333332,0.03202083333333333,561,260,301
2022-01-21,34,34,34,0.42250147058823523,0.5886350388555082,0.09101470588235294,0.8423382352941176,0.06670588235294117,773,405,368
2022-01-22,3,3,3,0.7481333333333334,0.35311090640508713,0.20833333333333334,0.7698333333333333,0.022000000000000002,64,26,38
2022-01-23,6,6,6,0.41912499999999997,0.5632151381798965,0.10975,0.7703333333333334,0.12000000000000001,167,80,87
2022-01-24,37,37,37,0.4469297297297297,0.5398325072398845,0.10041891891891891,0.869418918918919,0.03013513513513514,820,417,403
2022-01-25,27,27,27,0.5369962962962963,0.46546054093925915,0.10262962962962965,0.8719074074074075,0.0255,632,292,340
2022-01-26,33,33,33,0.5604393939393939,0.46143596386838753,0.11230303030303031,0.8512878787878787,0.03639393939393939,872,356,516
2022-01-27,27,27,27,0.4032518518518518,0.5907069784152059,0.09342592592592591,0.8630185185185185,0.04357407407407407,658,357,301
2022-01-28,37,37,37,0.5098202702702703,0.44045897160825,0.10141891891891892,0.8677567567567568,0.030864864864864863,693,364,329
2022-01-29,5,5,5,0.52322,0.4985483101967151,0.0946,0.8702,0.034999999999999996,197,77,120
2022-01-30,4,4,4,0.5077375,0.48901511974963513,0.076625,0.90175,0.021875,109,50,59
2022-01-31,32,32,32,0.4056156249999999,0.5746824762474139,0.087234375,0.887015625,0.025734375,788,323,465
2022-02-01,22,22,22,0.4957522727272728,0.5286012083743612,0.10215909090909091,0.8607727272727274,0.037000000000000005,734,288,446
2022-02-02,31,31,31,0.5835951612903226,0.41974882828610083,0.12596774193548385,0.848983870967742,0.02506451612903226,859,292,567
2022-02-03,29,29,29,0.4153879310344828,0.5534208653138089,0.10862068965517241,0.8320689655172413,0.059310344827586195,783,403,380
2022-02-04,20,20,20,0.54104,0.4897373596122721,0.11324999999999999,0.85,0.03674999999999999,465,164,301
2022-02-05,5,5,5,0.51279,0.4841133946711245,0.0853,0.8697000000000001,0.0448,107,67,40
2022-02-06,6,6,6,0.5466000000000001,0.46345938872785825,0.1075,0.8755000000000001,0.017,192,70,122
2022-02-07,29,29,29,0.4868758620689655,0.5263516683052359,0.11494827586206896,0.8438620689655172,0.04113793103448275,670,312,358
2022-02-08,34,34,34,0.5726852941176471,0.43856286499023484,0.12861764705882356,0.8370735294117646,0.03444117647058823,832,429,403
2022-02-09,28,28,28,0.5507964285714285,0.4757100677499621,0.11030357142857142,0.8662321428571429,0.023482142857142858,770,218,552
2022-02-10,28,28,28,0.5356642857142857,0.481077302011022,0.0990357142857143,0.870732142857143,0.030178571428571426,778,305,473
2022-02-11,26,26,26,0.4494923076923077,0.5587700861459906,0.09155769230769231,0.8654038461538461,0.04296153846153846,802,351,451
2022-02-12,6,6,6,0.5638666666666666,0.5025153203855801,0.16374999999999998,0.7638333333333333,0.07241666666666667,181,61,120
2022-02-13,3,3,3,0.49938333333333335,0.49938336448286125,0.06583333333333334,0.9133333333333332,0.020833333333333332,94,31,63
2022-02-14,29,29,29,0.47553965517241376,0.5556999202433826,0.14062068965517244,0.8014827586206896,0.057982758620689655,737,287,450
2022-02-15,24,24,24,0.49628958333333334,0.520622476480312,0.119625,0.8383958333333333,0.04197916666666666,612,194,418
2022-02-16,29,29,29,0.44837068965517235,0.5381052092387411,0.10141379310344828,0.8365344827586207,0.06203448275862069,765,359,406
2022-02-17,24,24,24,0.4375708333333333,0.5780605767558497,0.11633333333333334,0.824,0.059666666666666666,600,206,394
2022-02-18,18,18,18,0.46519166666666667,0.5608751833692096,0.10363888888888889,0.851388888888889,0.04508333333333333,400,155,245
2022-02-19,4,4,4,0.6129875,0.4181857405433021,0.11987500000000001,0.86175,0.018375000000000002,99,63,36
2022-02-20,5,5,5,0.52493,0.5259536710585828,0.11520000000000001,0.8169000000000001,0.06799999999999999,114,30,84
2022-02-21,5,5,5,0.46254,0.46908253261020066,0.12410000000000002,0.8301000000000001,0.0458,84,53,31
2022-02-22,26,26,26,0.435998076923077,0.597336261275643,0.12107692307692307,0.8284423076923078,0.05040384615384615,569,219,350
2022-02-23,23,23,23,0.560213043478261,0.4569019615175265,0.11141304347826085,0.8621521739130438,0.026391304347826085,689,268,421
2022-02-24,20,20,20,0.3851325,0.6320419683009586,0.093825,0.837425,0.0688,505,270,235
2022-02-25,26,26,26,0.5445307692307692,0.4856023830644469,0.09732692307692306,0.8711538461538461,0.03148076923076923,815,289,526
2022-02-26,2,2,2,0.499425,0.4994250012514391,0.07275000000000001,0.9105000000000001,0.017,68,19,49
2022-02-27,6,6,6,0.25921666666666665,0.6789500470497729,0.07816666666666666,0.8374166666666666,0.08441666666666665,140,78,62
2022-02-28,17,17,17,0.469485294117647,0.5334709987885404,0.10879411764705882,0.8572647058823529,0.03397058823529412,455,198,257
2022-03-01,25,25,25,0.31812199999999996,0.6587992317208635,0.09892,0.8442599999999999,0.0568,721,379,342
2022-03-02,37,37,37,0.31836891891891894,0.6465175491286093,0.10427027027027028,0.8379054054054055,0.05779729729729729,1076,504,572
2022-03-03,25,25,25,0.4372480000000001,0.6060364362775559,0.12038,0.8365600000000001,0.043039999999999995,607,241,366
2022-03-04,13,13,13,0.4504,0.5583037186941283,0.1195769230769231,0.8173846153846154,0.06292307692307691,385,212,173
2022-03-05,1,1,1,0.81195,0.18705,0.255,0.732,0.0125,19,8,11
2022-03-06,4,4,4,0.5457125,0.49296402109459264,0.12662500000000002,0.81175,0.0615,96,49,47
2022-03-07,20,20,20,0.2572875,0.6582521181840207,0.06665000000000001,0.8704000000000001,0.063,437,228,209
2022-03-08,28,28,28,0.5299053571428571,0.5027853491229927,0.12869642857142854,0.8293035714285715,0.04205357142857143,694,265,429
2022-03-09,31,31,31,0.5600145161290322,0.42822859393115,0.12037096774193548,0.8616935483870968,0.017983870967741934,827,367,460
2022-03-10,28,28,28,0.3482785714285714,0.6335371701560909,0.10548214285714286,0.8402678571428571,0.05426785714285714,637,265,372
2022-03-11,31,31,31,0.5792209677419354,0.4484787599304352,0.13640322580645162,0.8399032258064515,0.023693548387096777,880,372,508
2022-03-12,6,6,6,0.6882833333333335,0.37813395076642115,0.1855,0.7808333333333334,0.03383333333333333,184,59,125
2022-03-13,4,4,4,0.6124,0.43536639167487423,0.1525,0.819625,0.027875,79,33,46
2022-03-14,24,24,24,0.5422270833333332,0.48360496694943045,0.10220833333333335,0.8573749999999999,0.040375,576,239,337
2022-03-15,29,29,29,0.5588931034482758,0.4969883027354727,0.13227586206896552,0.832603448275862,0.035051724137931034,638,267,371
2022-03-16,17,17,17,0.6212676470588234,0.4240962645442023,0.14832352941176472,0.8309117647058822,0.020676470588235293,435,146,289
2022-03-17,30,30,30,0.4958833333333333,0.5174875036065015,0.10616666666666667,0.8661,0.0277,788,283,505
2022-03-18,29,29,29,0.5307293103448276,0.5013869931495275,0.1283103448275862,0.8336206896551723,0.03806896551724138,713,292,421
2022-03-19,5,5,5,0.64036,0.3720739770529511,0.18220000000000003,0.7954,0.022299999999999997,137,67,70
2022-03-20,6,6,6,0.49864166666666665,0.4986432182404793,0.06033333333333333,0.9145833333333332,0.025083333333333332,170,92,78
2022-03-21,24,24,24,0.4341,0.5762174929370564,0.102875,0.8448125000000001,0.052312500000000005,482,228,254
2022-03-22,248,248,248,0.6001816532258065,0.45932206781510543,0.14522983870967743,0.8290665322580645,0.025705645161290324,6258,1541,4717
2022-03-23,16,16,16,0.58146875,0.44269515007331794,0.12540625,0.85375,0.02078125,384,158,226
2022-03-24,33,33,33,0.5114318181818182,0.4848523830832872,0.11816666666666667,0.8468181818181819,0.03496969696969697,687,340,347
2022-03-25,23,23,23,0.46568913043478266,0.5366698601513747,0.11528260869565217,0.8453478260869566,0.03941304347826086,514,149,365
2022-03-26,3,3,3,0.5727166666666667,0.4505063093034572,0.10583333333333333,0.8758333333333334,0.01833333333333333,88,44,44
2022-03-27,4,4,4,0.5772999999999999,0.4936348549282151,0.12237500000000001,0.831125,0.046625,80,33,47
2022-03-28,33,33,33,0.5675712121212121,0.47064843591779215,0.1464090909090909,0.8237272727272728,0.029863636363636367,697,313,384
2022-03-29,26,26,26,0.5600038461538461,0.4775533006746023,0.15575,0.8157692307692308,0.028538461538461537,570,236,334
2022-03-30,34,34,34,0.5494558823529413,0.4992143917556726,0.1334264705882353,0.8180441176470589,0.0485,906,378,528
2022-03-31,24,24,24,0.47682916666666664,0.5125746193475693,0.1035625,0.8617708333333334,0.0346875,482,186,296
2022-04-01,41,41,41,0.4503268292682927,0.5381774793506231,0.10649999999999998,0.8422682926829269,0.051231707317073175,940,434,506
2022-04-02,8,8,8,0.5213125,0.5200544825724993,0.10768749999999999,0.84725,0.045,127,55,72
2022-04-03,6,6,6,0.5247,0.5092099239671853,0.11474999999999998,0.8484999999999999,0.036833333333333336,153,52,101
2022-04-04,21,21,21,0.5246428571428572,0.4779233078259161,0.13804761904761906,0.840309523809524,0.02161904761904762,499,212,287
2022-04-05,16,16,16,0.4347125,0.5154380841514817,0.11228125,0.8508125,0.036906249999999995,398,150,248
2022-04-06,18,18,18,0.5845666666666667,0.4553671357633677,0.1486111111111111,0.8176666666666665,0.033666666666666664,432,165,267
2022-04-07,29,29,29,0.508694827586207,0.49123825156519757,0.09406896551724139,0.8749137931034483,0.031017241379310348,610,216,394
2022-04-08,25,25,25,0.547216,0.49275254575090727,0.15648,0.8075,0.036019999999999996,641,262,379
2022-04-09,2,2,2,0.66665,0.40745852856456444,0.16825,0.8072499999999999,0.0245,46,28,18
2022-04-10,3,3,3,0.4992666666666667,0.5554169804950351,0.11733333333333335,0.8206666666666668,0.062166666666666655,79,26,53
2022-04-11,22,22,22,0.5150272727272728,0.4818330781144952,0.14045454545454544,0.8187727272727273,0.04075,484,221,263
2022-04-12,25,25,25,0.567028,0.431457519596078,0.11816,0.8574199999999998,0.0245,602,207,395
2022-04-13,26,26,26,0.4605134615384615,0.548932125560741,0.09219230769230768,0.8767115384615386,0.03123076923076923,623,204,419
2022-04-14,24,24,24,0.5424291666666666,0.4347573413019868,0.13947916666666668,0.8171875000000001,0.043375,581,183,398
2022-04-15,6,6,6,0.3670416666666667,0.6250956146307184,0.07625,0.8911666666666668,0.032499999999999994,99,37,62
2022-04-17,5,5,5,0.6092000000000001,0.41475091319971796,0.11499999999999999,0.8685,0.0165,143,67,76
2022-04-18,25,25,25,0.460386,0.5542136837033167,0.09554,0.87072,0.0338,591,240,351
2022-04-19,26,26,26,0.579851923076923,0.4522200670412176,0.1403076923076923,0.8365000000000001,0.023192307692307693,596,221,375
2022-04-20,21,21,21,0.46451666666666663,0.537464749194758,0.11735714285714284,0.8402380952380952,0.042499999999999996,413,177,236
2022-04-21,34,34,34,0.5365838235294118,0.4782358351305636,0.11992647058823531,0.8500147058823528,0.03004411764705882,822,321,501
2022-04-22,29,29,29,0.3385103448275862,0.6427036593065952,0.10291379310344828,0.8363793103448276,0.06062068965517242,734,305,429
2022-04-23,5,5,5,0.51311,0.4983243812016426,0.06989999999999999,0.8967999999999998,0.0332,116,57,59
2022-04-24,7,7,7,0.4189357142857144,0.607170100439199,0.12407142857142858,0.8252142857142859,0.05064285714285714,161,106,55
2022-04-25,39,39,39,0.3597692307692308,0.5832324692228807,0.10829487179487178,0.8306410256410255,0.06100000000000001,847,566,281
2022-04-26,28,28,28,0.4992821428571429,0.5371951863639054,0.13860714285714287,0.8205892857142858,0.04080357142857143,685,339,346
2022-04-27,35,35,35,0.4474528571428571,0.5439459720338379,0.10757142857142857,0.8428285714285714,0.04957142857142857,882,396,486
2022-04-28,39,39,39,0.4455858974358975,0.5614270194196669,0.10339743589743591,0.8557564102564102,0.040935897435897435,902,402,500
2022-04-29,39,39,39,0.37104230769230767,0.6089985999561254,0.09987179487179487,0.8439102564102564,0.05612820512820513,861,443,418
2022-04-30,6,6,6,0.45115833333333333,0.5822918490160716,0.08574999999999999,0.8370833333333333,0.07725,111,58,53
2022-05-01,3,3,3,0.5203666666666666,0.480116057728638,0.08283333333333333,0.8951666666666666,0.022166666666666668,73,47,26
2022-05-02,33,33,33,0.3477348484848485,0.5752648748270882,0.0863939393939394,0.8732727272727272,0.04042424242424242,585,335,250
2022-05-03,26,26,26,0.4864326923076922,0.5210945579780026,0.1005,0.8646153846153847,0.034826923076923075,583,338,245
2022-05-04,20,20,20,0.44503000000000004,0.5549497883592713,0.11595,0.8496500000000001,0.0344,559,228,331
2022-05-05,30,30,30,0.41013,0.5796804867913588,0.08966666666666666,0.8513666666666667,0.059000000000000004,803,458,345
2022-05-06,22,22,22,0.46612954545454544,0.5157621102352701,0.10636363636363635,0.8356363636363636,0.05804545454545454,595,349,246
2022-05-07,8,8,8,0.70714375,0.35126151932845917,0.1823125,0.788125,0.0296875,212,97,115
2022-05-08,5,5,5,0.46436,0.5896340716071282,0.10250000000000001,0.8119,0.08560000000000001,110,48,62
2022-05-09,26,26,26,0.5675192307692308,0.4183627139210762,0.11755769230769232,0.8573269230769232,0.025076923076923077,623,292,331
2022-05-10,24,24,24,0.28780208333333335,0.5983466680812997,0.08022916666666667,0.8711249999999998,0.04879166666666666,544,301,243
2022-05-11,30,30,30,0.5048716666666667,0.5204859386802768,0.1141,0.8445333333333332,0.0414,546,339,207
2022-05-12,34,34,34,0.4450088235294118,0.5863868981601739,0.10489705882352941,0.8320735294117646,0.0630441176470588,759,457,302
2022-05-13,27,27,27,0.4901055555555555,0.518725830464763,0.12885185185185188,0.8477592592592593,0.02338888888888889,725,296,429
2022-05-14,3,3,3,0.7817000000000002,0.22334509919255746,0.26699999999999996,0.7083333333333334,0.024666666666666667,66,14,52
2022-05-15,3,3,3,0.5309333333333334,0.4684009559720769,0.09416666666666666,0.8863333333333334,0.019333333333333334,77,58,19
2022-05-16,25,25,25,0.42386199999999996,0.5634284443973343,0.10042,0.8516400000000001,0.047979999999999995,548,306,242
2022-05-17,24,24,24,0.5747958333333333,0.4471019658862009,0.12187500000000001,0.8465208333333333,0.03154166666666667,629,312,317
2022-05-18,30,30,30,0.47536333333333336,0.5412825177196182,0.12451666666666666,0.8343166666666666,0.041199999999999994,653,363,290
2022-05-19,31,31,31,0.3676903225806452,0.6019111221256886,0.11833870967741936,0.8231774193548387,0.05846774193548388,725,404,321
2022-05-20,26,26,26,0.372373076923077,0.5740461118289342,0.09732692307692309,0.8726153846153847,0.030019230769230767,687,446,241
2022-05-21,6,6,6,0.619325,0.4253249701208869,0.16666666666666666,0.7965,0.036583333333333336,179,99,80
2022-05-22,4,4,4,0.5162625000000001,0.5011406288096686,0.0935,0.8727499999999999,0.03375,97,48,49
2022-05-23,24,24,24,0.5200458333333334,0.44262714837958017,0.1001875,0.8839583333333333,0.015874999999999997,521,247,274
2022-05-24,30,30,30,0.5553849999999999,0.48428858814588366,0.14533333333333334,0.8174666666666667,0.03725,748,345,403
2022-05-25,23,23,23,0.46925652173913035,0.5399234320322345,0.10347826086956521,0.8420434782608693,0.05445652173913043,569,280,289
2022-05-26,26,26,26,0.467475,0.5313519031225192,0.10121153846153846,0.8612884615384615,0.037480769230769234,530,271,259
2022-05-27,16,16,16,0.427678125,0.5522988676513689,0.09631250000000001,0.8611562500000001,0.0425,380,208,172
2022-05-28,2,2,2,0.63905,0.40691101299915683,0.14225,0.83825,0.0195,45,6,39
2022-05-29,6,6,6,0.4954416666666667,0.5527177707449094,0.09449999999999999,0.85125,0.05425,177,96,81
2022-05-30,10,10,10,0.5986899999999999,0.43717599648196603,0.12289999999999998,0.8586499999999999,0.01835,246,107,139
2022-05-31,20,20,20,0.5856349999999999,0.44305364266079567,0.11927499999999999,0.8511,0.029625000000000002,515,226,289
2022-06-01,18,18,18,0.5027166666666667,0.4888633838359706,0.1108611111111111,0.8626944444444445,0.02644444444444444,313,157,156
2022-06-02,18,18,18,0.48680000000000007,0.48027199758747824,0.08391666666666667,0.8795277777777778,0.03652777777777778,412,171,241
2022-06-03,28,28,28,0.30720357142857146,0.6001445111579037,0.09042857142857143,0.8466607142857142,0.06283928571428572,483,307,176
2022-06-04,2,2,2,0.556975,0.4409252225434603,0.08525,0.8992500000000001,0.01575,23,4,19
2022-06-05,6,6,6,0.590125,0.4412898294110874,0.12766666666666665,0.8543333333333333,0.018000000000000002,126,52,74
2022-06-06,30,30,30,0.47927999999999993,0.5476845177046119,0.11156666666666666,0.8452999999999999,0.04323333333333333,566,257,309
2022-06-07,33,33,33,0.4794272727272727,0.5175427801217967,0.11142424242424243,0.834469696969697,0.054090909090909085,674,313,361
2022-06-08,35,35,35,0.3867471428571429,0.5589746538392363,0.10547142857142858,0.8473857142857143,0.04712857142857142,672,336,336
2022-06-09,42,42,42,0.4700559523809523,0.5003303633246429,0.09930952380952382,0.8641071428571427,0.03654761904761906,898,488,410
2022-06-10,31,31,31,0.486433870967742,0.5026281553618291,0.09991935483870967,0.8647096774193548,0.035370967741935475,546,318,228
2022-06-11,7,7,7,0.5316,0.5076168239922708,0.11750000000000001,0.8212857142857144,0.06121428571428573,154,70,84
2022-06-12,7,7,7,0.6043999999999999,0.43222691295859206,0.12692857142857142,0.8465,0.026642857142857142,186,65,121
2022-06-13,26,26,26,0.12840192307692308,0.6560495128155591,0.05153846153846153,0.8814615384615384,0.06698076923076923,374,340,34
2022-06-14,22,22,22,0.528775,0.45436714336086087,0.08979545454545454,0.8882727272727273,0.021818181818181816,448,237,211
2022-06-15,30,30,30,0.43282666666666675,0.5291342302499643,0.10420000000000001,0.8509999999999999,0.0448,612,352,260
2022-06-16,26,26,26,0.35191538461538463,0.6564733823137009,0.11948076923076921,0.8077115384615384,0.07275,548,332,216
2022-06-17,32,32,32,0.5137515625,0.4854887775454326,0.111828125,0.85146875,0.03665625,539,280,259
2022-06-18,4,4,4,0.5574375,0.45956997001952815,0.092375,0.87975,0.027999999999999997,104,42,62
2022-06-19,5,5,5,0.5239400000000001,0.5382193757196038,0.11499999999999999,0.8403,0.044800000000000006,142,54,88
2022-06-20,14,14,14,0.5124785714285714,0.4927687514422553,0.11310714285714285,0.8606428571428572,0.02628571428571429,322,146,176
2022-06-21,30,30,30,0.41000000000000003,0.5892957698247404,0.12775,0.8182500000000001,0.054033333333333336,633,293,340
2022-06-22,21,21,21,0.5573380952380953,0.46013178441066566,0.1034047619047619,0.8722857142857143,0.02430952380952381,415,215,200
2022-06-23,33,33,33,0.4219560606060606,0.5940384303272754,0.10713636363636363,0.8331363636363637,0.0596969696969697,590,355,235
2022-06-24,23,23,23,0.4538413043478261,0.5295877394055999,0.11210869565217389,0.8437391304347827,0.0441304347826087,472,297,175
2022-06-25,5,5,5,0.58058,0.4377748412140652,0.12789999999999999,0.8465000000000001,0.0256,91,58,33
2022-06-26,9,9,9,0.5219944444444445,0.4990139215072308,0.1586111111111111,0.8065555555555557,0.03483333333333333,294,90,204
2022-06-27,25,25,25,0.46289,0.5174705886328227,0.10894,0.8598999999999998,0.031119999999999995,468,249,219
2022-06-28,24,24,24,0.38638124999999995,0.5638160909730267,0.11147916666666667,0.8213125,0.06720833333333333,533,323,210
2022-06-29,36,36,36,0.4370986111111111,0.532013510817644,0.0948888888888889,0.8655972222222222,0.03954166666666667,748,406,342
2022-06-30,38,38,38,0.29780657894736834,0.6231849747224939,0.07878947368421053,0.8513421052631579,0.06989473684210526,635,404,231
2022-07-01,30,30,30,0.540475,0.4674752238087062,0.10723333333333333,0.85735,0.03536666666666667,566,293,273
2022-07-02,10,10,10,0.32482500000000003,0.6167929513823905,0.1111,0.8160000000000001,0.07285,223,117,106
2022-07-03,4,4,4,0.511725,0.4099645159949822,0.09887499999999999,0.8887499999999999,0.01225,81,30,51
2022-07-04,9,9,9,0.58915,0.4121798639887419,0.17205555555555554,0.7893333333333333,0.03861111111111112,198,82,116
2022-07-05,16,16,16,0.38979375000000005,0.6007898852435329,0.10490625,0.8351875,0.059875,326,167,159
2022-07-06,23,23,23,0.4620999999999999,0.5643231239820583,0.10428260869565217,0.8318260869565218,0.06391304347826086,548,227,321
2022-07-07,20,20,20,0.5646575,0.4473802056905849,0.11625,0.867925,0.015900000000000004,464,216,248
2022-07-08,9,9,9,0.46927777777777785,0.5884068486227645,0.09777777777777778,0.8405,0.06172222222222222,168,84,84
2022-07-09,4,4,4,0.34950000000000003,0.6024304337431833,0.1005,0.870625,0.028749999999999998,97,51,46
2022-07-10,3,3,3,0.7342666666666666,0.2965824150027929,0.2328333333333333,0.7213333333333333,0.04583333333333334,79,35,44
2022-07-11,17,17,17,0.4704647058823529,0.5188938817513954,0.1276764705882353,0.8308235294117646,0.041382352941176474,338,218,120
2022-07-12,32,32,32,0.35795625,0.6351209023374507,0.09853124999999999,0.8321406250000001,0.069359375,598,319,279
2022-07-13,24,24,24,0.53744375,0.4487193364204447,0.1101875,0.8640833333333333,0.025687500000000002,549,207,342
2022-07-14,32,32,32,0.48282031250000007,0.5046260806836605,0.114640625,0.833984375,0.051328125,721,334,387
2022-07-15,24,24,24,0.5482041666666667,0.4800534236582135,0.13064583333333332,0.8251041666666667,0.044270833333333336,490,213,277
2022-07-17,8,8,8,0.57134375,0.4667921097350913,0.1360625,0.8058125,0.0580625,253,129,124
2022-07-18,33,33,33,0.44662727272727276,0.5245767862865682,0.11909090909090908,0.8261212121212121,0.054803030303030305,674,373,301
2022-07-19,51,51,51,0.44402549019607845,0.5123470240722982,0.11688235294117649,0.8346764705882354,0.04849019607843137,985,517,468
2022-07-20,33,33,33,0.47834848484848486,0.5118935922341982,0.12098484848484847,0.8387878787878787,0.04016666666666667,677,327,350
2022-07-21,28,28,28,0.5619446428571429,0.4707339557692415,0.13273214285714285,0.8280535714285714,0.039160714285714285,556,267,289
2022-07-22,45,45,45,0.4275377777777778,0.5795753509783939,0.10634444444444444,0.8445222222222222,0.04912222222222223,1007,569,438
2022-07-23,4,4,4,0.554175,0.5244662518932939,0.12475,0.777125,0.09812500000000002,71,47,24
2022-07-24,14,14,14,0.40644285714285716,0.6046103653408128,0.1307857142857143,0.81525,0.053857142857142846,335,197,138
2022-07-25,52,52,52,0.37209519230769234,0.5793046493890837,0.08515384615384615,0.876701923076923,0.038153846153846156,941,564,377
2022-07-26,30,30,30,0.394065,0.5532171035030763,0.09610000000000002,0.8458666666666667,0.05796666666666667,718,413,305
2022-07-27,36,36,36,0.36340277777777774,0.5926617060094753,0.08220833333333334,0.8523749999999999,0.06544444444444446,792,422,370
2022-07-28,44,44,44,0.37081590909090906,0.5887443543227407,0.08092045454545455,0.8788522727272727,0.04023863636363636,833,477,356
2022-07-29,45,45,45,0.5309400000000001,0.4947294368979203,0.12896666666666667,0.8321444444444445,0.03891111111111111,965,500,465
2022-07-30,3,3,3,0.6013000000000001,0.44655570761104374,0.12199999999999998,0.8555,0.022500000000000003,63,21,42
2022-07-31,5,5,5,0.56233,0.47078009101915086,0.0964,0.8813000000000001,0.022299999999999997,168,77,91
2022-08-01,31,31,31,0.448658064516129,0.5433710763635768,0.0988225806451613,0.8553709677419354,0.04585483870967741,609,337,272
2022-08-02,16,16,16,0.30680625,0.6535173084631635,0.11159374999999999,0.8100937500000001,0.07828125,296,152,144
2022-08-03,33,33,33,0.5087333333333333,0.5020226405414019,0.1211060606060606,0.8425151515151516,0.03637878787878788,1056,465,591
2022-08-04,28,28,28,0.40100892857142856,0.5434961549597153,0.08914285714285715,0.8670892857142858,0.04376785714285714,597,303,294
2022-08-05,16,16,16,0.351178125,0.5531289241297949,0.096,0.8568437499999999,0.047125,414,183,231
2022-08-06,14,14,14,0.4719678571428571,0.47661560886074,0.09671428571428572,0.8577142857142857,0.04553571428571429,436,168,268
2022-08-07,8,8,8,0.59770625,0.42746047985274327,0.13325,0.8366875,0.03,241,133,108
2022-08-08,18,18,18,0.5246861111111111,0.4751385564892143,0.10461111111111111,0.857111111111111,0.03833333333333333,441,229,212
2022-08-09,29,29,29,0.4088413793103448,0.5774354198954388,0.1058103448275862,0.834051724137931,0.060103448275862066,791,441,350
2022-08-10,30,30,30,0.552525,0.4692090481597728,0.11118333333333333,0.8490666666666666,0.039766666666666665,659,294,365
2022-08-11,20,20,20,0.538325,0.4885534002286751,0.10255,0.86615,0.03125,569,184,385
2022-08-12,23,23,23,0.5713608695652173,0.455016808327026,0.11767391304347825,0.8624347826086958,0.01995652173913044,487,185,302
2022-08-13,5,5,5,0.50856,0.5120886431078119,0.0863,0.8744999999999999,0.0393,144,68,76
2022-08-14,5,5,5,0.29183,0.6595396107134127,0.08940000000000001,0.8501,0.060399999999999995,141,63,78
2022-08-15,29,29,29,0.4490224137931035,0.569339174119678,0.12679310344827585,0.8163103448275862,0.056965517241379306,575,237,338
2022-08-16,19,19,19,0.3636421052631579,0.5679443276235606,0.08226315789473686,0.8717105263157895,0.04602631578947368,371,149,222
2022-08-17,23,23,23,0.43553913043478254,0.5758475147189049,0.10002173913043479,0.8643695652173914,0.03560869565217391,589,277,312
2022-08-18,20,20,20,0.4393425000000001,0.4987557091841155,0.06855,0.895875,0.035625000000000004,403,172,231
2022-08-19,26,26,26,0.47033653846153844,0.5133043009713731,0.11634615384615385,0.8374423076923077,0.046230769230769235,494,234,260
2022-08-20,8,8,8,0.5309625,0.45182441400808565,0.1311875,0.8307500000000001,0.0380625,240,79,161
2022-08-21,10,10,10,0.478885,0.5484182430180456,0.12689999999999999,0.8201,0.053099999999999994,241,153,88
2022-08-22,23,23,23,0.3375630434782608,0.5856229475333884,0.0775,0.8512608695652173,0.07132608695652173,408,244,164
2022-08-23,27,27,27,0.4122851851851852,0.5896541231651878,0.11668518518518518,0.8403703703703703,0.042944444444444445,540,256,284
2022-08-24,16,16,16,0.42784687500000007,0.4791080221257356,0.08,0.8925624999999999,0.027375000000000003,296,157,139
2022-08-25,18,18,18,0.5122833333333332,0.49837774244709876,0.11169444444444444,0.8642222222222222,0.023861111111111114,418,220,198
2022-08-26,28,28,28,0.4853982142857142,0.4883828772778995,0.11064285714285714,0.85225,0.03705357142857143,513,240,273
2022-08-27,6,6,6,0.5094083333333334,0.502207023146055,0.09666666666666668,0.8685000000000002,0.034833333333333334,180,58,122
2022-08-28,6,6,6,0.6063916666666667,0.47479457568218086,0.14758333333333332,0.7906666666666667,0.061666666666666675,131,82,49
2022-08-29,31,31,31,0.38666774193548387,0.5651169327396718,0.10622580645161289,0.8344999999999999,0.05933870967741935,579,344,235
2022-08-30,20,20,20,0.376955,0.5683715800205003,0.1068,0.8493999999999999,0.04379999999999999,359,196,163
2022-08-31,26,26,26,0.44501538461538465,0.5475474834992766,0.10482692307692307,0.8536538461538462,0.0415576923076923,459,265,194
2022-09-01,26,26,26,0.5523903846153847,0.4501378217406204,0.11678846153846154,0.8571153846153846,0.026096153846153842,540,222,318
2022-09-02,18,18,18,0.3850972222222222,0.5226015050187279,0.09730555555555555,0.8635833333333334,0.03913888888888889,306,209,97
2022-09-03,4,4,4,0.6920375000000001,0.349886556391854,0.204375,0.77275,0.022875,136,77,59
2022-09-04,3,3,3,0.7797833333333334,0.2841144277497282,0.2406666666666667,0.7421666666666665,0.017,81,31,50
2022-09-05,8,8,8,0.6116250000000001,0.3961043115455827,0.139,0.845625,0.0154375,198,66,132
2022-09-06,30,30,30,0.3440583333333333,0.6040302647747783,0.10344999999999999,0.8496166666666666,0.046950000000000006,567,328,239
2022-09-07,32,32,32,0.45880156250000004,0.5322664594954378,0.09542187499999999,0.870078125,0.0344375,595,347,248
2022-09-08,28,28,28,0.5090303571428572,0.4640178021214129,0.10491071428571429,0.8754821428571429,0.019589285714285715,562,259,303
2022-09-09,30,30,30,0.58739,0.42688738784367947,0.1513,0.8299833333333334,0.018749999999999996,646,232,414
2022-09-10,4,4,4,0.648225,0.3973035984923872,0.167125,0.8138750000000001,0.019125,106,38,68
2022-09-11,3,3,3,0.49551666666666666,0.49553113732192,0.03933333333333333,0.9500000000000001,0.010833333333333334,72,39,33
2022-09-12,21,21,21,0.5274190476190475,0.46902646855866975,0.11421428571428571,0.8656428571428569,0.02011904761904762,384,179,205
2022-09-13,35,35,35,0.4699128571428571,0.4880297912222246,0.09451428571428572,0.8801,0.02542857142857143,564,300,264
2022-09-14,32,32,32,0.5286593749999999,0.4562484999012154,0.11603125,0.85071875,0.03325,582,328,254
2022-09-15,23,23,23,0.40744347826086963,0.5652525305799454,0.0967608695652174,0.8536956521739131,0.04960869565217391,459,251,208
2022-09-16,15,15,15,0.5483333333333333,0.493894389070736,0.1646,0.7940333333333333,0.04123333333333334,346,111,235
2022-09-17,8,8,8,0.41158125,0.5805839648779817,0.0875625,0.867,0.045437500000000006,227,124,103
2022-09-18,3,3,3,0.5309333333333334,0.4683904627077237,0.08983333333333333,0.8811666666666667,0.028999999999999998,98,56,42
2022-09-19,25,25,25,0.259412,0.6450684929958989,0.08578,0.8631200000000001,0.05112,537,329,208
2022-09-20,23,23,23,0.515636956521739,0.47955900229032683,0.12302173913043479,0.8509565217391305,0.026130434782608694,452,220,232
2022-09-21,19,19,19,0.6012999999999998,0.4198295217923831,0.14278947368421055,0.8385526315789472,0.018684210526315793,393,151,242
2022-09-22,34,34,34,0.5025632352941177,0.5298520761674381,0.11773529411764706,0.8432794117647058,0.03902941176470589,735,359,376
2022-09-23,24,24,24,0.15696666666666667,0.730941403640234,0.09689583333333333,0.8210833333333333,0.08197916666666666,386,332,54
2022-09-24,2,2,2,0.499975,0.4999750012500625,0.0665,0.908,0.025500000000000002,85,55,30
2022-09-25,5,5,5,0.48744000000000004,0.5493123432073961,0.09319999999999999,0.8507999999999999,0.056100000000000004,116,75,41
2022-09-26,34,34,34,0.40844411764705885,0.6122024632381102,0.12352941176470589,0.8276470588235295,0.04883823529411765,629,370,259
2022-09-27,30,30,30,0.38196833333333335,0.5730120869846949,0.10158333333333333,0.8372500000000002,0.06119999999999999,511,323,188
2022-09-28,40,40,40,0.26478624999999995,0.64206153574711,0.095575,0.8344125,0.069975,609,414,195
2022-09-29,35,35,35,0.29521428571428576,0.6085243669932123,0.0904857142857143,0.8541857142857143,0.05524285714285715,565,359,206
2022-09-30,22,22,22,0.24636363636363637,0.6260210253116356,0.09561363636363639,0.8532727272727274,0.05118181818181819,335,216,119
2022-10-01,6,6,6,0.5011166666666668,0.5202920843675748,0.09591666666666665,0.8484166666666667,0.05575,203,147,56
2022-10-02,7,7,7,0.5510928571428572,0.4749828936232271,0.11364285714285714,0.836,0.0505,205,127,78
2022-10-03,29,29,29,0.48334827586206897,0.49930515796743924,0.15174137931034484,0.8137586206896552,0.034465517241379307,499,291,208
2022-10-04,36,36,36,0.4459055555555555,0.4915771211928469,0.12841666666666668,0.8429305555555556,0.028583333333333332,574,254,320
2022-10-05,30,30,30,0.4875366666666666,0.46283312542307176,0.09953333333333333,0.86555,0.03495,525,250,275
2022-10-06,19,19,19,0.17423947368421053,0.5907185568795247,0.08836842105263158,0.8383684210526315,0.07321052631578948,256,190,66
2022-10-07,19,19,19,0.3595684210526316,0.5853445490546857,0.12371052631578947,0.8221315789473683,0.054263157894736846,362,179,183
2022-10-08,11,11,11,0.5258409090909091,0.4879773426736224,0.10090909090909089,0.8664090909090909,0.03268181818181818,301,128,173
2022-10-09,3,3,3,0.55435,0.4494698163762872,0.126,0.8535,0.020666666666666667,82,31,51
2022-10-10,18,18,18,0.4076388888888889,0.5375137529391834,0.11016666666666666,0.8495555555555555,0.04025,295,115,180
2022-10-11,20,20,20,0.286215,0.6614540330022941,0.090725,0.8383750000000001,0.07097500000000001,410,227,183
2022-10-12,23,23,23,0.49313695652173906,0.4660944890949155,0.10752173913043478,0.8698260869565217,0.02258695652173913,465,183,282
2022-10-13,25,25,25,0.49803600000000003,0.4889333704135974,0.115,0.85606,0.0291,418,209,209
2022-10-14,15,15,15,0.6180466666666666,0.41955809270654704,0.13283333333333333,0.8442999999999999,0.022833333333333337,274,132,142
2022-10-15,8,8,8,0.43728125,0.5625285361858876,0.0945625,0.8803749999999999,0.025125,187,85,102
2022-10-16,6,6,6,0.5209416666666667,0.5128166232652976,0.10158333333333332,0.836,0.06233333333333333,146,93,53
2022-10-17,30,30,30,0.5476466666666666,0.4474496580498067,0.10508333333333333,0.8766333333333333,0.018266666666666667,599,279,320
2022-10-18,26,26,26,0.5201769230769231,0.482988077020933,0.11242307692307694,0.8540192307692306,0.03355769230769231,459,278,181
2022-10-19,16,16,16,0.52695625,0.4728038599260136,0.12484375,0.81440625,0.0606875,333,191,142
2022-10-20,24,24,24,0.4892291666666666,0.506222773736332,0.12133333333333333,0.8371875000000001,0.04145833333333333,521,233,288
2022-10-21,28,28,28,0.37113750000000006,0.5865731569166617,0.087375,0.8535357142857143,0.059017857142857136,606,367,239
2022-10-22,4,4,4,0.6336625,0.37676636639136196,0.146375,0.8295,0.024125,118,48,70
2022-10-23,6,6,6,0.42794166666666666,0.46627829039879415,0.08341666666666665,0.8524166666666667,0.06400000000000002,146,94,52
2022-10-24,32,32,32,0.43516406250000006,0.5219465110787178,0.10032812499999999,0.853890625,0.04575,620,271,349
2022-10-25,41,41,41,0.4130048780487805,0.573890801821417,0.09915853658536586,0.8516341463414635,0.04919512195121952,852,478,374
2022-10-26,27,27,27,0.3540685185185185,0.6173421696104088,0.10070370370370371,0.8135555555555555,0.08572222222222221,489,316,173
2022-10-27,42,42,42,0.4123464285714286,0.5263485214747672,0.08672619047619047,0.8743809523809525,0.03884523809523809,702,470,232
2022-10-28,39,39,39,0.4253102564102563,0.5260433475337842,0.12348717948717947,0.8150897435897435,0.06135897435897437,760,401,359
2022-10-29,9,9,9,0.5401888888888888,0.48977914057584143,0.09911111111111111,0.8611666666666666,0.03983333333333334,332,171,161
2022-10-30,4,4,4,-0.11374999999999999,0.5459133997256341,0.025625000000000002,0.9099999999999999,0.06437499999999999,53,34,19
2022-10-31,34,34,34,0.3853941176470589,0.5749731307999257,0.09913235294117648,0.8674411764705882,0.03345588235294118,617,323,294
2022-11-01,25,25,25,0.4415260000000001,0.5227156373440535,0.0852,0.8821800000000001,0.0326,597,316,281
2022-11-02,25,25,25,0.410154,0.5264677286254116,0.08492,0.8728000000000001,0.04236000000000001,528,328,200
2022-11-03,28,28,28,0.4984928571428571,0.513313193471429,0.10617857142857144,0.84425,0.049571428571428565,654,305,349
2022-11-04,16,16,16,0.483996875,0.46463962546551535,0.08184374999999999,0.8972500000000001,0.02096875,331,134,197
2022-11-05,11,11,11,0.47610454545454534,0.48722431410189915,0.10513636363636363,0.8395454545454547,0.05527272727272726,353,174,179
2022-11-06,8,8,8,0.41938125,0.5345641381288474,0.0655625,0.8826875,0.051875,163,85,78
2022-11-07,27,27,27,0.3914759259259259,0.5396660493219945,0.06901851851851852,0.8840555555555556,0.04694444444444444,570,331,239
2022-11-08,28,28,28,0.5146339285714285,0.4736590230311801,0.10442857142857143,0.8623750000000001,0.03314285714285714,770,398,372
2022-11-09,28,28,28,0.3264267857142857,0.5637138257291902,0.08285714285714287,0.8615,0.055660714285714286,537,344,193
2022-11-10,31,31,31,0.48599838709677423,0.47242352188439624,0.10324193548387095,0.8764677419354838,0.020274193548387096,659,301,358
2022-11-11,26,26,26,0.5336096153846154,0.50193946894468,0.1487692307692308,0.8321730769230768,0.019076923076923078,519,200,319
2022-11-12,4,4,4,0.56925,0.44159741564008276,0.12762500000000002,0.83775,0.034625,111,71,40
2022-11-13,5,5,5,0.34069,0.6328992833776951,0.1069,0.8447999999999999,0.0484,139,81,58
2022-11-14,24,24,24,0.4031583333333333,0.5385009802812701,0.09766666666666668,0.8358958333333334,0.06645833333333333,462,256,206
2022-11-15,21,21,21,0.48383095238095236,0.525042150456738,0.09826190476190476,0.8668571428571429,0.03483333333333333,372,159,213
2022-11-16,17,17,17,0.5261617647058823,0.4902476301137823,0.10052941176470587,0.8681764705882352,0.03123529411764706,341,155,186
2022-11-17,22,22,22,0.4422477272727274,0.5357884744122596,0.09006818181818183,0.8737045454545456,0.036204545454545455,458,180,278
2022-11-18,26,26,26,0.5095653846153845,0.5163003150688915,0.14251923076923076,0.8259423076923078,0.0315,551,243,308
2022-11-19,7,7,7,0.5770214285714286,0.42795705922535765,0.13128571428571428,0.8389285714285714,0.029714285714285714,197,111,86
2022-11-20,8,8,8,0.46981249999999997,0.5051984299201157,0.086,0.86675,0.047375,184,70,114
2022-11-21,18,18,18,0.510711111111111,0.5007105572072207,0.10577777777777779,0.8442777777777778,0.04991666666666666,388,173,215
2022-11-22,23,23,23,0.5377173913043479,0.47477361484155417,0.13658695652173913,0.8346304347826087,0.028782608695652176,472,239,233
2022-11-23,22,22,22,0.4632477272727273,0.5301382013162556,0.11954545454545457,0.8477499999999999,0.03268181818181818,432,206,226
2022-11-24,8,8,8,0.42748125,0.6308725834298377,0.17112500000000003,0.78425,0.044562500000000005,118,55,63
2022-11-25,25,25,25,0.504968,0.46004928363817715,0.10296,0.86764,0.029500000000000002,457,260,197
2022-11-26,4,4,4,0.44475,0.5710005297720835,0.074125,0.8765000000000001,0.04925,98,58,40
2022-11-27,1,1,1,0.497,0.497,0.053,0.9279999999999999,0.019,22,1,21
2022-11-28,40,40,40,0.18165124999999996,0.623619809057119,0.0816375,0.835725,0.082625,644,439,205
2022-11-29,35,35,35,0.37320571428571425,0.5913713268776745,0.10162857142857144,0.8540857142857143,0.044314285714285716,562,289,273
2022-11-30,26,26,26,0.3683692307692308,0.5976992044944134,0.08126923076923077,0.8867115384615384,0.03201923076923077,430,236,194
2022-12-01,29,29,29,0.560096551724138,0.5056610736129683,0.13720689655172416,0.8230517241379309,0.03972413793103448,544,278,266
2022-12-02,33,33,33,0.4465363636363636,0.5480500860865767,0.11863636363636364,0.8340151515151515,0.04734848484848484,686,381,305
2022-12-03,5,5,5,0.45902000000000004,0.5673606962065666,0.0857,0.8079000000000001,0.10659999999999999,130,84,46
2022-12-04,11,11,11,0.3529409090909091,0.5637406872111995,0.07777272727272727,0.8921818181818182,0.030181818181818188,216,109,107
2022-12-05,25,25,25,0.42770400000000003,0.5135887977594528,0.09356,0.87702,0.02948,491,216,275
2022-12-06,27,27,27,0.3237981481481481,0.6325452533923271,0.0855,0.8746111111111111,0.03985185185185185,525,250,275
2022-12-07,32,32,32,0.107471875,0.6898822103873852,0.10023437500000001,0.807609375,0.09210937500000001,469,372,97
2022-12-08,31,31,31,0.42590322580645157,0.5683950647806625,0.1074516129032258,0.8421774193548387,0.05038709677419355,637,339,298
2022-12-09,17,17,17,0.5063529411764707,0.47511908614657994,0.102,0.8671764705882353,0.030882352941176472,319,120,199
2022-12-10,5,5,5,0.3730300000000001,0.6100377612082715,0.11120000000000001,0.8605,0.0284,131,59,72
2022-12-11,8,8,8,0.4863375,0.46314376395861145,0.10243749999999999,0.87625,0.0213125,225,104,121
2022-12-12,20,20,20,0.4170375,0.5331291582194225,0.1153,0.8573999999999999,0.027375,395,230,165
2022-12-13,17,17,17,0.49405,0.44355473582915406,0.0975,0.8611470588235293,0.04135294117647059,300,134,166
2022-12-14,15,15,15,0.24039,0.6053092374150588,0.07293333333333332,0.8891333333333334,0.03793333333333333,280,153,127
2022-12-15,29,29,29,0.3495534482758621,0.5574591007776566,0.10658620689655172,0.8436034482758622,0.04977586206896551,578,344,234
2022-12-16,22,22,22,0.45531363636363636,0.5285220759949858,0.11636363636363636,0.8561136363636361,0.0275,436,177,259
2022-12-17,6,6,6,0.3933166666666667,0.5243454027536514,0.05466666666666666,0.9017500000000002,0.04358333333333333,122,38,84
2022-12-18,8,8,8,0.24331250000000001,0.5972341059783425,0.08762500000000001,0.8553124999999999,0.057,207,131,76
2022-12-19,19,19,19,0.3581789473684211,0.594076104090649,0.13147368421052633,0.8192368421052632,0.049368421052631575,332,169,163
2022-12-20,18,18,18,0.5047777777777778,0.496714888101543,0.10186111111111111,0.8680277777777777,0.030222222222222223,351,173,178
2022-12-21,19,19,19,0.43436315789473684,0.5751748509531471,0.1148157894736842,0.8472631578947368,0.03797368421052632,433,207,226
2022-12-22,22,22,22,0.33032272727272727,0.6382293235847686,0.09834090909090909,0.8400909090909089,0.06145454545454545,327,231,96
2022-12-23,19,19,19,0.4662789473684211,0.47025419674553326,0.09457894736842105,0.8700526315789473,0.03544736842105264,281,123,158
2022-12-24,5,5,5,0.51613,0.5707291617746547,0.10869999999999999,0.8221,0.0693,148,70,78
2022-12-25,5,5,5,0.6498700000000001,0.3813182792628751,0.17149999999999999,0.8082,0.0203,183,74,109
2022-12-26,7,7,7,0.5158642857142858,0.47130030857972816,0.12850000000000003,0.8450714285714286,0.026642857142857142,124,63,61
2022-12-27,26,26,26,0.45229423076923086,0.5267057010737961,0.11792307692307692,0.8299807692307692,0.052173076923076926,463,222,241
2022-12-28,28,28,28,0.3519339285714286,0.6611053563855834,0.12642857142857142,0.8035714285714286,0.06994642857142856,540,314,226
2022-12-29,27,27,27,0.4816833333333332,0.48340914070258834,0.12762962962962965,0.8262407407407406,0.04611111111111112,593,298,295
2022-12-30,25,25,25,0.423116,0.5452969977397638,0.10822,0.84914,0.042660000000000003,582,280,302
2022-12-31,7,7,7,0.6010357142857143,0.4180101735042596,0.12057142857142858,0.8439285714285714,0.03557142857142857,265,153,112
2023-01-01,4,4,4,0.48795,0.488736825909405,0.063875,0.9117500000000001,0.02475,70,31,39
2023-01-02,12,12,12,0.4653583333333333,0.48471019942905635,0.10541666666666666,0.8769166666666667,0.01770833333333333,195,94,101
2023-01-03,38,38,38,0.45237105263157895,0.5057517728500783,0.09910526315789474,0.8676052631578948,0.03328947368421053,677,438,239
2023-01-04,30,30,30,0.4870999999999999,0.5189255945380481,0.10141666666666667,0.8650333333333333,0.03358333333333333,622,317,305
2023-01-05,25,25,25,0.46686400000000006,0.5158370551870037,0.099,0.8684999999999999,0.032499999999999994,474,206,268
2023-01-06,25,25,25,0.47879399999999994,0.5367285438319821,0.12560000000000002,0.8331000000000001,0.041260000000000005,532,262,270
2023-01-07,8,8,8,0.60323125,0.4415861038896463,0.14250000000000002,0.8246249999999999,0.0328125,237,134,103
2023-01-08,5,5,5,0.5207200000000001,0.47838870137159384,0.09820000000000001,0.873,0.028600000000000004,121,67,54
2023-01-09,28,28,28,0.4377696428571428,0.519402736639348,0.11069642857142857,0.8481607142857143,0.04105357142857143,520,254,266
2023-01-10,25,25,25,0.415462,0.5051609073909026,0.09149999999999998,0.87442,0.03406,479,272,207
2023-01-11,27,27,27,0.4176277777777778,0.5494785664328826,0.0925,0.8629814814814816,0.0445,476,240,236
2023-01-12,26,26,26,0.43963076923076927,0.5586830316221222,0.10371153846153845,0.8595769230769231,0.03675,459,222,237
2023-01-13,22,22,22,0.5635590909090907,0.43621458924696777,0.15420454545454543,0.795068181818182,0.050886363636363646,415,196,219
2023-01-14,9,9,9,0.44878333333333337,0.5283113541695318,0.07522222222222223,0.8764444444444445,0.04838888888888889,262,179,83
2023-01-15,6,6,6,0.5703583333333333,0.45025681090227704,0.11658333333333333,0.8602500000000001,0.023249999999999996,161,75,86
2023-01-16,18,18,18,0.5149944444444444,0.46522589491823124,0.12141666666666666,0.8483055555555556,0.03033333333333333,455,188,267
2023-01-17,24,24,24,0.4646729166666667,0.4801200196042927,0.11193750000000002,0.85875,0.029395833333333333,473,211,262
2023-01-18,28,28,28,0.5078660714285715,0.5118523686002725,0.13549999999999998,0.8273035714285714,0.037214285714285714,518,219,299
2023-01-19,23,23,23,0.3767565217391304,0.6142477253597614,0.10956521739130434,0.8325652173913042,0.057934782608695654,450,197,253
2023-01-20,25,25,25,0.467986,0.4868466768953035,0.10253999999999999,0.8634800000000001,0.03396,486,221,265
2023-01-21,11,11,11,0.5631772727272728,0.46881427116408,0.14422727272727273,0.7991363636363636,0.056499999999999995,321,153,168
2023-01-22,10,10,10,0.43133499999999997,0.5299903728135069,0.08879999999999999,0.8533999999999999,0.05775000000000001,235,100,135
2023-01-23,32,32,32,0.5172890625,0.4555547147836592,0.10325,0.8705156249999999,0.026234375,786,345,441
2023-01-24,30,30,30,0.530445,0.453537480783011,0.1012,0.8778833333333333,0.020783333333333334,668,287,381
2023-01-25,25,25,25,0.421426,0.5282723531702184,0.08809999999999998,0.84922,0.06268,497,247,250
2023-01-26,29,29,29,0.5517586206896552,0.4678438212121363,0.11803448275862069,0.8402413793103448,0.041741379310344835,585,211,374
2023-01-27,17,17,17,0.4992470588235294,0.49457324517637485,0.11067647058823529,0.8472941176470588,0.04197058823529412,326,125,201
2023-01-28,4,4,4,0.499525,0.499525564285753,0.0635,0.91525,0.021124999999999998,151,74,77
2023-01-29,12,12,12,0.2900041666666667,0.5839003228856551,0.13466666666666666,0.8272916666666666,0.03795833333333334,260,125,135
2023-01-30,39,39,39,0.34766794871794865,0.5762046884112227,0.07591025641025641,0.859102564102564,0.06496153846153846,637,392,245
2023-01-31,46,46,46,0.49610760869565207,0.5256178654551099,0.11354347826086958,0.8507608695652173,0.035641304347826086,1184,540,644
2023-02-01,35,35,35,0.42778428571428573,0.5470141950719416,0.09624285714285714,0.8542714285714285,0.04947142857142857,763,470,293
2023-02-02,49,49,49,0.4703775510204082,0.49761357057308264,0.10383673469387757,0.861530612244898,0.03470408163265306,1075,550,525
2023-02-03,53,53,53,0.44286415094339626,0.5229844117574254,0.10208490566037735,0.8628962264150942,0.0350566037735849,957,602,355
2023-02-04,4,4,4,0.491625,0.5389403045560798,0.10499999999999998,0.832875,0.062125,83,39,44
2023-02-05,7,7,7,0.2654714285714286,0.5734076515865124,0.04757142857142856,0.9040714285714285,0.04835714285714286,148,103,45
2023-02-06,35,35,35,0.5058114285714286,0.5206370862545938,0.10659999999999999,0.8481000000000001,0.04521428571428571,864,404,460
2023-02-07,30,30,30,0.510795,0.5105071104385651,0.10406666666666665,0.8662166666666667,0.02963333333333333,713,387,326
2023-02-08,26,26,26,0.5701538461538461,0.45637702466168617,0.12913461538461538,0.8514615384615385,0.019384615384615386,721,382,339
2023-02-09,23,23,23,0.5762434782608696,0.4726845623679127,0.12034782608695652,0.8389130434782609,0.04071739130434782,544,270,274
2023-02-10,22,22,22,0.49960227272727276,0.5335422576297523,0.12043181818181817,0.8307727272727273,0.04872727272727272,426,186,240
2023-02-11,6,6,6,0.6412583333333334,0.394627453974702,0.1430833333333333,0.8353333333333333,0.021750000000000002,182,63,119
2023-02-12,6,6,6,0.5053249999999999,0.5103516796043684,0.0855,0.8697499999999998,0.044500000000000005,154,67,87
2023-02-13,23,23,23,0.42528043478260874,0.5275679175809315,0.09908695652173913,0.8537173913043479,0.04717391304347826,415,197,218
2023-02-14,25,25,25,0.50089,0.48622773727955915,0.10703999999999998,0.84884,0.044199999999999996,509,235,274
2023-02-15,21,21,21,0.45515000000000005,0.5195858727550882,0.083,0.8756428571428574,0.0413095238095238,388,186,202
2023-02-16,13,13,13,0.5197846153846154,0.47803557535164176,0.12734615384615386,0.8435769230769231,0.029038461538461537,288,100,188
2023-02-17,20,20,20,0.5090225,0.5232468912891408,0.1189,0.8234750000000002,0.057499999999999996,476,225,251
2023-02-18,5,5,5,0.72233,0.30832515645013464,0.22809999999999997,0.7471,0.0248,157,88,69
2023-02-19,12,12,12,0.5548291666666666,0.46183014417204543,0.09475,0.8858333333333334,0.01941666666666667,299,130,169
2023-02-20,11,11,11,0.5123863636363635,0.45314467917939305,0.09345454545454546,0.8857272727272729,0.020818181818181816,242,74,168
2023-02-21,23,23,23,0.3720891304347827,0.5706139158562549,0.0682391304347826,0.8730869565217393,0.058695652173913045,492,246,246
2023-02-22,18,18,18,0.4914777777777778,0.5442035802237936,0.12016666666666669,0.8354444444444443,0.04433333333333333,380,163,217
2023-02-23,23,23,23,0.5052565217391305,0.4826494139696981,0.12243478260869563,0.8277608695652173,0.049847826086956516,455,225,230
2023-02-24,15,15,15,0.5535633333333333,0.4627816745747634,0.10313333333333331,0.8725999999999999,0.024233333333333332,428,203,225
2023-02-25,6,6,6,0.587575,0.43028428417539644,0.12566666666666668,0.8506666666666667,0.023749999999999997,149,65,84
2023-02-26,5,5,5,0.59275,0.41825357918372913,0.11810000000000002,0.8528,0.029100000000000004,127,67,60
2023-02-27,22,22,22,0.39379999999999993,0.5656491789407668,0.09736363636363636,0.8590000000000001,0.043659090909090904,448,189,259
2023-02-28,25,25,25,0.33262,0.6211402817399626,0.10566000000000003,0.8526599999999999,0.04172,599,294,305
2023-03-01,29,29,29,0.49600517241379316,0.5236168846301634,0.11770689655172416,0.8401206896551724,0.042120689655172405,599,257,342
2023-03-02,23,23,23,0.5164565217391305,0.5144630720056269,0.11173913043478262,0.8532608695652172,0.034978260869565216,493,201,292
2023-03-03,28,28,28,0.5302571428571429,0.4409511589641609,0.12291071428571429,0.8519464285714287,0.025214285714285713,596,220,376
2023-03-04,4,4,4,0.6316124999999999,0.4035525010376593,0.15237499999999998,0.830125,0.017499999999999998,95,33,62
2023-03-05,10,10,10,0.5509950000000001,0.4944435311286821,0.11974999999999998,0.82575,0.05450000000000001,252,127,125
2023-03-06,29,29,29,0.5413965517241379,0.465403534938162,0.10737931034482759,0.8637413793103449,0.028896551724137933,509,211,298
2023-03-07,21,21,21,0.5045547619047619,0.4982791449447268,0.12497619047619049,0.8517857142857143,0.023190476190476192,428,173,255
2023-03-08,11,11,11,0.5703590909090909,0.4681852835043864,0.12013636363636365,0.8495454545454545,0.030181818181818188,211,86,125
2023-03-09,27,27,27,0.5250148148148148,0.4556895098750364,0.10605555555555554,0.869388888888889,0.02459259259259259,549,230,319
2023-03-10,15,15,15,0.3970033333333334,0.5564047810023043,0.06423333333333334,0.9018666666666667,0.033800000000000004,344,129,215
2023-03-11,5,5,5,0.53113,0.4607100173645023,0.1467,0.8189,0.0345,149,68,81
2023-03-12,7,7,7,0.4939,0.49677853645836423,0.11957142857142858,0.8341428571428572,0.046214285714285715,216,74,142
2023-03-13,20,20,20,0.4739625,0.556540714452905,0.1281,0.831775,0.040175,395,178,217
2023-03-14,22,22,22,0.5426772727272726,0.42235442508935783,0.10984090909090907,0.867340909090909,0.022727272727272728,437,178,259
2023-03-15,17,17,17,0.551335294117647,0.43013481599470166,0.12741176470588234,0.8475294117647059,0.02497058823529412,337,160,177
2023-03-16,20,20,20,0.46701499999999996,0.49748072301849044,0.091575,0.861025,0.047425,367,141,226
2023-03-17,19,19,19,0.5740973684210527,0.4641237700661788,0.13863157894736844,0.8267894736842104,0.03455263157894737,391,157,234
2023-03-18,7,7,7,0.5726785714285715,0.46327611202110097,0.12335714285714285,0.8385,0.038071428571428576,207,108,99
2023-03-19,7,7,7,0.5526214285714286,0.44640287086021846,0.10092857142857144,0.8799285714285714,0.019142857142857145,191,72,119
2023-03-20,10,10,10,0.42089,0.5280102289728865,0.09204999999999999,0.8515,0.05635,180,109,71
2023-03-21,18,18,18,0.5840749999999999,0.4173436935448608,0.14927777777777776,0.8239444444444445,0.026611111111111113,365,131,234
2023-03-22,28,28,28,0.5547357142857143,0.46589658241953663,0.104625,0.8714464285714286,0.02392857142857143,672,276,396
2023-03-23,31,31,31,0.5001725806451612,0.48326688017490443,0.12848387096774191,0.830032258064516,0.04140322580645161,614,256,358
2023-03-24,28,28,28,0.5222446428571429,0.5089303372619741,0.10098214285714284,0.8587678571428571,0.04025,699,320,379
2023-03-25,4,4,4,0.46808750000000005,0.5380150147474976,0.08812500000000001,0.83775,0.074125,114,55,59
2023-03-26,9,9,9,0.59075,0.4645297565519589,0.14555555555555555,0.8136666666666666,0.04083333333333333,254,150,104
2023-03-27,26,26,26,0.41579807692307685,0.5362001095638659,0.09615384615384616,0.8731730769230768,0.03067307692307692,461,252,209
2023-03-28,29,29,29,0.3401017241379311,0.5841130634210266,0.10355172413793105,0.8473103448275862,0.0491551724137931,484,211,273
2023-03-29,18,18,18,0.5340722222222223,0.44149379611289313,0.11655555555555552,0.8448055555555556,0.03875,422,207,215
2023-03-30,31,31,31,0.4659629032258064,0.5077831780217753,0.09767741935483872,0.868516129032258,0.03385483870967742,542,219,323
2023-03-31,27,27,27,0.5753074074074074,0.4555409896798132,0.1452592592592593,0.8210925925925926,0.033777777777777775,591,270,321
2023-04-01,9,9,9,0.5085722222222222,0.4820287310542063,0.10961111111111112,0.8321111111111111,0.05811111111111111,249,118,131
2023-04-02,8,8,8,0.68470625,0.32888414462533383,0.198625,0.7820625,0.019375,186,83,103
2023-04-03,27,27,27,0.52345,0.5153202775225577,0.1305185185185185,0.8163148148148147,0.053092592592592594,666,231,435
2023-04-04,30,30,30,0.5513450000000001,0.44161837764635653,0.127,0.8371500000000001,0.035883333333333337,612,294,318
2023-04-05,39,39,39,0.45239743589743586,0.5442934073886608,0.10929487179487178,0.8450769230769231,0.04556410256410256,624,335,289
2023-04-06,31,31,31,0.4618564516129032,0.5801142252986566,0.10932258064516127,0.8220806451612903,0.06856451612903226,633,318,315
2023-04-07,6,6,6,0.5430166666666667,0.5097561505813888,0.11216666666666668,0.8451666666666667,0.04241666666666666,143,53,90
2023-04-08,10,10,10,0.42711499999999997,0.5853507660155576,0.10655,0.83115,0.06235,223,154,69
2023-04-09,8,8,8,0.5380812500000001,0.49109669900482683,0.11712499999999999,0.8353125,0.0475,157,50,107
2023-04-10,27,27,27,0.39595555555555545,0.5082672815617516,0.08077777777777778,0.8782962962962962,0.04088888888888889,443,213,230
2023-04-11,23,23,23,0.4955021739130435,0.5238712899878509,0.09960869565217391,0.8671521739130433,0.03317391304347826,387,189,198
2023-04-12,23,23,23,0.3853847826086957,0.5238513487984889,0.06952173913043479,0.894826086956522,0.03563043478260869,430,199,231
2023-04-13,38,38,38,0.5240526315789473,0.45202424145337144,0.1048157894736842,0.8685,0.026618421052631576,636,328,308
2023-04-14,20,20,20,0.46897,0.5254659338149335,0.10300000000000002,0.854425,0.0426,501,160,341
2023-04-15,6,6,6,0.455625,0.48101842501959663,0.06949999999999999,0.8922500000000001,0.03825,155,65,90
2023-04-16,13,13,13,0.5115153846153846,0.49034254643079533,0.10169230769230769,0.8534615384615385,0.04492307692307693,285,119,166
2023-04-17,30,30,30,0.3622616666666667,0.5733829067012917,0.08918333333333334,0.8681499999999999,0.04266666666666666,539,251,288
2023-04-18,23,23,23,0.48194565217391305,0.4995609562434154,0.08676086956521739,0.8771086956521738,0.036086956521739134,346,159,187
2023-04-19,21,21,21,0.4595404761904761,0.520924209851392,0.1220952380952381,0.8423571428571428,0.03552380952380953,423,193,230
2023-04-20,26,26,26,0.37908269230769237,0.592779936051364,0.10703846153846155,0.8326346153846154,0.06028846153846154,459,238,221
2023-04-21,21,21,21,0.506397619047619,0.4592130989338461,0.10269047619047618,0.8669761904761903,0.03028571428571428,416,216,200
2023-04-22,7,7,7,0.30379999999999996,0.6202122240468523,0.10307142857142856,0.8330714285714286,0.06385714285714286,128,62,66
2023-04-23,9,9,9,0.4592444444444445,0.5292341639075405,0.11577777777777779,0.8604999999999999,0.023777777777777776,271,125,146
2023-04-24,31,31,31,0.48652903225806454,0.5227662095069738,0.11669354838709677,0.8530161290322581,0.030306451612903226,716,317,399
2023-04-25,29,29,29,0.5331379310344828,0.5028939810212919,0.11679310344827588,0.8554827586206897,0.027758620689655174,439,195,244
2023-04-26,26,26,26,0.3120173076923077,0.6374886414436531,0.0965576923076923,0.8323076923076922,0.07113461538461538,462,303,159
2023-04-27,22,22,22,0.5066204545454546,0.5316415665309003,0.11731818181818184,0.8506818181818182,0.03195454545454546,559,205,354
2023-04-28,23,23,23,0.5383260869565218,0.5008373737768025,0.11036956521739129,0.8483478260869566,0.04126086956521739,640,277,363
2023-04-29,8,8,8,0.51278125,0.5192877107379276,0.0871875,0.874125,0.0386875,219,116,103
2023-04-30,7,7,7,0.5263571428571429,0.546831385234563,0.125,0.8137142857142857,0.061285714285714284,188,96,92
2023-05-01,28,28,28,0.46259464285714286,0.5114834854266149,0.09523214285714286,0.8734821428571429,0.031232142857142854,520,294,226
2023-05-02,31,31,31,0.4902725806451613,0.5258722039558092,0.11687096774193549,0.8496290322580645,0.033435483870967744,599,323,276
2023-05-03,39,39,39,0.43605512820512815,0.5598236033186489,0.09997435897435897,0.8477564102564102,0.052282051282051274,876,436,440
2023-05-04,44,44,44,0.26898636363636363,0.6545226697896682,0.1025,0.834943181818182,0.06253409090909091,840,563,277
2023-05-05,68,68,68,0.49401764705882345,0.5035516382017242,0.10988970588235294,0.849014705882353,0.041125,1361,668,693
2023-05-06,10,10,10,0.53611,0.4831047245680795,0.11509999999999998,0.8321999999999999,0.052700000000000004,197,70,127
2023-05-07,10,10,10,0.55436,0.3975463776718384,0.11485000000000001,0.8327500000000001,0.0523,253,125,128
2023-05-08,38,38,38,0.425525,0.5314513165615454,0.08232894736842106,0.8750263157894737,0.04261842105263158,1000,474,526
2023-05-09,42,42,42,0.41689404761904764,0.5818913516143858,0.11235714285714285,0.8440833333333332,0.04354761904761904,910,445,465
2023-05-10,26,26,26,0.44818653846153844,0.5560373714712287,0.09582692307692307,0.8543269230769232,0.049865384615384624,434,229,205
2023-05-11,21,21,21,0.5142404761904762,0.4494073171355929,0.10373809523809523,0.8699285714285714,0.02626190476190476,423,210,213
2023-05-12,26,26,26,0.4393461538461538,0.53221270742697,0.1148076923076923,0.8528461538461537,0.032269230769230765,518,267,251
2023-05-13,4,4,4,0.5673375,0.4867911819700004,0.1105,0.844875,0.0445,88,48,40
2023-05-14,6,6,6,0.6327416666666668,0.39725503868911327,0.13533333333333333,0.8428333333333334,0.021916666666666668,194,67,127
2023-05-15,22,22,22,0.5514113636363636,0.45021752834092676,0.11695454545454545,0.8654318181818182,0.017545454545454545,395,167,228
2023-05-16,21,21,21,0.574404761904762,0.429703502402906,0.1313095238095238,0.8333333333333334,0.03528571428571429,394,185,209
2023-05-17,31,31,31,0.5227499999999999,0.48716178631783824,0.1032258064516129,0.8738870967741936,0.02291935483870968,614,231,383
2023-05-18,35,35,35,0.48192142857142856,0.5538849986086223,0.11970000000000001,0.8264428571428573,0.05385714285714286,643,263,380
2023-05-19,36,36,36,0.4656638888888889,0.4965819176311295,0.09922222222222223,0.8678611111111111,0.03294444444444444,693,277,416
2023-05-20,4,4,4,0.5281875,0.45338438834365485,0.08912500000000001,0.884875,0.025875000000000002,100,43,57
2023-05-21,11,11,11,0.6530045454545456,0.39047537866423176,0.16086363636363638,0.8240909090909091,0.015045454545454544,325,97,228
2023-05-22,30,30,30,0.3643616666666667,0.5984419654657881,0.10880000000000001,0.8233999999999999,0.06785,625,303,322
2023-05-23,36,36,36,0.40105416666666666,0.5759157061048036,0.11936111111111113,0.8251944444444445,0.05545833333333334,709,331,378
2023-05-24,27,27,27,0.5530259259259259,0.49170746203076404,0.13133333333333333,0.8407407407407407,0.027907407407407405,528,177,351
2023-05-25,26,26,26,0.48548846153846154,0.49869556793924735,0.09813461538461538,0.8763653846153846,0.02548076923076923,525,158,367
2023-05-26,23,23,23,0.5430782608695652,0.44937725649819554,0.12178260869565218,0.8419347826086958,0.03626086956521739,476,216,260
2023-05-27,11,11,11,0.6243954545454544,0.39591565846238325,0.14663636363636365,0.8351818181818182,0.018181818181818184,319,148,171
2023-05-28,9,9,9,0.6058833333333333,0.4536744295809006,0.13816666666666666,0.8331111111111111,0.028944444444444446,266,66,200
2023-05-29,12,12,12,0.6192333333333334,0.4304268372467291,0.1465,0.8309583333333332,0.022541666666666668,259,94,165
2023-05-30,28,28,28,0.499675,0.5163695583625854,0.10530357142857143,0.859017857142857,0.03566071428571429,636,229,407
2023-05-31,29,29,29,0.5640620689655172,0.4668336655810689,0.11298275862068966,0.8601896551724137,0.026879310344827587,618,216,402
2023-06-01,36,36,36,0.49969444444444444,0.4780830581862229,0.09702777777777778,0.8775416666666667,0.0255,784,256,528
2023-06-02,38,38,38,0.4350302631578947,0.5318483150940235,0.08782894736842105,0.874157894736842,0.038,761,287,474
2023-06-03,7,7,7,0.30575,0.5743328325109056,0.07521428571428572,0.9033571428571429,0.021428571428571432,152,78,74
2023-06-04,11,11,11,0.5767772727272726,0.4481810996905544,0.14468181818181816,0.8067272727272726,0.04859090909090909,251,76,175
2023-06-05,41,41,41,0.5079670731707318,0.4697348333601858,0.09951219512195122,0.8783170731707316,0.022121951219512197,755,329,426
2023-06-06,38,38,38,0.4781342105263158,0.5217330252333214,0.09010526315789473,0.8710131578947369,0.03896052631578947,770,386,384
2023-06-07,29,29,29,0.5969206896551723,0.4329297998993644,0.14508620689655172,0.8306034482758622,0.024344827586206895,645,230,415
2023-06-08,33,33,33,0.4804045454545455,0.47984610551648627,0.09677272727272726,0.8627424242424243,0.04046969696969697,687,285,402
2023-06-09,56,56,56,0.5573776785714285,0.46167487897518733,0.113375,0.8598928571428572,0.02673214285714286,1317,561,756
2023-06-10,12,12,12,0.5742458333333333,0.4704163900021329,0.12829166666666666,0.8419583333333334,0.029625000000000002,377,149,228
2023-06-11,14,14,14,0.5140035714285714,0.5092854114780706,0.12471428571428571,0.8465357142857144,0.02875,407,183,224
2023-06-12,44,44,44,0.5470806818181818,0.49206074824935686,0.13552272727272727,0.8335681818181819,0.030863636363636367,1003,388,615
2023-06-13,51,51,51,0.5612294117647059,0.4528519639924407,0.12251960784313726,0.8474901960784312,0.03003921568627451,1226,513,713
2023-06-14,47,47,47,0.5298021276595744,0.5056359063424067,0.13251063829787232,0.8403723404255318,0.02713829787234042,1143,405,738
2023-06-15,60,60,60,0.5393249999999999,0.48624790303746646,0.111325,0.859325,0.029333333333333333,1390,513,877
2023-06-16,37,37,37,0.5556621621621621,0.49110812364370293,0.12263513513513515,0.855945945945946,0.021432432432432435,983,322,661
2023-06-17,11,11,11,0.4706681818181819,0.49202581730707406,0.08572727272727274,0.8823636363636367,0.03172727272727273,342,147,195
2023-06-18,14,14,14,0.558925,0.47261179903731315,0.11235714285714285,0.8665,0.021142857142857147,406,131,275
2023-06-19,23,23,23,0.5516956521739129,0.4826469057533368,0.11789130434782606,0.8388043478260871,0.04328260869565217,607,205,402
2023-06-20,47,47,47,0.5290563829787235,0.48631363261558713,0.10572340425531916,0.8738936170212767,0.020393617021276594,1110,352,758
2023-06-21,40,40,40,0.57504125,0.4368934540290544,0.12473749999999999,0.8511249999999999,0.024162500000000003,1013,381,632
2023-06-22,42,42,42,0.5921107142857144,0.4367235548233975,0.13045238095238096,0.8453452380952381,0.02413095238095238,1033,381,652
2023-06-23,41,41,41,0.5176073170731706,0.4934412436370415,0.0964878048780488,0.8748414634146341,0.028609756097560984,1179,433,746
2023-06-24,4,4,4,0.600575,0.421812019002541,0.12062500000000001,0.86625,0.013125000000000001,71,17,54
2023-06-25,15,15,15,0.5509366666666666,0.5002405671163515,0.1358,0.8173,0.046933333333333334,479,168,311
2023-06-26,52,52,52,0.5635605769230769,0.4652860361810268,0.12469230769230769,0.8546346153846154,0.020692307692307694,1198,458,740
2023-06-27,44,44,44,0.45834204545454554,0.5322908192899457,0.07705681818181818,0.8872159090909091,0.03578409090909091,1040,416,624
2023-06-28,54,54,54,0.5439277777777778,0.48863835275585005,0.11674074074074074,0.8521203703703704,0.031185185185185184,1323,546,777
2023-06-29,63,63,63,0.5049444444444445,0.5141315503259494,0.10932539682539684,0.8506984126984126,0.03998412698412699,1554,665,889
2023-06-30,63,63,63,0.5441960317460318,0.46581803832132007,0.10620634920634922,0.8742142857142856,0.019603174603174605,1491,556,935
2023-07-01,8,8,8,0.51924375,0.4689747793975039,0.1068125,0.8608750000000001,0.0321875,113,49,64
2023-07-02,20,20,20,0.5298725,0.49421771062331427,0.09,0.8747,0.035250000000000004,515,223,292
2023-07-03,60,60,60,0.4956258333333333,0.522124241519812,0.11927500000000002,0.8425,0.038191666666666665,1434,562,872
2023-07-04,32,32,32,0.551865625,0.49251682497236515,0.138765625,0.827515625,0.033687499999999995,859,313,546
2023-07-05,49,49,49,0.5540061224489795,0.48878270407129826,0.14018367346938776,0.8272857142857143,0.03258163265306122,1286,441,845
2023-07-06,51,51,51,0.6219549019607843,0.43122312877406777,0.1468529411764706,0.8288333333333333,0.024313725490196083,1199,411,788
2023-07-07,43,43,43,0.5724046511627907,0.4974613664810137,0.13544186046511625,0.8332790697674418,0.03133720930232558,1091,363,728
2023-07-08,12,12,12,0.5805958333333333,0.4622879725517118,0.11779166666666667,0.8512916666666666,0.031000000000000003,333,119,214
2023-07-09,12,12,12,0.6429416666666666,0.3957129798611053,0.16116666666666668,0.8180833333333334,0.020791666666666667,310,137,173
2023-07-10,46,46,46,0.5179989130434783,0.5345220220571234,0.12108695652173913,0.8432173913043476,0.035717391304347826,1207,441,766
2023-07-11,49,49,49,0.556754081632653,0.4609252069055145,0.11539795918367346,0.8624897959183672,0.0221530612244898,1023,417,606
2023-07-12,43,43,43,0.5811197674418606,0.44086662799424464,0.1306860465116279,0.848348837209302,0.02101162790697674,985,322,663
2023-07-13,54,54,54,0.6065481481481482,0.4328327122062633,0.14627777777777778,0.8362407407407408,0.017509259259259263,1273,446,827
2023-07-14,47,47,47,0.5113414893617021,0.5239829517304593,0.11310638297872341,0.847,0.0398936170212766,1102,381,721
2023-07-15,8,8,8,0.5674625,0.3861312695751925,0.1275,0.84725,0.0251875,135,42,93
2023-07-16,20,20,20,0.5653375,0.49801193042310743,0.129175,0.8452,0.025675000000000003,585,187,398
2023-07-17,47,47,47,0.5608074468085106,0.43578875573538617,0.128531914893617,0.8432021276595745,0.02822340425531915,1140,526,614
2023-07-18,55,55,55,0.5588572727272727,0.48547404732789334,0.12947272727272727,0.8428727272727272,0.027654545454545456,1260,461,799
2023-07-19,38,38,38,0.5812223684210526,0.44306763669203403,0.11876315789473682,0.8590131578947368,0.022250000000000002,896,384,512
2023-07-20,45,45,45,0.48847444444444443,0.5339177954956301,0.12111111111111111,0.8357777777777777,0.04318888888888889,1213,533,680
2023-07-21,38,38,38,0.5251657894736842,0.5041985382117873,0.10265789473684211,0.8589605263157893,0.03843421052631579,997,343,654
2023-07-22,7,7,7,0.6077928571428571,0.4215036391374604,0.12799999999999997,0.8572142857142857,0.014785714285714287,218,82,136
2023-07-23,9,9,9,0.6391611111111111,0.424668715509041,0.14827777777777779,0.837611111111111,0.014222222222222223,228,73,155
2023-07-24,54,54,54,0.5353083333333333,0.47248897971177495,0.10999074074074074,0.8647685185185184,0.02524074074074074,1152,540,612
2023-07-25,46,46,46,0.5791315217391304,0.45739394516280746,0.12684782608695652,0.8471304347826087,0.026010869565217393,1097,433,664
2023-07-26,47,47,47,0.5732670212765958,0.45933631061873315,0.1302872340425532,0.8378297872340424,0.031914893617021274,1151,360,791
2023-07-27,48,48,48,0.568371875,0.4530932077819651,0.11585416666666666,0.86309375,0.021,1246,489,757
2023-07-28,41,41,41,0.5687378048780487,0.4617072751874667,0.12348780487804879,0.8460365853658537,0.0305,960,361,599
2023-07-29,9,9,9,0.5373999999999999,0.5100296560005113,0.12883333333333333,0.8153333333333334,0.05588888888888889,226,99,127
2023-07-30,21,21,21,0.5538785714285714,0.4988072571433896,0.12480952380952381,0.8365952380952381,0.03859523809523809,585,168,417
2023-07-31,54,54,54,0.6318027777777777,0.41275234940182765,0.14319444444444446,0.8375462962962963,0.019268518518518518,1333,631,702
2023-08-01,51,51,51,0.599442156862745,0.450214488847146,0.15315686274509807,0.826313725490196,0.020607843137254906,1524,532,992
2023-08-02,57,57,57,0.5270701754385965,0.493468876519028,0.12683333333333333,0.8330350877192984,0.040149122807017545,1438,694,744
2023-08-03,61,61,61,0.4819606557377049,0.486717358577392,0.1063688524590164,0.864467213114754,0.029180327868852465,1358,693,665
2023-08-04,72,72,72,0.5132722222222222,0.5029771719257198,0.11009722222222222,0.845423611111111,0.04451388888888889,1604,854,750
2023-08-05,17,17,17,0.5193529411764706,0.5540641432580624,0.15026470588235294,0.7989117647058823,0.05073529411764705,461,192,269
2023-08-06,19,19,19,0.5481263157894737,0.4575494173392413,0.12921052631578947,0.8328684210526316,0.03794736842105263,434,174,260
2023-08-07,48,48,48,0.5880052083333334,0.434912214650313,0.14230208333333336,0.8290937500000001,0.02859375,1176,556,620
2023-08-08,47,47,47,0.5361297872340426,0.5119855171301416,0.13486170212765958,0.817595744680851,0.04753191489361702,1212,448,764
2023-08-09,46,46,46,0.5658054347826087,0.4783954943268198,0.13669565217391302,0.8325108695652174,0.03080434782608696,1138,467,671
2023-08-10,45,45,45,0.5972988888888889,0.4382979550981385,0.1350111111111111,0.833111111111111,0.03188888888888889,1048,403,645
2023-08-11,32,32,32,0.5503546875,0.48236430181505696,0.11884375,0.854203125,0.02703125,673,279,394
2023-08-12,4,4,4,0.5194125,0.5401039933140191,0.086375,0.8607499999999999,0.05287499999999999,124,35,89
2023-08-13,12,12,12,0.6423166666666666,0.388790610597644,0.1435833333333333,0.839625,0.01675,256,129,127
2023-08-14,36,36,36,0.5982875000000001,0.43602012438823023,0.1280972222222222,0.8487083333333333,0.023111111111111114,870,383,487
2023-08-15,33,33,33,0.5114878787878788,0.49348589200771686,0.10228787878787879,0.8603333333333334,0.03737878787878787,777,369,408
2023-08-16,27,27,27,0.5650555555555555,0.4491212987464014,0.1274814814814815,0.8461851851851854,0.02627777777777778,690,235,455
2023-08-17,30,30,30,0.5112966666666667,0.47667043365644385,0.09626666666666667,0.8675499999999999,0.03615000000000001,563,255,308
2023-08-18,29,29,29,0.47711896551724137,0.505652141386334,0.10932758620689655,0.8364827586206897,0.05412068965517241,636,371,265
2023-08-19,9,9,9,0.4490833333333334,0.5940757108970016,0.11788888888888888,0.8369444444444444,0.045055555555555564,222,71,151
2023-08-20,5,5,5,0.5861,0.4507552839401886,0.13999999999999999,0.8389,0.0211,164,46,118
2023-08-21,24,24,24,0.4934104166666667,0.5524272068334672,0.12681250000000002,0.8276041666666666,0.04564583333333333,452,242,210
2023-08-22,24,24,24,0.5362187500000001,0.5298160221782376,0.12210416666666668,0.8423958333333333,0.035500000000000004,575,193,382
2023-08-23,38,38,38,0.5635144736842105,0.45225721335027325,0.11332894736842104,0.8663947368421051,0.020236842105263157,869,326,543
2023-08-24,42,42,42,0.5222178571428571,0.5096286561616433,0.11186904761904762,0.8604642857142858,0.02760714285714286,991,398,593
2023-08-25,33,33,33,0.4886878787878788,0.5148778835846335,0.10586363636363637,0.865969696969697,0.028227272727272726,729,335,394
2023-08-26,9,9,9,0.5737388888888889,0.4978784424813494,0.1503888888888889,0.7882222222222223,0.06144444444444445,292,126,166
2023-08-27,12,12,12,0.6206624999999999,0.4243352544593524,0.147875,0.8344999999999999,0.017416666666666667,281,115,166
2023-08-28,20,20,20,0.5606575,0.4541009633812177,0.097075,0.8826500000000002,0.020274999999999998,356,124,232
2023-08-29,21,21,21,0.5623952380952382,0.4530868743316341,0.11592857142857142,0.8651428571428571,0.018952380952380953,498,180,318
2023-08-30,37,37,37,0.5442081081081082,0.47189600857310887,0.11598648648648646,0.8475945945945947,0.03633783783783784,830,394,436
2023-08-31,32,32,32,0.610353125,0.43433664757620255,0.1373125,0.835234375,0.0274375,865,344,521
2023-09-01,15,15,15,0.5899166666666669,0.44941829816132567,0.12626666666666667,0.8547000000000001,0.019000000000000003,324,103,221
2023-09-02,5,5,5,0.6762,0.3670251953204303,0.1676,0.8173999999999999,0.015,110,39,71
2023-09-03,7,7,7,0.5791357142857142,0.44055043428994733,0.123,0.8594285714285714,0.017642857142857144,240,85,155
2023-09-04,12,12,12,0.4457083333333333,0.5536905249600679,0.10558333333333332,0.8495833333333334,0.04491666666666666,299,137,162
2023-09-05,33,33,33,0.5156621212121212,0.47041406897803356,0.1075,0.8568636363636364,0.03562121212121212,702,334,368
2023-09-06,41,41,41,0.39958780487804874,0.5474330852059531,0.09779268292682924,0.857890243902439,0.04432926829268293,751,459,292
2023-09-07,63,63,63,0.3239230158730159,0.5749021138437531,0.08784126984126985,0.847936507936508,0.06415873015873015,1116,625,491
2023-09-08,56,56,56,0.3859125,0.5634025852425916,0.11704464285714286,0.8309196428571427,0.05205357142857143,1051,688,363
2023-09-09,11,11,11,0.5294636363636364,0.46748092187173756,0.0915909090909091,0.8834999999999998,0.02495454545454545,217,118,99
2023-09-10,12,12,12,0.45936249999999995,0.535370191092497,0.089375,0.8744166666666665,0.036291666666666667,288,93,195
2023-09-11,51,51,51,0.5273392156862745,0.49947765522591003,0.12104901960784314,0.8427254901960785,0.03627450980392157,1051,433,618
2023-09-12,65,65,65,0.4823730769230769,0.5069591450370399,0.08627692307692307,0.8725461538461539,0.041176923076923076,1285,639,646
2023-09-13,63,63,63,0.4554198412698412,0.5244122315264758,0.10441269841269842,0.8561825396825397,0.03933333333333333,1209,549,660
2023-09-14,49,49,49,0.6001020408163267,0.42678282078626834,0.137,0.8334897959183674,0.029459183673469388,979,334,645
2023-09-15,38,38,38,0.44951578947368415,0.5494854679493668,0.11151315789473684,0.8586315789473684,0.02988157894736842,939,383,556
2023-09-16,11,11,11,0.6057227272727272,0.4383032023733614,0.12695454545454546,0.8429545454545454,0.0300909090909091,314,127,187
2023-09-17,14,14,14,0.5437535714285714,0.44472158343502866,0.11160714285714286,0.8717142857142858,0.016678571428571428,326,114,212
2023-09-18,27,27,27,0.5396666666666666,0.4708746565936866,0.10953703703703704,0.8587222222222223,0.03174074074074074,567,281,286
2023-09-19,31,31,31,0.5162967741935485,0.5092787816205865,0.10141935483870966,0.8643064516129031,0.03429032258064516,682,270,412
2023-09-20,32,32,32,0.5309078125,0.4756878471305682,0.113375,0.8542031250000001,0.0323125,756,282,474
2023-09-21,32,32,32,0.5083125000000001,0.4852509571409932,0.102234375,0.8513437500000001,0.046421875,551,285,266
2023-09-22,38,38,38,0.430196052631579,0.5401063051895163,0.09113157894736841,0.8811973684210527,0.02767105263157895,764,358,406
2023-09-23,9,9,9,0.4501555555555556,0.5297376659171575,0.11722222222222224,0.852388888888889,0.030388888888888885,182,80,102
2023-09-24,12,12,12,0.5140291666666666,0.508950464583053,0.10220833333333335,0.8632916666666666,0.034333333333333334,378,127,251
2023-09-25,23,23,23,0.4595673913043479,0.5327697047360135,0.09639130434782608,0.8616521739130434,0.041978260869565215,396,172,224
2023-09-26,41,41,41,0.3611060975609756,0.5607790444284958,0.1094268292682927,0.8422926829268295,0.04829268292682927,689,374,315
2023-09-27,41,41,41,0.3705695121951219,0.6023592438940737,0.09269512195121951,0.8600853658536586,0.04726829268292684,742,374,368
2023-09-28,32,32,32,0.43273281249999995,0.5432644056001551,0.110015625,0.845296875,0.044625,684,332,352
2023-09-29,33,33,33,0.45974242424242423,0.5447039538052691,0.11465151515151516,0.8492121212121212,0.03612121212121212,697,349,348
2023-09-30,11,11,11,0.5291090909090909,0.4648300186960732,0.11340909090909089,0.8399545454545454,0.0465909090909091,336,127,209
2023-10-01,11,11,11,0.4706863636363636,0.5824463801270813,0.1298181818181818,0.8263181818181817,0.04390909090909091,286,127,159
2023-10-02,35,35,35,0.4515657142857144,0.5386367498166656,0.0969857142857143,0.8497285714285716,0.0533,702,284,418
2023-10-03,33,33,33,0.4458181818181819,0.5491088355743196,0.12018181818181817,0.8404696969696969,0.03936363636363637,727,374,353
2023-10-04,30,30,30,0.4874,0.5019250445368644,0.1103,0.8503166666666666,0.039349999999999996,619,378,241
2023-10-05,22,22,22,0.5626477272727274,0.4472673948488026,0.13743181818181818,0.8285681818181818,0.03390909090909091,504,201,303
2023-10-06,18,18,18,0.5774805555555556,0.436769925971357,0.11730555555555558,0.8610555555555556,0.02163888888888889,427,144,283
2023-10-07,8,8,8,0.422925,0.5586266603242276,0.099875,0.87175,0.0284375,196,67,129
2023-10-08,7,7,7,0.5403,0.5168541739628859,0.09685714285714285,0.8656428571428572,0.037571428571428575,222,89,133
2023-10-09,32,32,32,0.3154984375,0.6060068348655885,0.069953125,0.867765625,0.062296875,698,329,369
2023-10-10,32,32,32,0.54904375,0.4593337555889372,0.12643749999999998,0.83740625,0.0361875,645,328,317
2023-10-11,26,26,26,0.47914038461538466,0.5700268645017516,0.13576923076923075,0.8155192307692308,0.048634615384615394,652,318,334
2023-10-12,19,19,19,0.5642605263157895,0.44579093019242577,0.10902631578947368,0.8692105263157895,0.021789473684210532,408,151,257
2023-10-13,34,34,34,0.42455735294117647,0.5548322447360783,0.08727941176470588,0.8695147058823529,0.04320588235294118,809,392,417
2023-10-14,8,8,8,0.5610124999999999,0.45183049625246635,0.1174375,0.864375,0.0183125,218,66,152
2023-10-15,18,18,18,0.6000777777777778,0.42929486183165727,0.12983333333333336,0.8485277777777779,0.021694444444444447,494,155,339
2023-10-16,30,30,30,0.4716616666666666,0.5476152591286656,0.11958333333333333,0.8409500000000001,0.039450000000000006,604,309,295
2023-10-17,26,26,26,0.5612346153846154,0.4622375608363398,0.12776923076923077,0.8367884615384615,0.03553846153846154,583,255,328
2023-10-18,27,27,27,0.6070444444444443,0.45639432944616787,0.13762962962962963,0.8329444444444444,0.02948148148148148,594,157,437
2023-10-19,33,33,33,0.6080121212121213,0.42732635158876775,0.12443939393939396,0.8543484848484848,0.021212121212121213,774,248,526
2023-10-20,32,32,32,0.55735,0.4497566380138263,0.10929687500000002,0.86421875,0.026500000000000003,708,277,431
2023-10-21,8,8,8,0.54601875,0.5597108251351206,0.1256875,0.822625,0.0516875,238,74,164
2023-10-22,13,13,13,0.5095307692307692,0.5039141553641169,0.10965384615384616,0.8566538461538461,0.03380769230769231,289,124,165
2023-10-23,28,28,28,0.47454642857142854,0.550398679518598,0.11592857142857142,0.8598214285714286,0.024196428571428574,595,246,349
2023-10-24,31,31,31,0.5417225806451613,0.4841223090658762,0.1085483870967742,0.8680967741935484,0.02335483870967742,593,274,319
2023-10-25,39,39,39,0.4845487179487179,0.506441556286857,0.0958076923076923,0.8658333333333335,0.03842307692307692,689,323,366
2023-10-26,38,38,38,0.4528013157894738,0.5466387156001719,0.10088157894736842,0.8638421052631579,0.03531578947368421,874,388,486
2023-10-27,29,29,29,0.51305,0.4697182134920967,0.10613793103448277,0.8746551724137931,0.01920689655172414,707,320,387
2023-10-28,7,7,7,0.39468571428571425,0.5845416737644519,0.10164285714285715,0.8592857142857142,0.03907142857142857,178,52,126
2023-10-29,12,12,12,0.4691083333333333,0.5475192149723047,0.10920833333333334,0.8533749999999999,0.03741666666666667,304,99,205
2023-10-30,50,50,50,0.45336299999999996,0.519120668949908,0.09567999999999997,0.8830399999999998,0.02129,943,415,528
2023-10-31,34,34,34,0.5627411764705884,0.4693065858687607,0.11294117647058823,0.8592647058823529,0.02772058823529412,855,353,502
2023-11-01,47,47,47,0.5321755319148935,0.4998438304379126,0.11577659574468084,0.8508297872340425,0.033414893617021275,1145,447,698
2023-11-02,59,59,59,0.5187932203389831,0.48978156350973057,0.11523728813559322,0.8615677966101695,0.02324576271186441,1427,643,784
2023-11-03,43,43,43,0.45757558139534893,0.5539263266301434,0.11212790697674417,0.8186046511627906,0.06922093023255815,909,461,448
2023-11-04,5,5,5,0.64048,0.4165157423195431,0.1386,0.8234999999999999,0.0378,116,55,61
2023-11-05,13,13,13,0.48444230769230767,0.5587912553505227,0.11142307692307693,0.8493076923076923,0.039115384615384614,404,168,236
2023-11-06,30,30,30,0.5326350000000001,0.48896906065210305,0.12501666666666666,0.8523833333333334,0.02256666666666667,606,255,351
2023-11-07,37,37,37,0.49918378378378375,0.47692979681331055,0.10408108108108108,0.8653378378378378,0.03066216216216216,794,288,506
2023-11-08,33,33,33,0.5187924242424243,0.48081778326116814,0.10992424242424244,0.8652121212121212,0.02483333333333333,804,234,570
2023-11-09,29,29,29,0.5290637931034482,0.48471699766667115,0.10724137931034482,0.8694137931034484,0.023362068965517242,535,257,278
2023-11-10,21,21,21,0.5591571428571429,0.444265145596452,0.11516666666666667,0.8643571428571428,0.020547619047619047,443,205,238
2023-11-11,8,8,8,0.5968687500000001,0.49306545042056793,0.1453125,0.7891874999999999,0.06562499999999999,276,145,131
2023-11-12,8,8,8,0.7048375,0.34663339761735307,0.17675000000000002,0.805875,0.0175,190,74,116
2023-11-13,27,27,27,0.5149462962962964,0.5228770547061081,0.11577777777777779,0.8422222222222223,0.041999999999999996,583,244,339
2023-11-14,39,39,39,0.543925641025641,0.4813967401154893,0.12925641025641024,0.8461538461538461,0.02462820512820513,848,306,542
2023-11-15,28,28,28,0.5995,0.4128934906762967,0.12910714285714284,0.8504464285714286,0.02042857142857143,578,209,369
2023-11-16,23,23,23,0.43340217391304353,0.5261916399485987,0.1022391304347826,0.8615434782608695,0.036260869565217395,413,195,218
2023-11-17,22,22,22,0.5679318181818181,0.4453239238682574,0.1245227272727273,0.8486136363636363,0.026954545454545453,448,172,276
2023-11-18,10,10,10,0.46775500000000003,0.554731766239324,0.13374999999999998,0.8326499999999999,0.033600000000000005,214,75,139
2023-11-19,5,5,5,0.6666000000000001,0.4076875715544932,0.1394,0.8404999999999999,0.020200000000000003,144,36,108
2023-11-20,20,20,20,0.52913,0.5354551611479713,0.137625,0.8368499999999999,0.02545,443,148,295
2023-11-21,19,19,19,0.5778736842105263,0.44754987354202125,0.12426315789473685,0.8438947368421053,0.03186842105263158,569,258,311
2023-11-22,24,24,24,0.5129375,0.5308370927228209,0.11272916666666666,0.8577083333333334,0.029625000000000002,525,167,358
2023-11-23,24,24,24,0.53681875,0.4779108048127504,0.1011875,0.8628541666666667,0.035958333333333335,586,236,350
2023-11-24,24,24,24,0.53898125,0.4697833479631196,0.12641666666666665,0.8550833333333333,0.018500000000000003,558,199,359
2023-11-25,6,6,6,0.6582916666666666,0.3874709869963026,0.1476666666666667,0.83475,0.0175,185,54,131
2023-11-26,9,9,9,0.5550666666666666,0.4478060778208949,0.09894444444444445,0.8891666666666667,0.011888888888888888,189,56,133
2023-11-27,21,21,21,0.5442380952380953,0.4582829334812517,0.11199999999999999,0.8652380952380955,0.02266666666666667,458,169,289
2023-11-28,25,25,25,0.553824,0.44170425515722617,0.11492000000000001,0.86074,0.02442,589,206,383
2023-11-29,28,28,28,0.5310803571428572,0.4799801838988634,0.1087142857142857,0.8428392857142857,0.048553571428571425,638,199,439
2023-11-30,25,25,25,0.557996,0.49216014546486797,0.13844000000000004,0.83494,0.02672,527,166,361
2023-12-01,33,33,33,0.38370909090909094,0.5691260873046401,0.0902121212121212,0.8731515151515151,0.03671212121212121,687,297,390
2023-12-02,9,9,9,0.6878833333333333,0.3724137383341275,0.17538888888888893,0.8036666666666668,0.021,205,55,150
2023-12-03,27,27,27,0.5513574074074075,0.4920028081077089,0.11277777777777777,0.8650555555555557,0.022148148148148146,741,255,486
2023-12-04,33,33,33,0.3513560606060606,0.5810410625787673,0.10033333333333334,0.8537575757575756,0.04587878787878789,629,264,365
2023-12-05,40,40,40,0.5172637499999999,0.4878154928463604,0.129925,0.8396999999999999,0.030362500000000004,829,360,469
2023-12-06,36,36,36,0.5030111111111112,0.5390565061484628,0.11173611111111113,0.8568333333333333,0.03136111111111111,788,299,489
2023-12-07,38,38,38,0.5189815789473684,0.4971472374591821,0.12227631578947372,0.8474473684210525,0.03031578947368421,932,341,591
2023-12-08,28,28,28,0.5581142857142857,0.4593074143396195,0.1357142857142857,0.8406250000000001,0.023625,623,195,428
2023-12-09,8,8,8,0.62196875,0.4236252939195646,0.17287500000000003,0.772625,0.0544375,192,64,128
2023-12-10,17,17,17,0.45883235294117647,0.593188459647665,0.12317647058823529,0.839,0.03791176470588236,450,131,319
2023-12-11,59,59,59,0.5104194915254238,0.5044187590193181,0.1106779661016949,0.8638050847457627,0.025474576271186444,1176,453,723
2023-12-12,62,62,62,0.4984475806451612,0.5230437157859551,0.12476612903225805,0.8407822580645161,0.03441129032258064,1423,455,968
2023-12-13,42,42,42,0.5162154761904761,0.49466715276273626,0.11692857142857144,0.8536785714285715,0.02935714285714286,1100,387,713
2023-12-14,17,17,17,0.4995205882352941,0.5255105773712512,0.10097058823529412,0.8537941176470587,0.04532352941176471,428,148,280
2023-12-15,9,9,9,0.5337333333333334,0.4763484893786621,0.10422222222222223,0.8733333333333333,0.022555555555555558,202,39,163
2023-12-16,159,159,159,0.5110836477987422,0.5150863274870069,0.11746855345911948,0.8478773584905659,0.03469811320754717,3743,1381,2362
2023-12-21,1,1,1,0.4994,0.4994,0.084,0.9075,0.0085,19,4,15
2023-12-22,1,1,1,0.15635,0.42955,0.0385,0.8280000000000001,0.1335,4,4,0
2023-12-28,2,2,2,0.630875,0.41200980798398473,0.16675,0.82725,0.00575,56,13,43
2023-12-29,2,2,2,0.54975,0.4542666315062113,0.10725,0.87375,0.019,65,17,48
2024-01-01,1,1,1,0.49975,0.49975,0.0655,0.9259999999999999,0.009,34,6,28
2024-01-02,4,4,4,0.6196625,0.43408756875053445,0.13325,0.8491249999999999,0.017375,98,23,75
2024-01-03,2,2,2,0.5493,0.453821952972749,0.11449999999999999,0.87525,0.01025,44,23,21
2024-01-04,5,5,5,0.52214,0.4548111656500971,0.0772,0.8861000000000001,0.0366,115,25,90
2024-01-05,1,1,1,0.75065,0.24835000000000002,0.154,0.8225,0.0235,30,17,13
2024-01-08,3,3,3,0.5641333333333333,0.3612101958078641,0.11083333333333334,0.8624999999999998,0.0265,56,22,34
