Date,NB_Article_Count,NB_Positive_Count,NB_Negative_Count,NB_Positive_Ratio,NB_Negative_Ratio,NB_Net_Sentiment,NB_Net_Sentiment_Ratio,NB_negative_Mean_Proba,NB_positive_Mean_Proba
1999-09-01,1,1,0,1.0,0.0,1,1.0,0.4171729154553306,0.5828270845446696
1999-09-28,1,1,0,1.0,0.0,1,1.0,0.1360092776938785,0.86399072230612
1999-10-06,1,1,0,1.0,0.0,1,1.0,0.4161243793261482,0.583875620673851
1999-11-02,1,1,0,1.0,0.0,1,1.0,0.39483548792652473,0.6051645120734764
1999-11-09,1,1,0,1.0,0.0,1,1.0,0.3019377934102028,0.698062206589797
1999-11-29,1,1,0,1.0,0.0,1,1.0,0.1123609731304524,0.8876390268695478
1999-12-07,1,0,1,0.0,1.0,-1,-1.0,0.5306736011547222,0.46932639884527755
1999-12-29,1,1,0,1.0,0.0,1,1.0,0.06342477903880075,0.9365752209611986
2000-01-10,1,1,0,1.0,0.0,1,1.0,0.0921777083767932,0.9078222916232063
2000-01-12,1,1,0,1.0,0.0,1,1.0,0.3299728242572804,0.6700271757427192
2000-01-14,1,1,0,1.0,0.0,1,1.0,0.154315516867501,0.8456844831325002
2000-01-20,1,1,0,1.0,0.0,1,1.0,0.08397945372685826,0.9160205462731411
2000-04-17,1,1,0,1.0,0.0,1,1.0,0.06107016162567811,0.9389298383743222
2000-04-21,1,1,0,1.0,0.0,1,1.0,0.1016233152766702,0.8983766847233287
2000-06-13,1,1,0,1.0,0.0,1,1.0,0.31419504930563186,0.6858049506943694
2000-08-07,1,1,0,1.0,0.0,1,1.0,0.12916157857048693,0.8708384214295138
2000-09-13,1,1,0,1.0,0.0,1,1.0,0.11908956757404338,0.8809104324259565
2000-12-07,1,1,0,1.0,0.0,1,1.0,0.40123415676294555,0.5987658432370538
2000-12-09,1,1,0,1.0,0.0,1,1.0,0.019315938308463742,0.9806840616915344
2000-12-15,2,2,0,1.0,0.0,2,1.0,0.30429647942213983,0.695703520577858
2001-01-03,1,1,0,1.0,0.0,1,1.0,0.13454813932723392,0.8654518606727639
2001-01-04,1,1,0,1.0,0.0,1,1.0,0.04471928115321988,0.9552807188467802
2001-01-05,1,1,0,1.0,0.0,1,1.0,0.07587025519564236,0.9241297448043579
2001-01-08,1,1,0,1.0,0.0,1,1.0,0.16033851779826355,0.8396614822017381
2001-01-12,1,1,0,1.0,0.0,1,1.0,0.06719247256653796,0.9328075274334633
2001-01-15,1,1,0,1.0,0.0,1,1.0,0.03831752384977844,0.9616824761502225
2001-01-18,1,1,0,1.0,0.0,1,1.0,0.023057885193748365,0.9769421148062523
2001-02-10,1,1,0,1.0,0.0,1,1.0,0.05416674338001612,0.9458332566199835
2001-03-16,1,1,0,1.0,0.0,1,1.0,0.026570231197969724,0.9734297688020308
2001-04-16,2,1,1,0.5,0.5,0,0.0,0.2946901009647726,0.7053098990352271
2001-04-25,1,0,1,0.0,1.0,-1,-1.0,0.5644561015018957,0.4355438984981044
2001-08-07,1,1,0,1.0,0.0,1,1.0,0.2489719651220806,0.7510280348779192
2001-08-27,1,0,1,0.0,1.0,-1,-1.0,0.5181057961659742,0.4818942038340275
2001-08-31,2,2,0,1.0,0.0,2,1.0,0.36342870525771154,0.6365712947422882
2001-09-26,1,0,1,0.0,1.0,-1,-1.0,0.5126980297450073,0.48730197025499244
2001-10-24,1,1,0,1.0,0.0,1,1.0,0.4233123757949795,0.5766876242050204
2001-12-03,1,1,0,1.0,0.0,1,1.0,0.05220330841885543,0.9477966915811431
2002-01-08,1,1,0,1.0,0.0,1,1.0,0.35663115778293764,0.6433688422170624
2002-01-11,1,1,0,1.0,0.0,1,1.0,0.2110117083686234,0.7889882916313755
2002-02-05,1,1,0,1.0,0.0,1,1.0,0.17636597687674124,0.8236340231232582
2002-05-14,1,1,0,1.0,0.0,1,1.0,0.27397349584486697,0.726026504155133
2002-06-19,1,1,0,1.0,0.0,1,1.0,0.014668080397981826,0.9853319196020172
2002-09-19,1,1,0,1.0,0.0,1,1.0,0.17350562021742436,0.8264943797825756
2002-12-28,1,1,0,1.0,0.0,1,1.0,0.17985339636757156,0.8201466036324293
2003-01-14,1,0,1,0.0,1.0,-1,-1.0,0.5912104386249638,0.40878956137503614
2003-01-20,1,1,0,1.0,0.0,1,1.0,0.149432856506557,0.8505671434934431
2003-02-06,1,1,0,1.0,0.0,1,1.0,0.2545287695785742,0.7454712304214267
2003-03-20,1,0,1,0.0,1.0,-1,-1.0,0.7567379024388443,0.24326209756115666
2003-04-02,1,1,0,1.0,0.0,1,1.0,0.34633629349047274,0.6536637065095268
2003-04-29,1,0,1,0.0,1.0,-1,-1.0,0.5408652637839816,0.4591347362160184
2003-05-06,1,0,1,0.0,1.0,-1,-1.0,0.866201719829829,0.13379828017017123
2003-05-28,1,1,0,1.0,0.0,1,1.0,0.19107820231583297,0.8089217976841668
2003-06-03,1,0,1,0.0,1.0,-1,-1.0,0.5951450275884846,0.4048549724115165
2003-06-24,1,0,1,0.0,1.0,-1,-1.0,0.7868638458744922,0.21313615412550693
2003-08-14,1,1,0,1.0,0.0,1,1.0,0.3392825583368018,0.6607174416631987
2003-09-14,1,1,0,1.0,0.0,1,1.0,0.45634757333552006,0.5436524266644804
2003-09-16,1,1,0,1.0,0.0,1,1.0,0.08870555941989762,0.9112944405801022
2003-10-09,1,1,0,1.0,0.0,1,1.0,0.4480705985424886,0.5519294014575098
2003-10-29,1,1,0,1.0,0.0,1,1.0,0.44199568468717737,0.5580043153128237
2003-11-05,1,0,1,0.0,1.0,-1,-1.0,0.7937151335429959,0.20628486645700506
2003-11-14,1,1,0,1.0,0.0,1,1.0,0.17654265159169893,0.8234573484082996
2003-11-19,1,1,0,1.0,0.0,1,1.0,0.2226956949994424,0.7773043050005569
2003-11-27,1,0,1,0.0,1.0,-1,-1.0,0.5717709519779814,0.4282290480220199
2003-12-29,1,1,0,1.0,0.0,1,1.0,0.35477672573498986,0.6452232742650118
2004-01-07,1,0,1,0.0,1.0,-1,-1.0,0.7031835938276231,0.2968164061723763
2004-01-30,1,1,0,1.0,0.0,1,1.0,0.036448443739341786,0.9635515562606585
2004-02-03,1,1,0,1.0,0.0,1,1.0,0.13484506786845185,0.8651549321315479
2004-02-25,1,1,0,1.0,0.0,1,1.0,0.4868905395222436,0.5131094604777575
2004-03-19,1,0,1,0.0,1.0,-1,-1.0,0.5785320172892147,0.421467982710785
2004-03-24,1,1,0,1.0,0.0,1,1.0,0.22593454088152637,0.7740654591184719
2004-03-26,1,0,1,0.0,1.0,-1,-1.0,0.6149860760773069,0.3850139239226936
2004-03-30,1,1,0,1.0,0.0,1,1.0,0.44246379508618344,0.5575362049138166
2004-04-06,1,0,1,0.0,1.0,-1,-1.0,0.5259447162791454,0.4740552837208547
2004-04-13,1,1,0,1.0,0.0,1,1.0,0.4334183596917546,0.5665816403082471
2004-04-19,1,1,0,1.0,0.0,1,1.0,0.46703488563065365,0.5329651143693455
2004-05-20,1,1,0,1.0,0.0,1,1.0,0.1761673703331751,0.823832629666826
2004-05-21,1,1,0,1.0,0.0,1,1.0,0.30575602559383025,0.6942439744061694
2004-06-04,1,1,0,1.0,0.0,1,1.0,0.17553462521536992,0.8244653747846297
2004-06-08,1,0,1,0.0,1.0,-1,-1.0,0.5152666169388344,0.4847333830611663
2004-06-18,1,1,0,1.0,0.0,1,1.0,0.14396449445336637,0.8560355055466334
2004-06-29,1,0,1,0.0,1.0,-1,-1.0,0.7050858562410997,0.2949141437589009
2004-07-01,1,0,1,0.0,1.0,-1,-1.0,0.5099202054997158,0.49007979450028516
2004-07-12,1,1,0,1.0,0.0,1,1.0,0.4601236189135943,0.5398763810864046
2004-07-15,1,1,0,1.0,0.0,1,1.0,0.05851129112319487,0.941488708876804
2004-07-26,1,0,1,0.0,1.0,-1,-1.0,0.5434183910816484,0.45658160891835115
2004-08-19,1,1,0,1.0,0.0,1,1.0,0.06923989263520525,0.9307601073647952
2004-08-31,1,1,0,1.0,0.0,1,1.0,0.46035089860834405,0.5396491013916569
2004-09-15,1,1,0,1.0,0.0,1,1.0,0.19765307900038523,0.8023469209996159
2004-09-24,1,1,0,1.0,0.0,1,1.0,0.2945391608590925,0.7054608391409074
2004-10-15,1,1,0,1.0,0.0,1,1.0,0.26643828277600223,0.7335617172239964
2004-10-19,1,1,0,1.0,0.0,1,1.0,0.19854441555591365,0.801455584444085
2004-10-20,1,1,0,1.0,0.0,1,1.0,0.4196700979599112,0.5803299020400876
2004-10-25,3,3,0,1.0,0.0,3,1.0,0.24656105909216755,0.7534389409078325
2004-10-27,1,0,1,0.0,1.0,-1,-1.0,0.7293568130071082,0.27064318699289236
2004-11-04,1,1,0,1.0,0.0,1,1.0,0.32284785657445814,0.6771521434255419
2004-11-15,1,1,0,1.0,0.0,1,1.0,0.1395102259188559,0.8604897740811451
2004-12-10,1,1,0,1.0,0.0,1,1.0,0.36236181466831446,0.6376381853316844
2005-01-11,2,1,1,0.5,0.5,0,0.0,0.38482417996023865,0.615175820039761
2005-01-12,1,0,1,0.0,1.0,-1,-1.0,0.8879579899971238,0.11204201000287663
2005-01-17,1,0,1,0.0,1.0,-1,-1.0,0.6506256835870026,0.34937431641299815
2005-01-18,2,1,1,0.5,0.5,0,0.0,0.48431057791036003,0.5156894220896404
2005-01-20,1,0,1,0.0,1.0,-1,-1.0,0.5458573760770414,0.4541426239229575
2005-01-21,1,1,0,1.0,0.0,1,1.0,0.43620626389981854,0.5637937361001814
2005-01-25,1,0,1,0.0,1.0,-1,-1.0,0.5950701804887778,0.40492981951122203
2005-02-07,1,1,0,1.0,0.0,1,1.0,0.4492479759423489,0.5507520240576517
2005-02-22,1,1,0,1.0,0.0,1,1.0,0.33356866084032705,0.666431339159673
2005-02-28,2,2,0,1.0,0.0,2,1.0,0.3167139616500032,0.6832860383499966
2005-03-05,2,1,1,0.5,0.5,0,0.0,0.4768566351755942,0.5231433648244048
2005-03-08,1,1,0,1.0,0.0,1,1.0,0.05903127314956956,0.9409687268504293
2005-03-11,1,0,1,0.0,1.0,-1,-1.0,0.7637952400510225,0.2362047599489799
2005-03-14,1,1,0,1.0,0.0,1,1.0,0.32075181375322614,0.6792481862467754
2005-03-23,1,1,0,1.0,0.0,1,1.0,0.49490182980871006,0.5050981701912899
2005-04-15,1,1,0,1.0,0.0,1,1.0,0.08674270300999422,0.9132572969900075
2005-04-29,1,0,1,0.0,1.0,-1,-1.0,0.7052549108918867,0.29474508910811315
2005-05-16,1,1,0,1.0,0.0,1,1.0,0.44431395286370706,0.5556860471362927
2005-05-18,1,1,0,1.0,0.0,1,1.0,0.08498359322059483,0.9150164067794035
2005-05-20,1,1,0,1.0,0.0,1,1.0,0.13718380352488374,0.8628161964751144
2005-05-24,2,2,0,1.0,0.0,2,1.0,0.11577305600135737,0.884226943998643
2005-06-03,1,0,1,0.0,1.0,-1,-1.0,0.6263389605297189,0.37366103947028234
2005-06-06,2,1,1,0.5,0.5,0,0.0,0.4537120057049132,0.5462879942950868
2005-06-07,1,1,0,1.0,0.0,1,1.0,0.060353665175985775,0.9396463348240126
2005-06-08,1,1,0,1.0,0.0,1,1.0,0.2675749317117709,0.7324250682882307
2005-06-13,2,2,0,1.0,0.0,2,1.0,0.39863352722886763,0.6013664727711316
2005-06-27,1,1,0,1.0,0.0,1,1.0,0.1580142955515909,0.8419857044484089
2005-06-28,1,1,0,1.0,0.0,1,1.0,0.041841714679331,0.9581582853206695
2005-07-06,1,1,0,1.0,0.0,1,1.0,0.06021306797684935,0.939786932023152
2005-07-14,2,1,1,0.5,0.5,0,0.0,0.27924174124092616,0.7207582587590731
2005-07-15,1,1,0,1.0,0.0,1,1.0,0.051353994551981266,0.9486460054480164
2005-07-26,1,1,0,1.0,0.0,1,1.0,0.2501355021733469,0.7498644978266548
2005-08-02,1,1,0,1.0,0.0,1,1.0,0.4668618841661782,0.5331381158338224
2005-08-16,1,1,0,1.0,0.0,1,1.0,0.06515370012923477,0.9348462998707624
2005-08-17,1,1,0,1.0,0.0,1,1.0,0.05984369382750286,0.940156306172496
2005-08-23,1,0,1,0.0,1.0,-1,-1.0,0.7306754998197402,0.26932450018026044
2005-08-26,1,1,0,1.0,0.0,1,1.0,0.49923716373154886,0.5007628362684521
2005-08-30,2,1,1,0.5,0.5,0,0.0,0.35510642886164995,0.6448935711383506
2005-08-31,2,2,0,1.0,0.0,2,1.0,0.3853758971564464,0.6146241028435531
2005-09-01,1,1,0,1.0,0.0,1,1.0,0.21138476151323177,0.7886152384867692
2005-09-02,1,0,1,0.0,1.0,-1,-1.0,0.6117579453007803,0.38824205469921946
2005-09-06,1,1,0,1.0,0.0,1,1.0,0.3017197504355583,0.6982802495644401
2005-09-07,1,1,0,1.0,0.0,1,1.0,0.22440330058208188,0.7755966994179198
2005-09-08,1,0,1,0.0,1.0,-1,-1.0,0.7095006456046381,0.2904993543953621
2005-09-14,3,3,0,1.0,0.0,3,1.0,0.27384073269580683,0.7261592673041933
2005-09-19,1,0,1,0.0,1.0,-1,-1.0,0.5380136690714568,0.4619863309285442
2005-09-20,1,0,1,0.0,1.0,-1,-1.0,0.5868079115948519,0.4131920884051488
2005-09-26,1,0,1,0.0,1.0,-1,-1.0,0.717651108604359,0.28234889139564157
2005-09-28,1,0,1,0.0,1.0,-1,-1.0,0.5864666159334567,0.413533384066543
2005-09-29,1,1,0,1.0,0.0,1,1.0,0.08045991366592285,0.9195400863340754
2005-10-03,1,1,0,1.0,0.0,1,1.0,0.17398461910959132,0.8260153808904087
2005-10-04,1,1,0,1.0,0.0,1,1.0,0.06116788915546181,0.9388321108445381
2005-10-12,1,0,1,0.0,1.0,-1,-1.0,0.6068157040544312,0.3931842959455691
2005-10-13,2,1,1,0.5,0.5,0,0.0,0.331606920356446,0.6683930796435535
2005-10-14,1,1,0,1.0,0.0,1,1.0,0.15935358501233243,0.840646414987664
2005-10-17,1,1,0,1.0,0.0,1,1.0,0.3029121341241929,0.6970878658758066
2005-10-24,2,2,0,1.0,0.0,2,1.0,0.31852165648134734,0.6814783435186531
2005-10-28,1,1,0,1.0,0.0,1,1.0,0.2598393005541212,0.7401606994458785
2005-10-31,1,0,1,0.0,1.0,-1,-1.0,0.5836036810422551,0.4163963189577466
2005-11-03,1,1,0,1.0,0.0,1,1.0,0.08280483470540086,0.9171951652946
2005-11-04,2,2,0,1.0,0.0,2,1.0,0.2075457083725668,0.7924542916274337
2005-11-21,1,1,0,1.0,0.0,1,1.0,0.3025921790249955,0.6974078209750061
2005-11-22,1,1,0,1.0,0.0,1,1.0,0.20570587675316473,0.7942941232468366
2005-11-25,1,1,0,1.0,0.0,1,1.0,0.4484031777976123,0.5515968222023895
2005-11-29,1,0,1,0.0,1.0,-1,-1.0,0.6763525471672759,0.3236474528327225
2005-11-30,1,1,0,1.0,0.0,1,1.0,0.07324618368586977,0.9267538163141273
2005-12-01,1,1,0,1.0,0.0,1,1.0,0.31376842594769616,0.6862315740523005
2005-12-05,1,1,0,1.0,0.0,1,1.0,0.36955125728374727,0.6304487427162511
2005-12-07,3,2,1,0.6666666666666666,0.3333333333333333,1,0.3333333333333333,0.3514514402425719,0.6485485597574282
2005-12-14,1,1,0,1.0,0.0,1,1.0,0.3131193742191321,0.686880625780867
2005-12-17,1,0,1,0.0,1.0,-1,-1.0,0.6987124335434793,0.3012875664565208
2005-12-19,1,0,1,0.0,1.0,-1,-1.0,0.7592474615404224,0.24075253845957584
2005-12-21,1,1,0,1.0,0.0,1,1.0,0.2127015352461395,0.7872984647538637
2005-12-26,1,1,0,1.0,0.0,1,1.0,0.479841602665953,0.5201583973340483
2006-01-03,1,0,1,0.0,1.0,-1,-1.0,0.7040298874490798,0.29597011255092076
2006-01-05,1,1,0,1.0,0.0,1,1.0,0.38207024486444907,0.6179297551355497
2006-01-07,1,1,0,1.0,0.0,1,1.0,0.3474903865032718,0.6525096134967268
2006-01-10,1,1,0,1.0,0.0,1,1.0,0.3731276650535123,0.6268723349464891
2006-01-11,1,0,1,0.0,1.0,-1,-1.0,0.5539284655687381,0.4460715344312636
2006-01-12,1,0,1,0.0,1.0,-1,-1.0,0.7043517505068698,0.29564824949313095
2006-01-14,1,1,0,1.0,0.0,1,1.0,0.2578532208214972,0.7421467791785035
2006-01-19,1,1,0,1.0,0.0,1,1.0,0.3335015491301486,0.6664984508698505
2006-01-23,1,1,0,1.0,0.0,1,1.0,0.1809487651921525,0.819051234807848
2006-01-31,1,1,0,1.0,0.0,1,1.0,0.2158518061852973,0.7841481938147044
2006-02-02,1,0,1,0.0,1.0,-1,-1.0,0.6306926955346178,0.36930730446538357
2006-02-06,1,1,0,1.0,0.0,1,1.0,0.4985144840704309,0.5014855159295676
2006-02-07,1,0,1,0.0,1.0,-1,-1.0,0.5029921414170526,0.4970078585829486
2006-02-08,1,0,1,0.0,1.0,-1,-1.0,0.5930243146616087,0.4069756853383916
2006-02-09,1,1,0,1.0,0.0,1,1.0,0.37413585442702735,0.6258641455729717
2006-02-11,1,1,0,1.0,0.0,1,1.0,0.37120809775690516,0.6287919022430958
2006-02-14,1,1,0,1.0,0.0,1,1.0,0.08265223629456038,0.9173477637054385
2006-02-15,2,1,1,0.5,0.5,0,0.0,0.5060879683450867,0.4939120316549134
2006-02-17,3,2,1,0.6666666666666666,0.3333333333333333,1,0.3333333333333333,0.48235045666239906,0.5176495433376016
2006-02-24,1,0,1,0.0,1.0,-1,-1.0,0.8571338718355631,0.1428661281644372
2006-02-27,1,0,1,0.0,1.0,-1,-1.0,0.6096713311105048,0.3903286688894939
2006-03-01,2,0,2,0.0,1.0,-2,-1.0,0.6094124439555464,0.39058755604445283
2006-03-06,1,0,1,0.0,1.0,-1,-1.0,0.5476612922523637,0.45233870774763446
2006-03-16,1,0,1,0.0,1.0,-1,-1.0,0.8438506658317312,0.1561493341682702
2006-03-21,1,1,0,1.0,0.0,1,1.0,0.14303372516796897,0.8569662748320327
2006-03-22,1,1,0,1.0,0.0,1,1.0,0.169541975432635,0.8304580245673646
2006-03-23,1,0,1,0.0,1.0,-1,-1.0,0.5724414422632363,0.4275585577367623
2006-03-24,1,0,1,0.0,1.0,-1,-1.0,0.6657271968984201,0.33427280310157914
2006-03-27,1,0,1,0.0,1.0,-1,-1.0,0.5640373972546788,0.435962602745321
2006-03-28,1,0,1,0.0,1.0,-1,-1.0,0.5169989129214014,0.48300108707859835
2006-03-29,1,0,1,0.0,1.0,-1,-1.0,0.6707663242749231,0.32923367572507733
2006-03-30,2,2,0,1.0,0.0,2,1.0,0.223494331999766,0.7765056680002353
2006-04-05,2,2,0,1.0,0.0,2,1.0,0.44123467138974415,0.5587653286102567
2006-04-06,2,1,1,0.5,0.5,0,0.0,0.33758715426424735,0.6624128457357505
2006-04-10,1,1,0,1.0,0.0,1,1.0,0.4811257634506741,0.5188742365493262
2006-04-11,1,1,0,1.0,0.0,1,1.0,0.1823113382553899,0.8176886617446094
2006-04-13,1,1,0,1.0,0.0,1,1.0,0.48099930359437637,0.5190006964056244
2006-04-14,1,1,0,1.0,0.0,1,1.0,0.40976992053558614,0.5902300794644136
2006-04-17,1,1,0,1.0,0.0,1,1.0,0.35821317779984513,0.6417868222001545
2006-04-18,1,0,1,0.0,1.0,-1,-1.0,0.6685729428349249,0.33142705716507603
2006-04-20,1,0,1,0.0,1.0,-1,-1.0,0.5903815285687999,0.40961847143120034
2006-04-21,1,1,0,1.0,0.0,1,1.0,0.4727212541229808,0.527278745877019
2006-04-24,1,1,0,1.0,0.0,1,1.0,0.31663596204018335,0.6833640379598156
2006-04-25,1,1,0,1.0,0.0,1,1.0,0.4835352860779466,0.5164647139220534
2006-04-27,2,1,1,0.5,0.5,0,0.0,0.3690925966557729,0.6309074033442277
2006-05-02,1,1,0,1.0,0.0,1,1.0,0.4468137811109688,0.5531862188890297
2006-05-08,1,1,0,1.0,0.0,1,1.0,0.490230354923214,0.5097696450767868
2006-05-15,3,1,2,0.3333333333333333,0.6666666666666666,-1,-0.3333333333333333,0.5699662652201676,0.4300337347798319
2006-05-16,2,2,0,1.0,0.0,2,1.0,0.36768622142322077,0.6323137785767801
2006-05-17,1,1,0,1.0,0.0,1,1.0,0.025905122357973424,0.9740948776420253
2006-05-19,1,1,0,1.0,0.0,1,1.0,0.16223950684914543,0.8377604931508548
2006-05-24,1,1,0,1.0,0.0,1,1.0,0.2859719882056581,0.7140280117943402
2006-05-25,2,2,0,1.0,0.0,2,1.0,0.38577155393022733,0.6142284460697724
2006-05-26,1,1,0,1.0,0.0,1,1.0,0.40407544053783545,0.5959245594621643
2006-05-29,1,1,0,1.0,0.0,1,1.0,0.3421346301737961,0.6578653698262029
2006-06-01,1,1,0,1.0,0.0,1,1.0,0.30430249099019985,0.6956975090097991
2006-06-07,1,1,0,1.0,0.0,1,1.0,0.09584281772597013,0.90415718227403
2006-06-14,1,1,0,1.0,0.0,1,1.0,0.4009134110134146,0.599086588986586
2006-06-15,1,1,0,1.0,0.0,1,1.0,0.3779395852377644,0.6220604147622344
2006-06-16,1,1,0,1.0,0.0,1,1.0,0.4751762294264334,0.5248237705735679
2006-06-20,1,1,0,1.0,0.0,1,1.0,0.15692781239957004,0.8430721876004296
2006-06-21,1,0,1,0.0,1.0,-1,-1.0,0.7114176694353525,0.2885823305646472
2006-06-22,2,1,1,0.5,0.5,0,0.0,0.5043624429986682,0.49563755700133266
2006-06-27,2,2,0,1.0,0.0,2,1.0,0.32510256605676446,0.6748974339432352
2006-06-29,1,0,1,0.0,1.0,-1,-1.0,0.74582920251922,0.2541707974807804
2006-07-06,1,1,0,1.0,0.0,1,1.0,0.2949725050603611,0.7050274949396399
2006-07-10,1,1,0,1.0,0.0,1,1.0,0.43620626389981854,0.5637937361001814
2006-07-15,1,1,0,1.0,0.0,1,1.0,0.0659483854552462,0.9340516145447535
2006-07-17,1,1,0,1.0,0.0,1,1.0,0.18736683397338302,0.8126331660266185
2006-07-18,1,1,0,1.0,0.0,1,1.0,0.05104883428488758,0.9489511657151142
2006-07-20,1,1,0,1.0,0.0,1,1.0,0.14960199794750684,0.850398002052493
2006-07-21,1,1,0,1.0,0.0,1,1.0,0.04457690597172104,0.9554230940282813
2006-07-24,1,0,1,0.0,1.0,-1,-1.0,0.5441400774233323,0.455859922576669
2006-07-26,1,1,0,1.0,0.0,1,1.0,0.27512374098400216,0.7248762590159978
2006-07-27,1,0,1,0.0,1.0,-1,-1.0,0.6804714726034774,0.319528527396524
2006-07-31,1,0,1,0.0,1.0,-1,-1.0,0.5400315039837583,0.4599684960162417
2006-08-01,1,0,1,0.0,1.0,-1,-1.0,0.7365211498440973,0.2634788501559039
2006-08-04,1,1,0,1.0,0.0,1,1.0,0.4314647590651516,0.5685352409348492
2006-08-07,3,3,0,1.0,0.0,3,1.0,0.09670220201714809,0.9032977979828517
2006-08-08,3,2,1,0.6666666666666666,0.3333333333333333,1,0.3333333333333333,0.4187655651108573,0.5812344348891418
2006-08-10,1,0,1,0.0,1.0,-1,-1.0,0.6787168699384426,0.3212831300615586
2006-08-14,1,1,0,1.0,0.0,1,1.0,0.2166070414853382,0.7833929585146584
2006-08-16,2,2,0,1.0,0.0,2,1.0,0.31629246283116497,0.6837075371688346
2006-08-17,1,1,0,1.0,0.0,1,1.0,0.3247819364943756,0.675218063505626
2006-08-21,1,1,0,1.0,0.0,1,1.0,0.24345884377214944,0.7565411562278515
2006-08-23,1,1,0,1.0,0.0,1,1.0,0.13077760476682054,0.8692223952331811
2006-08-24,2,1,1,0.5,0.5,0,0.0,0.34893618706405805,0.6510638129359435
2006-08-25,1,1,0,1.0,0.0,1,1.0,0.415077032784271,0.5849229672157285
2006-08-28,1,1,0,1.0,0.0,1,1.0,0.1270637266474568,0.872936273352542
2006-08-29,1,0,1,0.0,1.0,-1,-1.0,0.5833323954066337,0.4166676045933667
2006-08-31,1,1,0,1.0,0.0,1,1.0,0.23123083339505723,0.7687691666049417
2006-09-04,1,0,1,0.0,1.0,-1,-1.0,0.8242519899753424,0.1757480100246562
2006-09-12,1,1,0,1.0,0.0,1,1.0,0.16479434631244128,0.8352056536875583
2006-09-13,1,0,1,0.0,1.0,-1,-1.0,0.7339614421382352,0.26603855786176656
2006-09-14,2,2,0,1.0,0.0,2,1.0,0.3268464879586218,0.6731535120413785
2006-09-15,2,0,2,0.0,1.0,-2,-1.0,0.6972373062485656,0.3027626937514341
2006-09-17,1,1,0,1.0,0.0,1,1.0,0.35747346560026677,0.6425265343997327
2006-09-19,1,0,1,0.0,1.0,-1,-1.0,0.6220166203841383,0.3779833796158603
2006-09-20,1,0,1,0.0,1.0,-1,-1.0,0.519580548261716,0.48041945173828365
2006-09-21,1,1,0,1.0,0.0,1,1.0,0.47743687616299574,0.5225631238370028
2006-09-25,1,1,0,1.0,0.0,1,1.0,0.22811687742836514,0.7718831225716366
2006-09-29,3,0,3,0.0,1.0,-3,-1.0,0.5802495976933373,0.4197504023066638
2006-10-04,2,1,1,0.5,0.5,0,0.0,0.5440927963315066,0.45590720366849286
2006-10-09,2,1,1,0.5,0.5,0,0.0,0.3731169868851257,0.6268830131148743
2006-10-12,1,1,0,1.0,0.0,1,1.0,0.1868992890525285,0.8131007109474717
2006-10-13,1,0,1,0.0,1.0,-1,-1.0,0.6005754644783573,0.3994245355216428
2006-10-16,3,1,2,0.3333333333333333,0.6666666666666666,-1,-0.3333333333333333,0.5294671053008004,0.47053289469919896
2006-10-17,3,2,1,0.6666666666666666,0.3333333333333333,1,0.3333333333333333,0.41304240732067893,0.5869575926793215
2006-10-18,1,0,1,0.0,1.0,-1,-1.0,0.7484400823023938,0.25155991769760466
2006-10-20,1,1,0,1.0,0.0,1,1.0,0.39292512393558465,0.6070748760644137
2006-10-21,1,1,0,1.0,0.0,1,1.0,0.015446734232565843,0.9845532657674384
2006-10-24,1,1,0,1.0,0.0,1,1.0,0.43705951820849437,0.562940481791507
2006-10-26,2,0,2,0.0,1.0,-2,-1.0,0.6224414596945289,0.37755854030547054
2006-10-27,2,2,0,1.0,0.0,2,1.0,0.3461349023351032,0.6538650976648961
2006-10-31,3,0,3,0.0,1.0,-3,-1.0,0.5628488622857694,0.4371511377142305
2006-11-01,1,1,0,1.0,0.0,1,1.0,0.2505947818889559,0.7494052181110452
2006-11-07,1,1,0,1.0,0.0,1,1.0,0.26161518681710266,0.7383848131828964
2006-11-08,1,1,0,1.0,0.0,1,1.0,0.11060979427138842,0.8893902057286133
2006-11-09,1,1,0,1.0,0.0,1,1.0,0.2987258302234503,0.7012741697765501
2006-11-14,1,1,0,1.0,0.0,1,1.0,0.40668488033427236,0.5933151196657268
2006-11-22,1,1,0,1.0,0.0,1,1.0,0.15224363821278583,0.8477563617872144
2006-11-27,1,0,1,0.0,1.0,-1,-1.0,0.6815654485816026,0.318434551418398
2006-12-01,1,1,0,1.0,0.0,1,1.0,0.03256118464488866,0.9674388153551107
2006-12-04,1,0,1,0.0,1.0,-1,-1.0,0.6092688928828962,0.3907311071171023
2006-12-08,1,0,1,0.0,1.0,-1,-1.0,0.9125300737750915,0.08746992622490847
2006-12-18,1,1,0,1.0,0.0,1,1.0,0.4028975947082719,0.5971024052917286
2006-12-27,1,1,0,1.0,0.0,1,1.0,0.3860519238511471,0.6139480761488533
2006-12-28,1,1,0,1.0,0.0,1,1.0,0.4712605988847896,0.528739401115209
2006-12-29,1,0,1,0.0,1.0,-1,-1.0,0.7259520697522589,0.2740479302477404
2006-12-30,1,0,1,0.0,1.0,-1,-1.0,0.587485000404991,0.41251499959501065
2007-01-01,1,1,0,1.0,0.0,1,1.0,0.10405702364217832,0.8959429763578219
2007-01-02,2,2,0,1.0,0.0,2,1.0,0.12980346979853027,0.8701965302014706
2007-01-03,1,1,0,1.0,0.0,1,1.0,0.1555499159548822,0.8444500840451192
2007-01-06,1,1,0,1.0,0.0,1,1.0,0.2235949946490152,0.7764050053509843
2007-01-07,1,1,0,1.0,0.0,1,1.0,0.2235949946490152,0.7764050053509843
2007-01-08,2,2,0,1.0,0.0,2,1.0,0.32653914834173736,0.673460851658263
2007-01-09,23,22,1,0.9565217391304348,0.043478260869565216,21,0.9130434782608696,0.22696764247509255,0.7730323575249077
2007-01-10,28,24,4,0.8571428571428571,0.14285714285714285,20,0.7142857142857142,0.31534306644373455,0.6846569335562656
2007-01-11,7,6,1,0.8571428571428571,0.14285714285714285,5,0.7142857142857142,0.34734635249383533,0.6526536475061648
2007-01-12,6,6,0,1.0,0.0,6,1.0,0.18334739467736794,0.8166526053226321
2007-01-13,1,1,0,1.0,0.0,1,1.0,0.16740395964310625,0.8325960403568919
2007-01-15,3,2,1,0.6666666666666666,0.3333333333333333,1,0.3333333333333333,0.3201988958392851,0.6798011041607142
2007-01-16,2,2,0,1.0,0.0,2,1.0,0.19700910954423012,0.8029908904557701
2007-01-17,10,10,0,1.0,0.0,10,1.0,0.11316638144202396,0.8868336185579759
2007-01-18,25,22,3,0.88,0.12,19,0.76,0.17384574144294818,0.8261542585570522
2007-01-19,2,2,0,1.0,0.0,2,1.0,0.15081490867947311,0.8491850913205272
2007-01-22,1,1,0,1.0,0.0,1,1.0,0.12396056456924182,0.8760394354307594
2007-01-23,5,4,1,0.8,0.2,3,0.6000000000000001,0.25890467549547813,0.7410953245045224
2007-01-24,3,3,0,1.0,0.0,3,1.0,0.18286264093989482,0.8171373590601054
2007-01-25,3,3,0,1.0,0.0,3,1.0,0.24252574715720254,0.7574742528427977
2007-01-30,2,2,0,1.0,0.0,2,1.0,0.26475501081666586,0.735244989183335
2007-01-31,2,1,1,0.5,0.5,0,0.0,0.40323862868214566,0.596761371317854
2007-02-01,1,0,1,0.0,1.0,-1,-1.0,0.5077348643380344,0.49226513566196556
2007-02-02,2,2,0,1.0,0.0,2,1.0,0.18579184808851174,0.8142081519114891
2007-02-03,1,1,0,1.0,0.0,1,1.0,0.18579184808851174,0.8142081519114891
2007-02-05,6,6,0,1.0,0.0,6,1.0,0.25337773419134735,0.7466222658086528
2007-02-06,3,3,0,1.0,0.0,3,1.0,0.15653568155229602,0.8434643184477043
2007-02-07,4,4,0,1.0,0.0,4,1.0,0.26916774515362574,0.7308322548463749
2007-02-08,1,0,1,0.0,1.0,-1,-1.0,0.7313104027407251,0.2686895972592765
2007-02-09,2,1,1,0.5,0.5,0,0.0,0.5487716273799859,0.45122837262001503
2007-02-12,6,6,0,1.0,0.0,6,1.0,0.12402359655706909,0.8759764034429306
2007-02-13,2,2,0,1.0,0.0,2,1.0,0.27113189915187647,0.7288681008481233
2007-02-15,1,1,0,1.0,0.0,1,1.0,0.07401293964422133,0.9259870603557802
2007-02-16,3,3,0,1.0,0.0,3,1.0,0.13947865720614355,0.860521342793856
2007-02-17,1,1,0,1.0,0.0,1,1.0,0.05612255502108202,0.9438774449789188
2007-02-21,1,1,0,1.0,0.0,1,1.0,0.12998534346577767,0.8700146565342238
2007-02-22,7,7,0,1.0,0.0,7,1.0,0.14842787748278433,0.8515721225172161
2007-02-23,1,0,1,0.0,1.0,-1,-1.0,0.6479600693908932,0.35203993060910826
2007-02-26,2,2,0,1.0,0.0,2,1.0,0.1799899167248533,0.8200100832751462
2007-02-27,2,2,0,1.0,0.0,2,1.0,0.1790736204561004,0.8209263795439001
2007-02-28,3,3,0,1.0,0.0,3,1.0,0.06572079611667413,0.934279203883326
2007-03-01,1,1,0,1.0,0.0,1,1.0,0.21501144212198026,0.7849885578780192
2007-03-02,2,2,0,1.0,0.0,2,1.0,0.19915618884341713,0.8008438111565823
2007-03-05,1,1,0,1.0,0.0,1,1.0,0.3830124810077516,0.6169875189922469
2007-03-06,1,1,0,1.0,0.0,1,1.0,0.2042587377890383,0.7957412622109619
2007-03-08,1,1,0,1.0,0.0,1,1.0,0.13651328141230615,0.8634867185876937
2007-03-09,1,1,0,1.0,0.0,1,1.0,0.13651328141230615,0.8634867185876937
2007-03-11,2,2,0,1.0,0.0,2,1.0,0.3802738574405977,0.6197261425594027
2007-03-12,2,2,0,1.0,0.0,2,1.0,0.35194100930669847,0.6480589906933024
2007-03-13,2,2,0,1.0,0.0,2,1.0,0.12040936506896001,0.8795906349310414
2007-03-19,2,1,1,0.5,0.5,0,0.0,0.3825129570638322,0.6174870429361671
2007-03-20,1,1,0,1.0,0.0,1,1.0,0.11944274080804461,0.8805572591919562
2007-03-21,2,2,0,1.0,0.0,2,1.0,0.2760707293602575,0.7239292706397428
2007-03-22,4,4,0,1.0,0.0,4,1.0,0.224642945937027,0.7753570540629731
2007-03-28,2,2,0,1.0,0.0,2,1.0,0.29782772373317035,0.7021722762668285
2007-03-29,4,3,1,0.75,0.25,2,0.5,0.30757784668194493,0.6924221533180548
2007-03-30,1,1,0,1.0,0.0,1,1.0,0.2690698729534893,0.7309301270465107
2007-03-31,1,1,0,1.0,0.0,1,1.0,0.17332290146233661,0.8266770985376628
2007-04-01,3,3,0,1.0,0.0,3,1.0,0.14091869737656595,0.8590813026234337
2007-04-02,8,7,1,0.875,0.125,6,0.75,0.1990612884976887,0.8009387115023113
2007-04-03,3,2,1,0.6666666666666666,0.3333333333333333,1,0.3333333333333333,0.2835383457296263,0.7164616542703733
2007-04-04,1,1,0,1.0,0.0,1,1.0,0.012482943627058879,0.9875170563729411
2007-04-06,1,0,1,0.0,1.0,-1,-1.0,0.5182186718773358,0.4817813281226629
2007-04-09,4,3,1,0.75,0.25,2,0.5,0.305836196974713,0.6941638030252877
2007-04-10,3,3,0,1.0,0.0,3,1.0,0.1111577134234256,0.8888422865765747
2007-04-11,1,1,0,1.0,0.0,1,1.0,0.06753098539718416,0.9324690146028172
2007-04-12,9,8,1,0.8888888888888888,0.1111111111111111,7,0.7777777777777777,0.21107802711076795,0.7889219728892317
2007-04-13,3,2,1,0.6666666666666666,0.3333333333333333,1,0.3333333333333333,0.36121845046541684,0.6387815495345835
2007-04-15,1,1,0,1.0,0.0,1,1.0,0.05880204789971729,0.9411979521002836
2007-04-16,2,2,0,1.0,0.0,2,1.0,0.14859576310090195,0.8514042368990973
2007-04-18,1,1,0,1.0,0.0,1,1.0,0.40133219615613125,0.5986678038438691
2007-04-20,1,1,0,1.0,0.0,1,1.0,0.06796155992641434,0.9320384400735849
2007-04-21,1,1,0,1.0,0.0,1,1.0,0.06796155992641434,0.9320384400735849
2007-04-23,4,3,1,0.75,0.25,2,0.5,0.2169796757923086,0.7830203242076919
2007-04-24,8,7,1,0.875,0.125,6,0.75,0.22204481806996929,0.7779551819300305
2007-04-25,12,12,0,1.0,0.0,12,1.0,0.12362946056992334,0.8763705394300763
2007-04-26,13,13,0,1.0,0.0,13,1.0,0.18529981624000225,0.8147001837599976
2007-04-27,2,2,0,1.0,0.0,2,1.0,0.15103925591531864,0.8489607440846811
2007-05-03,3,2,1,0.6666666666666666,0.3333333333333333,1,0.3333333333333333,0.3784335094328149,0.6215664905671847
2007-05-04,2,2,0,1.0,0.0,2,1.0,0.170499552784558,0.8295004472154414
2007-05-10,1,1,0,1.0,0.0,1,1.0,0.22171604539830134,0.7782839546016986
2007-05-11,2,2,0,1.0,0.0,2,1.0,0.12666836446553825,0.873331635534462
2007-05-15,3,2,1,0.6666666666666666,0.3333333333333333,1,0.3333333333333333,0.3469532718266552,0.6530467281733444
2007-05-17,2,1,1,0.5,0.5,0,0.0,0.4602315154995121,0.5397684845004881
2007-05-18,1,1,0,1.0,0.0,1,1.0,0.10297209918847898,0.8970279008115207
2007-05-21,1,0,1,0.0,1.0,-1,-1.0,0.6129122765343533,0.38708772346564585
2007-05-22,1,1,0,1.0,0.0,1,1.0,0.39460332179321567,0.6053966782067839
2007-05-28,1,1,0,1.0,0.0,1,1.0,0.03403779360687586,0.9659622063931241
2007-05-30,8,8,0,1.0,0.0,8,1.0,0.25681253765288115,0.7431874623471184
2007-05-31,4,4,0,1.0,0.0,4,1.0,0.18739416300742381,0.8126058369925759
2007-06-01,1,1,0,1.0,0.0,1,1.0,0.14704944316230587,0.8529505568376935
2007-06-04,6,6,0,1.0,0.0,6,1.0,0.24762056429294174,0.7523794357070588
2007-06-05,2,2,0,1.0,0.0,2,1.0,0.2091055588751951,0.7908944411248056
2007-06-06,2,2,0,1.0,0.0,2,1.0,0.22354345509608692,0.7764565449039139
2007-06-07,5,4,1,0.8,0.2,3,0.6000000000000001,0.273336199870807,0.7266638001291932
2007-06-08,3,3,0,1.0,0.0,3,1.0,0.11056866460724668,0.8894313353927531
2007-06-09,1,1,0,1.0,0.0,1,1.0,0.14144058986037833,0.8585594101396226
2007-06-11,9,7,2,0.7777777777777778,0.2222222222222222,5,0.5555555555555556,0.27506257608678986,0.7249374239132099
2007-06-12,6,5,1,0.8333333333333334,0.16666666666666666,4,0.6666666666666667,0.3350127730559836,0.6649872269440161
2007-06-13,4,3,1,0.75,0.25,2,0.5,0.3634667785571354,0.636533221442864
2007-06-14,4,4,0,1.0,0.0,4,1.0,0.20333295860468253,0.7966670413953167
2007-06-15,2,2,0,1.0,0.0,2,1.0,0.2626382452220724,0.7373617547779269
2007-06-18,6,5,1,0.8333333333333334,0.16666666666666666,4,0.6666666666666667,0.3203553459738197,0.6796446540261801
2007-06-20,4,3,1,0.75,0.25,2,0.5,0.3436672522997865,0.6563327477002137
2007-06-22,2,2,0,1.0,0.0,2,1.0,0.10287481317558028,0.8971251868244189
2007-06-23,1,1,0,1.0,0.0,1,1.0,0.10287481317558028,0.8971251868244189
2007-06-25,3,3,0,1.0,0.0,3,1.0,0.14715304555346814,0.8528469544465317
2007-06-26,11,10,1,0.9090909090909091,0.09090909090909091,9,0.8181818181818181,0.20458113079996496,0.7954188692000348
2007-06-27,1,1,0,1.0,0.0,1,1.0,0.4479265283095769,0.5520734716904241
2007-06-28,4,3,1,0.75,0.25,2,0.5,0.37715540161596106,0.6228445983840383
2007-06-29,9,7,2,0.7777777777777778,0.2222222222222222,5,0.5555555555555556,0.30892835261445506,0.6910716473855443
2007-06-30,5,2,3,0.4,0.6,-1,-0.19999999999999996,0.4847432732239724,0.5152567267760279
2007-07-01,1,1,0,1.0,0.0,1,1.0,0.19301061419774077,0.8069893858022592
2007-07-02,7,6,1,0.8571428571428571,0.14285714285714285,5,0.7142857142857142,0.22218079352418107,0.7778192064758194
2007-07-03,7,7,0,1.0,0.0,7,1.0,0.10866566688878497,0.8913343331112145
2007-07-04,2,1,1,0.5,0.5,0,0.0,0.3031486272446017,0.6968513727553998
2007-07-05,10,10,0,1.0,0.0,10,1.0,0.10560333515059159,0.8943966648494083
2007-07-06,5,4,1,0.8,0.2,3,0.6000000000000001,0.24317320378888935,0.7568267962111113
2007-07-07,1,1,0,1.0,0.0,1,1.0,0.12078035978597776,0.8792196402140239
2007-07-09,2,2,0,1.0,0.0,2,1.0,0.1761942066415204,0.8238057933584793
2007-07-10,1,1,0,1.0,0.0,1,1.0,0.11335323606909532,0.8866467639309031
2007-07-11,2,1,1,0.5,0.5,0,0.0,0.4160681699057939,0.5839318300942062
2007-07-14,1,1,0,1.0,0.0,1,1.0,0.01308781463163536,0.9869121853683626
2007-07-16,1,0,1,0.0,1.0,-1,-1.0,0.5156877498490413,0.48431225015095974
2007-07-17,2,0,2,0.0,1.0,-2,-1.0,0.6272712044690719,0.37272879553092797
2007-07-19,1,1,0,1.0,0.0,1,1.0,0.4468148926740191,0.5531851073259816
2007-07-20,2,2,0,1.0,0.0,2,1.0,0.22308770516223841,0.7769122948377589
2007-07-22,1,1,0,1.0,0.0,1,1.0,0.09684625369699805,0.9031537463030023
2007-07-23,4,2,2,0.5,0.5,0,0.0,0.3245954104399802,0.6754045895600208
2007-07-24,8,5,3,0.625,0.375,2,0.25,0.30269561092383646,0.6973043890761641
2007-07-25,8,8,0,1.0,0.0,8,1.0,0.0870101670935228,0.9129898329064776
2007-07-26,7,6,1,0.8571428571428571,0.14285714285714285,5,0.7142857142857142,0.16132053912786273,0.8386794608721369
2007-07-27,1,1,0,1.0,0.0,1,1.0,0.06156757271127522,0.938432427288726
2007-07-30,4,4,0,1.0,0.0,4,1.0,0.16639764986784633,0.8336023501321543
2007-07-31,4,4,0,1.0,0.0,4,1.0,0.16624806851220258,0.833751931487798
2007-08-01,4,2,2,0.5,0.5,0,0.0,0.5021082519345997,0.49789174806540126
2007-08-02,2,2,0,1.0,0.0,2,1.0,0.1510594873651704,0.8489405126348295
2007-08-04,1,1,0,1.0,0.0,1,1.0,0.15990505418133072,0.840094945818671
2007-08-07,2,0,2,0.0,1.0,-2,-1.0,0.6140218594764032,0.38597814052359564
2007-08-08,3,1,2,0.3333333333333333,0.6666666666666666,-1,-0.3333333333333333,0.49552594628979535,0.5044740537102038
2007-08-09,1,1,0,1.0,0.0,1,1.0,0.0066292096254219396,0.9933707903745782
2007-08-14,2,1,1,0.5,0.5,0,0.0,0.38307143840130276,0.6169285615986984
2007-08-15,1,1,0,1.0,0.0,1,1.0,0.241345433972071,0.7586545660279294
2007-08-16,3,3,0,1.0,0.0,3,1.0,0.20126308195108486,0.7987369180489147
2007-08-17,2,2,0,1.0,0.0,2,1.0,0.14535447149997877,0.8546455285000208
2007-08-20,2,2,0,1.0,0.0,2,1.0,0.35603752173008685,0.6439624782699129
2007-08-21,2,2,0,1.0,0.0,2,1.0,0.15796102346234947,0.8420389765376493
2007-08-22,2,1,1,0.5,0.5,0,0.0,0.4898668734799029,0.5101331265200965
2007-08-24,2,2,0,1.0,0.0,2,1.0,0.35095137312176516,0.6490486268782354
2007-08-25,1,1,0,1.0,0.0,1,1.0,0.21105297732252426,0.7889470226774752
2007-08-27,3,2,1,0.6666666666666666,0.3333333333333333,1,0.3333333333333333,0.28312602661359404,0.7168739733864055
2007-08-28,3,3,0,1.0,0.0,3,1.0,0.30118609740611385,0.6988139025938859
2007-08-29,11,11,0,1.0,0.0,11,1.0,0.14423138654036988,0.8557686134596305
2007-08-30,3,3,0,1.0,0.0,3,1.0,0.1597997855727242,0.8402002144272761
2007-08-31,2,0,2,0.0,1.0,-2,-1.0,0.5498196694039449,0.45018033059605467
2007-09-01,1,0,1,0.0,1.0,-1,-1.0,0.5233966470088802,0.47660335299112
2007-09-02,1,0,1,0.0,1.0,-1,-1.0,0.5233966470088802,0.47660335299112
2007-09-03,1,0,1,0.0,1.0,-1,-1.0,0.5233966470088802,0.47660335299112
2007-09-04,9,8,1,0.8888888888888888,0.1111111111111111,7,0.7777777777777777,0.1818167722222509,0.8181832277777493
2007-09-05,16,16,0,1.0,0.0,16,1.0,0.12003191000157633,0.8799680899984237
2007-09-06,9,8,1,0.8888888888888888,0.1111111111111111,7,0.7777777777777777,0.201297403278914,0.7987025967210865
2007-09-07,7,5,2,0.7142857142857143,0.2857142857142857,3,0.4285714285714286,0.39428990463630553,0.6057100953636947
2007-09-10,8,7,1,0.875,0.125,6,0.75,0.21102498974276493,0.7889750102572352
2007-09-11,4,3,1,0.75,0.25,2,0.5,0.29035145202382545,0.7096485479761744
2007-09-12,2,2,0,1.0,0.0,2,1.0,0.2360154761359427,0.763984523864057
2007-09-13,1,1,0,1.0,0.0,1,1.0,0.16962738130050076,0.8303726186994992
2007-09-14,1,1,0,1.0,0.0,1,1.0,0.13339132049465957,0.8666086795053392
2007-09-15,1,1,0,1.0,0.0,1,1.0,0.13339132049465957,0.8666086795053392
2007-09-16,2,2,0,1.0,0.0,2,1.0,0.14522537963003568,0.8547746203699635
2007-09-17,2,2,0,1.0,0.0,2,1.0,0.14271215150838457,0.8572878484916153
2007-09-18,3,2,1,0.6666666666666666,0.3333333333333333,1,0.3333333333333333,0.3588741416444914,0.6411258583555086
2007-09-19,4,4,0,1.0,0.0,4,1.0,0.19680323070241748,0.8031967692975819
2007-09-20,4,4,0,1.0,0.0,4,1.0,0.31523871382572605,0.684761286174274
2007-09-21,3,3,0,1.0,0.0,3,1.0,0.1332339247174078,0.8667660752825918
2007-09-22,1,1,0,1.0,0.0,1,1.0,0.10841545874301059,0.8915845412569883
2007-09-23,1,1,0,1.0,0.0,1,1.0,0.10841545874301059,0.8915845412569883
2007-09-24,9,9,0,1.0,0.0,9,1.0,0.21467431292474148,0.7853256870752585
2007-09-25,3,2,1,0.6666666666666666,0.3333333333333333,1,0.3333333333333333,0.3130503983191884,0.6869496016808124
2007-09-26,2,2,0,1.0,0.0,2,1.0,0.13037854212702235,0.8696214578729773
2007-09-27,2,2,0,1.0,0.0,2,1.0,0.19134759137126522,0.8086524086287357
2007-09-28,5,4,1,0.8,0.2,3,0.6000000000000001,0.2281741083984045,0.7718258916015952
2007-09-29,3,3,0,1.0,0.0,3,1.0,0.2018785476367478,0.7981214523632518
2007-09-30,1,1,0,1.0,0.0,1,1.0,0.2981705583229571,0.7018294416770423
2007-10-01,2,1,1,0.5,0.5,0,0.0,0.4885627265701684,0.511437273429831
2007-10-02,2,1,1,0.5,0.5,0,0.0,0.5666455574367333,0.4333544425632673
2007-10-03,1,0,1,0.0,1.0,-1,-1.0,0.516759691945429,0.48324030805457147
2007-10-04,1,1,0,1.0,0.0,1,1.0,0.2420301463497573,0.7579698536502409
2007-10-05,1,0,1,0.0,1.0,-1,-1.0,0.5758869898088126,0.42411301019118836
2007-10-11,1,1,0,1.0,0.0,1,1.0,0.0685073798373367,0.9314926201626622
2007-10-12,2,1,1,0.5,0.5,0,0.0,0.5401201825176423,0.45987981748235884
2007-10-15,2,2,0,1.0,0.0,2,1.0,0.22386248292671962,0.7761375170732796
2007-10-16,7,7,0,1.0,0.0,7,1.0,0.1708018303138616,0.829198169686138
2007-10-17,6,6,0,1.0,0.0,6,1.0,0.12000586911387723,0.8799941308861231
2007-10-18,2,1,1,0.5,0.5,0,0.0,0.27169554371308946,0.7283044562869101
2007-10-19,1,1,0,1.0,0.0,1,1.0,0.4238775487421442,0.5761224512578542
2007-10-22,14,14,0,1.0,0.0,14,1.0,0.06466312498964769,0.9353368750103527
2007-10-23,16,15,1,0.9375,0.0625,14,0.875,0.14728422419093087,0.8527157758090689
2007-10-24,1,1,0,1.0,0.0,1,1.0,0.04090797228216985,0.9590920277178315
2007-10-26,1,0,1,0.0,1.0,-1,-1.0,0.5244782650792187,0.47552173492078
2007-10-27,1,0,1,0.0,1.0,-1,-1.0,0.6161421562828885,0.3838578437171125
2007-10-29,2,2,0,1.0,0.0,2,1.0,0.2246119850032279,0.7753880149967717
2007-10-30,3,3,0,1.0,0.0,3,1.0,0.12927523833286403,0.8707247616671357
2007-11-01,1,1,0,1.0,0.0,1,1.0,0.47838291334459754,0.5216170866554021
2007-11-06,1,1,0,1.0,0.0,1,1.0,0.4638799083234369,0.5361200916765625
2007-11-07,2,2,0,1.0,0.0,2,1.0,0.019034835988708455,0.9809651640112927
2007-11-08,1,1,0,1.0,0.0,1,1.0,0.04253087286386614,0.9574691271361336
2007-11-09,1,1,0,1.0,0.0,1,1.0,0.2067229669394525,0.7932770330605463
2007-11-10,1,1,0,1.0,0.0,1,1.0,0.08327907471978435,0.9167209252802145
2007-11-12,1,1,0,1.0,0.0,1,1.0,0.02586656460144909,0.9741334353985518
2007-11-13,5,5,0,1.0,0.0,5,1.0,0.10908319630493286,0.8909168036950671
2007-11-14,5,5,0,1.0,0.0,5,1.0,0.13277637765982891,0.8672236223401718
2007-11-15,1,1,0,1.0,0.0,1,1.0,0.06561791404800975,0.93438208595199
2007-11-20,1,1,0,1.0,0.0,1,1.0,0.220578057020051,0.7794219429799496
2007-11-21,2,1,1,0.5,0.5,0,0.0,0.4189080453098418,0.5810919546901578
2007-11-26,3,3,0,1.0,0.0,3,1.0,0.17857887317870633,0.8214211268212942
2007-11-27,4,4,0,1.0,0.0,4,1.0,0.21888727449739,0.7811127255026092
2007-11-28,5,5,0,1.0,0.0,5,1.0,0.2828274726168899,0.7171725273831108
2007-11-29,2,2,0,1.0,0.0,2,1.0,0.10197416958961013,0.8980258304103901
2007-11-30,4,3,1,0.75,0.25,2,0.5,0.31248621159028245,0.6875137884097176
2007-12-03,3,3,0,1.0,0.0,3,1.0,0.27789442205485165,0.7221055779451492
2007-12-04,7,7,0,1.0,0.0,7,1.0,0.22962353118778273,0.7703764688122171
2007-12-05,6,5,1,0.8333333333333334,0.16666666666666666,4,0.6666666666666667,0.289301246793138,0.7106987532068624
2007-12-06,8,8,0,1.0,0.0,8,1.0,0.12993419411903043,0.87006580588097
2007-12-07,6,5,1,0.8333333333333334,0.16666666666666666,4,0.6666666666666667,0.3193356578959335,0.6806643421040669
2007-12-08,1,1,0,1.0,0.0,1,1.0,0.2831452320780481,0.7168547679219537
2007-12-09,1,1,0,1.0,0.0,1,1.0,0.22023095652744618,0.7797690434725545
2007-12-10,1,1,0,1.0,0.0,1,1.0,0.41451739035587315,0.5854826096441267
2007-12-11,3,0,3,0.0,1.0,-3,-1.0,0.7971417371836643,0.2028582628163356
2007-12-12,4,4,0,1.0,0.0,4,1.0,0.15390087199157287,0.8460991280084278
2007-12-13,6,5,1,0.8333333333333334,0.16666666666666666,4,0.6666666666666667,0.24583391196173895,0.7541660880382621
2007-12-14,1,1,0,1.0,0.0,1,1.0,0.3833630694970285,0.6166369305029729
2007-12-15,1,1,0,1.0,0.0,1,1.0,0.02554683282707222,0.9744531671729285
2007-12-17,6,5,1,0.8333333333333334,0.16666666666666666,4,0.6666666666666667,0.2593711809613551,0.740628819038645
2007-12-18,4,4,0,1.0,0.0,4,1.0,0.1820590202648646,0.8179409797351358
2007-12-20,1,1,0,1.0,0.0,1,1.0,0.17774440069351854,0.8222555993064798
2007-12-21,4,4,0,1.0,0.0,4,1.0,0.15689072438989465,0.8431092756101053
2007-12-24,1,1,0,1.0,0.0,1,1.0,0.47062216504105026,0.5293778349589496
2007-12-27,4,3,1,0.75,0.25,2,0.5,0.36883532549654424,0.6311646745034551
2007-12-28,3,2,1,0.6666666666666666,0.3333333333333333,1,0.3333333333333333,0.37459312319109755,0.6254068768089033
2007-12-29,1,1,0,1.0,0.0,1,1.0,0.15989200000076487,0.8401079999992358
2007-12-30,1,1,0,1.0,0.0,1,1.0,0.15989200000076487,0.8401079999992358
2007-12-31,1,1,0,1.0,0.0,1,1.0,0.15989200000076487,0.8401079999992358
2008-01-03,2,2,0,1.0,0.0,2,1.0,0.16629954636490568,0.833700453635095
2008-01-04,1,1,0,1.0,0.0,1,1.0,0.12952866768815743,0.8704713323118424
2008-01-05,2,2,0,1.0,0.0,2,1.0,0.4231612232208693,0.5768387767791315
2008-01-07,4,3,1,0.75,0.25,2,0.5,0.19283923856141189,0.8071607614385876
2008-01-08,10,9,1,0.9,0.1,8,0.8,0.2657513507678728,0.734248649232127
2008-01-09,6,6,0,1.0,0.0,6,1.0,0.14287680933561106,0.8571231906643888
2008-01-10,3,3,0,1.0,0.0,3,1.0,0.13611529649066878,0.863884703509331
2008-01-11,2,2,0,1.0,0.0,2,1.0,0.09802973812208197,0.9019702618779182
2008-01-14,7,4,3,0.5714285714285714,0.42857142857142855,1,0.14285714285714285,0.417205944142457,0.5827940558575433
2008-01-15,26,21,5,0.8076923076923077,0.19230769230769232,16,0.6153846153846154,0.301125972914549,0.6988740270854511
2008-01-16,16,14,2,0.875,0.125,12,0.75,0.21851064787993874,0.7814893521200613
2008-01-17,4,2,2,0.5,0.5,0,0.0,0.30834129760105866,0.6916587023989422
2008-01-18,2,2,0,1.0,0.0,2,1.0,0.2714155611574822,0.7285844388425178
2008-01-21,4,3,1,0.75,0.25,2,0.5,0.29726417490096707,0.7027358250990332
2008-01-22,16,15,1,0.9375,0.0625,14,0.875,0.19674567987941205,0.8032543201205882
2008-01-23,10,9,1,0.9,0.1,8,0.8,0.17438822430290912,0.8256117756970903
2008-01-24,1,1,0,1.0,0.0,1,1.0,0.054061010633981145,0.9459389893660166
2008-01-25,1,0,1,0.0,1.0,-1,-1.0,0.9365713083819357,0.06342869161806539
2008-01-28,2,1,1,0.5,0.5,0,0.0,0.3772017934948271,0.6227982065051738
2008-01-29,2,1,1,0.5,0.5,0,0.0,0.4386482806425061,0.5613517193574937
2008-01-30,1,1,0,1.0,0.0,1,1.0,0.390997302599069,0.6090026974009294
2008-01-31,1,0,1,0.0,1.0,-1,-1.0,0.5837749003999393,0.4162250996000602
2008-02-04,1,1,0,1.0,0.0,1,1.0,0.1418881636073344,0.8581118363926656
2008-02-05,7,3,4,0.42857142857142855,0.5714285714285714,-1,-0.14285714285714285,0.5456699283239212,0.45433007167607853
2008-02-06,3,1,2,0.3333333333333333,0.6666666666666666,-1,-0.3333333333333333,0.7155635396950993,0.2844364603049001
2008-02-07,2,2,0,1.0,0.0,2,1.0,0.13966571708672376,0.8603342829132752
2008-02-08,3,3,0,1.0,0.0,3,1.0,0.1354480815675712,0.8645519184324287
2008-02-10,1,1,0,1.0,0.0,1,1.0,0.08891847514333874,0.9110815248566625
2008-02-11,8,8,0,1.0,0.0,8,1.0,0.2133036353222254,0.786696364677774
2008-02-12,5,5,0,1.0,0.0,5,1.0,0.15324437721678086,0.846755622783219
2008-02-13,1,1,0,1.0,0.0,1,1.0,0.20220015547925474,0.7977998445207454
2008-02-14,1,1,0,1.0,0.0,1,1.0,0.1259525430459793,0.8740474569540214
2008-02-15,4,4,0,1.0,0.0,4,1.0,0.10348996793424085,0.896510032065759
2008-02-19,4,3,1,0.75,0.25,2,0.5,0.3368629644612745,0.6631370355387252
2008-02-20,2,1,1,0.5,0.5,0,0.0,0.4472769783760381,0.5527230216239619
2008-02-21,2,2,0,1.0,0.0,2,1.0,0.13988522393111003,0.8601147760688894
2008-02-22,2,0,2,0.0,1.0,-2,-1.0,0.8040141626438693,0.19598583735613062
2008-02-25,3,3,0,1.0,0.0,3,1.0,0.16205267381588093,0.8379473261841195
2008-02-26,7,6,1,0.8571428571428571,0.14285714285714285,5,0.7142857142857142,0.31690858537010363,0.6830914146298974
2008-02-27,9,8,1,0.8888888888888888,0.1111111111111111,7,0.7777777777777777,0.18907808923087688,0.8109219107691237
2008-02-28,4,4,0,1.0,0.0,4,1.0,0.13382162326313712,0.8661783767368638
2008-02-29,2,0,2,0.0,1.0,-2,-1.0,0.6177418761741141,0.38225812382588614
2008-03-03,5,4,1,0.8,0.2,3,0.6000000000000001,0.2728647928526022,0.7271352071473973
2008-03-04,10,10,0,1.0,0.0,10,1.0,0.10010079079987658,0.8998992092001238
2008-03-05,3,2,1,0.6666666666666666,0.3333333333333333,1,0.3333333333333333,0.25105648525929064,0.7489435147407092
2008-03-06,10,9,1,0.9,0.1,8,0.8,0.2102455442317726,0.7897544557682272
2008-03-07,4,3,1,0.75,0.25,2,0.5,0.3552807434447046,0.644719256555297
2008-03-10,3,2,1,0.6666666666666666,0.3333333333333333,1,0.3333333333333333,0.4479858457470465,0.5520141542529537
2008-03-11,5,5,0,1.0,0.0,5,1.0,0.19976399179982532,0.8002360082001744
2008-03-12,4,3,1,0.75,0.25,2,0.5,0.30426309569237064,0.6957369043076291
2008-03-13,3,2,1,0.6666666666666666,0.3333333333333333,1,0.3333333333333333,0.34682279350688394,0.653177206493116
2008-03-14,2,1,1,0.5,0.5,0,0.0,0.29427374936104184,0.7057262506389588
2008-03-17,2,2,0,1.0,0.0,2,1.0,0.0915412957876854,0.9084587042123144
2008-03-18,3,3,0,1.0,0.0,3,1.0,0.2424056718225381,0.7575943281774619
2008-03-19,3,1,2,0.3333333333333333,0.6666666666666666,-1,-0.3333333333333333,0.4447996996746641,0.5552003003253368
2008-03-20,2,1,1,0.5,0.5,0,0.0,0.4435199437313465,0.5564800562686536
2008-03-23,1,1,0,1.0,0.0,1,1.0,0.05205093300334981,0.9479490669966495
2008-03-24,2,2,0,1.0,0.0,2,1.0,0.06459458799908246,0.9354054120009169
2008-03-25,3,3,0,1.0,0.0,3,1.0,0.11239316312537447,0.8876068368746245
2008-03-26,6,5,1,0.8333333333333334,0.16666666666666666,4,0.6666666666666667,0.1881261442355633,0.8118738557644364
2008-03-27,3,2,1,0.6666666666666666,0.3333333333333333,1,0.3333333333333333,0.3080074297292571,0.6919925702707438
2008-03-28,5,5,0,1.0,0.0,5,1.0,0.12390452561123884,0.8760954743887612
2008-03-31,9,7,2,0.7777777777777778,0.2222222222222222,5,0.5555555555555556,0.2933747914091698,0.7066252085908301
2008-04-01,4,4,0,1.0,0.0,4,1.0,0.11202134474170374,0.8879786552582963
2008-04-02,4,4,0,1.0,0.0,4,1.0,0.2580705317612906,0.7419294682387096
2008-04-03,4,2,2,0.5,0.5,0,0.0,0.5008646397036866,0.49913536029631345
2008-04-04,5,4,1,0.8,0.2,3,0.6000000000000001,0.3026712472585075,0.6973287527414925
2008-04-07,6,6,0,1.0,0.0,6,1.0,0.12113672272755073,0.8788632772724491
2008-04-08,5,5,0,1.0,0.0,5,1.0,0.3034988213997024,0.696501178600298
2008-04-09,4,2,2,0.5,0.5,0,0.0,0.3527326733588286,0.6472673266411713
2008-04-10,3,3,0,1.0,0.0,3,1.0,0.17179855114588893,0.8282014488541115
2008-04-11,2,2,0,1.0,0.0,2,1.0,0.30739402412173045,0.6926059758782699
2008-04-14,3,3,0,1.0,0.0,3,1.0,0.23447431972496346,0.7655256802750371
2008-04-15,3,2,1,0.6666666666666666,0.3333333333333333,1,0.3333333333333333,0.27783878361176534,0.7221612163882353
2008-04-16,3,2,1,0.6666666666666666,0.3333333333333333,1,0.3333333333333333,0.33150614642464227,0.6684938535753581
2008-04-17,3,1,2,0.3333333333333333,0.6666666666666666,-1,-0.3333333333333333,0.43296304875214675,0.5670369512478528
2008-04-18,2,2,0,1.0,0.0,2,1.0,0.1957114560956667,0.804288543904333
2008-04-19,1,1,0,1.0,0.0,1,1.0,0.17070320233037342,0.8292967976696259
2008-04-21,4,3,1,0.75,0.25,2,0.5,0.2967480747407816,0.7032519252592183
2008-04-22,5,4,1,0.8,0.2,3,0.6000000000000001,0.25262283580578776,0.7473771641942115
2008-04-23,18,17,1,0.9444444444444444,0.05555555555555555,16,0.8888888888888888,0.14528326093397925,0.8547167390660205
2008-04-24,10,9,1,0.9,0.1,8,0.8,0.14531602389949988,0.8546839761005
2008-04-25,5,4,1,0.8,0.2,3,0.6000000000000001,0.3414610551183288,0.6585389448816712
2008-04-28,2,1,1,0.5,0.5,0,0.0,0.6305148474286368,0.36948515257136355
2008-04-29,4,3,1,0.75,0.25,2,0.5,0.361157847405476,0.6388421525945243
2008-04-30,4,3,1,0.75,0.25,2,0.5,0.3681438942726871,0.6318561057273134
2008-05-01,4,4,0,1.0,0.0,4,1.0,0.10501836743046869,0.8949816325695317
2008-05-02,2,2,0,1.0,0.0,2,1.0,0.11655317303050397,0.8834468269694962
2008-05-03,2,2,0,1.0,0.0,2,1.0,0.18627103883043383,0.8137289611695666
2008-05-04,2,2,0,1.0,0.0,2,1.0,0.1458139613879273,0.8541860386120739
2008-05-05,3,3,0,1.0,0.0,3,1.0,0.14043440469908866,0.8595655953009113
2008-05-06,5,5,0,1.0,0.0,5,1.0,0.1763135759034143,0.823686424096586
2008-05-07,1,1,0,1.0,0.0,1,1.0,0.08949420047886054,0.9105057995211379
2008-05-08,2,2,0,1.0,0.0,2,1.0,0.15776302568402267,0.8422369743159769
2008-05-11,1,0,1,0.0,1.0,-1,-1.0,0.6178572443744619,0.3821427556255397
2008-05-12,6,5,1,0.8333333333333334,0.16666666666666666,4,0.6666666666666667,0.24955860001145344,0.7504413999885462
2008-05-13,8,7,1,0.875,0.125,6,0.75,0.2647142988580188,0.735285701141981
2008-05-14,8,7,1,0.875,0.125,6,0.75,0.19968512209961886,0.8003148779003817
2008-05-15,5,4,1,0.8,0.2,3,0.6000000000000001,0.2411669033958212,0.7588330966041783
2008-05-16,2,1,1,0.5,0.5,0,0.0,0.4025634163684007,0.5974365836315995
2008-05-19,2,2,0,1.0,0.0,2,1.0,0.2500147149955803,0.7499852850044183
2008-05-20,3,3,0,1.0,0.0,3,1.0,0.2780391912990294,0.7219608087009716
2008-05-21,2,1,1,0.5,0.5,0,0.0,0.3199794156870791,0.6800205843129217
2008-05-23,4,4,0,1.0,0.0,4,1.0,0.15968575611534097,0.8403142438846588
2008-05-25,1,1,0,1.0,0.0,1,1.0,0.05007503081257953,0.9499249691874216
2008-05-27,5,4,1,0.8,0.2,3,0.6000000000000001,0.3652514567732365,0.6347485432267634
2008-05-28,1,1,0,1.0,0.0,1,1.0,0.11984911993767158,0.8801508800623294
2008-05-29,3,3,0,1.0,0.0,3,1.0,0.1615129106087897,0.8384870893912098
2008-05-30,4,3,1,0.75,0.25,2,0.5,0.3135871603165459,0.686412839683454
2008-05-31,1,1,0,1.0,0.0,1,1.0,0.07011858285843998,0.9298814171415601
2008-06-02,7,4,3,0.5714285714285714,0.42857142857142855,1,0.14285714285714285,0.4354912752243053,0.5645087247756949
2008-06-03,8,7,1,0.875,0.125,6,0.75,0.23956443549501122,0.760435564504989
2008-06-04,6,5,1,0.8333333333333334,0.16666666666666666,4,0.6666666666666667,0.37525770558122545,0.624742294418774
2008-06-05,3,3,0,1.0,0.0,3,1.0,0.15038644524376707,0.8496135547562322
2008-06-06,4,2,2,0.5,0.5,0,0.0,0.4502073784617053,0.5497926215382947
2008-06-07,2,2,0,1.0,0.0,2,1.0,0.40057360849819107,0.599426391501809
2008-06-09,44,29,15,0.6590909090909091,0.3409090909090909,14,0.3181818181818182,0.40789110153086,0.5921088984691404
2008-06-10,12,7,5,0.5833333333333334,0.4166666666666667,2,0.16666666666666669,0.36490597187848167,0.6350940281215188
2008-06-11,9,6,3,0.6666666666666666,0.3333333333333333,3,0.3333333333333333,0.37379031902741977,0.6262096809725799
2008-06-12,6,3,3,0.5,0.5,0,0.0,0.4557716305098503,0.5442283694901486
2008-06-13,3,3,0,1.0,0.0,3,1.0,0.29612688146211247,0.7038731185378883
2008-06-16,6,5,1,0.8333333333333334,0.16666666666666666,4,0.6666666666666667,0.278687985981082,0.7213120140189172
2008-06-17,6,6,0,1.0,0.0,6,1.0,0.1782101757094918,0.8217898242905077
2008-06-18,5,3,2,0.6,0.4,1,0.19999999999999996,0.4026351512240306,0.5973648487759685
2008-06-19,5,4,1,0.8,0.2,3,0.6000000000000001,0.37056584828458905,0.6294341517154121
2008-06-20,2,2,0,1.0,0.0,2,1.0,0.14816967965999636,0.8518303203400037
2008-06-21,1,1,0,1.0,0.0,1,1.0,0.2873094457755357,0.7126905542244651
2008-06-23,3,3,0,1.0,0.0,3,1.0,0.22745112125810327,0.7725488787418976
2008-06-24,6,5,1,0.8333333333333334,0.16666666666666666,4,0.6666666666666667,0.3023310874587765,0.6976689125412237
2008-06-25,6,5,1,0.8333333333333334,0.16666666666666666,4,0.6666666666666667,0.22939878583674375,0.7706012141632564
2008-06-26,4,2,2,0.5,0.5,0,0.0,0.46994321169345016,0.5300567883065498
2008-06-27,4,3,1,0.75,0.25,2,0.5,0.38393822000555766,0.6160617799944421
2008-06-28,1,1,0,1.0,0.0,1,1.0,0.05337429349183985,0.9466257065081598
2008-06-30,1,0,1,0.0,1.0,-1,-1.0,0.8178417653458671,0.1821582346541322
2008-07-01,3,2,1,0.6666666666666666,0.3333333333333333,1,0.3333333333333333,0.3128350830970638,0.6871649169029362
2008-07-02,6,5,1,0.8333333333333334,0.16666666666666666,4,0.6666666666666667,0.2513685604901809,0.7486314395098189
2008-07-03,2,1,1,0.5,0.5,0,0.0,0.5358776263215073,0.46412237367849135
2008-07-04,1,1,0,1.0,0.0,1,1.0,0.47232683643886836,0.5276731635611301
2008-07-07,6,3,3,0.5,0.5,0,0.0,0.427545493475115,0.5724545065248847
2008-07-08,6,5,1,0.8333333333333334,0.16666666666666666,4,0.6666666666666667,0.31583336718068095,0.6841666328193193
2008-07-09,3,2,1,0.6666666666666666,0.3333333333333333,1,0.3333333333333333,0.42358710360352675,0.5764128963964731
2008-07-10,46,20,26,0.43478260869565216,0.5652173913043478,-6,-0.13043478260869562,0.47834361121238045,0.5216563887876196
2008-07-11,18,15,3,0.8333333333333334,0.16666666666666666,12,0.6666666666666667,0.33324430552555706,0.6667556944744429
2008-07-12,1,1,0,1.0,0.0,1,1.0,0.17848414277670197,0.8215158572232972
2008-07-14,11,8,3,0.7272727272727273,0.2727272727272727,5,0.4545454545454546,0.3680047977213223,0.6319952022786776
2008-07-15,7,5,2,0.7142857142857143,0.2857142857142857,3,0.4285714285714286,0.38157322450834824,0.6184267754916523
2008-07-16,4,3,1,0.75,0.25,2,0.5,0.3185641635628509,0.6814358364371496
2008-07-17,4,4,0,1.0,0.0,4,1.0,0.2131872266220568,0.7868127733779421
2008-07-18,2,2,0,1.0,0.0,2,1.0,0.21391140742587766,0.7860885925741213
2008-07-21,13,11,2,0.8461538461538461,0.15384615384615385,9,0.6923076923076923,0.17026751465502993,0.8297324853449697
2008-07-22,14,11,3,0.7857142857142857,0.21428571428571427,8,0.5714285714285714,0.27353495324215055,0.7264650467578485
2008-07-23,5,4,1,0.8,0.2,3,0.6000000000000001,0.3695888422668466,0.6304111577331535
2008-07-24,1,1,0,1.0,0.0,1,1.0,0.07052073958768422,0.9294792604123174
2008-07-25,2,1,1,0.5,0.5,0,0.0,0.3839977768372077,0.6160022231627932
2008-07-26,1,1,0,1.0,0.0,1,1.0,0.18863078948516707,0.8113692105148333
2008-07-27,1,1,0,1.0,0.0,1,1.0,0.18863078948516707,0.8113692105148333
2008-07-28,5,4,1,0.8,0.2,3,0.6000000000000001,0.28598518058230693,0.7140148194176932
2008-07-29,3,1,2,0.3333333333333333,0.6666666666666666,-1,-0.3333333333333333,0.40357345013277657,0.596426549867224
2008-07-30,2,1,1,0.5,0.5,0,0.0,0.37510141638105876,0.6248985836189414
2008-07-31,7,4,3,0.5714285714285714,0.42857142857142855,1,0.14285714285714285,0.38896273242617013,0.6110372675738297
2008-08-01,1,1,0,1.0,0.0,1,1.0,0.359323025150259,0.6406769748497415
2008-08-04,2,0,2,0.0,1.0,-2,-1.0,0.8631495654727344,0.13685043452726503
2008-08-05,10,8,2,0.8,0.2,6,0.6000000000000001,0.34161626342651863,0.6583837365734817
2008-08-06,3,2,1,0.6666666666666666,0.3333333333333333,1,0.3333333333333333,0.30975375113141856,0.6902462488685819
2008-08-07,3,1,2,0.3333333333333333,0.6666666666666666,-1,-0.3333333333333333,0.4307083584592501,0.5692916415407508
2008-08-08,2,1,1,0.5,0.5,0,0.0,0.4257980693956141,0.5742019306043851
2008-08-11,7,4,3,0.5714285714285714,0.42857142857142855,1,0.14285714285714285,0.4528861188305906,0.5471138811694088
2008-08-12,8,6,2,0.75,0.25,4,0.5,0.33670861738405644,0.6632913826159441
2008-08-13,5,4,1,0.8,0.2,3,0.6000000000000001,0.2640876706470723,0.7359123293529275
2008-08-14,6,6,0,1.0,0.0,6,1.0,0.22678586470144005,0.7732141352985598
2008-08-15,4,2,2,0.5,0.5,0,0.0,0.4205667371658503,0.5794332628341498
2008-08-18,3,1,2,0.3333333333333333,0.6666666666666666,-1,-0.3333333333333333,0.44456258174652863,0.5554374182534713
2008-08-19,7,5,2,0.7142857142857143,0.2857142857142857,3,0.4285714285714286,0.30742597379599873,0.6925740262040011
2008-08-20,3,2,1,0.6666666666666666,0.3333333333333333,1,0.3333333333333333,0.46525911782866286,0.5347408821713376
2008-08-21,4,3,1,0.75,0.25,2,0.5,0.38663529908650524,0.613364700913495
2008-08-22,4,1,3,0.25,0.75,-2,-0.5,0.5280730911600512,0.47192690883994814
2008-08-25,5,3,2,0.6,0.4,1,0.19999999999999996,0.5092738941855524,0.49072610581444787
2008-08-26,7,6,1,0.8571428571428571,0.14285714285714285,5,0.7142857142857142,0.26967044385848044,0.7303295561415195
2008-08-27,7,6,1,0.8571428571428571,0.14285714285714285,5,0.7142857142857142,0.2893963157790093,0.7106036842209902
2008-08-28,4,2,2,0.5,0.5,0,0.0,0.55364945896459,0.44635054103541116
2008-08-29,2,1,1,0.5,0.5,0,0.0,0.4082604631509378,0.5917395368490607
2008-09-01,2,1,1,0.5,0.5,0,0.0,0.41332432444136463,0.5866756755586356
2008-09-02,13,10,3,0.7692307692307693,0.23076923076923078,7,0.5384615384615385,0.3736737180573258,0.6263262819426745
2008-09-03,10,5,5,0.5,0.5,0,0.0,0.47043801384878725,0.5295619861512131
2008-09-04,3,2,1,0.6666666666666666,0.3333333333333333,1,0.3333333333333333,0.46797176927883005,0.5320282307211701
2008-09-05,6,3,3,0.5,0.5,0,0.0,0.49763070464608966,0.5023692953539108
2008-09-08,7,7,0,1.0,0.0,7,1.0,0.1827379751430279,0.8172620248569722
2008-09-09,12,9,3,0.75,0.25,6,0.5,0.3073495914671575,0.6926504085328425
2008-09-10,7,5,2,0.7142857142857143,0.2857142857142857,3,0.4285714285714286,0.3618223821837418,0.6381776178162577
2008-09-11,10,9,1,0.9,0.1,8,0.8,0.2540064375391985,0.7459935624608012
2008-09-12,3,2,1,0.6666666666666666,0.3333333333333333,1,0.3333333333333333,0.25724144164368073,0.7427585583563183
2008-09-15,4,4,0,1.0,0.0,4,1.0,0.19298070407888415,0.807019295921116
2008-09-16,7,6,1,0.8571428571428571,0.14285714285714285,5,0.7142857142857142,0.24024608232217368,0.7597539176778262
2008-09-17,1,1,0,1.0,0.0,1,1.0,0.021217612884592063,0.9787823871154067
2008-09-18,8,3,5,0.375,0.625,-2,-0.25,0.4849562546146715,0.5150437453853286
2008-09-19,2,2,0,1.0,0.0,2,1.0,0.0861877386131769,0.9138122613868236
2008-09-20,2,1,1,0.5,0.5,0,0.0,0.4105270108534792,0.5894729891465205
2008-09-22,2,1,1,0.5,0.5,0,0.0,0.46600979197683656,0.5339902080231629
2008-09-23,4,3,1,0.75,0.25,2,0.5,0.2750209672515903,0.7249790327484095
2008-09-24,1,1,0,1.0,0.0,1,1.0,0.10454569819265618,0.8954543018073443
2008-09-25,2,1,1,0.5,0.5,0,0.0,0.598702554713004,0.4012974452869946
2008-09-26,6,5,1,0.8333333333333334,0.16666666666666666,4,0.6666666666666667,0.26326178960257013,0.7367382103974304
2008-09-27,1,0,1,0.0,1.0,-1,-1.0,0.6379926731776971,0.36200732682230224
2008-09-29,10,7,3,0.7,0.3,4,0.39999999999999997,0.2693699786168187,0.730630021383181
2008-09-30,9,7,2,0.7777777777777778,0.2222222222222222,5,0.5555555555555556,0.28544727044203017,0.7145527295579702
2008-10-01,6,3,3,0.5,0.5,0,0.0,0.4582512788288496,0.5417487211711497
2008-10-02,13,11,2,0.8461538461538461,0.15384615384615385,9,0.6923076923076923,0.33882165703968864,0.6611783429603111
2008-10-03,8,4,4,0.5,0.5,0,0.0,0.4206286017643993,0.5793713982356008
2008-10-04,1,0,1,0.0,1.0,-1,-1.0,0.6377216619999904,0.3622783380000093
2008-10-05,2,1,1,0.5,0.5,0,0.0,0.5113397559979159,0.4886602440020847
2008-10-06,4,3,1,0.75,0.25,2,0.5,0.37169224282869806,0.6283077571713028
2008-10-08,3,2,1,0.6666666666666666,0.3333333333333333,1,0.3333333333333333,0.33742903391426,0.6625709660857398
2008-10-09,8,4,4,0.5,0.5,0,0.0,0.44480358824044997,0.5551964117595505
2008-10-10,6,4,2,0.6666666666666666,0.3333333333333333,2,0.3333333333333333,0.26393725055644096,0.7360627494435589
2008-10-11,1,1,0,1.0,0.0,1,1.0,0.0398707229803659,0.9601292770196354
2008-10-13,6,5,1,0.8333333333333334,0.16666666666666666,4,0.6666666666666667,0.3800983376836527,0.6199016623163466
2008-10-14,14,13,1,0.9285714285714286,0.07142857142857142,12,0.8571428571428572,0.27922313328427106,0.7207768667157292
2008-10-15,7,5,2,0.7142857142857143,0.2857142857142857,3,0.4285714285714286,0.3535302011605711,0.6464697988394285
2008-10-16,5,5,0,1.0,0.0,5,1.0,0.18263206004543167,0.8173679399545686
2008-10-17,5,5,0,1.0,0.0,5,1.0,0.13107682278611535,0.8689231772138848
2008-10-20,7,6,1,0.8571428571428571,0.14285714285714285,5,0.7142857142857142,0.18582065659976021,0.8141793434002401
2008-10-21,8,8,0,1.0,0.0,8,1.0,0.12102595568457955,0.8789740443154206
2008-10-22,5,3,2,0.6,0.4,1,0.19999999999999996,0.3602716142225008,0.639728385777499
2008-10-23,2,2,0,1.0,0.0,2,1.0,0.09429848240998465,0.9057015175900152
2008-10-24,2,1,1,0.5,0.5,0,0.0,0.389176654788966,0.6108233452110343
2008-10-27,4,3,1,0.75,0.25,2,0.5,0.39246672241902625,0.6075332775809739
2008-10-28,1,1,0,1.0,0.0,1,1.0,0.02864946423760714,0.9713505357623924
2008-10-29,7,7,0,1.0,0.0,7,1.0,0.15582788331707317,0.8441721166829268
2008-10-30,3,3,0,1.0,0.0,3,1.0,0.0944378800104793,0.9055621199895215
2008-10-31,5,3,2,0.6,0.4,1,0.19999999999999996,0.35404890213349327,0.6459510978665073
2008-11-03,3,3,0,1.0,0.0,3,1.0,0.22367739653330243,0.7763226034666978
2008-11-04,8,7,1,0.875,0.125,6,0.75,0.17527721210688146,0.8247227878931189
2008-11-05,2,0,2,0.0,1.0,-2,-1.0,0.6004970422701351,0.3995029577298649
2008-11-06,4,4,0,1.0,0.0,4,1.0,0.05449757114025406,0.9455024288597458
2008-11-07,6,5,1,0.8333333333333334,0.16666666666666666,4,0.6666666666666667,0.2782104003907358,0.7217895996092634
2008-11-08,2,2,0,1.0,0.0,2,1.0,0.08947779390389345,0.9105222060961056
2008-11-10,6,3,3,0.5,0.5,0,0.0,0.4906212188776808,0.5093787811223192
2008-11-11,2,1,1,0.5,0.5,0,0.0,0.4318571532264411,0.5681428467735596
2008-11-12,2,1,1,0.5,0.5,0,0.0,0.37675306381323637,0.6232469361867632
2008-11-13,8,6,2,0.75,0.25,4,0.5,0.3991116874757766,0.600888312524224
2008-11-14,3,2,1,0.6666666666666666,0.3333333333333333,1,0.3333333333333333,0.49774708895444636,0.5022529110455537
2008-11-18,5,3,2,0.6,0.4,1,0.19999999999999996,0.3859310001278765,0.6140689998721232
2008-11-19,5,5,0,1.0,0.0,5,1.0,0.41477916858815556,0.5852208314118441
2008-11-20,4,3,1,0.75,0.25,2,0.5,0.35241182846411706,0.6475881715358831
2008-11-21,2,1,1,0.5,0.5,0,0.0,0.5656836534868234,0.43431634651317574
2008-11-24,5,4,1,0.8,0.2,3,0.6000000000000001,0.2605820833728949,0.7394179166271055
2008-11-25,2,2,0,1.0,0.0,2,1.0,0.3320585761837467,0.667941423816252
2008-11-26,5,2,3,0.4,0.6,-1,-0.19999999999999996,0.4859643969381212,0.5140356030618793
2008-11-27,3,2,1,0.6666666666666666,0.3333333333333333,1,0.3333333333333333,0.5661702040274422,0.4338297959725586
2008-11-28,4,3,1,0.75,0.25,2,0.5,0.2011372058988455,0.7988627941011551
2008-12-01,4,2,2,0.5,0.5,0,0.0,0.3645968848378096,0.6354031151621904
2008-12-02,3,3,0,1.0,0.0,3,1.0,0.3182650386940358,0.6817349613059634
2008-12-03,9,6,3,0.6666666666666666,0.3333333333333333,3,0.3333333333333333,0.4463595513136103,0.5536404486863895
2008-12-04,5,4,1,0.8,0.2,3,0.6000000000000001,0.3175952407421623,0.6824047592578375
2008-12-05,3,1,2,0.3333333333333333,0.6666666666666666,-1,-0.3333333333333333,0.5818126006564447,0.4181873993435555
2008-12-08,4,2,2,0.5,0.5,0,0.0,0.4057124330677069,0.5942875669322927
2008-12-09,3,2,1,0.6666666666666666,0.3333333333333333,1,0.3333333333333333,0.30941653311070905,0.6905834668892906
2008-12-10,8,6,2,0.75,0.25,4,0.5,0.25154367491485774,0.7484563250851429
2008-12-11,3,2,1,0.6666666666666666,0.3333333333333333,1,0.3333333333333333,0.5525776924774441,0.4474223075225559
2008-12-12,3,2,1,0.6666666666666666,0.3333333333333333,1,0.3333333333333333,0.3221454393941628,0.6778545606058367
2008-12-15,11,8,3,0.7272727272727273,0.2727272727272727,5,0.4545454545454546,0.3186731236697984,0.681326876330202
2008-12-16,11,7,4,0.6363636363636364,0.36363636363636365,3,0.2727272727272727,0.3207098357816543,0.6792901642183464
2008-12-17,10,7,3,0.7,0.3,4,0.39999999999999997,0.38230843039983997,0.61769156960016
2008-12-18,8,6,2,0.75,0.25,4,0.5,0.2242563097666458,0.7757436902333539
2008-12-19,1,0,1,0.0,1.0,-1,-1.0,0.8217792293824477,0.17822077061755343
2008-12-22,4,2,2,0.5,0.5,0,0.0,0.48002547807465945,0.5199745219253417
2008-12-23,4,2,2,0.5,0.5,0,0.0,0.5554794317601414,0.44452056823985864
2008-12-24,1,0,1,0.0,1.0,-1,-1.0,0.5022115073691713,0.49778849263083025
2008-12-25,2,1,1,0.5,0.5,0,0.0,0.32469550091437827,0.6753044990856222
2008-12-26,2,2,0,1.0,0.0,2,1.0,0.22784596424197567,0.7721540357580259
2008-12-29,1,0,1,0.0,1.0,-1,-1.0,0.5929988042163659,0.40700119578363375
2008-12-30,3,3,0,1.0,0.0,3,1.0,0.15111495835363833,0.8488850416463607
2009-01-05,19,18,1,0.9473684210526315,0.05263157894736842,17,0.894736842105263,0.17071802795366678,0.8292819720463334
2009-01-06,23,20,3,0.8695652173913043,0.13043478260869565,17,0.7391304347826086,0.26792011139744365,0.7320798886025568
2009-01-07,5,4,1,0.8,0.2,3,0.6000000000000001,0.25268428075307553,0.7473157192469249
2009-01-08,4,4,0,1.0,0.0,4,1.0,0.12266070802693124,0.8773392919730689
2009-01-09,6,6,0,1.0,0.0,6,1.0,0.20912334935952395,0.7908766506404761
2009-01-10,2,0,2,0.0,1.0,-2,-1.0,0.6898010536760788,0.3101989463239194
2009-01-11,1,1,0,1.0,0.0,1,1.0,0.33952308389353747,0.6604769161064638
2009-01-12,7,7,0,1.0,0.0,7,1.0,0.2176266991749718,0.7823733008250279
2009-01-13,3,3,0,1.0,0.0,3,1.0,0.29480722654552394,0.7051927734544763
2009-01-14,16,14,2,0.875,0.125,12,0.75,0.28902532738273656,0.7109746726172634
2009-01-15,26,24,2,0.9230769230769231,0.07692307692307693,22,0.8461538461538463,0.23859453845775067,0.7614054615422491
2009-01-16,4,3,1,0.75,0.25,2,0.5,0.25761557520064876,0.7423844247993521
2009-01-19,1,1,0,1.0,0.0,1,1.0,0.3016640495884813,0.6983359504115201
2009-01-20,9,8,1,0.8888888888888888,0.1111111111111111,7,0.7777777777777777,0.20365415234756368,0.7963458476524363
2009-01-21,23,22,1,0.9565217391304348,0.043478260869565216,21,0.9130434782608696,0.15535000084038283,0.8446499991596176
2009-01-22,13,11,2,0.8461538461538461,0.15384615384615385,9,0.6923076923076923,0.25524449980808794,0.7447555001919117
2009-01-23,5,4,1,0.8,0.2,3,0.6000000000000001,0.28294927197136743,0.7170507280286327
2009-01-25,2,2,0,1.0,0.0,2,1.0,0.1854171346177402,0.8145828653822601
2009-01-26,5,3,2,0.6,0.4,1,0.19999999999999996,0.42067399818033885,0.5793260018196607
2009-01-27,9,7,2,0.7777777777777778,0.2222222222222222,5,0.5555555555555556,0.29575887009706997,0.7042411299029304
2009-01-28,4,4,0,1.0,0.0,4,1.0,0.1850938291316806,0.8149061708683195
2009-01-29,2,2,0,1.0,0.0,2,1.0,0.1573734388091867,0.8426265611908116
2009-01-30,3,3,0,1.0,0.0,3,1.0,0.1199783399174122,0.880021660082588
2009-02-02,4,4,0,1.0,0.0,4,1.0,0.17473090735950633,0.8252690926404935
2009-02-03,1,1,0,1.0,0.0,1,1.0,0.11737046922092073,0.8826295307790786
2009-02-04,4,3,1,0.75,0.25,2,0.5,0.17177809054965207,0.8282219094503475
2009-02-05,8,7,1,0.875,0.125,6,0.75,0.2511193926226152,0.7488806073773855
2009-02-06,6,5,1,0.8333333333333334,0.16666666666666666,4,0.6666666666666667,0.15086333261895254,0.849136667381047
2009-02-09,6,5,1,0.8333333333333334,0.16666666666666666,4,0.6666666666666667,0.36173008364852693,0.6382699163514737
2009-02-10,2,2,0,1.0,0.0,2,1.0,0.17550076063760758,0.8244992393623931
2009-02-11,2,2,0,1.0,0.0,2,1.0,0.14428711042741565,0.8557128895725845
2009-02-12,8,8,0,1.0,0.0,8,1.0,0.2533965719603068,0.7466034280396925
2009-02-13,8,8,0,1.0,0.0,8,1.0,0.16023333886192942,0.8397666611380711
2009-02-14,1,1,0,1.0,0.0,1,1.0,0.031133651039761026,0.9688663489602395
2009-02-16,2,2,0,1.0,0.0,2,1.0,0.2793112012097314,0.7206887987902686
2009-02-17,6,5,1,0.8333333333333334,0.16666666666666666,4,0.6666666666666667,0.2509730385346596,0.7490269614653404
2009-02-18,7,5,2,0.7142857142857143,0.2857142857142857,3,0.4285714285714286,0.36740334940584035,0.6325966505941597
2009-02-19,5,4,1,0.8,0.2,3,0.6000000000000001,0.34238267580427234,0.6576173241957275
2009-02-20,4,4,0,1.0,0.0,4,1.0,0.36538337663902354,0.6346166233609765
2009-02-23,7,4,3,0.5714285714285714,0.42857142857142855,1,0.14285714285714285,0.4066253041981606,0.5933746958018397
2009-02-24,6,6,0,1.0,0.0,6,1.0,0.21464211429061295,0.785357885709387
2009-02-25,4,4,0,1.0,0.0,4,1.0,0.2358328836488796,0.7641671163511207
2009-02-26,10,9,1,0.9,0.1,8,0.8,0.2695421032582902,0.7304578967417099
2009-02-27,4,3,1,0.75,0.25,2,0.5,0.3030814826830065,0.6969185173169932
2009-03-02,5,5,0,1.0,0.0,5,1.0,0.15573509709547387,0.8442649029045255
2009-03-03,13,13,0,1.0,0.0,13,1.0,0.23085058323418386,0.7691494167658159
2009-03-04,10,8,2,0.8,0.2,6,0.6000000000000001,0.318018130074097,0.6819818699259023
2009-03-05,4,4,0,1.0,0.0,4,1.0,0.19394300184750704,0.806056998152494
2009-03-06,9,9,0,1.0,0.0,9,1.0,0.166014296903225,0.8339857030967747
2009-03-07,1,1,0,1.0,0.0,1,1.0,0.30443428972033243,0.6955657102796673
2009-03-09,4,4,0,1.0,0.0,4,1.0,0.24125284060121566,0.7587471593987841
2009-03-10,5,4,1,0.8,0.2,3,0.6000000000000001,0.429710974861678,0.5702890251383212
2009-03-11,13,8,5,0.6153846153846154,0.38461538461538464,3,0.23076923076923078,0.35459579640189276,0.6454042035981067
2009-03-12,11,7,4,0.6363636363636364,0.36363636363636365,3,0.2727272727272727,0.3538088136119859,0.6461911863880135
2009-03-13,11,7,4,0.6363636363636364,0.36363636363636365,3,0.2727272727272727,0.40668668214424986,0.59331331785575
2009-03-14,2,2,0,1.0,0.0,2,1.0,0.3938019028306867,0.6061980971693137
2009-03-16,6,5,1,0.8333333333333334,0.16666666666666666,4,0.6666666666666667,0.30481092003756394,0.6951890799624367
2009-03-17,11,5,6,0.45454545454545453,0.5454545454545454,-1,-0.09090909090909088,0.5461768388344289,0.453823161165572
2009-03-18,3,2,1,0.6666666666666666,0.3333333333333333,1,0.3333333333333333,0.4511517684783066,0.5488482315216937
2009-03-19,9,7,2,0.7777777777777778,0.2222222222222222,5,0.5555555555555556,0.35912304806734474,0.6408769519326549
2009-03-20,3,1,2,0.3333333333333333,0.6666666666666666,-1,-0.3333333333333333,0.6162048123717544,0.38379518762824544
2009-03-23,1,0,1,0.0,1.0,-1,-1.0,0.7127441703714228,0.2872558296285787
2009-03-24,6,6,0,1.0,0.0,6,1.0,0.25950282339566555,0.7404971766043341
2009-03-25,5,5,0,1.0,0.0,5,1.0,0.18835555558070088,0.8116444444192987
2009-03-26,7,7,0,1.0,0.0,7,1.0,0.19101089595867693,0.8089891040413225
2009-03-27,4,4,0,1.0,0.0,4,1.0,0.13844504350360098,0.8615549564963982
2009-03-30,4,1,3,0.25,0.75,-2,-0.5,0.5108422422401234,0.4891577577598761
2009-03-31,16,10,6,0.625,0.375,4,0.25,0.32496711656807076,0.6750328834319292
2009-04-01,5,4,1,0.8,0.2,3,0.6000000000000001,0.2514992505900823,0.7485007494099176
2009-04-02,4,4,0,1.0,0.0,4,1.0,0.257915620392376,0.742084379607625
2009-04-03,1,1,0,1.0,0.0,1,1.0,0.06220477660475474,0.9377952233952442
2009-04-04,1,0,1,0.0,1.0,-1,-1.0,0.5663747322071584,0.43362526779284255
2009-04-06,3,2,1,0.6666666666666666,0.3333333333333333,1,0.3333333333333333,0.24734690984113783,0.7526530901588617
2009-04-07,6,5,1,0.8333333333333334,0.16666666666666666,4,0.6666666666666667,0.22070635008098696,0.779293649919013
2009-04-08,12,12,0,1.0,0.0,12,1.0,0.14094645414042584,0.8590535458595748
2009-04-09,3,2,1,0.6666666666666666,0.3333333333333333,1,0.3333333333333333,0.24739556659928738,0.7526044334007134
2009-04-10,1,0,1,0.0,1.0,-1,-1.0,0.5693241306536359,0.4306758693463649
2009-04-11,2,1,1,0.5,0.5,0,0.0,0.5322874324109409,0.4677125675890585
2009-04-13,4,2,2,0.5,0.5,0,0.0,0.4149589719901505,0.5850410280098493
2009-04-14,3,2,1,0.6666666666666666,0.3333333333333333,1,0.3333333333333333,0.3895002286690145,0.6104997713309855
2009-04-15,4,2,2,0.5,0.5,0,0.0,0.5451461911760047,0.45485380882399395
2009-04-16,4,4,0,1.0,0.0,4,1.0,0.18560157907753466,0.8143984209224655
2009-04-17,3,1,2,0.3333333333333333,0.6666666666666666,-1,-0.3333333333333333,0.5194829528041166,0.48051704719588395
2009-04-20,9,5,4,0.5555555555555556,0.4444444444444444,1,0.11111111111111116,0.34924876102607993,0.6507512389739198
2009-04-21,9,6,3,0.6666666666666666,0.3333333333333333,3,0.3333333333333333,0.3227169392642189,0.677283060735781
2009-04-22,16,15,1,0.9375,0.0625,14,0.875,0.1653478131161349,0.834652186883865
2009-04-23,18,17,1,0.9444444444444444,0.05555555555555555,16,0.8888888888888888,0.1746810585269715,0.8253189414730288
2009-04-24,3,1,2,0.3333333333333333,0.6666666666666666,-1,-0.3333333333333333,0.6532277092793838,0.34677229072061655
2009-04-27,7,6,1,0.8571428571428571,0.14285714285714285,5,0.7142857142857142,0.23360175340576425,0.7663982465942359
2009-04-28,6,6,0,1.0,0.0,6,1.0,0.1959785735210217,0.8040214264789779
2009-04-29,5,5,0,1.0,0.0,5,1.0,0.17707637807384458,0.822923621926156
2009-04-30,11,6,5,0.5454545454545454,0.45454545454545453,1,0.09090909090909088,0.36723023077811895,0.632769769221881
2009-05-01,3,3,0,1.0,0.0,3,1.0,0.08323037414664737,0.916769625853353
2009-05-04,11,8,3,0.7272727272727273,0.2727272727272727,5,0.4545454545454546,0.36126613677394387,0.6387338632260563
2009-05-05,17,13,4,0.7647058823529411,0.23529411764705882,9,0.5294117647058822,0.305316762796502,0.6946832372034981
2009-05-06,6,4,2,0.6666666666666666,0.3333333333333333,2,0.3333333333333333,0.38014705093953244,0.6198529490604675
2009-05-07,3,2,1,0.6666666666666666,0.3333333333333333,1,0.3333333333333333,0.23774860468911754,0.762251395310884
2009-05-08,2,1,1,0.5,0.5,0,0.0,0.5084075361819949,0.4915924638180049
2009-05-11,1,1,0,1.0,0.0,1,1.0,0.19100538247014298,0.8089946175298585
2009-05-12,5,3,2,0.6,0.4,1,0.19999999999999996,0.43425478620063485,0.5657452137993646
2009-05-13,5,4,1,0.8,0.2,3,0.6000000000000001,0.1475571512633415,0.8524428487366592
2009-05-14,5,3,2,0.6,0.4,1,0.19999999999999996,0.3174021877881662,0.6825978122118332
2009-05-15,6,5,1,0.8333333333333334,0.16666666666666666,4,0.6666666666666667,0.2201906444305927,0.7798093555694079
2009-05-18,9,6,3,0.6666666666666666,0.3333333333333333,3,0.3333333333333333,0.3373522270927268,0.6626477729072728
2009-05-19,3,2,1,0.6666666666666666,0.3333333333333333,1,0.3333333333333333,0.3792541926500126,0.6207458073499869
2009-05-20,7,4,3,0.5714285714285714,0.42857142857142855,1,0.14285714285714285,0.320289090805978,0.6797109091940224
2009-05-21,5,3,2,0.6,0.4,1,0.19999999999999996,0.39924315584904513,0.6007568441509548
2009-05-22,6,5,1,0.8333333333333334,0.16666666666666666,4,0.6666666666666667,0.25775646104521327,0.7422435389547872
2009-05-25,4,1,3,0.25,0.75,-2,-0.5,0.48043725965456247,0.5195627403454366
2009-05-26,14,13,1,0.9285714285714286,0.07142857142857142,12,0.8571428571428572,0.21117936616488583,0.7888206338351141
2009-05-27,8,8,0,1.0,0.0,8,1.0,0.1972729675755975,0.8027270324244028
2009-05-28,8,5,3,0.625,0.375,2,0.25,0.36274731068831967,0.6372526893116806
2009-05-29,5,4,1,0.8,0.2,3,0.6000000000000001,0.23334621638144357,0.7666537836185567
2009-06-01,6,5,1,0.8333333333333334,0.16666666666666666,4,0.6666666666666667,0.30639584638070577,0.6936041536192944
2009-06-02,5,5,0,1.0,0.0,5,1.0,0.11516710249622172,0.884832897503778
2009-06-03,2,1,1,0.5,0.5,0,0.0,0.2913531595771286,0.708646840422872
2009-06-04,12,11,1,0.9166666666666666,0.08333333333333333,10,0.8333333333333333,0.17655684954771586,0.823443150452284
2009-06-05,12,12,0,1.0,0.0,12,1.0,0.223801998179854,0.7761980018201461
2009-06-06,4,4,0,1.0,0.0,4,1.0,0.12230838639487204,0.8776916136051284
2009-06-08,27,21,6,0.7777777777777778,0.2222222222222222,15,0.5555555555555556,0.25793405440199285,0.7420659455980072
2009-06-09,12,12,0,1.0,0.0,12,1.0,0.12607783046348756,0.8739221695365126
2009-06-10,7,6,1,0.8571428571428571,0.14285714285714285,5,0.7142857142857142,0.25386366613292327,0.7461363338670763
2009-06-11,4,3,1,0.75,0.25,2,0.5,0.2890161509998979,0.7109838490001015
2009-06-12,5,4,1,0.8,0.2,3,0.6000000000000001,0.382929400550728,0.6170705994492719
2009-06-15,5,4,1,0.8,0.2,3,0.6000000000000001,0.20004110820408,0.7999588917959205
2009-06-16,5,4,1,0.8,0.2,3,0.6000000000000001,0.24168385545792082,0.7583161445420792
2009-06-17,14,9,5,0.6428571428571429,0.35714285714285715,4,0.28571428571428575,0.43625590966164346,0.5637440903383562
2009-06-18,11,7,4,0.6363636363636364,0.36363636363636365,3,0.2727272727272727,0.3369292898383022,0.6630707101616976
2009-06-19,8,6,2,0.75,0.25,4,0.5,0.35501563965206295,0.6449843603479369
2009-06-20,5,5,0,1.0,0.0,5,1.0,0.18386133735508747,0.8161386626449116
2009-06-22,15,13,2,0.8666666666666667,0.13333333333333333,11,0.7333333333333334,0.23210238573401723,0.7678976142659832
2009-06-23,10,8,2,0.8,0.2,6,0.6000000000000001,0.28858797358590793,0.7114120264140924
2009-06-24,9,8,1,0.8888888888888888,0.1111111111111111,7,0.7777777777777777,0.2904865893281282,0.7095134106718721
2009-06-25,2,1,1,0.5,0.5,0,0.0,0.39543641260192325,0.6045635873980777
2009-06-26,7,5,2,0.7142857142857143,0.2857142857142857,3,0.4285714285714286,0.4196413887147073,0.5803586112852923
2009-06-27,1,1,0,1.0,0.0,1,1.0,0.12219968937187371,0.8778003106281268
2009-06-29,14,10,4,0.7142857142857143,0.2857142857142857,6,0.4285714285714286,0.39261821904556976,0.6073817809544303
2009-06-30,4,1,3,0.25,0.75,-2,-0.5,0.5395027454841528,0.46049725451584633
2009-07-01,4,3,1,0.75,0.25,2,0.5,0.2456040377885491,0.7543959622114509
2009-07-02,5,3,2,0.6,0.4,1,0.19999999999999996,0.42078706339900995,0.5792129366009898
2009-07-03,2,2,0,1.0,0.0,2,1.0,0.33483650060337256,0.6651634993966269
2009-07-06,5,3,2,0.6,0.4,1,0.19999999999999996,0.3842998721427454,0.6157001278572547
2009-07-07,3,3,0,1.0,0.0,3,1.0,0.39171914489418197,0.6082808551058189
2009-07-08,4,3,1,0.75,0.25,2,0.5,0.3055115150949866,0.6944884849050135
2009-07-09,3,3,0,1.0,0.0,3,1.0,0.1820630356050419,0.8179369643949584
2009-07-10,6,6,0,1.0,0.0,6,1.0,0.15030425267762565,0.8496957473223755
2009-07-13,4,4,0,1.0,0.0,4,1.0,0.20725078750190074,0.7927492124981
2009-07-14,4,4,0,1.0,0.0,4,1.0,0.2268809740290642,0.7731190259709367
2009-07-15,7,7,0,1.0,0.0,7,1.0,0.1295590871182193,0.8704409128817809
2009-07-16,8,7,1,0.875,0.125,6,0.75,0.3328934829267659,0.6671065170732343
2009-07-17,6,6,0,1.0,0.0,6,1.0,0.1554928589608027,0.8445071410391972
2009-07-20,7,7,0,1.0,0.0,7,1.0,0.23274529935780455,0.7672547006421947
2009-07-21,12,11,1,0.9166666666666666,0.08333333333333333,10,0.8333333333333333,0.14135229252129333,0.8586477074787063
2009-07-22,21,20,1,0.9523809523809523,0.047619047619047616,19,0.9047619047619047,0.20883578724123475,0.791164212758766
2009-07-23,5,5,0,1.0,0.0,5,1.0,0.06277816353091607,0.9372218364690846
2009-07-24,5,3,2,0.6,0.4,1,0.19999999999999996,0.3668447346029372,0.6331552653970628
2009-07-27,9,7,2,0.7777777777777778,0.2222222222222222,5,0.5555555555555556,0.2497735848999682,0.7502264151000322
2009-07-28,7,6,1,0.8571428571428571,0.14285714285714285,5,0.7142857142857142,0.3314993442376445,0.6685006557623554
2009-07-29,3,2,1,0.6666666666666666,0.3333333333333333,1,0.3333333333333333,0.39784075595575424,0.602159244044245
2009-07-30,3,2,1,0.6666666666666666,0.3333333333333333,1,0.3333333333333333,0.38719922476162294,0.612800775238377
2009-07-31,4,3,1,0.75,0.25,2,0.5,0.4049116923707311,0.5950883076292689
2009-08-01,2,2,0,1.0,0.0,2,1.0,0.25524059614959393,0.7447594038504057
2009-08-03,15,13,2,0.8666666666666667,0.13333333333333333,11,0.7333333333333334,0.1852280335649759,0.8147719664350234
2009-08-04,4,4,0,1.0,0.0,4,1.0,0.2634899725698465,0.7365100274301538
2009-08-05,4,3,1,0.75,0.25,2,0.5,0.4359287858348359,0.564071214165165
2009-08-06,8,3,5,0.375,0.625,-2,-0.25,0.4943200093339185,0.5056799906660818
2009-08-07,2,1,1,0.5,0.5,0,0.0,0.37400353210103543,0.625996467898965
2009-08-10,5,5,0,1.0,0.0,5,1.0,0.1182829493411389,0.8817170506588614
2009-08-11,4,4,0,1.0,0.0,4,1.0,0.27728085832326527,0.7227191416767338
2009-08-12,3,3,0,1.0,0.0,3,1.0,0.28659957386921453,0.713400426130785
2009-08-13,7,5,2,0.7142857142857143,0.2857142857142857,3,0.4285714285714286,0.28406528545650184,0.7159347145434971
2009-08-14,5,2,3,0.4,0.6,-1,-0.19999999999999996,0.42171231755783917,0.5782876824421604
2009-08-16,1,1,0,1.0,0.0,1,1.0,0.1498332664356023,0.8501667335643964
2009-08-17,3,1,2,0.3333333333333333,0.6666666666666666,-1,-0.3333333333333333,0.5273564687787701,0.4726435312212307
2009-08-18,7,6,1,0.8571428571428571,0.14285714285714285,5,0.7142857142857142,0.34798110275913147,0.6520188972408685
2009-08-19,4,4,0,1.0,0.0,4,1.0,0.16720334378043575,0.8327966562195644
2009-08-20,2,2,0,1.0,0.0,2,1.0,0.17431261050907682,0.8256873894909228
2009-08-21,3,2,1,0.6666666666666666,0.3333333333333333,1,0.3333333333333333,0.497822852274572,0.5021771477254279
2009-08-23,1,1,0,1.0,0.0,1,1.0,0.2974485386064361,0.702551461393564
2009-08-24,7,5,2,0.7142857142857143,0.2857142857142857,3,0.4285714285714286,0.3827284785003556,0.6172715214996437
2009-08-25,6,5,1,0.8333333333333334,0.16666666666666666,4,0.6666666666666667,0.28841719094071117,0.7115828090592888
2009-08-26,7,7,0,1.0,0.0,7,1.0,0.23618711560495134,0.7638128843950478
2009-08-27,16,14,2,0.875,0.125,12,0.75,0.24331186509006686,0.7566881349099331
2009-08-28,11,9,2,0.8181818181818182,0.18181818181818182,7,0.6363636363636365,0.32824816145735874,0.6717518385426418
2009-08-31,6,6,0,1.0,0.0,6,1.0,0.12605712787153894,0.8739428721284606
2009-09-01,6,4,2,0.6666666666666666,0.3333333333333333,2,0.3333333333333333,0.4231119426180918,0.5768880573819083
2009-09-02,3,3,0,1.0,0.0,3,1.0,0.20455136107417374,0.795448638925826
2009-09-03,6,5,1,0.8333333333333334,0.16666666666666666,4,0.6666666666666667,0.3040910297665452,0.6959089702334548
2009-09-04,3,2,1,0.6666666666666666,0.3333333333333333,1,0.3333333333333333,0.5362889049667172,0.463711095033283
2009-09-08,5,5,0,1.0,0.0,5,1.0,0.18489645221335993,0.8151035477866408
2009-09-09,17,13,4,0.7647058823529411,0.23529411764705882,9,0.5294117647058822,0.3417446852521062,0.6582553147478938
2009-09-10,7,6,1,0.8571428571428571,0.14285714285714285,5,0.7142857142857142,0.4167442760303088,0.583255723969691
2009-09-11,6,5,1,0.8333333333333334,0.16666666666666666,4,0.6666666666666667,0.2695440495535157,0.7304559504464846
2009-09-14,3,3,0,1.0,0.0,3,1.0,0.34444215079593343,0.6555578492040673
2009-09-15,9,8,1,0.8888888888888888,0.1111111111111111,7,0.7777777777777777,0.3187942240749248,0.681205775925076
2009-09-16,5,5,0,1.0,0.0,5,1.0,0.21887160181432405,0.7811283981856751
2009-09-17,7,6,1,0.8571428571428571,0.14285714285714285,5,0.7142857142857142,0.19514942780300476,0.8048505721969951
2009-09-18,6,5,1,0.8333333333333334,0.16666666666666666,4,0.6666666666666667,0.298072079747212,0.701927920252788
2009-09-21,5,5,0,1.0,0.0,5,1.0,0.2767001632035348,0.7232998367964644
2009-09-22,9,8,1,0.8888888888888888,0.1111111111111111,7,0.7777777777777777,0.22715445193226402,0.7728455480677362
2009-09-23,11,9,2,0.8181818181818182,0.18181818181818182,7,0.6363636363636365,0.24160331093379125,0.758396689066209
2009-09-24,3,2,1,0.6666666666666666,0.3333333333333333,1,0.3333333333333333,0.3157552234903165,0.6842447765096843
2009-09-25,2,2,0,1.0,0.0,2,1.0,0.06655584700895992,0.9334441529910396
2009-09-28,11,8,3,0.7272727272727273,0.2727272727272727,5,0.4545454545454546,0.32802703475302125,0.671972965246979
2009-09-29,9,9,0,1.0,0.0,9,1.0,0.17742608319685865,0.8225739168031417
2009-09-30,3,1,2,0.3333333333333333,0.6666666666666666,-1,-0.3333333333333333,0.5923730016065498,0.4076269983934507
2009-10-01,6,6,0,1.0,0.0,6,1.0,0.16441154864898685,0.835588451351013
2009-10-02,7,7,0,1.0,0.0,7,1.0,0.15880164108572972,0.8411983589142703
2009-10-04,1,0,1,0.0,1.0,-1,-1.0,0.5495303134310326,0.45046968656896735
2009-10-05,11,10,1,0.9090909090909091,0.09090909090909091,9,0.8181818181818181,0.20635521955662064,0.7936447804433796
2009-10-06,9,8,1,0.8888888888888888,0.1111111111111111,7,0.7777777777777777,0.2567961663711464,0.7432038336288537
2009-10-07,7,7,0,1.0,0.0,7,1.0,0.20284579566880617,0.7971542043311942
2009-10-08,4,4,0,1.0,0.0,4,1.0,0.34000948490811245,0.6599905150918876
2009-10-09,1,1,0,1.0,0.0,1,1.0,0.2484260265245369,0.7515739734754621
2009-10-10,1,1,0,1.0,0.0,1,1.0,0.2350869728838065,0.7649130271161941
2009-10-12,7,7,0,1.0,0.0,7,1.0,0.2561424214305112,0.7438575785694896
2009-10-13,5,5,0,1.0,0.0,5,1.0,0.18282865184968689,0.8171713481503129
2009-10-14,6,5,1,0.8333333333333334,0.16666666666666666,4,0.6666666666666667,0.25378560372110237,0.7462143962788979
2009-10-15,4,4,0,1.0,0.0,4,1.0,0.10714349550435293,0.8928565044956472
2009-10-16,7,4,3,0.5714285714285714,0.42857142857142855,1,0.14285714285714285,0.37102485594874934,0.6289751440512507
2009-10-19,17,17,0,1.0,0.0,17,1.0,0.11489868572685892,0.8851013142731409
2009-10-20,30,28,2,0.9333333333333333,0.06666666666666667,26,0.8666666666666667,0.18086771755085093,0.8191322824491486
2009-10-21,13,12,1,0.9230769230769231,0.07692307692307693,11,0.8461538461538463,0.1352581431337908,0.8647418568662097
2009-10-22,10,8,2,0.8,0.2,6,0.6000000000000001,0.31355379789353155,0.6864462021064689
2009-10-23,5,4,1,0.8,0.2,3,0.6000000000000001,0.17395399058714858,0.8260460094128517
2009-10-26,3,3,0,1.0,0.0,3,1.0,0.18919383036920503,0.810806169630795
2009-10-27,10,10,0,1.0,0.0,10,1.0,0.15763722900094132,0.8423627709990585
2009-10-28,5,3,2,0.6,0.4,1,0.19999999999999996,0.4823462883525235,0.5176537116474766
2009-10-29,6,6,0,1.0,0.0,6,1.0,0.2253415815251862,0.7746584184748135
2009-10-30,3,3,0,1.0,0.0,3,1.0,0.18595480955400592,0.8140451904459957
2009-11-01,1,1,0,1.0,0.0,1,1.0,0.4694608152015332,0.5305391847984677
2009-11-02,5,5,0,1.0,0.0,5,1.0,0.22141757072832355,0.7785824292716768
2009-11-03,8,6,2,0.75,0.25,4,0.5,0.2624974307974961,0.7375025692025043
2009-11-04,8,8,0,1.0,0.0,8,1.0,0.30538547387667014,0.6946145261233299
2009-11-05,4,3,1,0.75,0.25,2,0.5,0.18850274838048164,0.8114972516195189
2009-11-06,5,5,0,1.0,0.0,5,1.0,0.2646968127085576,0.7353031872914422
2009-11-09,7,6,1,0.8571428571428571,0.14285714285714285,5,0.7142857142857142,0.2598204181028197,0.7401795818971799
2009-11-10,10,10,0,1.0,0.0,10,1.0,0.10874204793946333,0.8912579520605373
2009-11-11,5,4,1,0.8,0.2,3,0.6000000000000001,0.269157780332694,0.7308422196673059
2009-11-12,9,8,1,0.8888888888888888,0.1111111111111111,7,0.7777777777777777,0.22315790417083944,0.7768420958291604
2009-11-13,7,6,1,0.8571428571428571,0.14285714285714285,5,0.7142857142857142,0.2424092977905193,0.7575907022094805
2009-11-14,1,1,0,1.0,0.0,1,1.0,0.2116050371003631,0.788394962899637
2009-11-16,5,4,1,0.8,0.2,3,0.6000000000000001,0.19774598820064626,0.802254011799354
2009-11-17,6,6,0,1.0,0.0,6,1.0,0.14867024462201775,0.8513297553779817
2009-11-18,5,4,1,0.8,0.2,3,0.6000000000000001,0.24970603307446476,0.7502939669255355
2009-11-19,5,4,1,0.8,0.2,3,0.6000000000000001,0.24570352157846784,0.7542964784215329
2009-11-20,4,4,0,1.0,0.0,4,1.0,0.0964460265002933,0.9035539734997067
2009-11-23,3,3,0,1.0,0.0,3,1.0,0.04809415068847436,0.9519058493115263
2009-11-24,7,6,1,0.8571428571428571,0.14285714285714285,5,0.7142857142857142,0.20821792784183898,0.7917820721581607
2009-11-25,2,2,0,1.0,0.0,2,1.0,0.1369100466645571,0.8630899533354437
2009-11-26,4,3,1,0.75,0.25,2,0.5,0.3118478272881481,0.688152172711852
2009-11-27,2,2,0,1.0,0.0,2,1.0,0.2848352502597584,0.7151647497402414
2009-11-30,5,5,0,1.0,0.0,5,1.0,0.17138623873721315,0.8286137612627897
2009-12-01,6,5,1,0.8333333333333334,0.16666666666666666,4,0.6666666666666667,0.2034941267959345,0.7965058732040659
2009-12-02,9,7,2,0.7777777777777778,0.2222222222222222,5,0.5555555555555556,0.36172898629069666,0.6382710137093035
2009-12-03,6,5,1,0.8333333333333334,0.16666666666666666,4,0.6666666666666667,0.3229024992210768,0.6770975007789231
2009-12-04,4,2,2,0.5,0.5,0,0.0,0.4445456502114784,0.5554543497885215
2009-12-05,1,1,0,1.0,0.0,1,1.0,0.11335740808718049,0.8866425919128196
2009-12-06,1,1,0,1.0,0.0,1,1.0,6.576949229526552e-05,0.9999342305076924
2009-12-07,6,6,0,1.0,0.0,6,1.0,0.20768717140530693,0.7923128285946937
2009-12-08,7,4,3,0.5714285714285714,0.42857142857142855,1,0.14285714285714285,0.3815334833716219,0.6184665166283784
2009-12-09,12,10,2,0.8333333333333334,0.16666666666666666,8,0.6666666666666667,0.2245085237572556,0.7754914762427441
2009-12-10,5,5,0,1.0,0.0,5,1.0,0.08860320669971428,0.9113967933002861
2009-12-11,13,11,2,0.8461538461538461,0.15384615384615385,9,0.6923076923076923,0.2833216898278895,0.7166783101721106
2009-12-14,16,13,3,0.8125,0.1875,10,0.625,0.2659296900525364,0.734070309947463
2009-12-15,10,7,3,0.7,0.3,4,0.39999999999999997,0.3032128715391774,0.6967871284608229
2009-12-16,2,2,0,1.0,0.0,2,1.0,0.3489108992871044,0.6510891007128963
2009-12-17,11,10,1,0.9090909090909091,0.09090909090909091,9,0.8181818181818181,0.23333832240626035,0.7666616775937395
2009-12-18,6,5,1,0.8333333333333334,0.16666666666666666,4,0.6666666666666667,0.2696538239895427,0.7303461760104567
2009-12-21,5,5,0,1.0,0.0,5,1.0,0.14868498702747118,0.8513150129725293
2009-12-22,9,9,0,1.0,0.0,9,1.0,0.11270971458273928,0.8872902854172605
2009-12-23,5,3,2,0.6,0.4,1,0.19999999999999996,0.3540452345804506,0.6459547654195498
2009-12-24,9,8,1,0.8888888888888888,0.1111111111111111,7,0.7777777777777777,0.25017144806382224,0.7498285519361775
2009-12-25,3,1,2,0.3333333333333333,0.6666666666666666,-1,-0.3333333333333333,0.5721826728677916,0.42781732713220905
2009-12-28,6,6,0,1.0,0.0,6,1.0,0.16227490816085036,0.83772509183915
2009-12-29,8,5,3,0.625,0.375,2,0.25,0.41730069305805007,0.5826993069419495
2009-12-30,9,9,0,1.0,0.0,9,1.0,0.10517708696351884,0.8948229130364808
2009-12-31,7,7,0,1.0,0.0,7,1.0,0.11806355636629971,0.8819364436336999
2010-01-04,10,9,1,0.9,0.1,8,0.8,0.1674143243195087,0.8325856756804919
2010-01-05,22,20,2,0.9090909090909091,0.09090909090909091,18,0.8181818181818181,0.25057805069581757,0.7494219493041825
2010-01-06,9,7,2,0.7777777777777778,0.2222222222222222,5,0.5555555555555556,0.2570832866716159,0.7429167133283839
2010-01-07,10,10,0,1.0,0.0,10,1.0,0.2576879496262012,0.7423120503737988
2010-01-08,8,6,2,0.75,0.25,4,0.5,0.28590335525862404,0.7140966447413761
2010-01-09,1,0,1,0.0,1.0,-1,-1.0,0.5386657088690733,0.46133429113092733
2010-01-11,7,5,2,0.7142857142857143,0.2857142857142857,3,0.4285714285714286,0.3768305908505202,0.6231694091494789
2010-01-12,4,4,0,1.0,0.0,4,1.0,0.08353266040681387,0.9164673395931858
2010-01-13,6,5,1,0.8333333333333334,0.16666666666666666,4,0.6666666666666667,0.18644259522281637,0.8135574047771836
2010-01-14,17,14,3,0.8235294117647058,0.17647058823529413,11,0.6470588235294117,0.2877719672382434,0.712228032761756
2010-01-15,6,5,1,0.8333333333333334,0.16666666666666666,4,0.6666666666666667,0.28202555691973014,0.7179744430802705
2010-01-16,3,2,1,0.6666666666666666,0.3333333333333333,1,0.3333333333333333,0.4704012228979835,0.529598777102017
2010-01-17,3,3,0,1.0,0.0,3,1.0,0.27716138208572266,0.722838617914277
2010-01-18,11,10,1,0.9090909090909091,0.09090909090909091,9,0.8181818181818181,0.24870840382430973,0.7512915961756904
2010-01-19,9,8,1,0.8888888888888888,0.1111111111111111,7,0.7777777777777777,0.20143105798591737,0.7985689420140836
2010-01-20,11,11,0,1.0,0.0,11,1.0,0.25900758933553636,0.7409924106644642
2010-01-21,5,5,0,1.0,0.0,5,1.0,0.07495483637557748,0.9250451636244227
2010-01-22,3,3,0,1.0,0.0,3,1.0,0.05549274413965143,0.9445072558603494
2010-01-25,23,23,0,1.0,0.0,23,1.0,0.12932373333325925,0.8706762666667411
2010-01-26,19,17,2,0.8947368421052632,0.10526315789473684,15,0.7894736842105263,0.19035231153645937,0.80964768846354
2010-01-27,56,55,1,0.9821428571428571,0.017857142857142856,54,0.9642857142857142,0.14948870360878314,0.8505112963912167
2010-01-28,25,24,1,0.96,0.04,23,0.9199999999999999,0.14276431084272456,0.8572356891572757
2010-01-29,15,15,0,1.0,0.0,15,1.0,0.10176161416564285,0.8982383858343573
2010-01-30,4,3,1,0.75,0.25,2,0.5,0.2878144964698885,0.7121855035301119
2010-01-31,1,1,0,1.0,0.0,1,1.0,0.16757924864433882,0.832420751355661
2010-02-01,8,7,1,0.875,0.125,6,0.75,0.17318972306990174,0.8268102769300982
2010-02-02,14,13,1,0.9285714285714286,0.07142857142857142,12,0.8571428571428572,0.17482054630760513,0.8251794536923952
2010-02-03,5,5,0,1.0,0.0,5,1.0,0.11376064202244884,0.8862393579775528
2010-02-04,10,8,2,0.8,0.2,6,0.6000000000000001,0.26153794731825064,0.7384620526817496
2010-02-05,8,7,1,0.875,0.125,6,0.75,0.14401235933702297,0.8559876406629772
2010-02-08,3,2,1,0.6666666666666666,0.3333333333333333,1,0.3333333333333333,0.275542801283499,0.7244571987165008
2010-02-09,8,8,0,1.0,0.0,8,1.0,0.17561888989508642,0.8243811101049143
2010-02-10,11,10,1,0.9090909090909091,0.09090909090909091,9,0.8181818181818181,0.2393024063218464,0.7606975936781531
2010-02-11,12,10,2,0.8333333333333334,0.16666666666666666,8,0.6666666666666667,0.2243645390119423,0.7756354609880577
2010-02-12,6,6,0,1.0,0.0,6,1.0,0.15458765975971908,0.8454123402402817
2010-02-14,2,2,0,1.0,0.0,2,1.0,0.11831013101406797,0.8816898689859323
2010-02-15,10,9,1,0.9,0.1,8,0.8,0.18391681371361843,0.8160831862863818
2010-02-16,7,5,2,0.7142857142857143,0.2857142857142857,3,0.4285714285714286,0.2819821118792477,0.7180178881207523
2010-02-17,16,16,0,1.0,0.0,16,1.0,0.15622864012850024,0.8437713598715
2010-02-18,7,6,1,0.8571428571428571,0.14285714285714285,5,0.7142857142857142,0.20083586537415463,0.7991641346258452
2010-02-19,6,6,0,1.0,0.0,6,1.0,0.19395197380072107,0.8060480261992788
2010-02-22,9,9,0,1.0,0.0,9,1.0,0.1573117204623614,0.8426882795376401
2010-02-23,7,6,1,0.8571428571428571,0.14285714285714285,5,0.7142857142857142,0.1835843028704164,0.8164156971295833
2010-02-24,9,8,1,0.8888888888888888,0.1111111111111111,7,0.7777777777777777,0.18429620370791325,0.8157037962920868
2010-02-25,17,16,1,0.9411764705882353,0.058823529411764705,15,0.8823529411764706,0.1429336847459843,0.8570663152540152
2010-02-26,7,6,1,0.8571428571428571,0.14285714285714285,5,0.7142857142857142,0.18491772514053878,0.8150822748594598
2010-03-01,7,6,1,0.8571428571428571,0.14285714285714285,5,0.7142857142857142,0.13379059620577197,0.8662094037942294
2010-03-02,18,14,4,0.7777777777777778,0.2222222222222222,10,0.5555555555555556,0.31713872785864256,0.6828612721413576
2010-03-03,9,8,1,0.8888888888888888,0.1111111111111111,7,0.7777777777777777,0.3243986287686729,0.6756013712313267
2010-03-04,4,4,0,1.0,0.0,4,1.0,0.1151934502756109,0.8848065497243888
2010-03-05,19,17,2,0.8947368421052632,0.10526315789473684,15,0.7894736842105263,0.16478065300982817,0.8352193469901724
2010-03-07,1,1,0,1.0,0.0,1,1.0,0.1524571867434719,0.8475428132565287
2010-03-08,7,7,0,1.0,0.0,7,1.0,0.09834624868448691,0.9016537513155114
2010-03-09,6,5,1,0.8333333333333334,0.16666666666666666,4,0.6666666666666667,0.29916839776066945,0.7008316022393303
2010-03-10,7,6,1,0.8571428571428571,0.14285714285714285,5,0.7142857142857142,0.2078099600621286,0.7921900399378714
2010-03-11,6,4,2,0.6666666666666666,0.3333333333333333,2,0.3333333333333333,0.3061418763023485,0.6938581236976517
2010-03-12,14,13,1,0.9285714285714286,0.07142857142857142,12,0.8571428571428572,0.19943425371542572,0.8005657462845738
2010-03-14,1,1,0,1.0,0.0,1,1.0,0.26801502669540395,0.7319849733045978
2010-03-15,8,7,1,0.875,0.125,6,0.75,0.22420338324482,0.7757966167551809
2010-03-16,8,8,0,1.0,0.0,8,1.0,0.1587508600674459,0.8412491399325551
2010-03-17,8,7,1,0.875,0.125,6,0.75,0.2339342625588393,0.7660657374411606
2010-03-18,11,10,1,0.9090909090909091,0.09090909090909091,9,0.8181818181818181,0.25819479892519615,0.7418052010748039
2010-03-19,10,10,0,1.0,0.0,10,1.0,0.13772458863421605,0.8622754113657833
2010-03-22,8,8,0,1.0,0.0,8,1.0,0.19367239695564162,0.8063276030443599
2010-03-23,8,8,0,1.0,0.0,8,1.0,0.16719618306863637,0.8328038169313635
2010-03-24,7,6,1,0.8571428571428571,0.14285714285714285,5,0.7142857142857142,0.30550162233956585,0.6944983776604344
2010-03-25,8,8,0,1.0,0.0,8,1.0,0.06411194250480665,0.9358880574951931
2010-03-26,8,7,1,0.875,0.125,6,0.75,0.12074891223474757,0.8792510877652526
2010-03-27,2,2,0,1.0,0.0,2,1.0,0.2502315582979553,0.7497684417020447
2010-03-28,1,1,0,1.0,0.0,1,1.0,0.06149767021725538,0.9385023297827437
2010-03-29,18,16,2,0.8888888888888888,0.1111111111111111,14,0.7777777777777777,0.18454881116266886,0.815451188837331
2010-03-30,28,27,1,0.9642857142857143,0.03571428571428571,26,0.9285714285714286,0.14233090260083556,0.8576690973991641
2010-03-31,8,7,1,0.875,0.125,6,0.75,0.208060955406167,0.7919390445938326
2010-04-01,16,16,0,1.0,0.0,16,1.0,0.13448290435318955,0.8655170956468105
2010-04-02,13,12,1,0.9230769230769231,0.07692307692307693,11,0.8461538461538463,0.25831917448336195,0.7416808255166379
2010-04-03,11,10,1,0.9090909090909091,0.09090909090909091,9,0.8181818181818181,0.22676391468091148,0.7732360853190884
2010-04-04,3,3,0,1.0,0.0,3,1.0,0.14147296890342168,0.8585270310965782
2010-04-05,26,25,1,0.9615384615384616,0.038461538461538464,24,0.9230769230769231,0.15892900481571992,0.8410709951842803
2010-04-06,26,22,4,0.8461538461538461,0.15384615384615385,18,0.6923076923076923,0.2290871643559832,0.7709128356440166
2010-04-07,13,13,0,1.0,0.0,13,1.0,0.1852905483817044,0.8147094516182953
2010-04-08,18,14,4,0.7777777777777778,0.2222222222222222,10,0.5555555555555556,0.3097430076234363,0.6902569923765639
2010-04-09,6,6,0,1.0,0.0,6,1.0,0.2826110854574128,0.7173889145425862
2010-04-11,1,1,0,1.0,0.0,1,1.0,0.11303753326940137,0.8869624667305973
2010-04-12,12,12,0,1.0,0.0,12,1.0,0.22336796049199756,0.7766320395080027
2010-04-13,12,11,1,0.9166666666666666,0.08333333333333333,10,0.8333333333333333,0.2568240564310655,0.7431759435689343
2010-04-14,12,11,1,0.9166666666666666,0.08333333333333333,10,0.8333333333333333,0.16128636403664923,0.8387136359633511
2010-04-15,7,6,1,0.8571428571428571,0.14285714285714285,5,0.7142857142857142,0.13097809084172168,0.8690219091582775
2010-04-16,6,6,0,1.0,0.0,6,1.0,0.1344793624180837,0.8655206375819159
2010-04-18,1,1,0,1.0,0.0,1,1.0,0.0020870604179192504,0.9979129395820832
2010-04-19,7,4,3,0.5714285714285714,0.42857142857142855,1,0.14285714285714285,0.4173148895486162,0.5826851104513839
2010-04-20,36,34,2,0.9444444444444444,0.05555555555555555,32,0.8888888888888888,0.1240870043525879,0.8759129956474125
2010-04-21,37,36,1,0.972972972972973,0.02702702702702703,35,0.945945945945946,0.08940838944796936,0.9105916105520299
2010-04-22,7,7,0,1.0,0.0,7,1.0,0.04266422057748379,0.9573357794225181
2010-04-23,15,15,0,1.0,0.0,15,1.0,0.07960711895856883,0.9203928810414314
2010-04-25,5,5,0,1.0,0.0,5,1.0,0.16635768621689612,0.8336423137831048
2010-04-26,14,14,0,1.0,0.0,14,1.0,0.13384844879999366,0.866151551200007
2010-04-27,14,14,0,1.0,0.0,14,1.0,0.1153911622422081,0.8846088377577918
2010-04-28,15,14,1,0.9333333333333333,0.06666666666666667,13,0.8666666666666667,0.18365291181724147,0.8163470881827581
2010-04-29,13,12,1,0.9230769230769231,0.07692307692307693,11,0.8461538461538463,0.17121103642139007,0.8287889635786099
2010-04-30,19,16,3,0.8421052631578947,0.15789473684210525,13,0.6842105263157894,0.2772606322443508,0.7227393677556488
2010-05-01,1,0,1,0.0,1.0,-1,-1.0,0.5972138262391566,0.40278617376084513
2010-05-03,14,14,0,1.0,0.0,14,1.0,0.11780573791453296,0.8821942620854673
2010-05-04,13,12,1,0.9230769230769231,0.07692307692307693,11,0.8461538461538463,0.20576669162338862,0.7942333083766122
2010-05-05,11,11,0,1.0,0.0,11,1.0,0.09217966388476749,0.9078203361152327
2010-05-06,5,4,1,0.8,0.2,3,0.6000000000000001,0.334820082384647,0.6651799176153534
2010-05-07,13,12,1,0.9230769230769231,0.07692307692307693,11,0.8461538461538463,0.28617670510128623,0.7138232948987141
2010-05-10,9,7,2,0.7777777777777778,0.2222222222222222,5,0.5555555555555556,0.15791595848055748,0.8420840415194415
2010-05-11,17,17,0,1.0,0.0,17,1.0,0.1300083334037063,0.8699916665962947
2010-05-12,15,14,1,0.9333333333333333,0.06666666666666667,13,0.8666666666666667,0.14577349719713303,0.8542265028028683
2010-05-13,12,11,1,0.9166666666666666,0.08333333333333333,10,0.8333333333333333,0.26983100569894436,0.7301689943010564
2010-05-14,11,10,1,0.9090909090909091,0.09090909090909091,9,0.8181818181818181,0.1322944721335741,0.8677055278664253
2010-05-16,1,1,0,1.0,0.0,1,1.0,0.24443187250268913,0.7555681274973097
2010-05-17,8,7,1,0.875,0.125,6,0.75,0.3353671306237074,0.6646328693762928
2010-05-18,11,10,1,0.9090909090909091,0.09090909090909091,9,0.8181818181818181,0.2567872331574778,0.743212766842522
2010-05-19,11,11,0,1.0,0.0,11,1.0,0.1924734552367209,0.8075265447632788
2010-05-20,13,12,1,0.9230769230769231,0.07692307692307693,11,0.8461538461538463,0.1838296040418075,0.8161703959581932
2010-05-21,5,5,0,1.0,0.0,5,1.0,0.21712295316515684,0.7828770468348436
2010-05-24,8,7,1,0.875,0.125,6,0.75,0.2389030865104481,0.7610969134895518
2010-05-25,13,12,1,0.9230769230769231,0.07692307692307693,11,0.8461538461538463,0.13436572273719208,0.8656342772628078
2010-05-26,17,17,0,1.0,0.0,17,1.0,0.14851144186179582,0.8514885581382039
2010-05-27,15,15,0,1.0,0.0,15,1.0,0.15741649431529806,0.8425835056847021
2010-05-28,17,15,2,0.8823529411764706,0.11764705882352941,13,0.7647058823529411,0.18953794928207385,0.8104620507179262
2010-05-29,2,2,0,1.0,0.0,2,1.0,0.09676212058355464,0.9032378794164462
2010-05-31,6,6,0,1.0,0.0,6,1.0,0.22150301130563269,0.7784969886943675
2010-06-01,10,10,0,1.0,0.0,10,1.0,0.10058989602783083,0.8994101039721694
2010-06-02,6,4,2,0.6666666666666666,0.3333333333333333,2,0.3333333333333333,0.3940050953207126,0.6059949046792872
2010-06-03,7,6,1,0.8571428571428571,0.14285714285714285,5,0.7142857142857142,0.20906850500904683,0.7909314949909515
2010-06-04,8,8,0,1.0,0.0,8,1.0,0.20283833918302963,0.7971616608169692
2010-06-05,1,1,0,1.0,0.0,1,1.0,0.15904148299130805,0.8409585170086924
2010-06-06,1,1,0,1.0,0.0,1,1.0,0.06905487478937604,0.9309451252106234
2010-06-07,33,31,2,0.9393939393939394,0.06060606060606061,29,0.8787878787878789,0.24291343524454978,0.7570865647554502
2010-06-08,11,9,2,0.8181818181818182,0.18181818181818182,7,0.6363636363636365,0.2865083309620911,0.7134916690379091
2010-06-09,18,18,0,1.0,0.0,18,1.0,0.13030554989731913,0.8696944501026803
2010-06-10,13,12,1,0.9230769230769231,0.07692307692307693,11,0.8461538461538463,0.14407412827647467,0.8559258717235263
2010-06-11,9,7,2,0.7777777777777778,0.2222222222222222,5,0.5555555555555556,0.3367938201533678,0.663206179846632
2010-06-13,3,3,0,1.0,0.0,3,1.0,0.02871206662566193,0.9712879333743406
2010-06-14,21,21,0,1.0,0.0,21,1.0,0.09720634134863762,0.9027936586513615
2010-06-15,23,21,2,0.9130434782608695,0.08695652173913043,19,0.826086956521739,0.14941730750921556,0.8505826924907843
2010-06-16,25,25,0,1.0,0.0,25,1.0,0.07173649456885384,0.9282635054311464
2010-06-17,17,16,1,0.9411764705882353,0.058823529411764705,15,0.8823529411764706,0.14457147285809527,0.8554285271419045
2010-06-18,19,19,0,1.0,0.0,19,1.0,0.05367985837885956,0.9463201416211406
2010-06-19,2,2,0,1.0,0.0,2,1.0,0.01486304769808368,0.9851369523019089
2010-06-20,4,4,0,1.0,0.0,4,1.0,0.020793797688743215,0.9792062023112547
2010-06-21,16,16,0,1.0,0.0,16,1.0,0.10835068792632324,0.8916493120736768
2010-06-22,41,39,2,0.9512195121951219,0.04878048780487805,37,0.9024390243902438,0.12643708919870933,0.8735629108012907
2010-06-23,21,20,1,0.9523809523809523,0.047619047619047616,19,0.9047619047619047,0.11604278896940846,0.8839572110305892
2010-06-24,29,27,2,0.9310344827586207,0.06896551724137931,25,0.8620689655172413,0.10722431105861016,0.8927756889413895
2010-06-25,18,18,0,1.0,0.0,18,1.0,0.11959656850348803,0.8804034314965108
2010-06-26,4,4,0,1.0,0.0,4,1.0,0.12044205679555722,0.8795579432044436
2010-06-27,2,2,0,1.0,0.0,2,1.0,0.022138511242084227,0.9778614887579117
2010-06-28,28,27,1,0.9642857142857143,0.03571428571428571,26,0.9285714285714286,0.11745269806874734,0.8825473019312521
2010-06-29,13,12,1,0.9230769230769231,0.07692307692307693,11,0.8461538461538463,0.1798838614242823,0.8201161385757179
2010-06-30,15,14,1,0.9333333333333333,0.06666666666666667,13,0.8666666666666667,0.10443395927597039,0.8955660407240279
2010-07-01,25,25,0,1.0,0.0,25,1.0,0.09511472730237858,0.9048852726976223
2010-07-02,14,13,1,0.9285714285714286,0.07142857142857142,12,0.8571428571428572,0.18580032067006533,0.8141996793299345
2010-07-03,3,3,0,1.0,0.0,3,1.0,0.03323860995578123,0.9667613900442188
2010-07-04,4,4,0,1.0,0.0,4,1.0,0.08137239220993779,0.9186276077900617
2010-07-05,6,5,1,0.8333333333333334,0.16666666666666666,4,0.6666666666666667,0.12206506904244598,0.8779349309575495
2010-07-06,23,23,0,1.0,0.0,23,1.0,0.07198263242826135,0.9280173675717392
2010-07-07,24,24,0,1.0,0.0,24,1.0,0.12616390387101628,0.8738360961289845
2010-07-08,14,14,0,1.0,0.0,14,1.0,0.05506369623951336,0.9449363037604865
2010-07-09,17,16,1,0.9411764705882353,0.058823529411764705,15,0.8823529411764706,0.17068189213941198,0.8293181078605883
2010-07-10,2,2,0,1.0,0.0,2,1.0,0.05090090135584271,0.9490990986441528
2010-07-11,3,3,0,1.0,0.0,3,1.0,0.006315970382881292,0.9936840296171194
2010-07-12,19,18,1,0.9473684210526315,0.05263157894736842,17,0.894736842105263,0.1069834207991511,0.8930165792008491
2010-07-13,18,18,0,1.0,0.0,18,1.0,0.0997267745148833,0.9002732254851158
2010-07-14,19,19,0,1.0,0.0,19,1.0,0.09056710874656934,0.9094328912534303
2010-07-15,23,21,2,0.9130434782608695,0.08695652173913043,19,0.826086956521739,0.11148582130311975,0.8885141786968814
2010-07-16,21,21,0,1.0,0.0,21,1.0,0.16845243605317367,0.8315475639468263
2010-07-17,2,2,0,1.0,0.0,2,1.0,0.01158040511619666,0.9884195948838049
2010-07-18,4,4,0,1.0,0.0,4,1.0,0.13846666454703593,0.8615333354529664
2010-07-19,26,26,0,1.0,0.0,26,1.0,0.11338708264839698,0.8866129173516041
2010-07-20,49,48,1,0.9795918367346939,0.02040816326530612,47,0.9591836734693877,0.09205246207882652,0.907947537921173
2010-07-21,51,51,0,1.0,0.0,51,1.0,0.06891222702412796,0.9310877729758714
2010-07-22,27,27,0,1.0,0.0,27,1.0,0.052454622697497726,0.9475453773025021
2010-07-23,18,18,0,1.0,0.0,18,1.0,0.08133387995730022,0.9186661200426998
2010-07-24,3,3,0,1.0,0.0,3,1.0,0.005336239281607299,0.9946637607183938
2010-07-25,5,5,0,1.0,0.0,5,1.0,0.06833453330058754,0.9316654666994151
2010-07-26,16,16,0,1.0,0.0,16,1.0,0.06995095003504104,0.9300490499649583
2010-07-27,26,24,2,0.9230769230769231,0.07692307692307693,22,0.8461538461538463,0.17611102746849794,0.8238889725315018
2010-07-28,20,20,0,1.0,0.0,20,1.0,0.1395146759646456,0.8604853240353547
2010-07-29,30,30,0,1.0,0.0,30,1.0,0.06501827779110919,0.9349817222088902
2010-07-30,10,10,0,1.0,0.0,10,1.0,0.03474462673579633,0.965255373264203
2010-07-31,1,1,0,1.0,0.0,1,1.0,0.0012671762215749598,0.9987328237784113
2010-08-02,15,14,1,0.9333333333333333,0.06666666666666667,13,0.8666666666666667,0.09165948087861779,0.9083405191213829
2010-08-03,9,7,2,0.7777777777777778,0.2222222222222222,5,0.5555555555555556,0.20630137185008338,0.7936986281499158
2010-08-04,11,8,3,0.7272727272727273,0.2727272727272727,5,0.4545454545454546,0.23924446720828685,0.7607555327917126
2010-08-05,12,11,1,0.9166666666666666,0.08333333333333333,10,0.8333333333333333,0.15945077644455344,0.8405492235554464
2010-08-06,14,13,1,0.9285714285714286,0.07142857142857142,12,0.8571428571428572,0.15644262780356363,0.8435573721964358
2010-08-07,2,2,0,1.0,0.0,2,1.0,0.23616404357544946,0.7638359564245505
2010-08-09,14,13,1,0.9285714285714286,0.07142857142857142,12,0.8571428571428572,0.17735815354699444,0.8226418464530058
2010-08-10,5,5,0,1.0,0.0,5,1.0,0.11629755627442517,0.8837024437255752
2010-08-11,7,6,1,0.8571428571428571,0.14285714285714285,5,0.7142857142857142,0.14343331433270215,0.8565666856672981
2010-08-12,11,9,2,0.8181818181818182,0.18181818181818182,7,0.6363636363636365,0.18182137394829362,0.8181786260517064
2010-08-13,6,6,0,1.0,0.0,6,1.0,0.1166808069429296,0.8833191930570711
2010-08-14,3,3,0,1.0,0.0,3,1.0,0.2669787672275396,0.7330212327724607
2010-08-15,2,2,0,1.0,0.0,2,1.0,0.1445937281578498,0.85540627184215
2010-08-16,22,20,2,0.9090909090909091,0.09090909090909091,18,0.8181818181818181,0.17948698260231188,0.8205130173976886
2010-08-17,13,12,1,0.9230769230769231,0.07692307692307693,11,0.8461538461538463,0.17888814639088385,0.8211118536091171
2010-08-18,9,9,0,1.0,0.0,9,1.0,0.15525164339750946,0.8447483566024905
2010-08-19,16,16,0,1.0,0.0,16,1.0,0.1475232306103737,0.8524767693896268
2010-08-20,8,7,1,0.875,0.125,6,0.75,0.13647869639222523,0.8635213036077749
2010-08-23,6,5,1,0.8333333333333334,0.16666666666666666,4,0.6666666666666667,0.30022196217741276,0.6997780378225881
2010-08-24,18,17,1,0.9444444444444444,0.05555555555555555,16,0.8888888888888888,0.1722953288506963,0.8277046711493037
2010-08-25,16,16,0,1.0,0.0,16,1.0,0.12806171099405914,0.8719382890059424
2010-08-26,10,10,0,1.0,0.0,10,1.0,0.08352951381215203,0.9164704861878489
2010-08-27,11,11,0,1.0,0.0,11,1.0,0.12640158508968985,0.8735984149103099
2010-08-28,1,1,0,1.0,0.0,1,1.0,0.09933901880158048,0.90066098119842
2010-08-30,8,8,0,1.0,0.0,8,1.0,0.11394156712234872,0.8860584328776517
2010-08-31,16,15,1,0.9375,0.0625,14,0.875,0.17332778778623703,0.8266722122137627
2010-09-01,35,29,6,0.8285714285714286,0.17142857142857143,23,0.6571428571428573,0.2525301188003284,0.7474698811996721
2010-09-02,27,27,0,1.0,0.0,27,1.0,0.1617647238305309,0.8382352761694695
2010-09-03,8,8,0,1.0,0.0,8,1.0,0.05767619496342579,0.9423238050365743
2010-09-06,8,8,0,1.0,0.0,8,1.0,0.21282528915300825,0.7871747108469918
2010-09-07,13,12,1,0.9230769230769231,0.07692307692307693,11,0.8461538461538463,0.1753450221637699,0.824654977836231
2010-09-08,9,8,1,0.8888888888888888,0.1111111111111111,7,0.7777777777777777,0.14181154784533184,0.8581884521546689
2010-09-09,20,19,1,0.95,0.05,18,0.8999999999999999,0.188872201251842,0.8111277987481584
2010-09-10,13,13,0,1.0,0.0,13,1.0,0.1004053011634399,0.8995946988365596
2010-09-11,2,2,0,1.0,0.0,2,1.0,0.0536574497430337,0.9463425502569652
2010-09-13,8,8,0,1.0,0.0,8,1.0,0.228721183881737,0.7712788161182631
2010-09-14,7,7,0,1.0,0.0,7,1.0,0.0534115701461751,0.9465884298538253
2010-09-15,6,5,1,0.8333333333333334,0.16666666666666666,4,0.6666666666666667,0.2069107980250173,0.793089201974981
2010-09-16,6,6,0,1.0,0.0,6,1.0,0.11200893808630501,0.8879910619136937
2010-09-17,8,8,0,1.0,0.0,8,1.0,0.132364945225003,0.8676350547749967
2010-09-19,1,1,0,1.0,0.0,1,1.0,0.05853663539573451,0.9414633646042657
2010-09-20,15,15,0,1.0,0.0,15,1.0,0.09911717341129919,0.9008828265887003
2010-09-21,28,27,1,0.9642857142857143,0.03571428571428571,26,0.9285714285714286,0.08578694588782863,0.9142130541121717
2010-09-22,17,16,1,0.9411764705882353,0.058823529411764705,15,0.8823529411764706,0.12570669722295547,0.8742933027770452
2010-09-23,23,23,0,1.0,0.0,23,1.0,0.06279793810824126,0.9372020618917579
2010-09-24,17,17,0,1.0,0.0,17,1.0,0.0800969006448859,0.9199030993551145
2010-09-25,8,8,0,1.0,0.0,8,1.0,0.024035004177261458,0.9759649958227375
2010-09-26,5,5,0,1.0,0.0,5,1.0,0.06265288772257879,0.9373471122774217
2010-09-27,17,17,0,1.0,0.0,17,1.0,0.061877578220843006,0.9381224217791568
2010-09-28,24,23,1,0.9583333333333334,0.041666666666666664,22,0.9166666666666667,0.17990412057574448,0.8200958794242563
2010-09-29,12,11,1,0.9166666666666666,0.08333333333333333,10,0.8333333333333333,0.1448743650691958,0.8551256349308064
2010-09-30,9,9,0,1.0,0.0,9,1.0,0.09854780058040467,0.9014521994195951
2010-10-01,15,15,0,1.0,0.0,15,1.0,0.04789375784601534,0.9521062421539839
2010-10-02,2,2,0,1.0,0.0,2,1.0,0.22019319477505336,0.779806805224945
2010-10-03,1,1,0,1.0,0.0,1,1.0,0.1098638323652347,0.8901361676347627
2010-10-04,16,15,1,0.9375,0.0625,14,0.875,0.08916390397385865,0.9108360960261401
2010-10-05,21,21,0,1.0,0.0,21,1.0,0.1067067190677516,0.8932932809322487
2010-10-06,23,23,0,1.0,0.0,23,1.0,0.13258045824479645,0.8674195417552027
2010-10-07,16,16,0,1.0,0.0,16,1.0,0.08782423891878213,0.9121757610812167
2010-10-08,19,17,2,0.8947368421052632,0.10526315789473684,15,0.7894736842105263,0.13132852841641063,0.8686714715835888
2010-10-09,1,1,0,1.0,0.0,1,1.0,0.00017388657556119657,0.9998261134244338
2010-10-10,1,1,0,1.0,0.0,1,1.0,0.13988734402861872,0.8601126559713815
2010-10-11,13,13,0,1.0,0.0,13,1.0,0.060968241046336996,0.9390317589536636
2010-10-12,33,32,1,0.9696969696969697,0.030303030303030304,31,0.9393939393939394,0.11101149414940496,0.888988505850595
2010-10-13,28,28,0,1.0,0.0,28,1.0,0.06096126966363347,0.9390387303363665
2010-10-14,22,22,0,1.0,0.0,22,1.0,0.09678611042654083,0.9032138895734607
2010-10-15,19,19,0,1.0,0.0,19,1.0,0.10362213713489692,0.8963778628651025
2010-10-16,1,1,0,1.0,0.0,1,1.0,0.05066348268950462,0.9493365173104963
2010-10-17,3,3,0,1.0,0.0,3,1.0,0.01327240154547664,0.9867275984545246
2010-10-18,50,50,0,1.0,0.0,50,1.0,0.07931653010024906,0.9206834698997507
2010-10-19,55,53,2,0.9636363636363636,0.03636363636363636,51,0.9272727272727272,0.07393731414045726,0.9260626858595423
2010-10-20,33,33,0,1.0,0.0,33,1.0,0.12789793023749382,0.8721020697625047
2010-10-21,31,28,3,0.9032258064516129,0.0967741935483871,25,0.8064516129032258,0.1326244923363034,0.8673755076636959
2010-10-22,20,20,0,1.0,0.0,20,1.0,0.06549455089917945,0.9345054491008215
2010-10-23,1,1,0,1.0,0.0,1,1.0,0.009766778799664734,0.9902332212003391
2010-10-24,5,5,0,1.0,0.0,5,1.0,0.0058286902082918856,0.9941713097917055
2010-10-25,18,18,0,1.0,0.0,18,1.0,0.09574459613807468,0.9042554038619262
2010-10-26,25,25,0,1.0,0.0,25,1.0,0.10698190587729817,0.8930180941227012
2010-10-27,23,21,2,0.9130434782608695,0.08695652173913043,19,0.826086956521739,0.12826262368409214,0.8717373763159072
2010-10-28,30,29,1,0.9666666666666667,0.03333333333333333,28,0.9333333333333333,0.07986496900174664,0.9201350309982528
2010-10-29,18,17,1,0.9444444444444444,0.05555555555555555,16,0.8888888888888888,0.094452311036071,0.9055476889639302
2010-10-30,4,4,0,1.0,0.0,4,1.0,0.03219061998082659,0.9678093800191732
2010-10-31,4,4,0,1.0,0.0,4,1.0,0.1319492854077443,0.8680507145922578
2010-11-01,17,17,0,1.0,0.0,17,1.0,0.09846498725096522,0.9015350127490361
2010-11-02,26,25,1,0.9615384615384616,0.038461538461538464,24,0.9230769230769231,0.10897304492780867,0.891026955072192
2010-11-03,15,15,0,1.0,0.0,15,1.0,0.10332609145249862,0.8966739085475013
2010-11-04,16,16,0,1.0,0.0,16,1.0,0.10512295426944387,0.8948770457305573
2010-11-05,17,17,0,1.0,0.0,17,1.0,0.058452229032239546,0.9415477709677624
2010-11-06,2,2,0,1.0,0.0,2,1.0,0.016372574111194277,0.9836274258888078
2010-11-07,1,1,0,1.0,0.0,1,1.0,0.03443756386040079,0.9655624361395956
2010-11-08,10,10,0,1.0,0.0,10,1.0,0.09968928661025575,0.9003107133897444
2010-11-09,13,12,1,0.9230769230769231,0.07692307692307693,11,0.8461538461538463,0.09152054004304941,0.9084794599569517
2010-11-10,15,14,1,0.9333333333333333,0.06666666666666667,13,0.8666666666666667,0.1291342694247238,0.8708657305752758
2010-11-11,24,24,0,1.0,0.0,24,1.0,0.10448844610762532,0.8955115538923732
2010-11-12,17,17,0,1.0,0.0,17,1.0,0.08285596347512432,0.9171440365248764
2010-11-15,20,19,1,0.95,0.05,18,0.8999999999999999,0.12839332670593057,0.8716066732940695
2010-11-16,33,33,0,1.0,0.0,33,1.0,0.09614961357327051,0.9038503864267289
2010-11-17,13,13,0,1.0,0.0,13,1.0,0.07314401159049232,0.926855988409507
2010-11-18,20,20,0,1.0,0.0,20,1.0,0.09688280750464606,0.9031171924953535
2010-11-19,10,10,0,1.0,0.0,10,1.0,0.06804761452884837,0.93195238547115
2010-11-21,2,2,0,1.0,0.0,2,1.0,0.008197451574644474,0.9918025484253485
2010-11-22,15,13,2,0.8666666666666667,0.13333333333333333,11,0.7333333333333334,0.1620145110189575,0.8379854889810432
2010-11-23,19,19,0,1.0,0.0,19,1.0,0.064410634914239,0.935589365085761
2010-11-24,12,12,0,1.0,0.0,12,1.0,0.16484940813699347,0.8351505918630063
2010-11-25,11,11,0,1.0,0.0,11,1.0,0.05588077622586882,0.9441192237741305
2010-11-26,9,9,0,1.0,0.0,9,1.0,0.05210892524372811,0.9478910747562715
2010-11-28,4,4,0,1.0,0.0,4,1.0,0.02101694141778944,0.9789830585822108
2010-11-29,15,15,0,1.0,0.0,15,1.0,0.07251156924032112,0.9274884307596809
2010-11-30,15,15,0,1.0,0.0,15,1.0,0.053879395371638654,0.9461206046283622
2010-12-01,16,15,1,0.9375,0.0625,14,0.875,0.09868584793752799,0.9013141520624719
2010-12-02,17,17,0,1.0,0.0,17,1.0,0.09072270622437979,0.9092772937756198
2010-12-03,5,5,0,1.0,0.0,5,1.0,0.033205695448895636,0.9667943045511039
2010-12-04,2,2,0,1.0,0.0,2,1.0,0.0013734861757898273,0.9986265138242093
2010-12-06,16,16,0,1.0,0.0,16,1.0,0.07086010097512885,0.9291398990248718
2010-12-07,12,12,0,1.0,0.0,12,1.0,0.09179222517344914,0.9082077748265526
2010-12-08,15,14,1,0.9333333333333333,0.06666666666666667,13,0.8666666666666667,0.14562809980781916,0.8543719001921818
2010-12-09,20,19,1,0.95,0.05,18,0.8999999999999999,0.13336895937731152,0.8666310406226888
2010-12-10,17,17,0,1.0,0.0,17,1.0,0.11334672226042995,0.8866532777395698
2010-12-11,3,3,0,1.0,0.0,3,1.0,0.05324501168735659,0.9467549883126418
2010-12-12,1,1,0,1.0,0.0,1,1.0,0.1079104693374401,0.8920895306625597
2010-12-13,19,15,4,0.7894736842105263,0.21052631578947367,11,0.5789473684210527,0.2533910212694602,0.74660897873054
2010-12-14,15,15,0,1.0,0.0,15,1.0,0.033483855365612804,0.9665161446343885
2010-12-15,15,14,1,0.9333333333333333,0.06666666666666667,13,0.8666666666666667,0.07683964110957205,0.923160358890428
2010-12-16,38,34,4,0.8947368421052632,0.10526315789473684,30,0.7894736842105263,0.16180964325210964,0.8381903567478911
2010-12-17,20,20,0,1.0,0.0,20,1.0,0.05892955618956873,0.9410704438104318
2010-12-18,2,2,0,1.0,0.0,2,1.0,0.004329447928880428,0.9956705520711218
2010-12-19,2,2,0,1.0,0.0,2,1.0,0.0059756690491855405,0.9940243309508134
2010-12-20,15,15,0,1.0,0.0,15,1.0,0.06772248254395623,0.9322775174560429
2010-12-21,27,26,1,0.9629629629629629,0.037037037037037035,25,0.9259259259259258,0.11129490918638105,0.88870509081362
2010-12-22,12,12,0,1.0,0.0,12,1.0,0.15795022155821817,0.8420497784417824
2010-12-23,10,10,0,1.0,0.0,10,1.0,0.02957641508823184,0.9704235849117693
2010-12-24,3,3,0,1.0,0.0,3,1.0,0.03412786965648084,0.96587213034352
2010-12-26,3,3,0,1.0,0.0,3,1.0,0.026498557742018702,0.9735014422579805
2010-12-27,8,8,0,1.0,0.0,8,1.0,0.040383126607890264,0.9596168733921082
2010-12-28,16,16,0,1.0,0.0,16,1.0,0.09019544231047272,0.9098045576895271
2010-12-29,9,9,0,1.0,0.0,9,1.0,0.1040473855302269,0.895952614469774
2010-12-30,7,7,0,1.0,0.0,7,1.0,0.06860596300045367,0.9313940369995468
2010-12-31,1,0,1,0.0,1.0,-1,-1.0,0.5983481230041514,0.40165187699584853
2011-01-01,3,3,0,1.0,0.0,3,1.0,0.017001978998249585,0.9829980210017504
2011-01-02,2,2,0,1.0,0.0,2,1.0,0.1263018272272847,0.8736981727727156
2011-01-03,7,7,0,1.0,0.0,7,1.0,0.17994936337861936,0.8200506366213796
2011-01-04,8,8,0,1.0,0.0,8,1.0,0.05244939639606991,0.9475506036039281
2011-01-05,9,9,0,1.0,0.0,9,1.0,0.08899918343862494,0.9110008165613723
2011-01-06,17,14,3,0.8235294117647058,0.17647058823529413,11,0.6470588235294117,0.21474339798511433,0.7852566020148851
2011-01-07,8,8,0,1.0,0.0,8,1.0,0.019557721754740614,0.9804422782452593
2011-01-08,4,4,0,1.0,0.0,4,1.0,0.24224790033704519,0.7577520996629548
2011-01-10,16,15,1,0.9375,0.0625,14,0.875,0.11977805897049498,0.8802219410295045
2011-01-11,9,9,0,1.0,0.0,9,1.0,0.1175144719306711,0.8824855280693295
2011-01-12,11,9,2,0.8181818181818182,0.18181818181818182,7,0.6363636363636365,0.1639919733311414,0.8360080266688609
2011-01-13,14,13,1,0.9285714285714286,0.07142857142857142,12,0.8571428571428572,0.15460727717884964,0.8453927228211501
2011-01-14,15,15,0,1.0,0.0,15,1.0,0.10971155892938911,0.8902884410706109
2011-01-15,1,1,0,1.0,0.0,1,1.0,0.003787385412391812,0.9962126145876065
2011-01-16,1,1,0,1.0,0.0,1,1.0,0.21895085182152316,0.781049148178477
2011-01-17,33,28,5,0.8484848484848485,0.15151515151515152,23,0.696969696969697,0.2777782184086193,0.7222217815913808
2011-01-18,73,70,3,0.958904109589041,0.0410958904109589,67,0.9178082191780821,0.1025223186265583,0.8974776813734415
2011-01-19,23,22,1,0.9565217391304348,0.043478260869565216,21,0.9130434782608696,0.12262888379259036,0.8773711162074105
2011-01-20,12,12,0,1.0,0.0,12,1.0,0.12661687629874813,0.873383123701251
2011-01-21,10,10,0,1.0,0.0,10,1.0,0.11522281298273065,0.88477718701727
2011-01-22,4,4,0,1.0,0.0,4,1.0,0.30914988199888094,0.6908501180011187
2011-01-23,1,0,1,0.0,1.0,-1,-1.0,0.8110970056895853,0.1889029943104156
2011-01-24,13,13,0,1.0,0.0,13,1.0,0.12512740728145302,0.874872592718546
2011-01-25,19,19,0,1.0,0.0,19,1.0,0.07736639769287423,0.922633602307124
2011-01-26,11,11,0,1.0,0.0,11,1.0,0.08440822021702893,0.9155917797829709
2011-01-27,12,12,0,1.0,0.0,12,1.0,0.15938191424642287,0.8406180857535769
2011-01-28,17,16,1,0.9411764705882353,0.058823529411764705,15,0.8823529411764706,0.14620075516107453,0.8537992448389262
2011-01-29,2,2,0,1.0,0.0,2,1.0,0.021665419775783512,0.978334580224219
2011-01-31,10,9,1,0.9,0.1,8,0.8,0.14117775305514646,0.8588222469448535
2011-02-01,10,9,1,0.9,0.1,8,0.8,0.16695594620425383,0.8330440537957442
2011-02-02,18,18,0,1.0,0.0,18,1.0,0.0693412696013892,0.9306587303986112
2011-02-03,32,32,0,1.0,0.0,32,1.0,0.0682533130280569,0.9317466869719426
2011-02-04,11,11,0,1.0,0.0,11,1.0,0.020770317327939023,0.9792296826720587
2011-02-05,4,4,0,1.0,0.0,4,1.0,0.009844182570818566,0.9901558174291769
2011-02-06,1,1,0,1.0,0.0,1,1.0,0.0013053915240327841,0.9986946084759601
2011-02-07,12,12,0,1.0,0.0,12,1.0,0.07000717357166916,0.929992826428331
2011-02-08,12,12,0,1.0,0.0,12,1.0,0.021893283936836316,0.9781067160631669
2011-02-09,30,30,0,1.0,0.0,30,1.0,0.08393840091297806,0.9160615990870227
2011-02-10,27,25,2,0.9259259259259259,0.07407407407407407,23,0.8518518518518519,0.09820547742425705,0.9017945225757432
2011-02-11,16,16,0,1.0,0.0,16,1.0,0.06499972695886946,0.9350002730411302
2011-02-12,2,2,0,1.0,0.0,2,1.0,0.0014109813807655267,0.9985890186192399
2011-02-13,6,6,0,1.0,0.0,6,1.0,0.09245311192726909,0.9075468880727303
2011-02-14,28,28,0,1.0,0.0,28,1.0,0.03660355412861486,0.963396445871384
2011-02-15,33,33,0,1.0,0.0,33,1.0,0.07566316815752337,0.9243368318424757
2011-02-16,20,18,2,0.9,0.1,16,0.8,0.09001387235211054,0.9099861276478896
2011-02-17,25,23,2,0.92,0.08,21,0.8400000000000001,0.12146152424621266,0.878538475753787
2011-02-18,38,37,1,0.9736842105263158,0.02631578947368421,36,0.9473684210526316,0.09949458016005515,0.9005054198399451
2011-02-19,5,5,0,1.0,0.0,5,1.0,0.025309799423659622,0.9746902005763445
2011-02-20,2,2,0,1.0,0.0,2,1.0,0.010140982888283693,0.9898590171117159
2011-02-21,7,7,0,1.0,0.0,7,1.0,0.1134350295537747,0.8865649704462243
2011-02-22,35,34,1,0.9714285714285714,0.02857142857142857,33,0.9428571428571428,0.10626319717507096,0.8937368028249281
2011-02-23,40,40,0,1.0,0.0,40,1.0,0.10459894917228138,0.8954010508277193
2011-02-24,30,28,2,0.9333333333333333,0.06666666666666667,26,0.8666666666666667,0.20320242808780492,0.7967975719121954
2011-02-25,13,13,0,1.0,0.0,13,1.0,0.07241031291529944,0.9275896870847002
2011-02-26,2,2,0,1.0,0.0,2,1.0,0.016791816003051442,0.9832081839969484
2011-02-27,1,1,0,1.0,0.0,1,1.0,0.2469967802208911,0.753003219779107
2011-02-28,12,12,0,1.0,0.0,12,1.0,0.07928718360136174,0.9207128163986366
2011-03-01,15,14,1,0.9333333333333333,0.06666666666666667,13,0.8666666666666667,0.13000939641305462,0.8699906035869466
2011-03-02,41,40,1,0.975609756097561,0.024390243902439025,39,0.9512195121951219,0.12287805274872513,0.8771219472512752
2011-03-03,21,20,1,0.9523809523809523,0.047619047619047616,19,0.9047619047619047,0.09151119586067466,0.9084888041393265
2011-03-04,22,22,0,1.0,0.0,22,1.0,0.10101440414054204,0.8989855958594561
2011-03-05,4,4,0,1.0,0.0,4,1.0,0.019646760947951473,0.980353239052048
2011-03-06,2,2,0,1.0,0.0,2,1.0,0.003994481902740271,0.9960055180972607
2011-03-07,18,18,0,1.0,0.0,18,1.0,0.07105100070981724,0.9289489992901827
2011-03-08,11,11,0,1.0,0.0,11,1.0,0.08866716973608026,0.91133283026392
2011-03-09,30,28,2,0.9333333333333333,0.06666666666666667,26,0.8666666666666667,0.08269220216659501,0.917307797833406
2011-03-10,23,22,1,0.9565217391304348,0.043478260869565216,21,0.9130434782608696,0.09457342458567342,0.9054265754143264
2011-03-11,18,18,0,1.0,0.0,18,1.0,0.11686199783096494,0.8831380021690348
2011-03-12,1,1,0,1.0,0.0,1,1.0,0.1749189643322565,0.8250810356677429
2011-03-13,5,5,0,1.0,0.0,5,1.0,0.061179098491980735,0.9388209015080203
2011-03-14,21,20,1,0.9523809523809523,0.047619047619047616,19,0.9047619047619047,0.0851451553474022,0.9148548446525995
2011-03-15,27,27,0,1.0,0.0,27,1.0,0.08963641073875644,0.9103635892612439
2011-03-16,25,25,0,1.0,0.0,25,1.0,0.08091109385339719,0.9190889061466031
2011-03-17,24,23,1,0.9583333333333334,0.041666666666666664,22,0.9166666666666667,0.1028205478173022,0.8971794521826988
2011-03-18,16,15,1,0.9375,0.0625,14,0.875,0.08979960491932162,0.9102003950806791
2011-03-19,3,3,0,1.0,0.0,3,1.0,0.003632025053226072,0.996367974946771
2011-03-20,1,1,0,1.0,0.0,1,1.0,0.013044551563468345,0.9869554484365277
2011-03-21,22,22,0,1.0,0.0,22,1.0,0.09413314900169883,0.9058668509983004
2011-03-22,41,39,2,0.9512195121951219,0.04878048780487805,37,0.9024390243902438,0.14676456963402604,0.8532354303659739
2011-03-23,30,30,0,1.0,0.0,30,1.0,0.09927131177378615,0.9007286882262139
2011-03-24,18,17,1,0.9444444444444444,0.05555555555555555,16,0.8888888888888888,0.11884692922274748,0.881153070777253
2011-03-25,34,34,0,1.0,0.0,34,1.0,0.12863623874744548,0.8713637612525552
2011-03-26,3,3,0,1.0,0.0,3,1.0,0.07859447410986203,0.92140552589014
2011-03-27,4,4,0,1.0,0.0,4,1.0,0.027285588419902515,0.9727144115800965
2011-03-28,24,24,0,1.0,0.0,24,1.0,0.11755922812624425,0.8824407718737551
2011-03-29,27,25,2,0.9259259259259259,0.07407407407407407,23,0.8518518518518519,0.1975259786128183,0.802474021387182
2011-03-30,24,24,0,1.0,0.0,24,1.0,0.06567172335997319,0.9343282766400272
2011-03-31,16,15,1,0.9375,0.0625,14,0.875,0.12403660570958738,0.875963394290414
2011-04-01,11,11,0,1.0,0.0,11,1.0,0.0772447579817685,0.9227552420182318
2011-04-02,6,6,0,1.0,0.0,6,1.0,0.037767787132013834,0.9622322128679849
2011-04-03,4,4,0,1.0,0.0,4,1.0,0.004232992974339676,0.9957670070256569
2011-04-04,24,24,0,1.0,0.0,24,1.0,0.06883084831530502,0.9311691516846959
2011-04-05,31,30,1,0.967741935483871,0.03225806451612903,29,0.935483870967742,0.06466896772986648,0.9353310322701338
2011-04-06,19,19,0,1.0,0.0,19,1.0,0.0607499870486862,0.9392500129513148
2011-04-07,18,18,0,1.0,0.0,18,1.0,0.07094167384043167,0.929058326159568
2011-04-08,19,19,0,1.0,0.0,19,1.0,0.04217893326508568,0.9578210667349148
2011-04-09,1,1,0,1.0,0.0,1,1.0,0.004889886853464592,0.9951101131465371
2011-04-10,3,3,0,1.0,0.0,3,1.0,0.002816261547088068,0.9971837384529137
2011-04-11,32,30,2,0.9375,0.0625,28,0.875,0.17513245583095866,0.8248675441690414
2011-04-12,25,23,2,0.92,0.08,21,0.8400000000000001,0.12412748094816779,0.8758725190518329
2011-04-13,22,22,0,1.0,0.0,22,1.0,0.06787928796808126,0.9321207120319207
2011-04-14,13,12,1,0.9230769230769231,0.07692307692307693,11,0.8461538461538463,0.06652817100259886,0.9334718289974013
2011-04-15,11,11,0,1.0,0.0,11,1.0,0.047363865400057874,0.9526361345999415
2011-04-16,2,2,0,1.0,0.0,2,1.0,0.07594113922901582,0.9240588607709825
2011-04-17,2,2,0,1.0,0.0,2,1.0,0.0005005334791461604,0.9994994665208516
2011-04-18,27,27,0,1.0,0.0,27,1.0,0.10796621883790676,0.8920337811620934
2011-04-19,45,44,1,0.9777777777777777,0.022222222222222223,43,0.9555555555555555,0.09218939761975281,0.9078106023802467
2011-04-20,50,49,1,0.98,0.02,48,0.96,0.0828539085375591,0.917146091462441
2011-04-21,69,68,1,0.9855072463768116,0.014492753623188406,67,0.9710144927536233,0.0634654167880584,0.9365345832119413
2011-04-22,20,20,0,1.0,0.0,20,1.0,0.12949725346076965,0.8705027465392305
2011-04-24,6,6,0,1.0,0.0,6,1.0,0.03855418475966204,0.9614458152403395
2011-04-25,19,18,1,0.9473684210526315,0.05263157894736842,17,0.894736842105263,0.09409396554614975,0.9059060344538509
2011-04-26,32,32,0,1.0,0.0,32,1.0,0.08924564921995781,0.9107543507800431
2011-04-27,41,37,4,0.9024390243902439,0.0975609756097561,33,0.8048780487804879,0.11123263786813754,0.8887673621318625
2011-04-28,35,34,1,0.9714285714285714,0.02857142857142857,33,0.9428571428571428,0.06877487341246664,0.9312251265875339
2011-04-29,30,30,0,1.0,0.0,30,1.0,0.11848622486537222,0.8815137751346278
2011-04-30,2,2,0,1.0,0.0,2,1.0,0.08946443498528685,0.9105355650147104
2011-05-01,4,4,0,1.0,0.0,4,1.0,0.03553261291041136,0.9644673870895893
2011-05-02,13,13,0,1.0,0.0,13,1.0,0.09895924358528468,0.9010407564147133
2011-05-03,24,24,0,1.0,0.0,24,1.0,0.12288809901105728,0.8771119009889423
2011-05-04,26,25,1,0.9615384615384616,0.038461538461538464,24,0.9230769230769231,0.07741108746882688,0.9225889125311743
2011-05-05,23,21,2,0.9130434782608695,0.08695652173913043,19,0.826086956521739,0.12227855984671912,0.8777214401532802
2011-05-06,20,20,0,1.0,0.0,20,1.0,0.05124745183406877,0.948752548165932
2011-05-08,6,6,0,1.0,0.0,6,1.0,0.02444906937797346,0.9755509306220257
2011-05-09,38,37,1,0.9736842105263158,0.02631578947368421,36,0.9473684210526316,0.07826222823383792,0.9217377717661617
2011-05-10,25,24,1,0.96,0.04,23,0.9199999999999999,0.0890140269714799,0.9109859730285205
2011-05-11,25,23,2,0.92,0.08,21,0.8400000000000001,0.10385382422481083,0.8961461757751908
2011-05-12,19,19,0,1.0,0.0,19,1.0,0.09100295352076453,0.908997046479235
2011-05-13,14,13,1,0.9285714285714286,0.07142857142857142,12,0.8571428571428572,0.17973838369811812,0.8202616163018819
2011-05-15,4,4,0,1.0,0.0,4,1.0,0.018459943810507036,0.981540056189494
2011-05-16,18,16,2,0.8888888888888888,0.1111111111111111,14,0.7777777777777777,0.12228548991932156,0.8777145100806777
2011-05-17,32,32,0,1.0,0.0,32,1.0,0.061117278937789225,0.9388827210622108
2011-05-18,20,20,0,1.0,0.0,20,1.0,0.08077773091473228,0.9192222690852672
2011-05-19,28,28,0,1.0,0.0,28,1.0,0.09278996487176347,0.9072100351282362
2011-05-20,27,27,0,1.0,0.0,27,1.0,0.11914951770220567,0.8808504822977937
2011-05-21,6,6,0,1.0,0.0,6,1.0,0.1984055131634677,0.8015944868365331
2011-05-22,1,1,0,1.0,0.0,1,1.0,0.15762310022018924,0.8423768997798114
2011-05-23,16,16,0,1.0,0.0,16,1.0,0.09538089470160072,0.9046191052984005
2011-05-24,10,10,0,1.0,0.0,10,1.0,0.056703840424800346,0.9432961595752005
2011-05-25,17,16,1,0.9411764705882353,0.058823529411764705,15,0.8823529411764706,0.12062182911347158,0.87937817088653
2011-05-26,18,18,0,1.0,0.0,18,1.0,0.08714865199150089,0.9128513480084985
2011-05-27,9,9,0,1.0,0.0,9,1.0,0.12092360904440273,0.8790763909555961
2011-05-29,2,2,0,1.0,0.0,2,1.0,0.01244539726309572,0.9875546027369
2011-05-30,11,11,0,1.0,0.0,11,1.0,0.09341265133881321,0.9065873486611881
2011-05-31,34,31,3,0.9117647058823529,0.08823529411764706,28,0.8235294117647058,0.13089652968404855,0.8691034703159524
2011-06-01,28,27,1,0.9642857142857143,0.03571428571428571,26,0.9285714285714286,0.10918668597757206,0.8908133140224271
2011-06-02,24,23,1,0.9583333333333334,0.041666666666666664,22,0.9166666666666667,0.11181479797643697,0.8881852020235627
2011-06-03,19,18,1,0.9473684210526315,0.05263157894736842,17,0.894736842105263,0.09240586840048834,0.907594131599511
2011-06-05,3,3,0,1.0,0.0,3,1.0,0.19683693711874647,0.8031630628812533
2011-06-06,37,35,2,0.9459459459459459,0.05405405405405406,33,0.8918918918918919,0.10700381769153457,0.8929961823084657
2011-06-07,21,21,0,1.0,0.0,21,1.0,0.03430189401997725,0.9656981059800226
2011-06-08,29,29,0,1.0,0.0,29,1.0,0.10448509867635236,0.8955149013236483
2011-06-09,25,24,1,0.96,0.04,23,0.9199999999999999,0.08698581631005953,0.9130141836899403
2011-06-10,11,10,1,0.9090909090909091,0.09090909090909091,9,0.8181818181818181,0.10652585520078714,0.8934741447992135
2011-06-11,1,1,0,1.0,0.0,1,1.0,0.124344103566131,0.875655896433869
2011-06-12,4,4,0,1.0,0.0,4,1.0,0.2222341583016609,0.7777658416983404
2011-06-13,20,20,0,1.0,0.0,20,1.0,0.09947009306603835,0.9005299069339623
2011-06-14,44,44,0,1.0,0.0,44,1.0,0.10221613295288466,0.8977838670471154
2011-06-15,20,20,0,1.0,0.0,20,1.0,0.06336443073558422,0.9366355692644172
2011-06-16,17,16,1,0.9411764705882353,0.058823529411764705,15,0.8823529411764706,0.13002746811781407,0.8699725318821874
2011-06-17,21,21,0,1.0,0.0,21,1.0,0.05968898425864956,0.9403110157413521
2011-06-18,3,3,0,1.0,0.0,3,1.0,0.11495375980378858,0.8850462401962164
2011-06-19,3,3,0,1.0,0.0,3,1.0,0.020054659817964948,0.9799453401820332
2011-06-20,20,20,0,1.0,0.0,20,1.0,0.06546013766389884,0.9345398623361023
2011-06-21,25,24,1,0.96,0.04,23,0.9199999999999999,0.06878824558445547,0.9312117544155443
2011-06-22,24,24,0,1.0,0.0,24,1.0,0.09508175636500925,0.9049182436349911
2011-06-23,30,29,1,0.9666666666666667,0.03333333333333333,28,0.9333333333333333,0.0859118020808045,0.9140881979191953
2011-06-24,20,19,1,0.95,0.05,18,0.8999999999999999,0.1386788765378145,0.8613211234621853
2011-06-26,4,4,0,1.0,0.0,4,1.0,0.06790084637168221,0.9320991536283181
2011-06-27,12,12,0,1.0,0.0,12,1.0,0.05465375084333055,0.9453462491566708
2011-06-28,19,18,1,0.9473684210526315,0.05263157894736842,17,0.894736842105263,0.12009209163459351,0.8799079083654062
2011-06-29,17,16,1,0.9411764705882353,0.058823529411764705,15,0.8823529411764706,0.13721345782148478,0.8627865421785147
2011-06-30,22,22,0,1.0,0.0,22,1.0,0.12188374633313642,0.878116253666862
2011-07-01,24,23,1,0.9583333333333334,0.041666666666666664,22,0.9166666666666667,0.12128589255937657,0.8787141074406234
2011-07-02,3,3,0,1.0,0.0,3,1.0,0.2533551336154099,0.7466448663845905
2011-07-03,1,1,0,1.0,0.0,1,1.0,0.011245920287672007,0.9887540797123224
2011-07-04,9,8,1,0.8888888888888888,0.1111111111111111,7,0.7777777777777777,0.17164990350009887,0.828350096499902
2011-07-05,20,19,1,0.95,0.05,18,0.8999999999999999,0.06454693925268537,0.9354530607473144
2011-07-06,30,30,0,1.0,0.0,30,1.0,0.1226202627715287,0.8773797372284714
2011-07-07,28,27,1,0.9642857142857143,0.03571428571428571,26,0.9285714285714286,0.1291474963640806,0.8708525036359199
2011-07-08,12,12,0,1.0,0.0,12,1.0,0.10227930510767436,0.8977206948923261
2011-07-09,1,1,0,1.0,0.0,1,1.0,0.006287339209074287,0.9937126607909289
2011-07-11,29,29,0,1.0,0.0,29,1.0,0.13944689942370878,0.8605531005762909
2011-07-12,21,21,0,1.0,0.0,21,1.0,0.09700016891487345,0.9029998310851275
2011-07-13,18,18,0,1.0,0.0,18,1.0,0.06237190259758196,0.9376280974024165
2011-07-14,24,22,2,0.9166666666666666,0.08333333333333333,20,0.8333333333333333,0.09737683771828635,0.9026231622817136
2011-07-15,25,25,0,1.0,0.0,25,1.0,0.08478803432658526,0.9152119656734147
2011-07-16,1,1,0,1.0,0.0,1,1.0,0.3550144179726969,0.6449855820273015
2011-07-17,6,6,0,1.0,0.0,6,1.0,0.16781400815046943,0.8321859918495319
2011-07-18,31,31,0,1.0,0.0,31,1.0,0.09824404117112855,0.9017559588288717
2011-07-19,61,59,2,0.9672131147540983,0.03278688524590164,57,0.9344262295081966,0.06158343704268512,0.9384165629573151
2011-07-20,78,72,6,0.9230769230769231,0.07692307692307693,66,0.8461538461538463,0.10575571294943623,0.8942442870505638
2011-07-21,43,43,0,1.0,0.0,43,1.0,0.0866823468430788,0.913317653156921
2011-07-22,39,38,1,0.9743589743589743,0.02564102564102564,37,0.9487179487179487,0.09936372814545691,0.9006362718545432
2011-07-23,4,4,0,1.0,0.0,4,1.0,0.034263186035366926,0.9657368139646344
2011-07-24,6,6,0,1.0,0.0,6,1.0,0.01345904547620023,0.9865409545237998
2011-07-25,29,28,1,0.9655172413793104,0.034482758620689655,27,0.9310344827586208,0.07382524688608857,0.9261747531139118
2011-07-26,33,33,0,1.0,0.0,33,1.0,0.07243103604898277,0.9275689639510182
2011-07-27,18,18,0,1.0,0.0,18,1.0,0.09485763385630042,0.9051423661436997
2011-07-28,23,23,0,1.0,0.0,23,1.0,0.0669093022075124,0.9330906977924884
2011-07-29,18,18,0,1.0,0.0,18,1.0,0.07670008096948074,0.9232999190305206
2011-08-01,17,17,0,1.0,0.0,17,1.0,0.15994336838702095,0.8400566316129786
2011-08-02,33,31,2,0.9393939393939394,0.06060606060606061,29,0.8787878787878789,0.13426399244573217,0.8657360075542674
2011-08-03,28,28,0,1.0,0.0,28,1.0,0.0903181312164313,0.9096818687835686
2011-08-04,21,21,0,1.0,0.0,21,1.0,0.06790266148426963,0.9320973385157304
2011-08-05,12,12,0,1.0,0.0,12,1.0,0.06492640482467109,0.9350735951753298
2011-08-07,1,1,0,1.0,0.0,1,1.0,0.021851783600936096,0.9781482163990657
2011-08-08,14,14,0,1.0,0.0,14,1.0,0.0990438065274143,0.9009561934725853
2011-08-09,32,32,0,1.0,0.0,32,1.0,0.12387615043046767,0.8761238495695334
2011-08-10,25,25,0,1.0,0.0,25,1.0,0.1093583467438581,0.8906416532561431
2011-08-11,27,25,2,0.9259259259259259,0.07407407407407407,23,0.8518518518518519,0.11137815606543434,0.8886218439345646
2011-08-12,19,19,0,1.0,0.0,19,1.0,0.10238544222712924,0.8976145577728708
2011-08-15,31,31,0,1.0,0.0,31,1.0,0.0755513360160456,0.924448663983955
2011-08-16,27,26,1,0.9629629629629629,0.037037037037037035,25,0.9259259259259258,0.15235887791162342,0.8476411220883772
2011-08-17,30,28,2,0.9333333333333333,0.06666666666666667,26,0.8666666666666667,0.10931631982175333,0.8906836801782464
2011-08-18,24,23,1,0.9583333333333334,0.041666666666666664,22,0.9166666666666667,0.09669549805662014,0.9033045019433802
2011-08-19,19,19,0,1.0,0.0,19,1.0,0.04417827585885871,0.9558217241411414
2011-08-21,3,3,0,1.0,0.0,3,1.0,0.18396229176405524,0.8160377082359433
2011-08-22,16,16,0,1.0,0.0,16,1.0,0.12505872696301998,0.8749412730369808
2011-08-23,21,21,0,1.0,0.0,21,1.0,0.09880025609741613,0.9011997439025841
2011-08-24,61,60,1,0.9836065573770492,0.01639344262295082,59,0.9672131147540983,0.13337601152870168,0.8666239884712983
2011-08-25,102,101,1,0.9901960784313726,0.00980392156862745,100,0.9803921568627452,0.11281159082436065,0.8871884091756393
2011-08-26,32,31,1,0.96875,0.03125,30,0.9375,0.10795822590156065,0.8920417740984402
2011-08-28,2,2,0,1.0,0.0,2,1.0,0.002150775152375554,0.9978492248476246
2011-08-29,18,18,0,1.0,0.0,18,1.0,0.07487293772017996,0.925127062279821
2011-08-30,17,17,0,1.0,0.0,17,1.0,0.10862158915979174,0.8913784108402087
2011-08-31,31,31,0,1.0,0.0,31,1.0,0.08564438891366898,0.9143556110863308
2011-09-01,26,25,1,0.9615384615384616,0.038461538461538464,24,0.9230769230769231,0.09319732713532079,0.9068026728646795
2011-09-02,13,13,0,1.0,0.0,13,1.0,0.10351802988347686,0.896481970116523
2011-09-03,2,2,0,1.0,0.0,2,1.0,0.169097845937099,0.8309021540629001
2011-09-04,3,3,0,1.0,0.0,3,1.0,0.07961357287736019,0.9203864271226404
2011-09-05,5,5,0,1.0,0.0,5,1.0,0.1158582844959298,0.8841417155040693
2011-09-06,11,11,0,1.0,0.0,11,1.0,0.07067046129706721,0.9293295387029304
2011-09-07,22,21,1,0.9545454545454546,0.045454545454545456,20,0.9090909090909092,0.1321118909942785,0.8678881090057214
2011-09-08,22,21,1,0.9545454545454546,0.045454545454545456,20,0.9090909090909092,0.12124908124226313,0.8787509187577381
2011-09-09,16,16,0,1.0,0.0,16,1.0,0.10566392851388502,0.8943360714861155
2011-09-11,3,3,0,1.0,0.0,3,1.0,0.0366316466506594,0.9633683533493423
2011-09-12,18,18,0,1.0,0.0,18,1.0,0.10747968122214885,0.8925203187778502
2011-09-13,20,20,0,1.0,0.0,20,1.0,0.11691153923806759,0.8830884607619318
2011-09-14,23,22,1,0.9565217391304348,0.043478260869565216,21,0.9130434782608696,0.11684017547689991,0.8831598245230994
2011-09-15,24,23,1,0.9583333333333334,0.041666666666666664,22,0.9166666666666667,0.11745896368531744,0.8825410363146823
2011-09-16,14,14,0,1.0,0.0,14,1.0,0.07327108025312681,0.9267289197468725
2011-09-17,1,1,0,1.0,0.0,1,1.0,0.1261338316978139,0.8738661683021853
2011-09-18,2,2,0,1.0,0.0,2,1.0,0.002871097879198875,0.9971289021207967
2011-09-19,16,16,0,1.0,0.0,16,1.0,0.13665571688342731,0.8633442831165743
2011-09-20,25,23,2,0.92,0.08,21,0.8400000000000001,0.11031605163029756,0.889683948369704
2011-09-21,17,16,1,0.9411764705882353,0.058823529411764705,15,0.8823529411764706,0.09113170716069734,0.9088682928393036
2011-09-22,24,23,1,0.9583333333333334,0.041666666666666664,22,0.9166666666666667,0.12598346018078924,0.8740165398192105
2011-09-23,14,13,1,0.9285714285714286,0.07142857142857142,12,0.8571428571428572,0.1476976707093795,0.8523023292906176
2011-09-24,2,2,0,1.0,0.0,2,1.0,0.011872184025159126,0.9881278159748399
2011-09-25,1,1,0,1.0,0.0,1,1.0,0.0006871278424326687,0.9993128721575815
2011-09-26,32,32,0,1.0,0.0,32,1.0,0.12130178904246974,0.8786982109575306
2011-09-27,29,28,1,0.9655172413793104,0.034482758620689655,27,0.9310344827586208,0.1268684267213242,0.8731315732786771
2011-09-28,46,46,0,1.0,0.0,46,1.0,0.11378598938726898,0.8862140106127312
2011-09-29,28,28,0,1.0,0.0,28,1.0,0.07125295212214149,0.9287470478778586
2011-09-30,12,12,0,1.0,0.0,12,1.0,0.08923348171721947,0.9107665182827817
2011-10-01,2,2,0,1.0,0.0,2,1.0,0.013171811403418941,0.9868281885965817
2011-10-02,5,5,0,1.0,0.0,5,1.0,0.16957587939939556,0.8304241206006049
2011-10-03,25,25,0,1.0,0.0,25,1.0,0.1279130244681645,0.8720869755318361
2011-10-04,71,69,2,0.971830985915493,0.028169014084507043,67,0.943661971830986,0.1875344194760741,0.8124655805239256
2011-10-05,69,67,2,0.9710144927536232,0.028985507246376812,65,0.9420289855072463,0.11977037033626162,0.8802296296637386
2011-10-06,102,98,4,0.9607843137254902,0.0392156862745098,94,0.9215686274509804,0.14675029511572374,0.8532497048842764
2011-10-07,34,34,0,1.0,0.0,34,1.0,0.10954328571524453,0.8904567142847559
2011-10-08,4,4,0,1.0,0.0,4,1.0,0.11244162672729881,0.8875583732727002
2011-10-09,4,4,0,1.0,0.0,4,1.0,0.01869018319426745,0.9813098168057309
2011-10-10,25,25,0,1.0,0.0,25,1.0,0.09324486487027378,0.906755135129725
2011-10-11,29,29,0,1.0,0.0,29,1.0,0.0527274807661438,0.9472725192338544
2011-10-12,31,31,0,1.0,0.0,31,1.0,0.0768853695119166,0.9231146304880826
2011-10-13,54,54,0,1.0,0.0,54,1.0,0.10871129190505578,0.8912887080949439
2011-10-14,48,48,0,1.0,0.0,48,1.0,0.08861347355213312,0.9113865264478666
2011-10-15,6,6,0,1.0,0.0,6,1.0,0.05969048370542935,0.9403095162945677
2011-10-16,4,4,0,1.0,0.0,4,1.0,0.027030298856085985,0.9729697011439156
2011-10-17,34,34,0,1.0,0.0,34,1.0,0.13441320190184428,0.8655867980981571
2011-10-18,61,60,1,0.9836065573770492,0.01639344262295082,59,0.9672131147540983,0.09231788812362487,0.9076821118763749
2011-10-19,78,78,0,1.0,0.0,78,1.0,0.06545027037977769,0.9345497296202228
2011-10-20,35,35,0,1.0,0.0,35,1.0,0.04514706710079404,0.9548529328992053
2011-10-21,24,24,0,1.0,0.0,24,1.0,0.0749435294797159,0.9250564705202834
2011-10-22,2,2,0,1.0,0.0,2,1.0,0.009473367089341565,0.9905266329106541
2011-10-23,4,4,0,1.0,0.0,4,1.0,0.07420264334500523,0.9257973566549922
2011-10-24,16,14,2,0.875,0.125,12,0.75,0.1933978127565199,0.8066021872434803
2011-10-25,17,16,1,0.9411764705882353,0.058823529411764705,15,0.8823529411764706,0.17837921594923123,0.8216207840507682
2011-10-26,15,15,0,1.0,0.0,15,1.0,0.09787834642023353,0.9021216535797669
2011-10-27,6,6,0,1.0,0.0,6,1.0,0.12902387734083604,0.8709761226591645
2011-10-28,10,10,0,1.0,0.0,10,1.0,0.06574719501825498,0.9342528049817467
2011-10-31,6,5,1,0.8333333333333334,0.16666666666666666,4,0.6666666666666667,0.09512577929833826,0.9048742207016565
2011-11-01,8,7,1,0.875,0.125,6,0.75,0.20389908542241436,0.7961009145775858
2011-11-02,10,10,0,1.0,0.0,10,1.0,0.08419477415175167,0.9158052258482476
2011-11-03,10,9,1,0.9,0.1,8,0.8,0.12538553984388567,0.8746144601561125
2011-11-04,10,10,0,1.0,0.0,10,1.0,0.13261328938800526,0.8673867106119953
2011-11-07,18,18,0,1.0,0.0,18,1.0,0.14596217103598275,0.854037828964018
2011-11-08,8,8,0,1.0,0.0,8,1.0,0.17174537439460924,0.8282546256053913
2011-11-09,9,9,0,1.0,0.0,9,1.0,0.20371651233707025,0.7962834876629293
2011-11-10,14,14,0,1.0,0.0,14,1.0,0.18632950471643775,0.813670495283561
2011-11-11,10,9,1,0.9,0.1,8,0.8,0.19019543173628706,0.8098045682637135
2011-11-12,1,1,0,1.0,0.0,1,1.0,0.0690605086204864,0.9309394913795132
2011-11-14,19,18,1,0.9473684210526315,0.05263157894736842,17,0.894736842105263,0.09608209741198578,0.9039179025880157
2011-11-15,25,25,0,1.0,0.0,25,1.0,0.10020689580989427,0.8997931041901062
2011-11-16,10,6,4,0.6,0.4,2,0.19999999999999996,0.3024883513175432,0.6975116486824564
2011-11-17,16,16,0,1.0,0.0,16,1.0,0.1144151585129268,0.885584841487072
2011-11-18,9,9,0,1.0,0.0,9,1.0,0.158689628231624,0.8413103717683756
2011-11-20,1,1,0,1.0,0.0,1,1.0,0.1922922142614675,0.8077077857385312
2011-11-21,11,11,0,1.0,0.0,11,1.0,0.09156867982666093,0.9084313201733387
2011-11-22,10,10,0,1.0,0.0,10,1.0,0.07136532567605694,0.9286346743239442
2011-11-23,7,6,1,0.8571428571428571,0.14285714285714285,5,0.7142857142857142,0.15955410511392287,0.840445894886077
2011-11-24,6,6,0,1.0,0.0,6,1.0,0.12946655845322777,0.8705334415467725
2011-11-25,5,5,0,1.0,0.0,5,1.0,0.08284400533138085,0.9171559946686205
2011-11-27,1,1,0,1.0,0.0,1,1.0,0.1385597178785403,0.8614402821214611
2011-11-28,13,13,0,1.0,0.0,13,1.0,0.044896597708280105,0.9551034022917206
2011-11-29,21,21,0,1.0,0.0,21,1.0,0.07080751334799144,0.9291924866520095
2011-11-30,32,32,0,1.0,0.0,32,1.0,0.07980711878668136,0.920192881213318
2011-12-01,32,31,1,0.96875,0.03125,30,0.9375,0.11299092088252163,0.8870090791174786
2011-12-02,21,21,0,1.0,0.0,21,1.0,0.11661733950013257,0.8833826604998688
2011-12-03,4,4,0,1.0,0.0,4,1.0,0.19368567043892762,0.8063143295610715
2011-12-04,3,3,0,1.0,0.0,3,1.0,0.01494231690527139,0.9850576830947264
2011-12-05,27,26,1,0.9629629629629629,0.037037037037037035,25,0.9259259259259258,0.07834724579111398,0.9216527542088868
2011-12-06,28,28,0,1.0,0.0,28,1.0,0.07546527259625692,0.9245347274037435
2011-12-07,23,22,1,0.9565217391304348,0.043478260869565216,21,0.9130434782608696,0.1294190765834177,0.8705809234165822
2011-12-08,18,17,1,0.9444444444444444,0.05555555555555555,16,0.8888888888888888,0.11969682724195521,0.8803031727580445
2011-12-09,27,27,0,1.0,0.0,27,1.0,0.1250796682310897,0.8749203317689108
2011-12-11,1,1,0,1.0,0.0,1,1.0,0.003584825920090868,0.9964151740799186
2011-12-12,21,21,0,1.0,0.0,21,1.0,0.09414155794867678,0.9058584420513234
2011-12-13,29,28,1,0.9655172413793104,0.034482758620689655,27,0.9310344827586208,0.12772477063132254,0.8722752293686772
2011-12-14,12,12,0,1.0,0.0,12,1.0,0.043442814289546335,0.9565571857104548
2011-12-15,30,30,0,1.0,0.0,30,1.0,0.05811027542295704,0.9418897245770416
2011-12-16,15,14,1,0.9333333333333333,0.06666666666666667,13,0.8666666666666667,0.12993135042455226,0.8700686495754475
2011-12-17,1,1,0,1.0,0.0,1,1.0,0.04434673312152421,0.9556532668784758
2011-12-18,4,4,0,1.0,0.0,4,1.0,0.152858507889997,0.8471414921100034
2011-12-19,27,27,0,1.0,0.0,27,1.0,0.11063767689976743,0.8893623231002328
2011-12-20,25,24,1,0.96,0.04,23,0.9199999999999999,0.10310392059829086,0.8968960794017079
2011-12-21,17,17,0,1.0,0.0,17,1.0,0.09446216050009641,0.9055378394999044
2011-12-22,22,22,0,1.0,0.0,22,1.0,0.10847445739748723,0.8915255426025129
2011-12-23,13,13,0,1.0,0.0,13,1.0,0.0665101594605025,0.9334898405394981
2011-12-24,1,1,0,1.0,0.0,1,1.0,0.003628172074627396,0.9963718279253648
2011-12-25,1,1,0,1.0,0.0,1,1.0,0.0035677684401398124,0.9964322315598613
2011-12-26,3,3,0,1.0,0.0,3,1.0,0.04025212394109889,0.9597478760588986
2011-12-27,14,13,1,0.9285714285714286,0.07142857142857142,12,0.8571428571428572,0.09274157628885263,0.9072584237111468
2011-12-28,9,9,0,1.0,0.0,9,1.0,0.044303741985433825,0.9556962580145658
2011-12-29,11,11,0,1.0,0.0,11,1.0,0.03118550545554953,0.9688144945444528
2011-12-30,18,18,0,1.0,0.0,18,1.0,0.058448695904595796,0.9415513040954041
2011-12-31,4,4,0,1.0,0.0,4,1.0,0.027797416190186133,0.9722025838098207
2012-01-01,2,2,0,1.0,0.0,2,1.0,0.1134858725230882,0.8865141274769124
2012-01-02,4,4,0,1.0,0.0,4,1.0,0.0434808965257228,0.9565191034742767
2012-01-03,11,11,0,1.0,0.0,11,1.0,0.08318737454322302,0.9168126254567774
2012-01-04,14,13,1,0.9285714285714286,0.07142857142857142,12,0.8571428571428572,0.08998597402555104,0.9100140259744485
2012-01-05,23,22,1,0.9565217391304348,0.043478260869565216,21,0.9130434782608696,0.08095958350946302,0.9190404164905372
2012-01-06,25,25,0,1.0,0.0,25,1.0,0.040944593483008045,0.959055406516992
2012-01-07,1,1,0,1.0,0.0,1,1.0,0.06570818728367557,0.9342918127163241
2012-01-08,2,2,0,1.0,0.0,2,1.0,0.010379393781230192,0.9896206062187696
2012-01-09,34,34,0,1.0,0.0,34,1.0,0.05390534732562699,0.9460946526743723
2012-01-10,22,22,0,1.0,0.0,22,1.0,0.09945231125810867,0.9005476887418905
2012-01-11,32,32,0,1.0,0.0,32,1.0,0.06641322786306192,0.9335867721369384
2012-01-12,25,25,0,1.0,0.0,25,1.0,0.06900853555264262,0.9309914644473571
2012-01-13,25,25,0,1.0,0.0,25,1.0,0.08969822850706048,0.9103017714929389
2012-01-14,4,4,0,1.0,0.0,4,1.0,0.014221617905408036,0.9857783820945926
2012-01-15,5,5,0,1.0,0.0,5,1.0,0.014097047701562605,0.9859029522984354
2012-01-16,18,18,0,1.0,0.0,18,1.0,0.0698738009232812,0.9301261990767191
2012-01-17,21,21,0,1.0,0.0,21,1.0,0.09028191897239093,0.9097180810276086
2012-01-18,18,18,0,1.0,0.0,18,1.0,0.051421924857429704,0.9485780751425703
2012-01-19,37,36,1,0.972972972972973,0.02702702702702703,35,0.945945945945946,0.09188084602585067,0.9081191539741501
2012-01-20,22,22,0,1.0,0.0,22,1.0,0.0854849861063613,0.9145150138936372
2012-01-21,1,1,0,1.0,0.0,1,1.0,0.077959618330347,0.9220403816696539
2012-01-22,6,6,0,1.0,0.0,6,1.0,0.030704053107041666,0.9692959468929577
2012-01-23,33,33,0,1.0,0.0,33,1.0,0.05639350203334959,0.9436064979666521
2012-01-24,48,48,0,1.0,0.0,48,1.0,0.055551015277945946,0.9444489847220533
2012-01-25,62,62,0,1.0,0.0,62,1.0,0.057547650629569735,0.942452349370431
2012-01-26,43,41,2,0.9534883720930233,0.046511627906976744,39,0.9069767441860466,0.07287713830886894,0.9271228616911312
2012-01-27,25,25,0,1.0,0.0,25,1.0,0.07315223964608202,0.9268477603539176
2012-01-28,3,3,0,1.0,0.0,3,1.0,0.04448950593514708,0.9555104940648511
2012-01-29,3,3,0,1.0,0.0,3,1.0,0.026863148004976346,0.9731368519950201
2012-01-30,24,23,1,0.9583333333333334,0.041666666666666664,22,0.9166666666666667,0.05965278532901843,0.940347214670982
2012-01-31,46,46,0,1.0,0.0,46,1.0,0.05485170045161199,0.9451482995483886
2012-02-01,40,39,1,0.975,0.025,38,0.95,0.05577930104498376,0.9442206989550158
2012-02-02,17,17,0,1.0,0.0,17,1.0,0.07890384634084772,0.9210961536591532
2012-02-03,13,13,0,1.0,0.0,13,1.0,0.06977654097207392,0.9302234590279244
2012-02-05,1,1,0,1.0,0.0,1,1.0,0.00424707983011299,0.9957529201698875
2012-02-06,21,21,0,1.0,0.0,21,1.0,0.07039058046629491,0.9296094195337042
2012-02-07,22,22,0,1.0,0.0,22,1.0,0.07520345128307092,0.9247965487169285
2012-02-08,22,19,3,0.8636363636363636,0.13636363636363635,16,0.7272727272727273,0.11911035135365564,0.8808896486463432
2012-02-09,32,32,0,1.0,0.0,32,1.0,0.07162225992899202,0.9283777400710077
2012-02-10,27,27,0,1.0,0.0,27,1.0,0.08677383079360373,0.9132261692063958
2012-02-11,1,1,0,1.0,0.0,1,1.0,0.02437317293140289,0.9756268270685975
2012-02-12,4,4,0,1.0,0.0,4,1.0,0.21418311619791047,0.7858168838020909
2012-02-13,49,49,0,1.0,0.0,49,1.0,0.08021345543747935,0.9197865445625213
2012-02-14,51,50,1,0.9803921568627451,0.0196078431372549,49,0.9607843137254901,0.09275483552872862,0.9072451644712707
2012-02-15,66,65,1,0.9848484848484849,0.015151515151515152,64,0.9696969696969697,0.06623797424383543,0.9337620257561637
2012-02-16,40,40,0,1.0,0.0,40,1.0,0.06831048158225192,0.9316895184177479
2012-02-17,27,27,0,1.0,0.0,27,1.0,0.1311502114872263,0.8688497885127743
2012-02-18,3,3,0,1.0,0.0,3,1.0,0.244487786510344,0.7555122134896539
2012-02-19,4,4,0,1.0,0.0,4,1.0,0.04186613874715884,0.9581338612528408
2012-02-20,12,12,0,1.0,0.0,12,1.0,0.06084987508956823,0.9391501249104319
2012-02-21,42,41,1,0.9761904761904762,0.023809523809523808,40,0.9523809523809523,0.08846167742656566,0.9115383225734343
2012-02-22,32,32,0,1.0,0.0,32,1.0,0.0700750889954721,0.9299249110045277
2012-02-23,40,40,0,1.0,0.0,40,1.0,0.06535862261206801,0.9346413773879305
2012-02-24,30,30,0,1.0,0.0,30,1.0,0.09505093185434113,0.9049490681456585
2012-02-25,1,1,0,1.0,0.0,1,1.0,0.0292169124257054,0.9707830875742949
2012-02-26,3,3,0,1.0,0.0,3,1.0,0.015925740161253258,0.9840742598387466
2012-02-27,37,36,1,0.972972972972973,0.02702702702702703,35,0.945945945945946,0.10514234683612282,0.8948576531638774
2012-02-28,36,36,0,1.0,0.0,36,1.0,0.062361578264351354,0.9376384217356486
2012-02-29,37,37,0,1.0,0.0,37,1.0,0.06518312355214566,0.9348168764478549
2012-03-01,18,18,0,1.0,0.0,18,1.0,0.06053723635650157,0.9394627636434986
2012-03-02,22,22,0,1.0,0.0,22,1.0,0.07114814673470381,0.9288518532652957
2012-03-03,4,4,0,1.0,0.0,4,1.0,0.13643967834127393,0.8635603216587239
2012-03-04,3,3,0,1.0,0.0,3,1.0,0.1470156382865058,0.8529843617134926
2012-03-05,30,30,0,1.0,0.0,30,1.0,0.0686113538249577,0.9313886461750415
2012-03-06,40,40,0,1.0,0.0,40,1.0,0.10192921986665823,0.8980707801333416
2012-03-07,75,74,1,0.9866666666666667,0.013333333333333334,73,0.9733333333333334,0.10209305726948166,0.8979069427305181
2012-03-08,58,57,1,0.9827586206896551,0.017241379310344827,56,0.9655172413793103,0.07346574348977507,0.9265342565102246
2012-03-09,32,32,0,1.0,0.0,32,1.0,0.07011511403784679,0.9298848859621528
2012-03-10,2,2,0,1.0,0.0,2,1.0,0.15487270688571692,0.8451272931142897
2012-03-11,3,3,0,1.0,0.0,3,1.0,0.115138767431265,0.8848612325687362
2012-03-12,37,37,0,1.0,0.0,37,1.0,0.07265781587320594,0.9273421841267943
2012-03-13,34,33,1,0.9705882352941176,0.029411764705882353,32,0.9411764705882353,0.07738635597812821,0.922613644021872
2012-03-14,41,41,0,1.0,0.0,41,1.0,0.06724263827972622,0.9327573617202742
2012-03-15,45,45,0,1.0,0.0,45,1.0,0.0547348807909995,0.9452651192089996
2012-03-16,54,54,0,1.0,0.0,54,1.0,0.06905863404107034,0.9309413659589291
2012-03-17,4,4,0,1.0,0.0,4,1.0,0.08025661481831599,0.9197433851816846
2012-03-18,11,11,0,1.0,0.0,11,1.0,0.07854397334450859,0.9214560266554929
2012-03-19,92,91,1,0.9891304347826086,0.010869565217391304,90,0.9782608695652173,0.05193600994090226,0.9480639900590979
2012-03-20,49,49,0,1.0,0.0,49,1.0,0.07893149209691978,0.9210685079030804
2012-03-21,33,33,0,1.0,0.0,33,1.0,0.06317164884277049,0.9368283511572294
2012-03-22,26,26,0,1.0,0.0,26,1.0,0.049147327146721764,0.9508526728532787
2012-03-23,28,28,0,1.0,0.0,28,1.0,0.03218074147698545,0.9678192585230141
2012-03-25,7,7,0,1.0,0.0,7,1.0,0.018957126557145636,0.981042873442855
2012-03-26,28,28,0,1.0,0.0,28,1.0,0.04084569669446723,0.9591543033055336
2012-03-27,34,34,0,1.0,0.0,34,1.0,0.1040612250775635,0.8959387749224368
2012-03-28,29,28,1,0.9655172413793104,0.034482758620689655,27,0.9310344827586208,0.10330533865957241,0.8966946613404271
2012-03-29,46,46,0,1.0,0.0,46,1.0,0.07807516839638103,0.9219248316036195
2012-03-30,33,32,1,0.9696969696969697,0.030303030303030304,31,0.9393939393939394,0.09263230647383518,0.9073676935261642
2012-03-31,2,2,0,1.0,0.0,2,1.0,0.004168155660829562,0.9958318443391736
2012-04-01,4,4,0,1.0,0.0,4,1.0,0.044781615149247785,0.9552183848507539
2012-04-02,41,41,0,1.0,0.0,41,1.0,0.06755123427586605,0.932448765724133
2012-04-03,43,42,1,0.9767441860465116,0.023255813953488372,41,0.9534883720930232,0.10030651553580203,0.8996934844641983
2012-04-04,23,23,0,1.0,0.0,23,1.0,0.08762602088469153,0.9123739791153088
2012-04-05,28,28,0,1.0,0.0,28,1.0,0.05104640579673701,0.9489535942032622
2012-04-06,18,18,0,1.0,0.0,18,1.0,0.05627144520729885,0.9437285547927013
2012-04-07,3,3,0,1.0,0.0,3,1.0,0.14957720279662515,0.8504227972033748
2012-04-08,1,1,0,1.0,0.0,1,1.0,0.010777780803508195,0.9892222191964951
2012-04-09,32,32,0,1.0,0.0,32,1.0,0.060832305632093596,0.9391676943679055
2012-04-10,40,40,0,1.0,0.0,40,1.0,0.048945001220159136,0.9510549987798408
2012-04-11,55,55,0,1.0,0.0,55,1.0,0.08447551564661525,0.9155244843533843
2012-04-12,38,38,0,1.0,0.0,38,1.0,0.05481316336186269,0.9451868366381364
2012-04-13,39,39,0,1.0,0.0,39,1.0,0.04481872519951674,0.9551812748004824
2012-04-14,1,1,0,1.0,0.0,1,1.0,0.06423513650449489,0.9357648634955039
2012-04-15,11,11,0,1.0,0.0,11,1.0,0.01186469994304362,0.9881353000569549
2012-04-16,40,40,0,1.0,0.0,40,1.0,0.04630395043693125,0.9536960495630685
2012-04-17,37,37,0,1.0,0.0,37,1.0,0.06548608177054809,0.9345139182294523
2012-04-18,34,34,0,1.0,0.0,34,1.0,0.04934672341979412,0.9506532765802056
2012-04-19,39,39,0,1.0,0.0,39,1.0,0.04195179785682736,0.9580482021431738
2012-04-20,39,39,0,1.0,0.0,39,1.0,0.04830003387457475,0.9516999661254243
2012-04-21,2,2,0,1.0,0.0,2,1.0,0.001814707361779236,0.9981852926382244
2012-04-22,3,3,0,1.0,0.0,3,1.0,0.07162651699907881,0.9283734830009222
2012-04-23,39,38,1,0.9743589743589743,0.02564102564102564,37,0.9487179487179487,0.05955907360914077,0.9404409263908582
2012-04-24,77,77,0,1.0,0.0,77,1.0,0.06560722702165533,0.9343927729783447
2012-04-25,125,124,1,0.992,0.008,123,0.984,0.05362437757528369,0.946375622424716
2012-04-26,48,48,0,1.0,0.0,48,1.0,0.04517408954890006,0.9548259104510999
2012-04-27,36,36,0,1.0,0.0,36,1.0,0.03875144676008399,0.9612485532399163
2012-04-28,3,2,1,0.6666666666666666,0.3333333333333333,1,0.3333333333333333,0.29728710239529527,0.7027128976047073
2012-04-29,6,6,0,1.0,0.0,6,1.0,0.03306744794571317,0.966932552054287
2012-04-30,15,15,0,1.0,0.0,15,1.0,0.0444108139669381,0.955589186033063
2012-05-01,19,19,0,1.0,0.0,19,1.0,0.050866050746176276,0.9491339492538236
2012-05-02,25,24,1,0.96,0.04,23,0.9199999999999999,0.08820621160519225,0.9117937883948072
2012-05-03,31,31,0,1.0,0.0,31,1.0,0.06667394058426888,0.933326059415731
2012-05-04,19,19,0,1.0,0.0,19,1.0,0.04574990966843771,0.9542500903315624
2012-05-05,3,3,0,1.0,0.0,3,1.0,0.17480640598461084,0.8251935940153894
2012-05-07,23,23,0,1.0,0.0,23,1.0,0.06833034758302217,0.9316696524169782
2012-05-08,23,23,0,1.0,0.0,23,1.0,0.10440138670650699,0.8955986132934932
2012-05-09,10,10,0,1.0,0.0,10,1.0,0.017436160285312516,0.9825638397146857
2012-05-10,27,27,0,1.0,0.0,27,1.0,0.0551025332869827,0.9448974667130171
2012-05-11,11,11,0,1.0,0.0,11,1.0,0.07131155428750523,0.9286884457124945
2012-05-13,4,4,0,1.0,0.0,4,1.0,0.022352228119351766,0.9776477718806467
2012-05-14,27,27,0,1.0,0.0,27,1.0,0.06633801656207154,0.9336619834379285
2012-05-15,41,40,1,0.975609756097561,0.024390243902439025,39,0.9512195121951219,0.08347587281814121,0.9165241271818585
2012-05-16,44,44,0,1.0,0.0,44,1.0,0.08134696333225507,0.9186530366677442
2012-05-17,39,37,2,0.9487179487179487,0.05128205128205128,35,0.8974358974358974,0.07695098127534293,0.9230490187246567
2012-05-18,29,29,0,1.0,0.0,29,1.0,0.06507080219836933,0.9349291978016296
2012-05-19,3,3,0,1.0,0.0,3,1.0,0.026155797225956828,0.9738442027740456
2012-05-20,4,4,0,1.0,0.0,4,1.0,0.18106059149320344,0.8189394085067979
2012-05-21,31,31,0,1.0,0.0,31,1.0,0.08991815533795744,0.910081844662043
2012-05-22,20,20,0,1.0,0.0,20,1.0,0.04092560250079874,0.9590743974992021
2012-05-23,28,27,1,0.9642857142857143,0.03571428571428571,26,0.9285714285714286,0.06508263511588884,0.9349173648841118
2012-05-24,26,26,0,1.0,0.0,26,1.0,0.06417392219256378,0.9358260778074358
2012-05-25,16,16,0,1.0,0.0,16,1.0,0.028690504176184312,0.9713094958238153
2012-05-26,1,1,0,1.0,0.0,1,1.0,0.1843722218902181,0.8156277781097807
2012-05-27,1,1,0,1.0,0.0,1,1.0,0.007590181483052148,0.9924098185169449
2012-05-28,8,8,0,1.0,0.0,8,1.0,0.06214430785272042,0.9378556921472783
2012-05-29,30,30,0,1.0,0.0,30,1.0,0.07527771571102934,0.9247222842889685
2012-05-30,38,38,0,1.0,0.0,38,1.0,0.06359518551538242,0.9364048144846178
2012-05-31,29,29,0,1.0,0.0,29,1.0,0.06192877121546452,0.9380712287845355
2012-06-01,10,10,0,1.0,0.0,10,1.0,0.02176768566376059,0.9782323143362375
2012-06-02,2,2,0,1.0,0.0,2,1.0,0.04889905739650032,0.9511009426034998
2012-06-03,3,3,0,1.0,0.0,3,1.0,0.019662464465334373,0.9803375355346673
2012-06-04,28,27,1,0.9642857142857143,0.03571428571428571,26,0.9285714285714286,0.0810280535588701,0.9189719464411306
2012-06-05,26,26,0,1.0,0.0,26,1.0,0.07309806866589867,0.9269019313341011
2012-06-06,33,33,0,1.0,0.0,33,1.0,0.1305824162403699,0.8694175837596295
2012-06-07,37,37,0,1.0,0.0,37,1.0,0.09724378736109122,0.9027562126389094
2012-06-08,25,24,1,0.96,0.04,23,0.9199999999999999,0.08884137564401559,0.911158624355984
2012-06-09,1,1,0,1.0,0.0,1,1.0,0.17728686951124978,0.8227131304887507
2012-06-10,1,1,0,1.0,0.0,1,1.0,0.004321916729329691,0.9956780832706644
2012-06-11,62,61,1,0.9838709677419355,0.016129032258064516,60,0.967741935483871,0.10448078415957168,0.8955192158404277
2012-06-12,41,41,0,1.0,0.0,41,1.0,0.05519055436758299,0.9448094456324169
2012-06-13,36,36,0,1.0,0.0,36,1.0,0.09323039814858597,0.906769601851415
2012-06-14,25,25,0,1.0,0.0,25,1.0,0.04760026976501686,0.9523997302349829
2012-06-15,19,19,0,1.0,0.0,19,1.0,0.03214429948891615,0.9678557005110826
2012-06-16,1,1,0,1.0,0.0,1,1.0,0.17401315891533756,0.8259868410846628
2012-06-17,3,3,0,1.0,0.0,3,1.0,0.0011071095784376019,0.9988928904215589
2012-06-18,26,26,0,1.0,0.0,26,1.0,0.05243533332209834,0.9475646666779026
2012-06-19,46,46,0,1.0,0.0,46,1.0,0.05539999801452766,0.9446000019854716
2012-06-20,40,40,0,1.0,0.0,40,1.0,0.07897369672201851,0.921026303277982
2012-06-21,28,27,1,0.9642857142857143,0.03571428571428571,26,0.9285714285714286,0.10180381132134678,0.8981961886786529
2012-06-22,25,24,1,0.96,0.04,23,0.9199999999999999,0.07178800935028906,0.9282119906497119
2012-06-23,3,3,0,1.0,0.0,3,1.0,0.09218684254177906,0.9078131574582237
2012-06-24,4,4,0,1.0,0.0,4,1.0,0.09082964757004015,0.909170352429959
2012-06-25,24,24,0,1.0,0.0,24,1.0,0.08843004179550867,0.9115699582044918
2012-06-26,26,26,0,1.0,0.0,26,1.0,0.0808971596285091,0.9191028403714914
2012-06-27,30,30,0,1.0,0.0,30,1.0,0.08511370267861576,0.9148862973213842
2012-06-28,22,22,0,1.0,0.0,22,1.0,0.09997118270348905,0.9000288172965102
2012-06-29,35,34,1,0.9714285714285714,0.02857142857142857,33,0.9428571428571428,0.12274355436848805,0.8772564456315104
2012-06-30,1,1,0,1.0,0.0,1,1.0,0.37331965282809515,0.626680347171905
2012-07-01,6,6,0,1.0,0.0,6,1.0,0.06867014525070865,0.9313298547492885
2012-07-02,28,28,0,1.0,0.0,28,1.0,0.08753120342099009,0.9124687965790093
2012-07-03,26,26,0,1.0,0.0,26,1.0,0.09579497462926832,0.904205025370731
2012-07-04,12,12,0,1.0,0.0,12,1.0,0.1756032056864254,0.8243967943135747
2012-07-05,35,35,0,1.0,0.0,35,1.0,0.047658127033980716,0.9523418729660197
2012-07-06,26,26,0,1.0,0.0,26,1.0,0.06723410812747223,0.9327658918725271
2012-07-07,1,1,0,1.0,0.0,1,1.0,0.15140985322275255,0.8485901467772486
2012-07-08,3,3,0,1.0,0.0,3,1.0,0.011758202534824297,0.9882417974651722
2012-07-09,27,27,0,1.0,0.0,27,1.0,0.071487448680855,0.928512551319145
2012-07-10,25,24,1,0.96,0.04,23,0.9199999999999999,0.06466441744835431,0.9353355825516455
2012-07-11,24,23,1,0.9583333333333334,0.041666666666666664,22,0.9166666666666667,0.09234043057344203,0.9076595694265569
2012-07-12,21,20,1,0.9523809523809523,0.047619047619047616,19,0.9047619047619047,0.09111706629630997,0.9088829337036908
2012-07-13,25,25,0,1.0,0.0,25,1.0,0.05276414147518507,0.9472358585248152
2012-07-15,1,1,0,1.0,0.0,1,1.0,0.026715253022108778,0.9732847469778934
2012-07-16,20,20,0,1.0,0.0,20,1.0,0.04977738774300469,0.9502226122569967
2012-07-17,24,24,0,1.0,0.0,24,1.0,0.058803922377568346,0.9411960776224325
2012-07-18,31,31,0,1.0,0.0,31,1.0,0.06827542106587306,0.9317245789341266
2012-07-19,28,27,1,0.9642857142857143,0.03571428571428571,26,0.9285714285714286,0.07814203331960527,0.9218579666803943
2012-07-20,29,28,1,0.9655172413793104,0.034482758620689655,27,0.9310344827586208,0.09310961948494839,0.9068903805150519
2012-07-21,1,1,0,1.0,0.0,1,1.0,0.2775401844901719,0.722459815509825
2012-07-22,5,5,0,1.0,0.0,5,1.0,0.24247257247192439,0.7575274275280741
2012-07-23,56,56,0,1.0,0.0,56,1.0,0.09469268729890745,0.905307312701093
2012-07-24,66,66,0,1.0,0.0,66,1.0,0.07963526820270568,0.9203647317972945
2012-07-25,111,111,0,1.0,0.0,111,1.0,0.06806692386301427,0.9319330761369856
2012-07-26,49,49,0,1.0,0.0,49,1.0,0.07412025158885877,0.9258797484111403
2012-07-27,29,29,0,1.0,0.0,29,1.0,0.09480701675321476,0.9051929832467847
2012-07-28,7,7,0,1.0,0.0,7,1.0,0.05319353836435546,0.9468064616356442
2012-07-29,3,3,0,1.0,0.0,3,1.0,0.03310041549976606,0.9668995845002328
2012-07-30,37,37,0,1.0,0.0,37,1.0,0.10251580358261178,0.8974841964173874
2012-07-31,38,38,0,1.0,0.0,38,1.0,0.11115534616650416,0.888844653833496
2012-08-01,35,35,0,1.0,0.0,35,1.0,0.08834238326477814,0.9116576167352222
2012-08-02,34,34,0,1.0,0.0,34,1.0,0.09030865771671147,0.9096913422832887
2012-08-03,31,31,0,1.0,0.0,31,1.0,0.07399234025703366,0.9260076597429675
2012-08-04,3,3,0,1.0,0.0,3,1.0,0.04338047406619736,0.956619525933801
2012-08-05,4,4,0,1.0,0.0,4,1.0,0.016508243663589037,0.9834917563364108
2012-08-06,37,37,0,1.0,0.0,37,1.0,0.08555603184659337,0.9144439681534063
2012-08-07,36,36,0,1.0,0.0,36,1.0,0.04848000046130643,0.9515199995386945
2012-08-08,15,15,0,1.0,0.0,15,1.0,0.04758784935512224,0.952412150644878
2012-08-09,20,20,0,1.0,0.0,20,1.0,0.11198530670949794,0.8880146932905028
2012-08-10,29,29,0,1.0,0.0,29,1.0,0.07691494150997903,0.9230850584900206
2012-08-11,3,3,0,1.0,0.0,3,1.0,0.06644714392328831,0.9335528560767128
2012-08-12,3,3,0,1.0,0.0,3,1.0,0.02780316404531397,0.972196835954688
2012-08-13,24,24,0,1.0,0.0,24,1.0,0.083412404740505,0.9165875952594948
2012-08-14,35,34,1,0.9714285714285714,0.02857142857142857,33,0.9428571428571428,0.07869903497249979,0.9213009650275013
2012-08-15,33,33,0,1.0,0.0,33,1.0,0.08588338750867319,0.9141166124913267
2012-08-16,35,35,0,1.0,0.0,35,1.0,0.07195265907032775,0.9280473409296724
2012-08-17,40,40,0,1.0,0.0,40,1.0,0.07805653701240474,0.9219434629875956
2012-08-18,3,3,0,1.0,0.0,3,1.0,0.08998519595686523,0.9100148040431347
2012-08-19,3,3,0,1.0,0.0,3,1.0,0.1406038540864216,0.8593961459135776
2012-08-20,40,40,0,1.0,0.0,40,1.0,0.06778285395716471,0.9322171460428355
2012-08-21,52,51,1,0.9807692307692307,0.019230769230769232,50,0.9615384615384615,0.06268153409248257,0.937318465907517
2012-08-22,50,50,0,1.0,0.0,50,1.0,0.07511911117317918,0.9248808888268215
2012-08-23,31,30,1,0.967741935483871,0.03225806451612903,29,0.935483870967742,0.0939968746304033,0.9060031253695978
2012-08-24,49,49,0,1.0,0.0,49,1.0,0.10116141358035538,0.8988385864196442
2012-08-25,15,15,0,1.0,0.0,15,1.0,0.10968597175381793,0.890314028246182
2012-08-26,6,6,0,1.0,0.0,6,1.0,0.039742227685353286,0.9602577723146433
2012-08-27,91,90,1,0.989010989010989,0.01098901098901099,89,0.9780219780219781,0.06860338167141043,0.9313966183285894
2012-08-28,35,35,0,1.0,0.0,35,1.0,0.07030618199464184,0.9296938180053583
2012-08-29,48,48,0,1.0,0.0,48,1.0,0.0665626805735368,0.9334373194264639
2012-08-30,32,32,0,1.0,0.0,32,1.0,0.06985185879242871,0.9301481412075716
2012-08-31,41,41,0,1.0,0.0,41,1.0,0.09735483157231806,0.9026451684276819
2012-09-01,3,3,0,1.0,0.0,3,1.0,0.062103445406927825,0.9378965545930723
2012-09-02,3,3,0,1.0,0.0,3,1.0,0.050575798363209794,0.9494242016367928
2012-09-03,11,11,0,1.0,0.0,11,1.0,0.09705601288373084,0.9029439871162693
2012-09-04,59,59,0,1.0,0.0,59,1.0,0.07282559792572314,0.9271744020742774
2012-09-05,35,35,0,1.0,0.0,35,1.0,0.06711037114040945,0.9328896288595901
2012-09-06,42,42,0,1.0,0.0,42,1.0,0.07425688018648545,0.9257431198135146
2012-09-07,37,37,0,1.0,0.0,37,1.0,0.0675539100577468,0.9324460899422535
2012-09-09,2,2,0,1.0,0.0,2,1.0,0.006154930804657743,0.9938450691953415
2012-09-10,37,36,1,0.972972972972973,0.02702702702702703,35,0.945945945945946,0.07158964964808269,0.9284103503519161
2012-09-11,48,47,1,0.9791666666666666,0.020833333333333332,46,0.9583333333333333,0.08484796574984971,0.9151520342501502
2012-09-12,64,58,6,0.90625,0.09375,52,0.8125,0.16385393343271445,0.8361460665672857
2012-09-13,63,62,1,0.9841269841269841,0.015873015873015872,61,0.9682539682539681,0.06925308548242753,0.9307469145175726
2012-09-14,47,47,0,1.0,0.0,47,1.0,0.07616421147818515,0.923835788521814
2012-09-16,4,4,0,1.0,0.0,4,1.0,0.07744831204625294,0.9225516879537446
2012-09-17,34,34,0,1.0,0.0,34,1.0,0.0901762852739466,0.9098237147260523
2012-09-18,44,44,0,1.0,0.0,44,1.0,0.08002372977852805,0.919976270221472
2012-09-19,49,48,1,0.9795918367346939,0.02040816326530612,47,0.9591836734693877,0.08105064894983381,0.9189493510501654
2012-09-20,45,45,0,1.0,0.0,45,1.0,0.09923580915395384,0.9007641908460464
2012-09-21,74,74,0,1.0,0.0,74,1.0,0.07280216687296259,0.9271978331270372
2012-09-22,4,4,0,1.0,0.0,4,1.0,0.15622112679810363,0.8437788732018967
2012-09-23,4,4,0,1.0,0.0,4,1.0,0.10824338177776713,0.8917566182222338
2012-09-24,51,50,1,0.9803921568627451,0.0196078431372549,49,0.9607843137254901,0.05812087812951645,0.9418791218704833
2012-09-25,36,35,1,0.9722222222222222,0.027777777777777776,34,0.9444444444444444,0.10071372569906573,0.899286274300933
2012-09-26,31,31,0,1.0,0.0,31,1.0,0.07302567949141407,0.9269743205085852
2012-09-27,30,30,0,1.0,0.0,30,1.0,0.06495266676860316,0.9350473332313969
2012-09-28,45,45,0,1.0,0.0,45,1.0,0.07959987621442105,0.9204001237855794
2012-09-29,3,3,0,1.0,0.0,3,1.0,0.08934590772539393,0.9106540922746037
2012-09-30,3,3,0,1.0,0.0,3,1.0,0.011865073532044393,0.9881349264679558
2012-10-01,38,38,0,1.0,0.0,38,1.0,0.05573431619879138,0.9442656838012089
2012-10-02,43,43,0,1.0,0.0,43,1.0,0.11726493219374963,0.8827350678062509
2012-10-03,30,29,1,0.9666666666666667,0.03333333333333333,28,0.9333333333333333,0.0992224341076812,0.9007775658923184
2012-10-04,23,22,1,0.9565217391304348,0.043478260869565216,21,0.9130434782608696,0.11940181618953181,0.8805981838104695
2012-10-05,22,22,0,1.0,0.0,22,1.0,0.06213005333799755,0.9378699466620039
2012-10-06,4,4,0,1.0,0.0,4,1.0,0.07834536456511007,0.9216546354348907
2012-10-07,2,2,0,1.0,0.0,2,1.0,0.028548674292520636,0.971451325707474
2012-10-08,31,30,1,0.967741935483871,0.03225806451612903,29,0.935483870967742,0.06650476754804675,0.9334952324519544
2012-10-09,40,40,0,1.0,0.0,40,1.0,0.04141592206303378,0.9585840779369665
2012-10-10,33,32,1,0.9696969696969697,0.030303030303030304,31,0.9393939393939394,0.09261622059705568,0.9073837794029447
2012-10-11,40,40,0,1.0,0.0,40,1.0,0.07112129779326404,0.9288787022067362
2012-10-12,35,35,0,1.0,0.0,35,1.0,0.11009035569102803,0.8899096443089717
2012-10-13,3,3,0,1.0,0.0,3,1.0,0.07306789981675443,0.9269321001832456
2012-10-14,5,5,0,1.0,0.0,5,1.0,0.06982190734767849,0.9301780926523199
2012-10-15,22,22,0,1.0,0.0,22,1.0,0.08534677946182914,0.9146532205381711
2012-10-16,31,31,0,1.0,0.0,31,1.0,0.0843883091699561,0.9156116908300429
2012-10-17,27,25,2,0.9259259259259259,0.07407407407407407,23,0.8518518518518519,0.08630367057401032,0.9136963294259886
2012-10-18,33,33,0,1.0,0.0,33,1.0,0.0835605996920888,0.9164394003079112
2012-10-19,20,19,1,0.95,0.05,18,0.8999999999999999,0.07523755866259517,0.9247624413374054
2012-10-20,2,2,0,1.0,0.0,2,1.0,0.00905335107012879,0.9909466489298688
2012-10-21,3,3,0,1.0,0.0,3,1.0,0.0021357503236393836,0.9978642496763576
2012-10-22,41,41,0,1.0,0.0,41,1.0,0.030135540476076545,0.9698644595239222
2012-10-23,63,62,1,0.9841269841269841,0.015873015873015872,61,0.9682539682539681,0.1258859616400415,0.874114038359958
2012-10-24,42,42,0,1.0,0.0,42,1.0,0.10699023115029001,0.8930097688497097
2012-10-25,76,75,1,0.9868421052631579,0.013157894736842105,74,0.9736842105263157,0.05918980681479737,0.9408101931852019
2012-10-26,57,56,1,0.9824561403508771,0.017543859649122806,55,0.9649122807017543,0.05965288929274994,0.9403471107072507
2012-10-29,29,29,0,1.0,0.0,29,1.0,0.06498988464804495,0.9350101153519562
2012-10-30,35,35,0,1.0,0.0,35,1.0,0.0738226902281836,0.9261773097718167
2012-10-31,45,45,0,1.0,0.0,45,1.0,0.03724502237298992,0.9627549776270092
2012-11-01,31,31,0,1.0,0.0,31,1.0,0.08422557821451651,0.9157744217854831
2012-11-02,24,24,0,1.0,0.0,24,1.0,0.07327537719099675,0.9267246228090021
2012-11-03,2,2,0,1.0,0.0,2,1.0,0.0010001128206551708,0.9989998871793467
2012-11-04,2,2,0,1.0,0.0,2,1.0,0.001745863125872189,0.998254136874131
2012-11-05,44,44,0,1.0,0.0,44,1.0,0.06985580355808502,0.9301441964419138
2012-11-06,29,29,0,1.0,0.0,29,1.0,0.0638232726910663,0.9361767273089328
2012-11-07,40,40,0,1.0,0.0,40,1.0,0.0741261743801698,0.9258738256198302
2012-11-08,26,26,0,1.0,0.0,26,1.0,0.04156726572453277,0.9584327342754662
2012-11-09,19,19,0,1.0,0.0,19,1.0,0.05095830959426437,0.9490416904057369
2012-11-10,7,6,1,0.8571428571428571,0.14285714285714285,5,0.7142857142857142,0.28981806161628415,0.7101819383837152
2012-11-11,5,5,0,1.0,0.0,5,1.0,0.2194272231926718,0.780572776807329
2012-11-12,25,25,0,1.0,0.0,25,1.0,0.060023906731482286,0.9399760932685175
2012-11-13,30,28,2,0.9333333333333333,0.06666666666666667,26,0.8666666666666667,0.09201848880109455,0.9079815111989059
2012-11-14,37,37,0,1.0,0.0,37,1.0,0.04740610443732739,0.9525938955626735
2012-11-15,33,33,0,1.0,0.0,33,1.0,0.04852282330521151,0.9514771766947887
2012-11-16,27,26,1,0.9629629629629629,0.037037037037037035,25,0.9259259259259258,0.13264387708416123,0.8673561229158383
2012-11-17,3,2,1,0.6666666666666666,0.3333333333333333,1,0.3333333333333333,0.2681908144158294,0.7318091855841722
2012-11-18,7,7,0,1.0,0.0,7,1.0,0.0392197792487044,0.9607802207512914
2012-11-19,42,42,0,1.0,0.0,42,1.0,0.088302576218525,0.9116974237814743
2012-11-20,35,35,0,1.0,0.0,35,1.0,0.07560326000294794,0.924396739997053
2012-11-21,30,30,0,1.0,0.0,30,1.0,0.03250984343400006,0.9674901565660001
2012-11-22,9,8,1,0.8888888888888888,0.1111111111111111,7,0.7777777777777777,0.10243826034563959,0.8975617396543623
2012-11-23,15,15,0,1.0,0.0,15,1.0,0.06394314693415924,0.9360568530658404
2012-11-24,2,2,0,1.0,0.0,2,1.0,0.007628565746757946,0.9923714342532477
2012-11-25,4,3,1,0.75,0.25,2,0.5,0.2501773554365835,0.7498226445634164
2012-11-26,39,39,0,1.0,0.0,39,1.0,0.04620654536524339,0.9537934546347568
2012-11-27,39,39,0,1.0,0.0,39,1.0,0.06563334357507646,0.9343666564249238
2012-11-28,33,33,0,1.0,0.0,33,1.0,0.06174290112059823,0.9382570988794021
2012-11-29,23,23,0,1.0,0.0,23,1.0,0.058796435135862656,0.9412035648641381
2012-11-30,32,31,1,0.96875,0.03125,30,0.9375,0.07423239853972351,0.9257676014602769
2012-12-01,2,2,0,1.0,0.0,2,1.0,0.0235606637327452,0.9764393362672512
2012-12-02,3,3,0,1.0,0.0,3,1.0,0.07235039571527159,0.9276496042847246
2012-12-03,26,23,3,0.8846153846153846,0.11538461538461539,20,0.7692307692307692,0.1317080971400596,0.8682919028599392
2012-12-04,37,37,0,1.0,0.0,37,1.0,0.06384824177775976,0.9361517582222392
2012-12-05,57,56,1,0.9824561403508771,0.017543859649122806,55,0.9649122807017543,0.08009409254313879,0.9199059074568617
2012-12-06,79,79,0,1.0,0.0,79,1.0,0.07361926829463804,0.9263807317053621
2012-12-07,43,43,0,1.0,0.0,43,1.0,0.06883153260140688,0.9311684673985926
2012-12-08,5,5,0,1.0,0.0,5,1.0,0.042326119167156825,0.9576738808328402
2012-12-09,7,7,0,1.0,0.0,7,1.0,0.03731109686235486,0.9626889031376463
2012-12-10,35,34,1,0.9714285714285714,0.02857142857142857,33,0.9428571428571428,0.05373115051820323,0.9462688494817963
2012-12-11,28,28,0,1.0,0.0,28,1.0,0.03465360842774919,0.9653463915722513
2012-12-12,44,44,0,1.0,0.0,44,1.0,0.04489465366649876,0.9551053463335019
2012-12-13,49,48,1,0.9795918367346939,0.02040816326530612,47,0.9591836734693877,0.12609264764728126,0.8739073523527187
2012-12-14,54,54,0,1.0,0.0,54,1.0,0.07728732115638665,0.9227126788436139
2012-12-15,2,2,0,1.0,0.0,2,1.0,0.03801366437812745,0.9619863356218783
2012-12-16,4,4,0,1.0,0.0,4,1.0,0.035482444214817326,0.9645175557851856
2012-12-17,48,47,1,0.9791666666666666,0.020833333333333332,46,0.9583333333333333,0.06167046103152657,0.9383295389684735
2012-12-18,49,49,0,1.0,0.0,49,1.0,0.08081880336361384,0.9191811966363858
2012-12-19,27,26,1,0.9629629629629629,0.037037037037037035,25,0.9259259259259258,0.09376530248645795,0.9062346975135414
2012-12-20,32,31,1,0.96875,0.03125,30,0.9375,0.07673847991945047,0.9232615200805503
2012-12-21,27,27,0,1.0,0.0,27,1.0,0.04768189664418442,0.9523181033558153
2012-12-23,1,1,0,1.0,0.0,1,1.0,0.006953473425754818,0.993046526574245
2012-12-24,13,13,0,1.0,0.0,13,1.0,0.051688025896148036,0.9483119741038516
2012-12-25,3,3,0,1.0,0.0,3,1.0,0.16315838129938867,0.8368416187006117
2012-12-26,20,19,1,0.95,0.05,18,0.8999999999999999,0.06589625653195037,0.9341037434680501
2012-12-27,14,14,0,1.0,0.0,14,1.0,0.10165211774145418,0.8983478822585447
2012-12-28,27,27,0,1.0,0.0,27,1.0,0.06419757182768061,0.9358024281723197
2012-12-29,2,2,0,1.0,0.0,2,1.0,0.0021578299134440435,0.9978421700865532
2012-12-31,15,15,0,1.0,0.0,15,1.0,0.04313549453786034,0.9568645054621386
2013-01-01,5,5,0,1.0,0.0,5,1.0,0.07660200318074895,0.9233979968192546
2013-01-02,31,30,1,0.967741935483871,0.03225806451612903,29,0.935483870967742,0.09668112303122321,0.9033188769687787
2013-01-03,23,23,0,1.0,0.0,23,1.0,0.053693287822024406,0.9463067121779759
2013-01-04,27,27,0,1.0,0.0,27,1.0,0.04479251938151499,0.955207480618486
2013-01-07,31,31,0,1.0,0.0,31,1.0,0.05647020632322696,0.9435297936767725
2013-01-08,30,29,1,0.9666666666666667,0.03333333333333333,28,0.9333333333333333,0.09096040834799542,0.9090395916520042
2013-01-09,17,17,0,1.0,0.0,17,1.0,0.09088660350094899,0.9091133964990504
2013-01-10,37,37,0,1.0,0.0,37,1.0,0.07108534311675116,0.9289146568832491
2013-01-11,31,29,2,0.9354838709677419,0.06451612903225806,27,0.8709677419354838,0.09028885750448723,0.9097111424955138
2013-01-12,4,4,0,1.0,0.0,4,1.0,0.06715270084313096,0.9328472991568697
2013-01-13,4,4,0,1.0,0.0,4,1.0,0.12730457740936507,0.8726954225906347
2013-01-14,65,65,0,1.0,0.0,65,1.0,0.06780680483461748,0.9321931951653828
2013-01-15,57,56,1,0.9824561403508771,0.017543859649122806,55,0.9649122807017543,0.04646587079393799,0.953534129206062
2013-01-16,44,44,0,1.0,0.0,44,1.0,0.03552937188059763,0.9644706281194025
2013-01-17,33,32,1,0.9696969696969697,0.030303030303030304,31,0.9393939393939394,0.05740716651748419,0.9425928334825171
2013-01-18,33,33,0,1.0,0.0,33,1.0,0.05777784498856153,0.9422221550114388
2013-01-19,1,1,0,1.0,0.0,1,1.0,0.05832201597003661,0.9416779840299617
2013-01-21,16,16,0,1.0,0.0,16,1.0,0.04605655339432139,0.9539434466056782
2013-01-22,32,32,0,1.0,0.0,32,1.0,0.04414928794142812,0.9558507120585741
2013-01-23,83,82,1,0.9879518072289156,0.012048192771084338,81,0.9759036144578312,0.08203580522213953,0.917964194777861
2013-01-24,122,122,0,1.0,0.0,122,1.0,0.04637595124866273,0.9536240487513372
2013-01-25,65,65,0,1.0,0.0,65,1.0,0.04596730813823551,0.9540326918617646
2013-01-26,1,1,0,1.0,0.0,1,1.0,0.0794740744828328,0.920525925517168
2013-01-27,4,4,0,1.0,0.0,4,1.0,0.013538052536442843,0.9864619474635572
2013-01-28,39,39,0,1.0,0.0,39,1.0,0.05449963726092136,0.9455003627390778
2013-01-29,36,36,0,1.0,0.0,36,1.0,0.06637631799794039,0.9336236820020581
2013-01-30,50,50,0,1.0,0.0,50,1.0,0.06782153042430644,0.9321784695756946
2013-01-31,43,43,0,1.0,0.0,43,1.0,0.064349447863553,0.9356505521364461
2013-02-01,25,25,0,1.0,0.0,25,1.0,0.06693029725178072,0.9330697027482181
2013-02-02,1,1,0,1.0,0.0,1,1.0,0.030041060497403196,0.9699589395025956
2013-02-03,2,2,0,1.0,0.0,2,1.0,0.061675092571353354,0.9383249074286473
2013-02-04,30,30,0,1.0,0.0,30,1.0,0.07209492904029349,0.9279050709597068
2013-02-05,38,37,1,0.9736842105263158,0.02631578947368421,36,0.9473684210526316,0.052719160790532474,0.947280839209468
2013-02-06,32,32,0,1.0,0.0,32,1.0,0.054751382347773846,0.9452486176522259
2013-02-07,67,67,0,1.0,0.0,67,1.0,0.03292253629618229,0.9670774637038183
2013-02-08,38,38,0,1.0,0.0,38,1.0,0.05946941329222619,0.9405305867077735
2013-02-09,3,3,0,1.0,0.0,3,1.0,0.030835490477668714,0.9691645095223299
2013-02-10,5,5,0,1.0,0.0,5,1.0,0.1431511805470742,0.856848819452925
2013-02-11,33,32,1,0.9696969696969697,0.030303030303030304,31,0.9393939393939394,0.055206588225435727,0.9447934117745654
2013-02-12,38,38,0,1.0,0.0,38,1.0,0.07058412137179658,0.9294158786282032
2013-02-13,66,64,2,0.9696969696969697,0.030303030303030304,62,0.9393939393939394,0.08238206893141416,0.917617931068586
2013-02-14,49,49,0,1.0,0.0,49,1.0,0.04224901548423059,0.9577509845157698
2013-02-15,29,29,0,1.0,0.0,29,1.0,0.07724443245311988,0.9227555675468797
2013-02-16,4,3,1,0.75,0.25,2,0.5,0.13958298039540123,0.860417019604599
2013-02-17,1,1,0,1.0,0.0,1,1.0,0.0030066567139131,0.9969933432860881
2013-02-18,3,3,0,1.0,0.0,3,1.0,0.01629313485697001,0.9837068651430295
2013-02-19,40,40,0,1.0,0.0,40,1.0,0.060583942984615925,0.9394160570153842
2013-02-20,38,38,0,1.0,0.0,38,1.0,0.041840015778597285,0.958159984221403
2013-02-21,37,37,0,1.0,0.0,37,1.0,0.061470493707813274,0.9385295062921868
2013-02-22,24,24,0,1.0,0.0,24,1.0,0.09092357745568369,0.9090764225443149
2013-02-23,3,3,0,1.0,0.0,3,1.0,0.02739835471606274,0.9726016452839401
2013-02-24,11,11,0,1.0,0.0,11,1.0,0.07412937138645223,0.9258706286135482
2013-02-25,29,29,0,1.0,0.0,29,1.0,0.04236490872664164,0.9576350912733582
2013-02-26,46,44,2,0.9565217391304348,0.043478260869565216,42,0.9130434782608696,0.09048357797409838,0.9095164220259021
2013-02-27,32,32,0,1.0,0.0,32,1.0,0.06602196577971803,0.9339780342202818
2013-02-28,27,27,0,1.0,0.0,27,1.0,0.07654257956665843,0.9234574204333427
2013-03-01,27,27,0,1.0,0.0,27,1.0,0.10426902629707104,0.8957309737029282
2013-03-02,3,3,0,1.0,0.0,3,1.0,0.16818020914441886,0.8318197908555837
2013-03-03,5,5,0,1.0,0.0,5,1.0,0.031778454836261905,0.9682215451637356
2013-03-04,23,23,0,1.0,0.0,23,1.0,0.04329622871490697,0.956703771285093
2013-03-05,20,20,0,1.0,0.0,20,1.0,0.04430625326096614,0.9556937467390327
2013-03-06,29,29,0,1.0,0.0,29,1.0,0.063940045424359,0.936059954575641
2013-03-07,40,40,0,1.0,0.0,40,1.0,0.04766521926986659,0.9523347807301328
2013-03-08,32,32,0,1.0,0.0,32,1.0,0.09683068792663499,0.9031693120733655
2013-03-09,4,4,0,1.0,0.0,4,1.0,0.1113823167752451,0.8886176832247588
2013-03-10,3,3,0,1.0,0.0,3,1.0,0.014701919413434232,0.9852980805865693
2013-03-11,23,23,0,1.0,0.0,23,1.0,0.08225571977257745,0.9177442802274227
2013-03-12,24,24,0,1.0,0.0,24,1.0,0.07282407888197935,0.9271759211180209
2013-03-13,39,39,0,1.0,0.0,39,1.0,0.0818988315305144,0.9181011684694846
2013-03-14,34,34,0,1.0,0.0,34,1.0,0.0651487976720138,0.9348512023279858
2013-03-15,23,23,0,1.0,0.0,23,1.0,0.08462111936350514,0.9153788806364949
2013-03-16,1,1,0,1.0,0.0,1,1.0,0.012538912029263756,0.9874610879707316
2013-03-17,2,2,0,1.0,0.0,2,1.0,0.0017542018832162045,0.9982457981167838
2013-03-18,21,21,0,1.0,0.0,21,1.0,0.05619646736103215,0.9438035326389669
2013-03-19,40,40,0,1.0,0.0,40,1.0,0.07243029336370747,0.9275697066362927
2013-03-20,30,29,1,0.9666666666666667,0.03333333333333333,28,0.9333333333333333,0.09474355206482252,0.9052564479351779
2013-03-21,29,27,2,0.9310344827586207,0.06896551724137931,25,0.8620689655172413,0.0963597616179524,0.9036402383820474
2013-03-22,33,33,0,1.0,0.0,33,1.0,0.06361253988822592,0.9363874601117739
2013-03-23,4,4,0,1.0,0.0,4,1.0,0.03630085054422226,0.9636991494557794
2013-03-24,8,8,0,1.0,0.0,8,1.0,0.03285388587137145,0.9671461141286293
2013-03-25,31,31,0,1.0,0.0,31,1.0,0.06220165843003736,0.9377983415699618
2013-03-26,24,24,0,1.0,0.0,24,1.0,0.026939144161137043,0.9730608558388615
2013-03-27,26,26,0,1.0,0.0,26,1.0,0.04582786656496921,0.9541721334350292
2013-03-28,24,24,0,1.0,0.0,24,1.0,0.0530432652016419,0.9469567347983592
2013-03-29,8,8,0,1.0,0.0,8,1.0,0.04483269747655549,0.9551673025234435
2013-03-31,3,3,0,1.0,0.0,3,1.0,0.0051123378364493575,0.994887662163546
2013-04-01,20,20,0,1.0,0.0,20,1.0,0.08820831033898506,0.9117916896610148
2013-04-02,21,21,0,1.0,0.0,21,1.0,0.07006203173811791,0.929937968261884
2013-04-03,15,15,0,1.0,0.0,15,1.0,0.05911546175701311,0.9408845382429867
2013-04-04,24,24,0,1.0,0.0,24,1.0,0.07015517826934131,0.9298448217306605
2013-04-05,22,22,0,1.0,0.0,22,1.0,0.07706431215548298,0.9229356878445163
2013-04-06,1,1,0,1.0,0.0,1,1.0,0.0009844000420322354,0.9990155999579731
2013-04-07,2,2,0,1.0,0.0,2,1.0,0.0027582466966314875,0.9972417533033748
2013-04-08,20,20,0,1.0,0.0,20,1.0,0.07600167331082841,0.923998326689172
2013-04-09,26,26,0,1.0,0.0,26,1.0,0.05904141985732728,0.9409585801426725
2013-04-10,37,36,1,0.972972972972973,0.02702702702702703,35,0.945945945945946,0.08189987244703141,0.9181001275529684
2013-04-11,24,23,1,0.9583333333333334,0.041666666666666664,22,0.9166666666666667,0.05880524522107159,0.9411947547789272
2013-04-12,18,18,0,1.0,0.0,18,1.0,0.045712679215146074,0.9542873207848549
2013-04-13,1,1,0,1.0,0.0,1,1.0,0.05839992464510889,0.9416000753548915
2013-04-14,4,4,0,1.0,0.0,4,1.0,0.03270468926251523,0.9672953107374829
2013-04-15,19,19,0,1.0,0.0,19,1.0,0.026826678215109406,0.9731733217848898
2013-04-16,22,22,0,1.0,0.0,22,1.0,0.06191863163367943,0.9380813683663192
2013-04-17,42,42,0,1.0,0.0,42,1.0,0.06841013787047692,0.9315898621295234
2013-04-18,54,54,0,1.0,0.0,54,1.0,0.04251774411894144,0.9574822558810576
2013-04-19,30,29,1,0.9666666666666667,0.03333333333333333,28,0.9333333333333333,0.062083209254529786,0.9379167907454693
2013-04-20,3,3,0,1.0,0.0,3,1.0,0.0015512945684750025,0.9984487054315229
2013-04-21,7,7,0,1.0,0.0,7,1.0,0.030543721908654176,0.9694562780913462
2013-04-22,48,48,0,1.0,0.0,48,1.0,0.051423030871684115,0.9485769691283158
2013-04-23,62,62,0,1.0,0.0,62,1.0,0.032519788645103534,0.967480211354897
2013-04-24,82,81,1,0.9878048780487805,0.012195121951219513,80,0.975609756097561,0.041083818380393204,0.958916181619607
2013-04-25,35,33,2,0.9428571428571428,0.05714285714285714,31,0.8857142857142857,0.06744986351038872,0.9325501364896118
2013-04-26,30,30,0,1.0,0.0,30,1.0,0.05479132889816152,0.9452086711018389
2013-04-27,1,1,0,1.0,0.0,1,1.0,0.0018300596545605845,0.9981699403454456
2013-04-28,4,4,0,1.0,0.0,4,1.0,0.008127841221407764,0.9918721587785917
2013-04-29,42,42,0,1.0,0.0,42,1.0,0.043551311999672826,0.9564486880003277
2013-04-30,62,62,0,1.0,0.0,62,1.0,0.04538076988566291,0.9546192301143368
2013-05-01,30,30,0,1.0,0.0,30,1.0,0.02412067096404285,0.975879329035958
2013-05-02,26,26,0,1.0,0.0,26,1.0,0.022464410440409664,0.9775355895595893
2013-05-03,29,29,0,1.0,0.0,29,1.0,0.025148889848403255,0.9748511101515975
2013-05-04,2,2,0,1.0,0.0,2,1.0,9.48690552027282e-05,0.9999051309447968
2013-05-05,3,3,0,1.0,0.0,3,1.0,0.007272387773574009,0.9927276122264219
2013-05-06,34,34,0,1.0,0.0,34,1.0,0.057321343613529564,0.9426786563864695
2013-05-07,31,31,0,1.0,0.0,31,1.0,0.04487944173419601,0.955120558265804
2013-05-08,26,26,0,1.0,0.0,26,1.0,0.021153223447059142,0.9788467765529417
2013-05-09,19,19,0,1.0,0.0,19,1.0,0.04115477725736814,0.95884522274263
2013-05-10,25,25,0,1.0,0.0,25,1.0,0.033717635436358695,0.966282364563641
2013-05-11,1,1,0,1.0,0.0,1,1.0,9.127346388764655e-05,0.9999087265361112
2013-05-12,3,3,0,1.0,0.0,3,1.0,0.24714325602004025,0.7528567439799619
2013-05-13,20,20,0,1.0,0.0,20,1.0,0.06719004546271234,0.9328099545372884
2013-05-14,34,34,0,1.0,0.0,34,1.0,0.05408240867592988,0.945917591324071
2013-05-15,43,43,0,1.0,0.0,43,1.0,0.051442688573701024,0.9485573114262994
2013-05-16,22,21,1,0.9545454545454546,0.045454545454545456,20,0.9090909090909092,0.07616073778412057,0.9238392622158784
2013-05-17,28,28,0,1.0,0.0,28,1.0,0.01722976029320154,0.9827702397067982
2013-05-19,1,1,0,1.0,0.0,1,1.0,0.00026098851780517187,0.9997390114821882
2013-05-20,35,35,0,1.0,0.0,35,1.0,0.044831809924540715,0.9551681900754598
2013-05-21,55,55,0,1.0,0.0,55,1.0,0.04517734487391663,0.9548226551260829
2013-05-22,38,38,0,1.0,0.0,38,1.0,0.03203448711832283,0.9679655128816781
2013-05-23,39,38,1,0.9743589743589743,0.02564102564102564,37,0.9487179487179487,0.06466619792508106,0.935333802074918
2013-05-24,18,17,1,0.9444444444444444,0.05555555555555555,16,0.8888888888888888,0.05298270264287264,0.9470172973571263
2013-05-25,1,1,0,1.0,0.0,1,1.0,0.03706514432810166,0.9629348556718914
2013-05-26,3,3,0,1.0,0.0,3,1.0,0.15116624099905812,0.8488337590009397
2013-05-27,14,13,1,0.9285714285714286,0.07142857142857142,12,0.8571428571428572,0.06758305066110827,0.9324169493388909
2013-05-28,26,26,0,1.0,0.0,26,1.0,0.05504736644909512,0.9449526335509054
2013-05-29,24,23,1,0.9583333333333334,0.041666666666666664,22,0.9166666666666667,0.11000470220836106,0.8899952977916384
2013-05-30,21,20,1,0.9523809523809523,0.047619047619047616,19,0.9047619047619047,0.10188873217206411,0.8981112678279354
2013-05-31,25,25,0,1.0,0.0,25,1.0,0.0699273450330718,0.9300726549669278
2013-06-02,7,7,0,1.0,0.0,7,1.0,0.04331886903451442,0.9566811309654862
2013-06-03,41,41,0,1.0,0.0,41,1.0,0.04334856149383391,0.9566514385061659
2013-06-04,39,38,1,0.9743589743589743,0.02564102564102564,37,0.9487179487179487,0.08236011277754009,0.9176398872224595
2013-06-05,35,34,1,0.9714285714285714,0.02857142857142857,33,0.9428571428571428,0.06532978906855307,0.934670210931447
2013-06-06,31,31,0,1.0,0.0,31,1.0,0.040542565375167434,0.9594574346248329
2013-06-07,35,35,0,1.0,0.0,35,1.0,0.07894860142925693,0.9210513985707438
2013-06-08,3,3,0,1.0,0.0,3,1.0,0.024049152110261113,0.9759508478897395
2013-06-09,3,3,0,1.0,0.0,3,1.0,0.07725834556241667,0.9227416544375853
2013-06-10,62,59,3,0.9516129032258065,0.04838709677419355,56,0.903225806451613,0.1275709703184509,0.872429029681549
2013-06-11,34,34,0,1.0,0.0,34,1.0,0.10372363808968599,0.8962763619103148
2013-06-12,31,31,0,1.0,0.0,31,1.0,0.03770698828683091,0.9622930117131687
2013-06-13,31,30,1,0.967741935483871,0.03225806451612903,29,0.935483870967742,0.07889934588366346,0.9211006541163367
2013-06-14,14,13,1,0.9285714285714286,0.07142857142857142,12,0.8571428571428572,0.09775586490567291,0.9022441350943264
2013-06-15,1,1,0,1.0,0.0,1,1.0,0.014399987451184402,0.9856000125488137
2013-06-16,3,3,0,1.0,0.0,3,1.0,0.028102662246959193,0.9718973377530361
2013-06-17,24,24,0,1.0,0.0,24,1.0,0.038952752942250084,0.9610472470577509
2013-06-18,25,25,0,1.0,0.0,25,1.0,0.03282642298438738,0.9671735770156126
2013-06-19,27,27,0,1.0,0.0,27,1.0,0.06768912284099587,0.932310877159005
2013-06-20,22,22,0,1.0,0.0,22,1.0,0.05699995217875687,0.9430000478212445
2013-06-21,26,26,0,1.0,0.0,26,1.0,0.07635388699406061,0.9236461130059396
2013-06-23,4,4,0,1.0,0.0,4,1.0,0.044146293671221366,0.9558537063287811
2013-06-24,30,30,0,1.0,0.0,30,1.0,0.08078061014555783,0.9192193898544423
2013-06-25,23,23,0,1.0,0.0,23,1.0,0.059598131376284925,0.9404018686237159
2013-06-26,18,17,1,0.9444444444444444,0.05555555555555555,16,0.8888888888888888,0.08512080271425676,0.9148791972857436
2013-06-27,24,24,0,1.0,0.0,24,1.0,0.06374566449133896,0.9362543355086613
2013-06-28,17,17,0,1.0,0.0,17,1.0,0.06626964849343757,0.9337303515065632
2013-06-30,6,6,0,1.0,0.0,6,1.0,0.032523152034484255,0.9674768479655157
2013-07-01,29,29,0,1.0,0.0,29,1.0,0.07137956615521521,0.9286204338447859
2013-07-02,20,19,1,0.95,0.05,18,0.8999999999999999,0.07542977382980043,0.9245702261701993
2013-07-03,25,25,0,1.0,0.0,25,1.0,0.04956898068812471,0.9504310193118768
2013-07-04,7,7,0,1.0,0.0,7,1.0,0.04939127833374228,0.9506087216662548
2013-07-05,15,15,0,1.0,0.0,15,1.0,0.027758817238379207,0.9722411827616223
2013-07-06,1,1,0,1.0,0.0,1,1.0,0.11104059736079396,0.8889594026392058
2013-07-08,24,24,0,1.0,0.0,24,1.0,0.036818311850764375,0.963181688149236
2013-07-09,28,28,0,1.0,0.0,28,1.0,0.09023189522585363,0.9097681047741467
2013-07-10,37,37,0,1.0,0.0,37,1.0,0.0575112910764589,0.9424887089235409
2013-07-11,33,33,0,1.0,0.0,33,1.0,0.06779975414295547,0.9322002458570438
2013-07-12,15,15,0,1.0,0.0,15,1.0,0.0861743492307804,0.9138256507692204
2013-07-13,3,3,0,1.0,0.0,3,1.0,0.12090808895864713,0.8790919110413532
2013-07-14,2,2,0,1.0,0.0,2,1.0,0.12968555510233618,0.8703144448976636
2013-07-15,17,16,1,0.9411764705882353,0.058823529411764705,15,0.8823529411764706,0.16431421887939446,0.8356857811206057
2013-07-16,19,19,0,1.0,0.0,19,1.0,0.06265025667349267,0.9373497433265067
2013-07-17,24,24,0,1.0,0.0,24,1.0,0.08484562850411036,0.9151543714958903
2013-07-18,27,27,0,1.0,0.0,27,1.0,0.06334748146278561,0.9366525185372144
2013-07-19,20,19,1,0.95,0.05,18,0.8999999999999999,0.09907422378591806,0.9009257762140808
2013-07-20,4,4,0,1.0,0.0,4,1.0,0.016478387416210886,0.9835216125837902
2013-07-21,2,2,0,1.0,0.0,2,1.0,0.003537832969622215,0.9964621670303703
2013-07-22,46,46,0,1.0,0.0,46,1.0,0.030994291087563578,0.9690057089124359
2013-07-23,55,55,0,1.0,0.0,55,1.0,0.04312155673935519,0.956878443260645
2013-07-24,76,76,0,1.0,0.0,76,1.0,0.04345061093103263,0.9565493890689672
2013-07-25,24,24,0,1.0,0.0,24,1.0,0.03555336583501742,0.9644466341649841
2013-07-26,23,23,0,1.0,0.0,23,1.0,0.049363617641100234,0.9506363823588997
2013-07-28,5,5,0,1.0,0.0,5,1.0,0.024811305770892855,0.9751886942291078
2013-07-29,20,20,0,1.0,0.0,20,1.0,0.07006772543584008,0.9299322745641593
2013-07-30,27,27,0,1.0,0.0,27,1.0,0.03420658387898888,0.9657934161210119
2013-07-31,39,39,0,1.0,0.0,39,1.0,0.07966894763014985,0.9203310523698505
2013-08-01,28,28,0,1.0,0.0,28,1.0,0.07321110655529287,0.9267888934447068
2013-08-02,32,32,0,1.0,0.0,32,1.0,0.04890968495355119,0.9510903150464483
2013-08-03,2,2,0,1.0,0.0,2,1.0,0.1223794134793625,0.8776205865206407
2013-08-04,3,2,1,0.6666666666666666,0.3333333333333333,1,0.3333333333333333,0.2509080363499632,0.7490919636500365
2013-08-05,30,30,0,1.0,0.0,30,1.0,0.06412737214363348,0.9358726278563656
2013-08-06,29,28,1,0.9655172413793104,0.034482758620689655,27,0.9310344827586208,0.10059838495847094,0.8994016150415288
2013-08-07,31,31,0,1.0,0.0,31,1.0,0.047640092020136714,0.9523599079798626
2013-08-08,25,25,0,1.0,0.0,25,1.0,0.04605640352579382,0.9539435964742067
2013-08-09,25,25,0,1.0,0.0,25,1.0,0.07825973382969734,0.9217402661703022
2013-08-10,3,3,0,1.0,0.0,3,1.0,0.1391337264673821,0.8608662735326177
2013-08-11,3,3,0,1.0,0.0,3,1.0,0.08630173726982314,0.9136982627301765
2013-08-12,34,34,0,1.0,0.0,34,1.0,0.07019741688900376,0.9298025831109953
2013-08-13,50,50,0,1.0,0.0,50,1.0,0.04767683438952152,0.9523231656104784
2013-08-14,54,54,0,1.0,0.0,54,1.0,0.03908129040939879,0.9609187095906015
2013-08-15,33,32,1,0.9696969696969697,0.030303030303030304,31,0.9393939393939394,0.06379470587640337,0.9362052941235967
2013-08-16,26,26,0,1.0,0.0,26,1.0,0.027234957045866152,0.9727650429541341
2013-08-18,3,3,0,1.0,0.0,3,1.0,0.013592988071046424,0.9864070119289489
2013-08-19,25,25,0,1.0,0.0,25,1.0,0.05301887783168852,0.9469811221683111
2013-08-20,22,22,0,1.0,0.0,22,1.0,0.0652395008331166,0.9347604991668842
2013-08-21,27,27,0,1.0,0.0,27,1.0,0.06390685751615383,0.9360931424838457
2013-08-22,27,27,0,1.0,0.0,27,1.0,0.0502228465848407,0.9497771534151588
2013-08-23,39,39,0,1.0,0.0,39,1.0,0.039770939828090206,0.9602290601719116
2013-08-24,5,5,0,1.0,0.0,5,1.0,0.035090114790251495,0.9649098852097489
2013-08-25,1,1,0,1.0,0.0,1,1.0,0.0349387237634133,0.9650612762365932
2013-08-26,23,23,0,1.0,0.0,23,1.0,0.05296138062255502,0.9470386193774437
2013-08-27,28,27,1,0.9642857142857143,0.03571428571428571,26,0.9285714285714286,0.07147242702393915,0.9285275729760617
2013-08-28,23,22,1,0.9565217391304348,0.043478260869565216,21,0.9130434782608696,0.06669924377247125,0.933300756227529
2013-08-29,25,25,0,1.0,0.0,25,1.0,0.045666354379851073,0.9543336456201491
2013-08-30,23,23,0,1.0,0.0,23,1.0,0.050231432435910814,0.9497685675640902
2013-08-31,1,1,0,1.0,0.0,1,1.0,0.28637386224318506,0.7136261377568136
2013-09-01,3,3,0,1.0,0.0,3,1.0,0.030478278856030532,0.9695217211439718
2013-09-02,6,6,0,1.0,0.0,6,1.0,0.05975026010320051,0.9402497398968018
2013-09-03,46,46,0,1.0,0.0,46,1.0,0.0321073647806076,0.9678926352193938
2013-09-04,48,48,0,1.0,0.0,48,1.0,0.05293811174940554,0.9470618882505941
2013-09-05,32,32,0,1.0,0.0,32,1.0,0.07853165418438282,0.9214683458156168
2013-09-06,37,37,0,1.0,0.0,37,1.0,0.0699219974846454,0.9300780025153549
2013-09-07,3,3,0,1.0,0.0,3,1.0,0.10331763875841486,0.896682361241585
2013-09-08,8,8,0,1.0,0.0,8,1.0,0.03710487149655968,0.9628951285034437
2013-09-09,42,42,0,1.0,0.0,42,1.0,0.02986853473458593,0.9701314652654147
2013-09-10,81,80,1,0.9876543209876543,0.012345679012345678,79,0.9753086419753085,0.062210972514372034,0.9377890274856286
2013-09-11,108,108,0,1.0,0.0,108,1.0,0.045560656383487226,0.9544393436165125
2013-09-12,47,45,2,0.9574468085106383,0.0425531914893617,43,0.9148936170212767,0.08618087466510282,0.9138191253348985
2013-09-13,24,23,1,0.9583333333333334,0.041666666666666664,22,0.9166666666666667,0.053160164847195414,0.9468398351528045
2013-09-14,1,1,0,1.0,0.0,1,1.0,0.03187322404814023,0.9681267759518611
2013-09-15,2,2,0,1.0,0.0,2,1.0,0.005038881941531649,0.9949611180584703
2013-09-16,37,36,1,0.972972972972973,0.02702702702702703,35,0.945945945945946,0.05276054703116833,0.9472394529688309
2013-09-17,26,26,0,1.0,0.0,26,1.0,0.03691188607547562,0.9630881139245251
2013-09-18,43,43,0,1.0,0.0,43,1.0,0.0502639499604441,0.9497360500395552
2013-09-19,29,29,0,1.0,0.0,29,1.0,0.060214981129176684,0.9397850188708233
2013-09-20,47,47,0,1.0,0.0,47,1.0,0.05619484381555559,0.9438051561844447
2013-09-21,3,3,0,1.0,0.0,3,1.0,0.13693273470236586,0.8630672652976289
2013-09-22,8,8,0,1.0,0.0,8,1.0,0.06239521515889024,0.9376047848411101
2013-09-23,60,59,1,0.9833333333333333,0.016666666666666666,58,0.9666666666666666,0.06950590448512324,0.9304940955148756
2013-09-24,38,38,0,1.0,0.0,38,1.0,0.059676366467760304,0.9403236335322411
2013-09-25,29,29,0,1.0,0.0,29,1.0,0.04126725398636246,0.9587327460136364
2013-09-26,26,26,0,1.0,0.0,26,1.0,0.026055047019936776,0.9739449529800616
2013-09-27,21,21,0,1.0,0.0,21,1.0,0.0643607227489601,0.9356392772510412
2013-09-29,2,2,0,1.0,0.0,2,1.0,0.01568171823581449,0.9843182817641829
2013-09-30,33,33,0,1.0,0.0,33,1.0,0.050281249908695355,0.9497187500913035
2013-10-01,23,23,0,1.0,0.0,23,1.0,0.06948159190735029,0.9305184080926494
2013-10-02,25,25,0,1.0,0.0,25,1.0,0.05725457797826014,0.9427454220217412
2013-10-03,23,23,0,1.0,0.0,23,1.0,0.023732299864481752,0.9762677001355179
2013-10-04,24,24,0,1.0,0.0,24,1.0,0.0775051467806767,0.9224948532193226
2013-10-06,5,5,0,1.0,0.0,5,1.0,0.050401586552772625,0.9495984134472275
2013-10-07,32,31,1,0.96875,0.03125,30,0.9375,0.042569257159903034,0.9574307428400973
2013-10-08,34,32,2,0.9411764705882353,0.058823529411764705,30,0.8823529411764706,0.08717508806474339,0.9128249119352563
2013-10-09,34,34,0,1.0,0.0,34,1.0,0.05465845279269882,0.9453415472073017
2013-10-10,24,24,0,1.0,0.0,24,1.0,0.04417146110308656,0.9558285388969122
2013-10-11,13,13,0,1.0,0.0,13,1.0,0.07345413561830728,0.9265458643816932
2013-10-12,1,1,0,1.0,0.0,1,1.0,0.008694660874812554,0.9913053391251927
2013-10-13,2,2,0,1.0,0.0,2,1.0,0.0009775874873860417,0.9990224125126081
2013-10-14,17,17,0,1.0,0.0,17,1.0,0.03324209057071057,0.9667579094292895
2013-10-15,36,36,0,1.0,0.0,36,1.0,0.084782717182144,0.9152172828178559
2013-10-16,32,32,0,1.0,0.0,32,1.0,0.06742294852401884,0.9325770514759804
2013-10-17,26,26,0,1.0,0.0,26,1.0,0.048667342770739364,0.9513326572292614
2013-10-18,24,24,0,1.0,0.0,24,1.0,0.02914657979612335,0.970853420203877
2013-10-19,1,1,0,1.0,0.0,1,1.0,0.008372188750939917,0.9916278112490615
2013-10-20,1,1,0,1.0,0.0,1,1.0,0.12242654928224536,0.877573450717754
2013-10-21,40,40,0,1.0,0.0,40,1.0,0.022450116478054172,0.9775498835219452
2013-10-22,54,52,2,0.9629629629629629,0.037037037037037035,50,0.9259259259259258,0.10852685655851246,0.8914731434414871
2013-10-23,38,38,0,1.0,0.0,38,1.0,0.053829069774354435,0.9461709302256458
2013-10-24,42,42,0,1.0,0.0,42,1.0,0.054426347872094674,0.9455736521279059
2013-10-25,33,33,0,1.0,0.0,33,1.0,0.03810966758396419,0.9618903324160362
2013-10-26,1,1,0,1.0,0.0,1,1.0,0.05495857936164224,0.9450414206383577
2013-10-27,6,6,0,1.0,0.0,6,1.0,0.06839222600359089,0.9316077739964088
2013-10-28,66,66,0,1.0,0.0,66,1.0,0.02615477479092645,0.9738452252090739
2013-10-29,40,40,0,1.0,0.0,40,1.0,0.03960454383692798,0.9603954561630719
2013-10-30,37,37,0,1.0,0.0,37,1.0,0.053436653403762704,0.9465633465962366
2013-10-31,24,24,0,1.0,0.0,24,1.0,0.038051072770838086,0.9619489272291619
2013-11-01,19,19,0,1.0,0.0,19,1.0,0.040663110107520904,0.959336889892478
2013-11-03,2,2,0,1.0,0.0,2,1.0,0.007397141230701877,0.9926028587693008
2013-11-04,21,21,0,1.0,0.0,21,1.0,0.029964647579833477,0.9700353524201655
2013-11-05,26,26,0,1.0,0.0,26,1.0,0.03323645752935606,0.9667635424706444
2013-11-06,31,31,0,1.0,0.0,31,1.0,0.03662839142620086,0.9633716085737996
2013-11-07,15,15,0,1.0,0.0,15,1.0,0.008197649591248381,0.991802350408752
2013-11-08,18,18,0,1.0,0.0,18,1.0,0.04714387506523559,0.9528561249347638
2013-11-09,4,4,0,1.0,0.0,4,1.0,0.3329281154580399,0.6670718845419603
2013-11-10,4,4,0,1.0,0.0,4,1.0,0.07933020043315156,0.920669799566848
2013-11-11,20,20,0,1.0,0.0,20,1.0,0.08554716193386978,0.9144528380661295
2013-11-12,31,31,0,1.0,0.0,31,1.0,0.056968479918950495,0.9430315200810506
2013-11-13,28,27,1,0.9642857142857143,0.03571428571428571,26,0.9285714285714286,0.11874716249707938,0.8812528375029218
2013-11-14,30,29,1,0.9666666666666667,0.03333333333333333,28,0.9333333333333333,0.058077305252222315,0.9419226947477773
2013-11-15,22,22,0,1.0,0.0,22,1.0,0.07143150594650617,0.9285684940534943
2013-11-16,1,1,0,1.0,0.0,1,1.0,0.0023631911717458313,0.997636808828258
2013-11-17,6,6,0,1.0,0.0,6,1.0,0.02414056057481372,0.9758594394251864
2013-11-18,33,33,0,1.0,0.0,33,1.0,0.045829907787960825,0.9541700922120392
2013-11-19,37,37,0,1.0,0.0,37,1.0,0.05105614256056428,0.948943857439436
2013-11-20,26,26,0,1.0,0.0,26,1.0,0.045146251337213554,0.9548537486627868
2013-11-21,34,34,0,1.0,0.0,34,1.0,0.04201321836411966,0.9579867816358799
2013-11-22,25,25,0,1.0,0.0,25,1.0,0.05518391478699129,0.944816085213009
2013-11-24,3,3,0,1.0,0.0,3,1.0,0.01353972488237469,0.9864602751176218
2013-11-25,28,28,0,1.0,0.0,28,1.0,0.06659703693937538,0.933402963060626
2013-11-26,12,12,0,1.0,0.0,12,1.0,0.04539565233400116,0.9546043476659981
2013-11-27,14,13,1,0.9285714285714286,0.07142857142857142,12,0.8571428571428572,0.13142076612811884,0.8685792338718813
2013-11-28,4,4,0,1.0,0.0,4,1.0,0.027163578491571003,0.9728364215084286
2013-11-29,17,17,0,1.0,0.0,17,1.0,0.005966970282763873,0.9940330297172366
2013-12-01,2,2,0,1.0,0.0,2,1.0,0.03750036334390357,0.9624996366560961
2013-12-02,18,18,0,1.0,0.0,18,1.0,0.029935045795826794,0.9700649542041746
2013-12-03,20,20,0,1.0,0.0,20,1.0,0.08062940570437352,0.9193705942956271
2013-12-04,17,17,0,1.0,0.0,17,1.0,0.08205136526853889,0.9179486347314612
2013-12-05,28,28,0,1.0,0.0,28,1.0,0.08389306451337751,0.9161069354866221
2013-12-06,14,13,1,0.9285714285714286,0.07142857142857142,12,0.8571428571428572,0.12002102263013918,0.8799789773698629
2013-12-09,12,12,0,1.0,0.0,12,1.0,0.0793727682007458,0.9206272317992544
2013-12-10,13,13,0,1.0,0.0,13,1.0,0.024473539044923352,0.9755264609550777
2013-12-11,16,16,0,1.0,0.0,16,1.0,0.06603037302346662,0.933969626976533
2013-12-12,16,16,0,1.0,0.0,16,1.0,0.1556081302357803,0.8443918697642199
2013-12-13,9,9,0,1.0,0.0,9,1.0,0.09030208798913254,0.9096979120108661
2013-12-14,1,1,0,1.0,0.0,1,1.0,0.06162614842503898,0.9383738515749597
2013-12-15,4,4,0,1.0,0.0,4,1.0,0.15011919574263088,0.8498808042573693
2013-12-16,6,6,0,1.0,0.0,6,1.0,0.06865892987257192,0.9313410701274258
2013-12-17,14,13,1,0.9285714285714286,0.07142857142857142,12,0.8571428571428572,0.08205074225297664,0.9179492577470231
2013-12-18,16,16,0,1.0,0.0,16,1.0,0.13591773398433876,0.86408226601566
2013-12-19,9,9,0,1.0,0.0,9,1.0,0.10456554682355251,0.8954344531764501
2013-12-20,12,12,0,1.0,0.0,12,1.0,0.02805770867092496,0.9719422913290742
2013-12-21,1,1,0,1.0,0.0,1,1.0,0.06882084827016961,0.9311791517298309
2013-12-22,10,10,0,1.0,0.0,10,1.0,0.2819760972918658,0.7180239027081351
2013-12-23,37,37,0,1.0,0.0,37,1.0,0.1103997857363384,0.8896002142636624
2013-12-24,6,6,0,1.0,0.0,6,1.0,0.0786747129773807,0.9213252870226188
2013-12-25,2,2,0,1.0,0.0,2,1.0,0.07326467118082979,0.9267353288191695
2013-12-26,4,4,0,1.0,0.0,4,1.0,0.014426938182670896,0.9855730618173288
2013-12-27,8,8,0,1.0,0.0,8,1.0,0.0854525454692855,0.9145474545307162
2013-12-28,1,1,0,1.0,0.0,1,1.0,0.021145624151652043,0.9788543758483476
2013-12-30,8,8,0,1.0,0.0,8,1.0,0.0703349740630969,0.9296650259369015
2013-12-31,13,13,0,1.0,0.0,13,1.0,0.07840765717123833,0.9215923428287639
2014-01-02,10,10,0,1.0,0.0,10,1.0,0.03373932316046389,0.9662606768395365
2014-01-03,9,9,0,1.0,0.0,9,1.0,0.038719826680867625,0.9612801733191321
2014-01-04,1,1,0,1.0,0.0,1,1.0,0.303865082173216,0.6961349178267849
2014-01-05,1,0,1,0.0,1.0,-1,-1.0,0.7759338089944794,0.22406619100551894
2014-01-06,13,13,0,1.0,0.0,13,1.0,0.039642276970605565,0.9603577230293958
2014-01-07,20,20,0,1.0,0.0,20,1.0,0.050626884501912016,0.9493731154980883
2014-01-08,16,16,0,1.0,0.0,16,1.0,0.10303327073844812,0.8969667292615524
2014-01-09,14,14,0,1.0,0.0,14,1.0,0.04959647052297247,0.950403529477026
2014-01-10,13,13,0,1.0,0.0,13,1.0,0.0633653186580147,0.9366346813419851
2014-01-11,2,2,0,1.0,0.0,2,1.0,0.0584421452620531,0.9415578547379457
2014-01-13,14,14,0,1.0,0.0,14,1.0,0.13246469927182608,0.8675353007281731
2014-01-14,17,16,1,0.9411764705882353,0.058823529411764705,15,0.8823529411764706,0.12762527562166204,0.8723747243783385
2014-01-15,25,25,0,1.0,0.0,25,1.0,0.0636567106717908,0.9363432893282092
2014-01-16,17,17,0,1.0,0.0,17,1.0,0.09236496944860303,0.9076350305513966
2014-01-17,16,16,0,1.0,0.0,16,1.0,0.09042015582772622,0.9095798441722734
2014-01-18,1,1,0,1.0,0.0,1,1.0,0.028313855121086588,0.9716861448789148
2014-01-20,4,4,0,1.0,0.0,4,1.0,0.04563699344949418,0.9543630065505063
2014-01-21,11,11,0,1.0,0.0,11,1.0,0.09087783049492296,0.9091221695050771
2014-01-22,14,14,0,1.0,0.0,14,1.0,0.04891449481659301,0.9510855051834065
2014-01-23,23,23,0,1.0,0.0,23,1.0,0.050083611124253406,0.9499163888757469
2014-01-24,16,16,0,1.0,0.0,16,1.0,0.09174968159614214,0.9082503184038566
2014-01-25,1,1,0,1.0,0.0,1,1.0,0.06859953910415413,0.931400460895845
2014-01-26,1,1,0,1.0,0.0,1,1.0,0.12129477809027313,0.8787052219097266
2014-01-27,38,38,0,1.0,0.0,38,1.0,0.08104401565209045,0.9189559843479095
2014-01-28,51,51,0,1.0,0.0,51,1.0,0.04301235496237692,0.9569876450376229
2014-01-29,11,11,0,1.0,0.0,11,1.0,0.054532586975520034,0.945467413024478
2014-01-30,9,9,0,1.0,0.0,9,1.0,0.06082588415144498,0.9391741158485538
2014-01-31,6,6,0,1.0,0.0,6,1.0,0.02307725872749077,0.9769227412725071
2014-02-03,8,7,1,0.875,0.125,6,0.75,0.11787995211181726,0.882120047888184
2014-02-04,14,13,1,0.9285714285714286,0.07142857142857142,12,0.8571428571428572,0.07680381812341645,0.9231961818765837
2014-02-05,8,8,0,1.0,0.0,8,1.0,0.02207397837130592,0.9779260216286925
2014-02-06,14,13,1,0.9285714285714286,0.07142857142857142,12,0.8571428571428572,0.07768067443957889,0.9223193255604215
2014-02-07,22,22,0,1.0,0.0,22,1.0,0.06048605076564483,0.9395139492343566
2014-02-09,3,3,0,1.0,0.0,3,1.0,0.06746803912205503,0.9325319608779439
2014-02-10,17,17,0,1.0,0.0,17,1.0,0.05151038813241311,0.9484896118675886
2014-02-11,18,18,0,1.0,0.0,18,1.0,0.1189201340865938,0.8810798659134063
2014-02-12,14,14,0,1.0,0.0,14,1.0,0.07572103201626867,0.9242789679837312
2014-02-13,12,12,0,1.0,0.0,12,1.0,0.05982496093806183,0.9401750390619382
2014-02-14,8,8,0,1.0,0.0,8,1.0,0.06482766257949352,0.9351723374205064
2014-02-16,1,1,0,1.0,0.0,1,1.0,0.0813858823059946,0.9186141176940055
2014-02-17,2,2,0,1.0,0.0,2,1.0,0.17754722195063904,0.8224527780493611
2014-02-18,13,13,0,1.0,0.0,13,1.0,0.02200906415526949,0.9779909358447305
2014-02-19,15,15,0,1.0,0.0,15,1.0,0.06862928484115698,0.9313707151588452
2014-02-20,10,10,0,1.0,0.0,10,1.0,0.07400506053694574,0.9259949394630537
2014-02-21,8,8,0,1.0,0.0,8,1.0,0.06994663450549023,0.9300533654945096
2014-02-22,4,4,0,1.0,0.0,4,1.0,0.09250730087348924,0.9074926991265101
2014-02-23,1,1,0,1.0,0.0,1,1.0,0.035363653033395885,0.9646363469666039
2014-02-24,18,18,0,1.0,0.0,18,1.0,0.04509129554627521,0.9549087044537234
2014-02-25,10,10,0,1.0,0.0,10,1.0,0.10911287446467414,0.8908871255353272
2014-02-26,13,13,0,1.0,0.0,13,1.0,0.022589070698571006,0.9774109293014296
2014-02-27,11,11,0,1.0,0.0,11,1.0,0.06298926086370692,0.9370107391362921
2014-02-28,12,12,0,1.0,0.0,12,1.0,0.05432220348849653,0.9456777965115043
2014-03-03,13,13,0,1.0,0.0,13,1.0,0.07766226707766918,0.9223377329223303
2014-03-04,14,14,0,1.0,0.0,14,1.0,0.07210323910987984,0.9278967608901231
2014-03-05,14,14,0,1.0,0.0,14,1.0,0.11992427460553179,0.880075725394469
2014-03-06,17,17,0,1.0,0.0,17,1.0,0.07081855712697416,0.9291814428730258
2014-03-07,10,10,0,1.0,0.0,10,1.0,0.01580449456414314,0.9841955054358552
2014-03-10,6,6,0,1.0,0.0,6,1.0,0.09957529371502745,0.9004247062849734
2014-03-11,8,8,0,1.0,0.0,8,1.0,0.053032353937126506,0.9469676460628741
2014-03-12,12,12,0,1.0,0.0,12,1.0,0.06978155309471794,0.9302184469052833
2014-03-13,16,16,0,1.0,0.0,16,1.0,0.016584850482494543,0.9834151495175036
2014-03-14,12,11,1,0.9166666666666666,0.08333333333333333,10,0.8333333333333333,0.08819952359598716,0.9118004764040122
2014-03-16,1,1,0,1.0,0.0,1,1.0,0.1254526462791971,0.8745473537208037
2014-03-17,10,10,0,1.0,0.0,10,1.0,0.09948390130664674,0.9005160986933536
2014-03-18,13,13,0,1.0,0.0,13,1.0,0.10983928074537802,0.8901607192546215
2014-03-19,11,11,0,1.0,0.0,11,1.0,0.024521076831044306,0.9754789231689547
2014-03-20,12,12,0,1.0,0.0,12,1.0,0.07226577913621557,0.9277342208637865
2014-03-21,6,6,0,1.0,0.0,6,1.0,0.08762556732560667,0.9123744326743947
2014-03-23,3,3,0,1.0,0.0,3,1.0,0.17959930785044728,0.8204006921495525
2014-03-24,26,26,0,1.0,0.0,26,1.0,0.017933866499675998,0.9820661335003247
2014-03-25,13,13,0,1.0,0.0,13,1.0,0.04955982302343676,0.950440176976564
2014-03-26,8,8,0,1.0,0.0,8,1.0,0.02115332589266284,0.9788466741073397
2014-03-27,8,8,0,1.0,0.0,8,1.0,0.0403133107188408,0.959686689281162
2014-03-28,21,21,0,1.0,0.0,21,1.0,0.1155836678395257,0.8844163321604745
2014-03-30,1,1,0,1.0,0.0,1,1.0,0.0470205191955089,0.9529794808044924
2014-03-31,9,9,0,1.0,0.0,9,1.0,0.043502698502623526,0.956497301497378
2014-04-01,21,21,0,1.0,0.0,21,1.0,0.08198667028041508,0.9180133297195848
2014-04-02,21,20,1,0.9523809523809523,0.047619047619047616,19,0.9047619047619047,0.08635806543713871,0.9136419345628619
2014-04-03,9,9,0,1.0,0.0,9,1.0,0.037233032053355104,0.962766967946645
2014-04-04,17,17,0,1.0,0.0,17,1.0,0.030289760168175285,0.9697102398318248
2014-04-06,1,1,0,1.0,0.0,1,1.0,0.038221373871600434,0.9617786261283986
2014-04-07,9,9,0,1.0,0.0,9,1.0,0.03707059792960391,0.962929402070396
2014-04-08,14,14,0,1.0,0.0,14,1.0,0.04853887523697399,0.9514611247630258
2014-04-09,13,13,0,1.0,0.0,13,1.0,0.06589091166437269,0.9341090883356282
2014-04-10,13,13,0,1.0,0.0,13,1.0,0.035325480822730716,0.9646745191772699
2014-04-11,14,14,0,1.0,0.0,14,1.0,0.04578100528050697,0.9542189947194931
2014-04-14,7,7,0,1.0,0.0,7,1.0,0.12341757951568463,0.8765824204843152
2014-04-15,13,12,1,0.9230769230769231,0.07692307692307693,11,0.8461538461538463,0.09590805708686807,0.9040919429131323
2014-04-16,18,18,0,1.0,0.0,18,1.0,0.110948490076432,0.8890515099235677
2014-04-17,10,9,1,0.9,0.1,8,0.8,0.15112778946770145,0.8488722105322992
2014-04-20,1,1,0,1.0,0.0,1,1.0,0.045660972588065306,0.9543390274119362
2014-04-21,13,13,0,1.0,0.0,13,1.0,0.1356205952922964,0.8643794047077041
2014-04-22,18,18,0,1.0,0.0,18,1.0,0.07046492595665801,0.9295350740433425
2014-04-23,43,43,0,1.0,0.0,43,1.0,0.05085786520622053,0.9491421347937793
2014-04-24,71,71,0,1.0,0.0,71,1.0,0.05662032479084417,0.9433796752091557
2014-04-25,25,24,1,0.96,0.04,23,0.9199999999999999,0.08385456144496459,0.9161454385550368
2014-04-27,1,1,0,1.0,0.0,1,1.0,0.041459989534742434,0.9585400104652568
2014-04-28,19,18,1,0.9473684210526315,0.05263157894736842,17,0.894736842105263,0.057118256491721114,0.9428817435082795
2014-04-29,30,30,0,1.0,0.0,30,1.0,0.08987016984609261,0.9101298301539075
2014-04-30,11,11,0,1.0,0.0,11,1.0,0.022350103030549396,0.977649896969451
2014-05-01,8,8,0,1.0,0.0,8,1.0,0.03307602476263437,0.9669239752373666
2014-05-02,17,17,0,1.0,0.0,17,1.0,0.06349143655430883,0.9365085634456927
2014-05-03,2,2,0,1.0,0.0,2,1.0,0.19649220825785385,0.8035077917421478
2014-05-05,22,21,1,0.9545454545454546,0.045454545454545456,20,0.9090909090909092,0.10801359601689403,0.8919864039831072
2014-05-06,11,11,0,1.0,0.0,11,1.0,0.04966382513035336,0.950336174869647
2014-05-07,13,13,0,1.0,0.0,13,1.0,0.0958590570835348,0.9041409429164644
2014-05-08,17,17,0,1.0,0.0,17,1.0,0.0627005475531398,0.9372994524468583
2014-05-09,37,37,0,1.0,0.0,37,1.0,0.04201615753241717,0.9579838424675832
2014-05-10,1,1,0,1.0,0.0,1,1.0,0.04822978932924815,0.9517702106707506
2014-05-12,10,10,0,1.0,0.0,10,1.0,0.05724177946387001,0.94275822053613
2014-05-13,9,9,0,1.0,0.0,9,1.0,0.009950039580804277,0.9900499604191962
2014-05-14,12,11,1,0.9166666666666666,0.08333333333333333,10,0.8333333333333333,0.13273242530626742,0.8672675746937343
2014-05-15,10,9,1,0.9,0.1,8,0.8,0.11541191328551045,0.8845880867144891
2014-05-16,20,20,0,1.0,0.0,20,1.0,0.10487917475619198,0.8951208252438088
2014-05-17,2,2,0,1.0,0.0,2,1.0,0.1337902052483335,0.8662097947516658
2014-05-18,2,2,0,1.0,0.0,2,1.0,0.10740438616231832,0.8925956138376823
2014-05-19,14,14,0,1.0,0.0,14,1.0,0.0669986463859366,0.9330013536140648
2014-05-20,20,20,0,1.0,0.0,20,1.0,0.10946068690063013,0.89053931309937
2014-05-21,19,19,0,1.0,0.0,19,1.0,0.06301217175528182,0.9369878282447186
2014-05-22,9,8,1,0.8888888888888888,0.1111111111111111,7,0.7777777777777777,0.0829512829837133,0.9170487170162893
2014-05-23,11,11,0,1.0,0.0,11,1.0,0.09253041530457295,0.9074695846954272
2014-05-25,3,3,0,1.0,0.0,3,1.0,0.12148020885183104,0.8785197911481698
2014-05-26,3,3,0,1.0,0.0,3,1.0,0.10363007310295817,0.8963699268970423
2014-05-27,22,21,1,0.9545454545454546,0.045454545454545456,20,0.9090909090909092,0.05620123914634864,0.943798760853652
2014-05-28,23,23,0,1.0,0.0,23,1.0,0.06146867426847295,0.9385313257315275
2014-05-29,23,23,0,1.0,0.0,23,1.0,0.06878500395692581,0.9312149960430741
2014-05-30,11,10,1,0.9090909090909091,0.09090909090909091,9,0.8181818181818181,0.1438759202713525,0.8561240797286472
2014-06-02,27,25,2,0.9259259259259259,0.07407407407407407,23,0.8518518518518519,0.1486201964670896,0.8513798035329105
2014-06-03,13,12,1,0.9230769230769231,0.07692307692307693,11,0.8461538461538463,0.08493026329224468,0.9150697367077553
2014-06-04,11,11,0,1.0,0.0,11,1.0,0.09701601838904374,0.9029839816109567
2014-06-05,16,16,0,1.0,0.0,16,1.0,0.028839834524805544,0.9711601654751952
2014-06-06,17,17,0,1.0,0.0,17,1.0,0.030587213894491573,0.9694127861055089
2014-06-08,1,1,0,1.0,0.0,1,1.0,0.029791459167000527,0.9702085408329983
2014-06-09,19,19,0,1.0,0.0,19,1.0,0.0530913565659571,0.946908643434042
2014-06-10,21,21,0,1.0,0.0,21,1.0,0.058290989233300824,0.9417090107666981
2014-06-11,25,25,0,1.0,0.0,25,1.0,0.04592237836176734,0.954077621638233
2014-06-12,8,8,0,1.0,0.0,8,1.0,0.02102585798548517,0.9789741420145137
2014-06-13,7,7,0,1.0,0.0,7,1.0,0.03312178880216682,0.9668782111978355
2014-06-14,1,1,0,1.0,0.0,1,1.0,0.4800556416945731,0.519944358305427
2014-06-16,7,7,0,1.0,0.0,7,1.0,0.028428612143892064,0.9715713878561091
2014-06-17,22,22,0,1.0,0.0,22,1.0,0.07786337858961541,0.9221366214103847
2014-06-18,9,8,1,0.8888888888888888,0.1111111111111111,7,0.7777777777777777,0.08751803948694953,0.9124819605130519
2014-06-19,20,19,1,0.95,0.05,18,0.8999999999999999,0.06989839489856417,0.9301016051014356
2014-06-20,17,17,0,1.0,0.0,17,1.0,0.03689283243833395,0.963107167561665
2014-06-23,18,18,0,1.0,0.0,18,1.0,0.03910191895096435,0.9608980810490342
2014-06-24,13,13,0,1.0,0.0,13,1.0,0.13296691884794476,0.8670330811520552
2014-06-25,14,13,1,0.9285714285714286,0.07142857142857142,12,0.8571428571428572,0.111210981693442,0.8887890183065575
2014-06-26,14,13,1,0.9285714285714286,0.07142857142857142,12,0.8571428571428572,0.07986039840082979,0.9201396015991703
2014-06-27,15,15,0,1.0,0.0,15,1.0,0.026171503163426847,0.9738284968365732
2014-06-29,3,3,0,1.0,0.0,3,1.0,0.04670071253011468,0.9532992874698843
2014-06-30,18,18,0,1.0,0.0,18,1.0,0.04623967964581059,0.9537603203541908
2014-07-01,13,13,0,1.0,0.0,13,1.0,0.06279125592931993,0.9372087440706801
2014-07-02,14,14,0,1.0,0.0,14,1.0,0.03847801108255176,0.9615219889174486
2014-07-03,17,17,0,1.0,0.0,17,1.0,0.0651713592404638,0.9348286407595372
2014-07-04,4,4,0,1.0,0.0,4,1.0,0.11871635492821139,0.8812836450717885
2014-07-06,2,2,0,1.0,0.0,2,1.0,0.18251214037570357,0.8174878596242968
2014-07-07,14,14,0,1.0,0.0,14,1.0,0.01926375314418378,0.9807362468558178
2014-07-08,13,13,0,1.0,0.0,13,1.0,0.10418249288026994,0.8958175071197302
2014-07-09,20,20,0,1.0,0.0,20,1.0,0.06522618194981186,0.9347738180501887
2014-07-10,12,12,0,1.0,0.0,12,1.0,0.047152561360043484,0.9528474386399567
2014-07-11,20,19,1,0.95,0.05,18,0.8999999999999999,0.1126222862904476,0.8873777137095527
2014-07-12,2,2,0,1.0,0.0,2,1.0,0.2681875227558736,0.7318124772441268
2014-07-14,13,13,0,1.0,0.0,13,1.0,0.060046113226502995,0.9399538867734957
2014-07-15,18,18,0,1.0,0.0,18,1.0,0.030608593739556315,0.9693914062604433
2014-07-16,24,24,0,1.0,0.0,24,1.0,0.057629851269148415,0.9423701487308508
2014-07-17,19,19,0,1.0,0.0,19,1.0,0.03931515682640641,0.9606848431735917
2014-07-18,13,12,1,0.9230769230769231,0.07692307692307693,11,0.8461538461538463,0.0939893001949814,0.9060106998050178
2014-07-20,1,1,0,1.0,0.0,1,1.0,0.040240970452966596,0.959759029547033
2014-07-21,15,15,0,1.0,0.0,15,1.0,0.05250821233562255,0.9474917876643759
2014-07-22,35,35,0,1.0,0.0,35,1.0,0.06461725113204955,0.9353827488679501
2014-07-23,32,28,4,0.875,0.125,24,0.75,0.1290029943433874,0.8709970056566119
2014-07-24,23,23,0,1.0,0.0,23,1.0,0.07694957227743801,0.9230504277225622
2014-07-25,22,21,1,0.9545454545454546,0.045454545454545456,20,0.9090909090909092,0.08646646473848375,0.9135335352615165
2014-07-28,10,10,0,1.0,0.0,10,1.0,0.022398391968876462,0.977601608031123
2014-07-29,13,13,0,1.0,0.0,13,1.0,0.14746223029184405,0.8525377697081542
2014-07-30,11,11,0,1.0,0.0,11,1.0,0.03996336431642032,0.9600366356835786
2014-07-31,13,13,0,1.0,0.0,13,1.0,0.01835612764759692,0.9816438723524019
2014-08-01,12,12,0,1.0,0.0,12,1.0,0.022528613358738698,0.9774713866412608
2014-08-02,1,1,0,1.0,0.0,1,1.0,0.009462352287312261,0.9905376477126899
2014-08-03,2,2,0,1.0,0.0,2,1.0,0.1466421389621043,0.8533578610378987
2014-08-04,10,10,0,1.0,0.0,10,1.0,0.03497374073481121,0.9650262592651885
2014-08-05,18,18,0,1.0,0.0,18,1.0,0.08058759172707071,0.9194124082729296
2014-08-06,21,19,2,0.9047619047619048,0.09523809523809523,17,0.8095238095238095,0.09342717293344889,0.906572827066551
2014-08-07,21,21,0,1.0,0.0,21,1.0,0.04105862259597922,0.9589413774040194
2014-08-08,13,13,0,1.0,0.0,13,1.0,0.06968259919268424,0.9303174008073154
2014-08-09,5,4,1,0.8,0.2,3,0.6000000000000001,0.1591184699225281,0.8408815300774721
2014-08-10,9,9,0,1.0,0.0,9,1.0,0.0030461264103495995,0.9969538735896515
2014-08-11,22,22,0,1.0,0.0,22,1.0,0.05226042227189954,0.9477395777281008
2014-08-12,25,25,0,1.0,0.0,25,1.0,0.06128879322541822,0.9387112067745812
2014-08-13,6,6,0,1.0,0.0,6,1.0,0.010838044147120715,0.9891619558528797
2014-08-14,17,16,1,0.9411764705882353,0.058823529411764705,15,0.8823529411764706,0.044449621156402996,0.9555503788435966
2014-08-15,24,24,0,1.0,0.0,24,1.0,0.05729671050418581,0.9427032894958142
2014-08-16,11,11,0,1.0,0.0,11,1.0,0.047053411006030436,0.9529465889939698
2014-08-17,5,5,0,1.0,0.0,5,1.0,0.0018198998787216688,0.9981801001212809
2014-08-18,9,9,0,1.0,0.0,9,1.0,0.00026373399509963436,0.9997362660049011
2014-08-19,22,22,0,1.0,0.0,22,1.0,0.02323368306730283,0.9767663169326962
2014-08-20,33,32,1,0.9696969696969697,0.030303030303030304,31,0.9393939393939394,0.05718261096836076,0.9428173890316387
2014-08-21,18,18,0,1.0,0.0,18,1.0,0.05113273052123954,0.9488672694787592
2014-08-22,22,22,0,1.0,0.0,22,1.0,0.02010070497140354,0.9798992950285966
2014-08-23,14,13,1,0.9285714285714286,0.07142857142857142,12,0.8571428571428572,0.14032282239245694,0.8596771776075423
2014-08-24,5,5,0,1.0,0.0,5,1.0,0.0016680199226657341,0.9983319800773349
2014-08-25,21,20,1,0.9523809523809523,0.047619047619047616,19,0.9047619047619047,0.048147187828407156,0.951852812171593
2014-08-26,18,18,0,1.0,0.0,18,1.0,0.00923832295592448,0.990761677044077
2014-08-27,33,33,0,1.0,0.0,33,1.0,0.01781615240000247,0.982183847599998
2014-08-28,31,30,1,0.967741935483871,0.03225806451612903,29,0.935483870967742,0.0776744387935935,0.9223255612064067
2014-08-29,23,23,0,1.0,0.0,23,1.0,0.0623675197788661,0.937632480221135
2014-08-30,11,11,0,1.0,0.0,11,1.0,0.05725818057002712,0.9427418194299713
2014-08-31,8,8,0,1.0,0.0,8,1.0,0.0027500126280260756,0.9972499873719756
2014-09-01,13,13,0,1.0,0.0,13,1.0,0.05981653720311646,0.9401834627968848
2014-09-02,25,25,0,1.0,0.0,25,1.0,0.05435013509726427,0.9456498649027345
2014-09-03,43,43,0,1.0,0.0,43,1.0,0.041572565421157136,0.9584274345788416
2014-09-04,48,47,1,0.9791666666666666,0.020833333333333332,46,0.9583333333333333,0.06631415584047795,0.933685844159522
2014-09-05,33,33,0,1.0,0.0,33,1.0,0.05152878423934947,0.9484712157606512
2014-09-06,25,24,1,0.96,0.04,23,0.9199999999999999,0.0727911277206696,0.9272088722793304
2014-09-07,19,19,0,1.0,0.0,19,1.0,0.02415181245946592,0.9758481875405368
2014-09-08,29,29,0,1.0,0.0,29,1.0,0.013142390440004433,0.986857609559996
2014-09-09,73,70,3,0.958904109589041,0.0410958904109589,67,0.9178082191780821,0.0505333052399766,0.9494666947600239
2014-09-10,99,99,0,1.0,0.0,99,1.0,0.05894156127015063,0.9410584387298492
2014-09-11,75,75,0,1.0,0.0,75,1.0,0.04540840271206708,0.9545915972879334
2014-09-12,40,40,0,1.0,0.0,40,1.0,0.05106573537100769,0.9489342646289926
2014-09-13,14,14,0,1.0,0.0,14,1.0,0.04376368269967912,0.9562363173003193
2014-09-14,12,12,0,1.0,0.0,12,1.0,0.003079944849562192,0.9969200551504357
2014-09-15,18,18,0,1.0,0.0,18,1.0,0.027658757024703953,0.9723412429752967
2014-09-16,37,37,0,1.0,0.0,37,1.0,0.047875808490871814,0.9521241915091284
2014-09-17,32,30,2,0.9375,0.0625,28,0.875,0.10608243402669824,0.893917565973301
2014-09-18,44,44,0,1.0,0.0,44,1.0,0.05195987358492553,0.9480401264150751
2014-09-19,41,40,1,0.975609756097561,0.024390243902439025,39,0.9512195121951219,0.08516355744236058,0.9148364425576386
2014-09-20,24,24,0,1.0,0.0,24,1.0,0.05346631857680864,0.9465336814231908
2014-09-21,11,11,0,1.0,0.0,11,1.0,0.01856198598111529,0.9814380140188852
2014-09-22,29,29,0,1.0,0.0,29,1.0,0.020845727294773738,0.9791542727052258
2014-09-23,33,33,0,1.0,0.0,33,1.0,0.05082393023006158,0.9491760697699394
2014-09-24,25,25,0,1.0,0.0,25,1.0,0.05248241228928264,0.9475175877107184
2014-09-25,35,35,0,1.0,0.0,35,1.0,0.05443104009308175,0.9455689599069182
2014-09-26,34,34,0,1.0,0.0,34,1.0,0.07847778973090586,0.921522210269095
2014-09-27,14,14,0,1.0,0.0,14,1.0,0.07289205331712612,0.9271079466828714
2014-09-28,6,6,0,1.0,0.0,6,1.0,0.0111988945756257,0.9888011054243732
2014-09-29,18,18,0,1.0,0.0,18,1.0,0.06254012903896528,0.9374598709610336
2014-09-30,52,52,0,1.0,0.0,52,1.0,0.05503833624241697,0.9449616637575827
2014-10-01,44,44,0,1.0,0.0,44,1.0,0.06319235194745632,0.9368076480525439
2014-10-02,31,31,0,1.0,0.0,31,1.0,0.07117137304880113,0.9288286269511995
2014-10-03,21,21,0,1.0,0.0,21,1.0,0.04246700336008458,0.9575329966399158
2014-10-04,9,9,0,1.0,0.0,9,1.0,0.03566310419662014,0.9643368958033817
2014-10-05,7,7,0,1.0,0.0,7,1.0,0.011133168162332405,0.9888668318376652
2014-10-06,26,26,0,1.0,0.0,26,1.0,0.03359632484927251,0.9664036751507273
2014-10-07,32,32,0,1.0,0.0,32,1.0,0.05262859968263757,0.9473714003173621
2014-10-08,22,21,1,0.9545454545454546,0.045454545454545456,20,0.9090909090909092,0.05514606755179101,0.944853932448209
2014-10-09,36,36,0,1.0,0.0,36,1.0,0.0475963191838677,0.9524036808161321
2014-10-10,45,45,0,1.0,0.0,45,1.0,0.061889005657277694,0.938110994342722
2014-10-11,11,11,0,1.0,0.0,11,1.0,0.0927220157281124,0.9072779842718873
2014-10-12,2,2,0,1.0,0.0,2,1.0,7.128437165053073e-05,0.999928715628353
2014-10-13,26,26,0,1.0,0.0,26,1.0,0.05043996840299159,0.9495600315970095
2014-10-14,23,23,0,1.0,0.0,23,1.0,0.02907865800103062,0.9709213419989686
2014-10-15,32,32,0,1.0,0.0,32,1.0,0.052846379772456015,0.9471536202275445
2014-10-16,34,32,2,0.9411764705882353,0.058823529411764705,30,0.8823529411764706,0.1075773310037524,0.892422668996248
2014-10-17,47,46,1,0.9787234042553191,0.02127659574468085,45,0.9574468085106382,0.09491647234535121,0.905083527654649
2014-10-18,5,5,0,1.0,0.0,5,1.0,0.1043533012159926,0.8956466987840074
2014-10-19,5,5,0,1.0,0.0,5,1.0,0.03151295250062537,0.9684870474993744
2014-10-20,33,32,1,0.9696969696969697,0.030303030303030304,31,0.9393939393939394,0.06341681578820818,0.9365831842117908
2014-10-21,66,66,0,1.0,0.0,66,1.0,0.03607545111919511,0.9639245488808046
2014-10-22,50,50,0,1.0,0.0,50,1.0,0.05340891617380095,0.9465910838261985
2014-10-23,36,36,0,1.0,0.0,36,1.0,0.04685720558842406,0.9531427944115762
2014-10-24,23,23,0,1.0,0.0,23,1.0,0.0617658632999225,0.9382341367000773
2014-10-25,11,11,0,1.0,0.0,11,1.0,0.06096071313937059,0.9390392868606299
2014-10-26,4,4,0,1.0,0.0,4,1.0,0.0006893510797538469,0.9993106489202512
2014-10-27,34,34,0,1.0,0.0,34,1.0,0.011532449712031647,0.9884675502879691
2014-10-28,50,50,0,1.0,0.0,50,1.0,0.03848184605153819,0.9615181539484621
2014-10-29,39,39,0,1.0,0.0,39,1.0,0.06219274995623868,0.9378072500437622
2014-10-30,33,33,0,1.0,0.0,33,1.0,0.06470637969594244,0.9352936203040584
2014-10-31,33,33,0,1.0,0.0,33,1.0,0.06841515635750892,0.9315848436424907
2014-11-01,5,5,0,1.0,0.0,5,1.0,0.0371169239596021,0.9628830760404
2014-11-02,3,3,0,1.0,0.0,3,1.0,0.0011717501901452394,0.9988282498098561
2014-11-03,25,25,0,1.0,0.0,25,1.0,0.01876023716707776,0.9812397628329219
2014-11-04,33,33,0,1.0,0.0,33,1.0,0.019688949196221613,0.9803110508037793
2014-11-05,22,22,0,1.0,0.0,22,1.0,0.03737392819677966,0.9626260718032214
2014-11-06,27,27,0,1.0,0.0,27,1.0,0.031994578268195704,0.9680054217318056
2014-11-07,28,28,0,1.0,0.0,28,1.0,0.028279473769487914,0.9717205262305112
2014-11-08,13,13,0,1.0,0.0,13,1.0,0.08865793601884125,0.9113420639811594
2014-11-09,4,4,0,1.0,0.0,4,1.0,0.0015790192738472568,0.9984209807261542
2014-11-10,13,13,0,1.0,0.0,13,1.0,0.01244490314607095,0.9875550968539282
2014-11-11,31,31,0,1.0,0.0,31,1.0,0.0328409262215788,0.9671590737784213
2014-11-12,27,27,0,1.0,0.0,27,1.0,0.041431971957191185,0.9585680280428074
2014-11-13,20,20,0,1.0,0.0,20,1.0,0.062223276477975355,0.9377767235220243
2014-11-14,24,24,0,1.0,0.0,24,1.0,0.041259431320671135,0.9587405686793283
2014-11-15,3,3,0,1.0,0.0,3,1.0,0.04080155685197646,0.9591984431480244
2014-11-16,3,3,0,1.0,0.0,3,1.0,0.008008293785329428,0.9919917062146754
2014-11-17,24,24,0,1.0,0.0,24,1.0,0.04050739941173077,0.9594926005882688
2014-11-18,22,21,1,0.9545454545454546,0.045454545454545456,20,0.9090909090909092,0.08541645691604281,0.9145835430839572
2014-11-19,26,26,0,1.0,0.0,26,1.0,0.028636491257828835,0.9713635087421715
2014-11-20,34,34,0,1.0,0.0,34,1.0,0.05750028839100602,0.9424997116089945
2014-11-21,29,29,0,1.0,0.0,29,1.0,0.06682522884501516,0.9331747711549837
2014-11-22,19,19,0,1.0,0.0,19,1.0,0.10174583577931416,0.8982541642206847
2014-11-23,5,5,0,1.0,0.0,5,1.0,0.02995773933775785,0.9700422606622452
2014-11-24,25,25,0,1.0,0.0,25,1.0,0.07205629945964163,0.9279437005403587
2014-11-25,28,27,1,0.9642857142857143,0.03571428571428571,26,0.9285714285714286,0.12539724746062628,0.8746027525393739
2014-11-26,25,25,0,1.0,0.0,25,1.0,0.10582627320731486,0.8941737267926867
2014-11-27,10,10,0,1.0,0.0,10,1.0,0.16324550933735354,0.8367544906626456
2014-11-28,17,17,0,1.0,0.0,17,1.0,0.07196445563581934,0.9280355443641787
2014-11-29,11,11,0,1.0,0.0,11,1.0,0.16172454591491447,0.8382754540850865
2014-11-30,2,2,0,1.0,0.0,2,1.0,0.03657448484863985,0.9634255151513641
2014-12-01,18,18,0,1.0,0.0,18,1.0,0.04358550840633444,0.9564144915936649
2014-12-02,30,29,1,0.9666666666666667,0.03333333333333333,28,0.9333333333333333,0.06616828797215368,0.9338317120278463
2014-12-03,45,41,4,0.9111111111111111,0.08888888888888889,37,0.8222222222222222,0.15113488166385453,0.8488651183361458
2014-12-04,20,19,1,0.95,0.05,18,0.8999999999999999,0.08669873954332011,0.9133012604566794
2014-12-05,19,19,0,1.0,0.0,19,1.0,0.10135796310407033,0.8986420368959293
2014-12-06,8,8,0,1.0,0.0,8,1.0,0.09882662843951426,0.9011733715604839
2014-12-07,4,4,0,1.0,0.0,4,1.0,0.10206961567726988,0.8979303843227309
2014-12-08,20,20,0,1.0,0.0,20,1.0,0.04897057539541698,0.9510294246045847
2014-12-09,27,27,0,1.0,0.0,27,1.0,0.09722725826178559,0.902772741738214
2014-12-10,23,23,0,1.0,0.0,23,1.0,0.06269601194491743,0.9373039880550829
2014-12-11,23,23,0,1.0,0.0,23,1.0,0.05157948269821519,0.9484205173017858
2014-12-12,36,36,0,1.0,0.0,36,1.0,0.037324882608087556,0.9626751173919135
2014-12-13,12,12,0,1.0,0.0,12,1.0,0.039089239224192336,0.9609107607758074
2014-12-14,6,6,0,1.0,0.0,6,1.0,0.002077450550603703,0.997922549449395
2014-12-15,13,13,0,1.0,0.0,13,1.0,0.025900761345685617,0.9740992386543115
2014-12-16,40,40,0,1.0,0.0,40,1.0,0.0613533109122932,0.9386466890877079
2014-12-17,30,29,1,0.9666666666666667,0.03333333333333333,28,0.9333333333333333,0.0779609663840948,0.9220390336159044
2014-12-18,30,30,0,1.0,0.0,30,1.0,0.05266302276965532,0.9473369772303445
2014-12-19,20,20,0,1.0,0.0,20,1.0,0.04602752947204008,0.95397247052796
2014-12-20,5,5,0,1.0,0.0,5,1.0,0.009984486437476962,0.9900155135625222
2014-12-21,5,5,0,1.0,0.0,5,1.0,0.0019423745465277941,0.9980576254534721
2014-12-22,22,22,0,1.0,0.0,22,1.0,0.032825768955894605,0.9671742310441047
2014-12-23,15,14,1,0.9333333333333333,0.06666666666666667,13,0.8666666666666667,0.05931160645705708,0.9406883935429432
2014-12-24,24,24,0,1.0,0.0,24,1.0,0.11058924885890153,0.8894107511410977
2014-12-25,3,3,0,1.0,0.0,3,1.0,0.21058512916974745,0.7894148708302527
2014-12-26,14,14,0,1.0,0.0,14,1.0,0.04164167248540775,0.958358327514593
2014-12-27,7,7,0,1.0,0.0,7,1.0,0.005421855017592437,0.9945781449824064
2014-12-28,4,4,0,1.0,0.0,4,1.0,0.003533372695020124,0.9964666273049801
2014-12-29,19,18,1,0.9473684210526315,0.05263157894736842,17,0.894736842105263,0.10858133967323713,0.8914186603267623
2014-12-30,11,11,0,1.0,0.0,11,1.0,0.04967420097016335,0.9503257990298365
2014-12-31,20,20,0,1.0,0.0,20,1.0,0.04348169914319651,0.9565183008568052
2015-01-01,6,6,0,1.0,0.0,6,1.0,0.006014770937389024,0.9939852290626101
2015-01-02,10,10,0,1.0,0.0,10,1.0,0.015376747715995615,0.9846232522840042
2015-01-03,7,7,0,1.0,0.0,7,1.0,0.028271371144142306,0.971728628855857
2015-01-04,7,7,0,1.0,0.0,7,1.0,0.0022417695993212808,0.9977582304006797
2015-01-05,14,14,0,1.0,0.0,14,1.0,0.017664759826543964,0.9823352401734565
2015-01-06,18,18,0,1.0,0.0,18,1.0,0.04687037586992658,0.9531296241300738
2015-01-07,23,23,0,1.0,0.0,23,1.0,0.043186873079315916,0.9568131269206867
2015-01-08,9,8,1,0.8888888888888888,0.1111111111111111,7,0.7777777777777777,0.0929925144657506,0.9070074855342491
2015-01-09,16,16,0,1.0,0.0,16,1.0,0.06410795694601361,0.9358920430539872
2015-01-10,8,8,0,1.0,0.0,8,1.0,0.0024358805000415733,0.9975641194999583
2015-01-11,7,7,0,1.0,0.0,7,1.0,0.01600310959287607,0.9839968904071237
2015-01-12,18,18,0,1.0,0.0,18,1.0,0.022213748843744087,0.9777862511562572
2015-01-13,26,25,1,0.9615384615384616,0.038461538461538464,24,0.9230769230769231,0.0550325908201956,0.9449674091798042
2015-01-14,28,28,0,1.0,0.0,28,1.0,0.05602046972368228,0.9439795302763193
2015-01-15,43,43,0,1.0,0.0,43,1.0,0.05319399761721744,0.946806002382784
2015-01-16,19,19,0,1.0,0.0,19,1.0,0.06848211826776458,0.9315178817322358
2015-01-17,12,12,0,1.0,0.0,12,1.0,0.02961388484864703,0.9703861151513528
2015-01-18,7,7,0,1.0,0.0,7,1.0,0.0029541155553441142,0.9970458844446571
2015-01-19,10,9,1,0.9,0.1,8,0.8,0.07840384890284244,0.9215961510971559
2015-01-20,23,23,0,1.0,0.0,23,1.0,0.024422031257032142,0.9755779687429691
2015-01-21,15,15,0,1.0,0.0,15,1.0,0.03530536055781129,0.964694639442188
2015-01-22,26,26,0,1.0,0.0,26,1.0,0.039078521913126704,0.9609214780868746
2015-01-23,24,24,0,1.0,0.0,24,1.0,0.03022943937756695,0.969770560622433
2015-01-24,10,10,0,1.0,0.0,10,1.0,0.007031489708634866,0.9929685102913652
2015-01-25,17,17,0,1.0,0.0,17,1.0,0.008325949441421216,0.9916740505585799
2015-01-26,28,28,0,1.0,0.0,28,1.0,0.03304571638117989,0.9669542836188202
2015-01-27,50,50,0,1.0,0.0,50,1.0,0.03508139524008728,0.9649186047599119
2015-01-28,75,72,3,0.96,0.04,69,0.9199999999999999,0.06319625845184076,0.9368037415481596
2015-01-29,42,42,0,1.0,0.0,42,1.0,0.05361761407703777,0.9463823859229631
2015-01-30,19,19,0,1.0,0.0,19,1.0,0.03640348332386606,0.9635965166761347
2015-01-31,12,12,0,1.0,0.0,12,1.0,0.006013400287259527,0.9939865997127382
2015-02-01,11,11,0,1.0,0.0,11,1.0,0.01663673131489058,0.9833632686851087
2015-02-02,17,17,0,1.0,0.0,17,1.0,0.011461006083892052,0.9885389939161056
2015-02-03,31,31,0,1.0,0.0,31,1.0,0.04268906263234748,0.9573109373676524
2015-02-04,26,26,0,1.0,0.0,26,1.0,0.02929673225384424,0.9707032677461549
2015-02-05,34,34,0,1.0,0.0,34,1.0,0.027891422641151332,0.9721085773588491
2015-02-06,40,40,0,1.0,0.0,40,1.0,0.05112387693017915,0.9488761230698213
2015-02-07,12,12,0,1.0,0.0,12,1.0,0.005411544564005399,0.9945884554359959
2015-02-08,10,10,0,1.0,0.0,10,1.0,0.0010878074055273522,0.9989121925944714
2015-02-09,21,21,0,1.0,0.0,21,1.0,0.026086631114647756,0.9739133688853514
2015-02-10,34,34,0,1.0,0.0,34,1.0,0.03703849134871445,0.9629615086512849
2015-02-11,52,52,0,1.0,0.0,52,1.0,0.05406040692842117,0.945939593071579
2015-02-12,37,37,0,1.0,0.0,37,1.0,0.025805387726469686,0.9741946122735303
2015-02-13,43,42,1,0.9767441860465116,0.023255813953488372,41,0.9534883720930232,0.037447908855454105,0.9625520911445457
2015-02-14,36,36,0,1.0,0.0,36,1.0,0.04012287848732703,0.9598771215126738
2015-02-15,14,14,0,1.0,0.0,14,1.0,0.007116352375722672,0.992883647624276
2015-02-16,12,12,0,1.0,0.0,12,1.0,0.002159048335089554,0.9978409516649115
2015-02-17,26,26,0,1.0,0.0,26,1.0,0.024295735165037042,0.9757042648349632
2015-02-18,35,35,0,1.0,0.0,35,1.0,0.030943362196094032,0.9690566378039052
2015-02-19,29,29,0,1.0,0.0,29,1.0,0.04283304899131325,0.9571669510086869
2015-02-20,34,34,0,1.0,0.0,34,1.0,0.03776099495184793,0.9622390050481516
2015-02-21,14,14,0,1.0,0.0,14,1.0,0.03132409414690603,0.9686759058530935
2015-02-22,12,12,0,1.0,0.0,12,1.0,0.0009257350849297027,0.9990742649150709
2015-02-23,28,27,1,0.9642857142857143,0.03571428571428571,26,0.9285714285714286,0.03142713973598066,0.9685728602640201
2015-02-24,31,31,0,1.0,0.0,31,1.0,0.011016380523218022,0.9889836194767815
2015-02-25,36,36,0,1.0,0.0,36,1.0,0.031175756014458694,0.9688242439855413
2015-02-26,35,35,0,1.0,0.0,35,1.0,0.0587263707348355,0.9412736292651638
2015-02-27,26,26,0,1.0,0.0,26,1.0,0.04993965827178053,0.9500603417282192
2015-02-28,19,19,0,1.0,0.0,19,1.0,0.1389594414418267,0.8610405585581731
2015-03-01,10,10,0,1.0,0.0,10,1.0,0.0004308136203626602,0.9995691863796369
2015-03-02,28,28,0,1.0,0.0,28,1.0,0.05825464756611022,0.9417453524338911
2015-03-03,40,40,0,1.0,0.0,40,1.0,0.045818839955916256,0.9541811600440845
2015-03-04,29,29,0,1.0,0.0,29,1.0,0.048684669044829196,0.9513153309551708
2015-03-05,37,37,0,1.0,0.0,37,1.0,0.045849465134334196,0.954150534865666
2015-03-06,37,37,0,1.0,0.0,37,1.0,0.04362104244910096,0.9563789575508986
2015-03-07,35,35,0,1.0,0.0,35,1.0,0.05638728064484335,0.9436127193551572
2015-03-08,18,18,0,1.0,0.0,18,1.0,0.011090291964327034,0.9889097080356731
2015-03-09,37,36,1,0.972972972972973,0.02702702702702703,35,0.945945945945946,0.061356820683591586,0.9386431793164076
2015-03-10,66,65,1,0.9848484848484849,0.015151515151515152,64,0.9696969696969697,0.05761035396730263,0.9423896460326976
2015-03-11,45,43,2,0.9555555555555556,0.044444444444444446,41,0.9111111111111112,0.06644516757136767,0.9335548324286328
2015-03-12,40,39,1,0.975,0.025,38,0.95,0.05904473203555426,0.9409552679644442
2015-03-13,31,31,0,1.0,0.0,31,1.0,0.0425253551147177,0.9574746448852813
2015-03-14,12,12,0,1.0,0.0,12,1.0,0.06079866756492148,0.9392013324350774
2015-03-15,2,2,0,1.0,0.0,2,1.0,0.0008937079917395246,0.9991062920082665
2015-03-16,12,12,0,1.0,0.0,12,1.0,0.02737235651596698,0.9726276434840327
2015-03-17,50,50,0,1.0,0.0,50,1.0,0.03216590196954579,0.9678340980304541
2015-03-18,50,50,0,1.0,0.0,50,1.0,0.03329947610260243,0.9667005238973968
2015-03-19,21,21,0,1.0,0.0,21,1.0,0.035649480166129004,0.9643505198338713
2015-03-20,28,28,0,1.0,0.0,28,1.0,0.01772516037470385,0.9822748396252967
2015-03-21,15,15,0,1.0,0.0,15,1.0,0.004879925800398607,0.9951200741996017
2015-03-22,5,5,0,1.0,0.0,5,1.0,0.00027590539957812635,0.9997240946004228
2015-03-23,26,26,0,1.0,0.0,26,1.0,0.013405482047495181,0.9865945179525017
2015-03-24,27,27,0,1.0,0.0,27,1.0,0.035658719601884645,0.9643412803981157
2015-03-25,17,17,0,1.0,0.0,17,1.0,0.011316386516643755,0.988683613483357
2015-03-26,19,19,0,1.0,0.0,19,1.0,0.05142521443002442,0.9485747855699757
2015-03-27,22,22,0,1.0,0.0,22,1.0,0.03152678959163208,0.9684732104083682
2015-03-28,16,16,0,1.0,0.0,16,1.0,0.047503074995970604,0.95249692500403
2015-03-29,3,3,0,1.0,0.0,3,1.0,0.0007129365732541542,0.99928706342675
2015-03-30,23,23,0,1.0,0.0,23,1.0,0.01809944411671717,0.9819005558832841
2015-03-31,27,27,0,1.0,0.0,27,1.0,0.017645648356432238,0.9823543516435683
2015-04-01,20,20,0,1.0,0.0,20,1.0,0.042824135085200374,0.9571758649147993
2015-04-02,21,21,0,1.0,0.0,21,1.0,0.01611576006615871,0.9838842399338409
2015-04-03,6,6,0,1.0,0.0,6,1.0,0.13360680781403503,0.8663931921859639
2015-04-04,3,3,0,1.0,0.0,3,1.0,0.02042603148052639,0.9795739685194728
2015-04-05,5,5,0,1.0,0.0,5,1.0,0.02019027314660488,0.9798097268533917
2015-04-06,24,24,0,1.0,0.0,24,1.0,0.027505499465657963,0.9724945005343425
2015-04-07,23,23,0,1.0,0.0,23,1.0,0.03338101939384359,0.9666189806061576
2015-04-08,17,17,0,1.0,0.0,17,1.0,0.032373762351582056,0.967626237648417
2015-04-09,17,17,0,1.0,0.0,17,1.0,0.03804657260344235,0.9619534273965575
2015-04-10,32,32,0,1.0,0.0,32,1.0,0.02987372492041738,0.9701262750795829
2015-04-11,21,21,0,1.0,0.0,21,1.0,0.053963183585208026,0.946036816414792
2015-04-12,6,6,0,1.0,0.0,6,1.0,0.0030308371195261474,0.9969691628804752
2015-04-13,28,28,0,1.0,0.0,28,1.0,0.018696823955701766,0.9813031760442978
2015-04-14,35,34,1,0.9714285714285714,0.02857142857142857,33,0.9428571428571428,0.04873106858865687,0.9512689314113426
2015-04-15,36,36,0,1.0,0.0,36,1.0,0.0237750738318526,0.9762249261681476
2015-04-16,35,35,0,1.0,0.0,35,1.0,0.028028287901294958,0.9719717120987054
2015-04-17,32,32,0,1.0,0.0,32,1.0,0.05283281365867255,0.9471671863413282
2015-04-18,10,10,0,1.0,0.0,10,1.0,0.02560506672629581,0.9743949332737054
2015-04-19,3,3,0,1.0,0.0,3,1.0,0.0005291237745590475,0.9994708762254384
2015-04-20,19,19,0,1.0,0.0,19,1.0,0.03995930523341523,0.960040694766585
2015-04-21,24,23,1,0.9583333333333334,0.041666666666666664,22,0.9166666666666667,0.05192616647008694,0.9480738335299111
2015-04-22,24,24,0,1.0,0.0,24,1.0,0.018132741787157385,0.9818672582128434
2015-04-23,32,32,0,1.0,0.0,32,1.0,0.046545287542857236,0.9534547124571435
2015-04-24,50,50,0,1.0,0.0,50,1.0,0.033532487473890905,0.966467512526109
2015-04-25,67,67,0,1.0,0.0,67,1.0,0.047390557147879084,0.9526094428521206
2015-04-26,13,13,0,1.0,0.0,13,1.0,0.008548318320217994,0.9914516816797831
2015-04-27,41,41,0,1.0,0.0,41,1.0,0.013045797993754762,0.9869542020062447
2015-04-28,63,63,0,1.0,0.0,63,1.0,0.03283786539727396,0.9671621346027255
2015-04-29,70,70,0,1.0,0.0,70,1.0,0.037689843682129645,0.9623101563178705
2015-04-30,51,51,0,1.0,0.0,51,1.0,0.03915239840981867,0.9608476015901823
2015-05-01,39,39,0,1.0,0.0,39,1.0,0.05281939472088156,0.9471806052791181
2015-05-02,13,12,1,0.9230769230769231,0.07692307692307693,11,0.8461538461538463,0.05183171079621371,0.948168289203787
2015-05-03,8,8,0,1.0,0.0,8,1.0,0.0014114451608215276,0.9985885548391785
2015-05-04,25,25,0,1.0,0.0,25,1.0,0.0012841246743379613,0.9987158753256611
2015-05-05,32,32,0,1.0,0.0,32,1.0,0.03187616471104904,0.9681238352889504
2015-05-06,39,39,0,1.0,0.0,39,1.0,0.0215578162497387,0.9784421837502604
2015-05-07,43,43,0,1.0,0.0,43,1.0,0.02102646428819491,0.978973535711806
2015-05-08,39,39,0,1.0,0.0,39,1.0,0.03504171640169914,0.9649582835983012
2015-05-09,21,21,0,1.0,0.0,21,1.0,0.061333584885376866,0.9386664151146227
2015-05-10,13,13,0,1.0,0.0,13,1.0,0.01777747998733316,0.9822225200126673
2015-05-11,26,26,0,1.0,0.0,26,1.0,0.025488232075799176,0.9745117679241999
2015-05-12,30,30,0,1.0,0.0,30,1.0,0.016110732552347844,0.9838892674476521
2015-05-13,35,35,0,1.0,0.0,35,1.0,0.021847269672443635,0.9781527303275561
2015-05-14,32,32,0,1.0,0.0,32,1.0,0.035093005519217256,0.9649069944807834
2015-05-15,20,20,0,1.0,0.0,20,1.0,0.061452908135570264,0.93854709186443
2015-05-16,16,16,0,1.0,0.0,16,1.0,0.010652352586634686,0.9893476474133656
2015-05-17,12,12,0,1.0,0.0,12,1.0,0.00931315244715279,0.9906868475528455
2015-05-18,43,43,0,1.0,0.0,43,1.0,0.01770064966662899,0.9822993503333699
2015-05-19,52,52,0,1.0,0.0,52,1.0,0.054605902905708985,0.94539409709429
2015-05-20,45,44,1,0.9777777777777777,0.022222222222222223,43,0.9555555555555555,0.045387741530972206,0.9546122584690274
2015-05-21,27,27,0,1.0,0.0,27,1.0,0.03687775170412267,0.9631222482958782
2015-05-22,29,29,0,1.0,0.0,29,1.0,0.038367110930684525,0.9616328890693151
2015-05-23,3,3,0,1.0,0.0,3,1.0,0.0002862128141588531,0.9997137871858462
2015-05-24,8,8,0,1.0,0.0,8,1.0,0.0025965201407432813,0.9974034798592555
2015-05-25,6,5,1,0.8333333333333334,0.16666666666666666,4,0.6666666666666667,0.09995031453212587,0.9000496854678741
2015-05-26,31,31,0,1.0,0.0,31,1.0,0.008038994336157974,0.991961005663842
2015-05-27,36,35,1,0.9722222222222222,0.027777777777777776,34,0.9444444444444444,0.06553318436696161,0.9344668156330376
2015-05-28,38,38,0,1.0,0.0,38,1.0,0.03924491782092415,0.9607550821790758
2015-05-29,26,26,0,1.0,0.0,26,1.0,0.03281547474213689,0.967184525257864
2015-05-30,17,17,0,1.0,0.0,17,1.0,0.016866918867582886,0.983133081132416
2015-05-31,10,10,0,1.0,0.0,10,1.0,0.009390715826962045,0.990609284173036
2015-06-01,29,29,0,1.0,0.0,29,1.0,0.028942404941779888,0.971057595058221
2015-06-02,29,29,0,1.0,0.0,29,1.0,0.041756620440494635,0.9582433795595063
2015-06-03,29,29,0,1.0,0.0,29,1.0,0.031851786118740864,0.9681482138812584
2015-06-04,29,29,0,1.0,0.0,29,1.0,0.04133041706268619,0.9586695829373161
2015-06-05,30,30,0,1.0,0.0,30,1.0,0.03084932666201166,0.9691506733379887
2015-06-06,20,20,0,1.0,0.0,20,1.0,0.0448747430887174,0.955125256911282
2015-06-07,14,14,0,1.0,0.0,14,1.0,0.01470802695224819,0.9852919730477515
2015-06-08,42,42,0,1.0,0.0,42,1.0,0.02254493771981377,0.9774550622801847
2015-06-09,61,61,0,1.0,0.0,61,1.0,0.050765674867317125,0.949234325132683
2015-06-10,32,32,0,1.0,0.0,32,1.0,0.03408685508340957,0.9659131449165916
2015-06-11,33,32,1,0.9696969696969697,0.030303030303030304,31,0.9393939393939394,0.06576528887837284,0.934234711121627
2015-06-12,34,34,0,1.0,0.0,34,1.0,0.041417520815839326,0.9585824791841617
2015-06-13,12,12,0,1.0,0.0,12,1.0,0.0267233636657286,0.9732766363342703
2015-06-14,12,12,0,1.0,0.0,12,1.0,0.0011927683488325276,0.9988072316511666
2015-06-15,20,20,0,1.0,0.0,20,1.0,0.005175608308490359,0.9948243916915095
2015-06-16,30,30,0,1.0,0.0,30,1.0,0.034719909933612285,0.9652800900663879
2015-06-17,19,19,0,1.0,0.0,19,1.0,0.006398407442565088,0.9936015925574352
2015-06-18,27,27,0,1.0,0.0,27,1.0,0.017022257972287298,0.9829777420277126
2015-06-19,23,23,0,1.0,0.0,23,1.0,0.01734139452664264,0.9826586054733564
2015-06-20,8,8,0,1.0,0.0,8,1.0,0.06007564412482655,0.9399243558751736
2015-06-21,9,9,0,1.0,0.0,9,1.0,0.04817576813645742,0.9518242318635407
2015-06-22,21,21,0,1.0,0.0,21,1.0,0.014118277313815188,0.9858817226861855
2015-06-23,33,32,1,0.9696969696969697,0.030303030303030304,31,0.9393939393939394,0.05025896887705506,0.9497410311229453
2015-06-24,29,29,0,1.0,0.0,29,1.0,0.050170987665589466,0.9498290123344111
2015-06-25,19,19,0,1.0,0.0,19,1.0,0.036451892027145556,0.9635481079728552
2015-06-26,27,27,0,1.0,0.0,27,1.0,0.0447863800894304,0.9552136199105697
2015-06-27,5,5,0,1.0,0.0,5,1.0,0.09941434868911968,0.9005856513108801
2015-06-28,4,4,0,1.0,0.0,4,1.0,0.027617546848460923,0.9723824531515389
2015-06-29,16,16,0,1.0,0.0,16,1.0,0.048505448216687994,0.9514945517833098
2015-06-30,15,15,0,1.0,0.0,15,1.0,0.04723174772576548,0.9527682522742346
2015-07-01,31,30,1,0.967741935483871,0.03225806451612903,29,0.935483870967742,0.07016411828576151,0.9298358817142386
2015-07-02,17,17,0,1.0,0.0,17,1.0,0.041778595496087576,0.9582214045039121
2015-07-03,6,6,0,1.0,0.0,6,1.0,0.10876100969336633,0.8912389903066346
2015-07-04,2,2,0,1.0,0.0,2,1.0,0.02055861451498683,0.9794413854850141
2015-07-05,1,1,0,1.0,0.0,1,1.0,0.0749014190681724,0.9250985809318261
2015-07-06,12,12,0,1.0,0.0,12,1.0,0.017491497914050257,0.9825085020859491
2015-07-07,18,18,0,1.0,0.0,18,1.0,0.06167798045613074,0.9383220195438697
2015-07-08,29,29,0,1.0,0.0,29,1.0,0.026580582527736155,0.9734194174722636
2015-07-09,34,34,0,1.0,0.0,34,1.0,0.04927170959293368,0.9507282904070656
2015-07-10,25,25,0,1.0,0.0,25,1.0,0.03269209305907881,0.9673079069409202
2015-07-11,7,7,0,1.0,0.0,7,1.0,0.12880772767502544,0.8711922723249745
2015-07-12,1,1,0,1.0,0.0,1,1.0,0.12013348202330017,0.8798665179766996
2015-07-13,20,19,1,0.95,0.05,18,0.8999999999999999,0.06447475555305945,0.9355252444469395
2015-07-14,23,23,0,1.0,0.0,23,1.0,0.04958797048896008,0.9504120295110398
2015-07-15,20,19,1,0.95,0.05,18,0.8999999999999999,0.09955675620404722,0.9004432437959533
2015-07-16,13,9,4,0.6923076923076923,0.3076923076923077,5,0.3846153846153846,0.279785967082782,0.7202140329172178
2015-07-17,30,30,0,1.0,0.0,30,1.0,0.047452835890516805,0.9525471641094835
2015-07-18,4,4,0,1.0,0.0,4,1.0,0.11153497738037532,0.8884650226196239
2015-07-19,1,1,0,1.0,0.0,1,1.0,0.026479489167020497,0.9735205108329797
2015-07-20,30,30,0,1.0,0.0,30,1.0,0.028947532108051278,0.9710524678919477
2015-07-21,45,45,0,1.0,0.0,45,1.0,0.04089942899093152,0.9591005710090684
2015-07-22,70,70,0,1.0,0.0,70,1.0,0.05841932356312237,0.9415806764368777
2015-07-23,64,64,0,1.0,0.0,64,1.0,0.05093280502946613,0.9490671949705338
2015-07-24,26,26,0,1.0,0.0,26,1.0,0.023708872826610775,0.9762911271733887
2015-07-25,4,3,1,0.75,0.25,2,0.5,0.16246947660085875,0.8375305233991404
2015-07-26,1,1,0,1.0,0.0,1,1.0,0.0006458798847728418,0.9993541201152244
2015-07-27,18,18,0,1.0,0.0,18,1.0,0.018778309784641664,0.981221690215357
2015-07-28,19,19,0,1.0,0.0,19,1.0,0.020795995505200705,0.9792040044947997
2015-07-29,21,21,0,1.0,0.0,21,1.0,0.00908307909319826,0.9909169209068022
2015-07-30,7,7,0,1.0,0.0,7,1.0,0.02523284947013558,0.9747671505298641
2015-07-31,18,18,0,1.0,0.0,18,1.0,0.07115743355536429,0.9288425664446345
2015-08-01,5,5,0,1.0,0.0,5,1.0,0.06069060061936545,0.9393093993806355
2015-08-02,1,1,0,1.0,0.0,1,1.0,0.00012373585729111072,0.9998762641427129
2015-08-03,15,15,0,1.0,0.0,15,1.0,0.012273358075783444,0.9877266419242178
2015-08-04,31,31,0,1.0,0.0,31,1.0,0.03179309597033303,0.9682069040296647
2015-08-05,37,37,0,1.0,0.0,37,1.0,0.043897636316249135,0.9561023636837497
2015-08-06,24,24,0,1.0,0.0,24,1.0,0.03928829901634492,0.9607117009836559
2015-08-07,23,23,0,1.0,0.0,23,1.0,0.05538526704139842,0.9446147329586027
2015-08-08,4,4,0,1.0,0.0,4,1.0,0.11306694250362898,0.886933057496371
2015-08-09,2,2,0,1.0,0.0,2,1.0,0.047515921717158925,0.9524840782828428
2015-08-10,18,18,0,1.0,0.0,18,1.0,0.02510642749727519,0.9748935725027251
2015-08-11,23,23,0,1.0,0.0,23,1.0,0.0664910286715884,0.9335089713284119
2015-08-12,19,19,0,1.0,0.0,19,1.0,0.03907633631467215,0.9609236636853293
2015-08-13,23,23,0,1.0,0.0,23,1.0,0.046223719886805924,0.9537762801131929
2015-08-14,21,21,0,1.0,0.0,21,1.0,0.053148985573144444,0.9468510144268553
2015-08-15,5,5,0,1.0,0.0,5,1.0,0.022584228710839593,0.9774157712891615
2015-08-17,12,12,0,1.0,0.0,12,1.0,0.01305275459888984,0.9869472454011126
2015-08-18,24,24,0,1.0,0.0,24,1.0,0.03030528090346606,0.9696947190965336
2015-08-19,25,25,0,1.0,0.0,25,1.0,0.04392068021570992,0.9560793197842892
2015-08-20,16,16,0,1.0,0.0,16,1.0,0.028222647971702375,0.9717773520282972
2015-08-21,18,18,0,1.0,0.0,18,1.0,0.024627671760543975,0.9753723282394561
2015-08-22,13,13,0,1.0,0.0,13,1.0,0.08003405176630779,0.9199659482336917
2015-08-23,2,2,0,1.0,0.0,2,1.0,0.024872304211295295,0.9751276957887043
2015-08-24,17,17,0,1.0,0.0,17,1.0,0.013764271785455274,0.9862357282145446
2015-08-25,31,31,0,1.0,0.0,31,1.0,0.04007683981269463,0.9599231601873056
2015-08-26,20,20,0,1.0,0.0,20,1.0,0.013980121345247381,0.9860198786547529
2015-08-27,20,20,0,1.0,0.0,20,1.0,0.01324967957157384,0.9867503204284253
2015-08-28,30,30,0,1.0,0.0,30,1.0,0.02849522207088572,0.9715047779291143
2015-08-29,7,7,0,1.0,0.0,7,1.0,0.11617003195549658,0.8838299680445031
2015-08-30,3,3,0,1.0,0.0,3,1.0,0.03378039481122749,0.9662196051887673
2015-08-31,12,12,0,1.0,0.0,12,1.0,0.015157690051798617,0.9848423099482001
2015-09-01,22,22,0,1.0,0.0,22,1.0,0.04168053885450991,0.9583194611454899
2015-09-02,28,28,0,1.0,0.0,28,1.0,0.05214585795475218,0.9478541420452479
2015-09-03,21,21,0,1.0,0.0,21,1.0,0.06150479078959893,0.9384952092103996
2015-09-04,12,12,0,1.0,0.0,12,1.0,0.06302540211981593,0.936974597880185
2015-09-05,1,1,0,1.0,0.0,1,1.0,0.00013934984589087583,0.9998606501541043
2015-09-06,1,1,0,1.0,0.0,1,1.0,0.00038902201277855896,0.9996109779872215
2015-09-07,9,9,0,1.0,0.0,9,1.0,0.10677358439192126,0.8932264156080788
2015-09-08,18,18,0,1.0,0.0,18,1.0,0.04260532492281667,0.9573946750771829
2015-09-09,34,34,0,1.0,0.0,34,1.0,0.04659378759958277,0.9534062124004172
2015-09-10,66,66,0,1.0,0.0,66,1.0,0.07575416425346289,0.9242458357465374
2015-09-11,44,44,0,1.0,0.0,44,1.0,0.059193561987906824,0.940806438012094
2015-09-12,5,5,0,1.0,0.0,5,1.0,0.04055443578844507,0.9594455642115562
2015-09-14,27,27,0,1.0,0.0,27,1.0,0.035207760684684446,0.9647922393153152
2015-09-15,30,30,0,1.0,0.0,30,1.0,0.044294682169168806,0.9557053178308317
2015-09-16,25,25,0,1.0,0.0,25,1.0,0.03207520774740996,0.9679247922525904
2015-09-17,40,40,0,1.0,0.0,40,1.0,0.04050284254006507,0.9594971574599356
2015-09-18,23,23,0,1.0,0.0,23,1.0,0.07243825560615891,0.9275617443938416
2015-09-19,13,13,0,1.0,0.0,13,1.0,0.06922271436320648,0.9307772856367937
2015-09-20,3,3,0,1.0,0.0,3,1.0,0.07173345345691311,0.9282665465430876
2015-09-21,26,25,1,0.9615384615384616,0.038461538461538464,24,0.9230769230769231,0.09968167911961826,0.9003183208803804
2015-09-22,33,33,0,1.0,0.0,33,1.0,0.054542532789716165,0.9454574672102835
2015-09-23,23,23,0,1.0,0.0,23,1.0,0.07234980289907655,0.9276501971009228
2015-09-24,22,22,0,1.0,0.0,22,1.0,0.04067190447268332,0.9593280955273173
2015-09-25,38,38,0,1.0,0.0,38,1.0,0.06302626504033478,0.9369737349596658
2015-09-26,6,6,0,1.0,0.0,6,1.0,0.03499555128633592,0.9650044487136631
2015-09-27,2,2,0,1.0,0.0,2,1.0,0.0003310868151244065,0.9996689131848793
2015-09-28,19,19,0,1.0,0.0,19,1.0,0.031674695705948754,0.9683253042940508
2015-09-29,34,34,0,1.0,0.0,34,1.0,0.02293904277111585,0.9770609572288833
2015-09-30,28,28,0,1.0,0.0,28,1.0,0.043929509528128026,0.9560704904718718
2015-10-01,25,25,0,1.0,0.0,25,1.0,0.024735953287951532,0.9752640467120495
2015-10-02,29,29,0,1.0,0.0,29,1.0,0.056983009343561604,0.9430169906564387
2015-10-03,1,1,0,1.0,0.0,1,1.0,1.0787789583655195e-05,0.9999892122104179
2015-10-04,1,1,0,1.0,0.0,1,1.0,0.0022366335651206903,0.9977633664348734
2015-10-05,23,23,0,1.0,0.0,23,1.0,0.05570259819830883,0.9442974018016909
2015-10-06,21,21,0,1.0,0.0,21,1.0,0.03357610829901374,0.9664238917009875
2015-10-07,17,17,0,1.0,0.0,17,1.0,0.03454224075945374,0.9654577592405471
2015-10-08,18,18,0,1.0,0.0,18,1.0,0.051750813518225726,0.9482491864817764
2015-10-09,40,40,0,1.0,0.0,40,1.0,0.023048563328777506,0.9769514366712221
2015-10-10,9,9,0,1.0,0.0,9,1.0,0.1427063432445843,0.8572936567554159
2015-10-11,3,3,0,1.0,0.0,3,1.0,0.001430918417958845,0.998569081582043
2015-10-12,19,19,0,1.0,0.0,19,1.0,0.022495573604542133,0.9775044263954593
2015-10-13,16,15,1,0.9375,0.0625,14,0.875,0.07845016536912311,0.9215498346308766
2015-10-14,32,32,0,1.0,0.0,32,1.0,0.09395128428464965,0.9060487157153505
2015-10-15,23,23,0,1.0,0.0,23,1.0,0.08566549852250872,0.9143345014774908
2015-10-16,21,21,0,1.0,0.0,21,1.0,0.0515225839635228,0.9484774160364781
2015-10-17,16,16,0,1.0,0.0,16,1.0,0.24772431664532973,0.7522756833546691
2015-10-18,3,3,0,1.0,0.0,3,1.0,0.0003334183062952696,0.9996665816937066
2015-10-19,18,18,0,1.0,0.0,18,1.0,0.01276900409108036,0.9872309959089196
2015-10-20,24,24,0,1.0,0.0,24,1.0,0.03751195263298733,0.9624880473670121
2015-10-21,31,31,0,1.0,0.0,31,1.0,0.0586436651131375,0.9413563348868628
2015-10-22,18,18,0,1.0,0.0,18,1.0,0.05069856484965433,0.9493014351503456
2015-10-23,18,18,0,1.0,0.0,18,1.0,0.004579840509697503,0.9954201594903009
2015-10-24,4,4,0,1.0,0.0,4,1.0,0.020283419879245618,0.9797165801207536
2015-10-25,4,4,0,1.0,0.0,4,1.0,0.013877493391263178,0.986122506608736
2015-10-26,26,26,0,1.0,0.0,26,1.0,0.02121312598516904,0.9787868740148316
2015-10-27,46,46,0,1.0,0.0,46,1.0,0.03842104957591207,0.9615789504240879
2015-10-28,62,62,0,1.0,0.0,62,1.0,0.05007745317573144,0.9499225468242684
2015-10-29,34,34,0,1.0,0.0,34,1.0,0.03240738903092576,0.9675926109690751
2015-10-30,24,24,0,1.0,0.0,24,1.0,0.08571384273141795,0.9142861572685835
2015-10-31,9,9,0,1.0,0.0,9,1.0,0.1046637330377291,0.8953362669622708
2015-11-01,2,2,0,1.0,0.0,2,1.0,0.00040227219203392903,0.9995977278079673
2015-11-02,16,15,1,0.9375,0.0625,14,0.875,0.04376195877152971,0.9562380412284703
2015-11-03,26,26,0,1.0,0.0,26,1.0,0.048457387364831926,0.9515426126351686
2015-11-04,24,24,0,1.0,0.0,24,1.0,0.028206493284246664,0.9717935067157534
2015-11-05,24,24,0,1.0,0.0,24,1.0,0.027359870241419466,0.9726401297585813
2015-11-06,19,19,0,1.0,0.0,19,1.0,0.036192464267624624,0.9638075357323755
2015-11-07,3,3,0,1.0,0.0,3,1.0,0.04674355001991482,0.9532564499800804
2015-11-08,4,4,0,1.0,0.0,4,1.0,0.0627988183779436,0.937201181622056
2015-11-09,14,14,0,1.0,0.0,14,1.0,0.09413451702610445,0.9058654829738957
2015-11-10,28,27,1,0.9642857142857143,0.03571428571428571,26,0.9285714285714286,0.08057672911046432,0.919423270889535
2015-11-11,28,28,0,1.0,0.0,28,1.0,0.037323141161536975,0.9626768588384641
2015-11-12,29,29,0,1.0,0.0,29,1.0,0.06747774252262735,0.932522257477372
2015-11-13,18,18,0,1.0,0.0,18,1.0,0.041671208968151734,0.9583287910318486
2015-11-15,1,1,0,1.0,0.0,1,1.0,4.883950055338543e-05,0.9999511604994482
2015-11-16,10,10,0,1.0,0.0,10,1.0,0.039160486168735395,0.9608395138312652
2015-11-17,29,29,0,1.0,0.0,29,1.0,0.038384096380677205,0.9616159036193218
2015-11-18,27,27,0,1.0,0.0,27,1.0,0.041732223357676616,0.958267776642324
2015-11-19,27,27,0,1.0,0.0,27,1.0,0.04191303847040607,0.9580869615295925
2015-11-20,14,14,0,1.0,0.0,14,1.0,0.03244871094123168,0.9675512890587686
2015-11-21,10,10,0,1.0,0.0,10,1.0,0.09862450955308495,0.9013754904469149
2015-11-22,2,2,0,1.0,0.0,2,1.0,0.004594393054356633,0.995405606945645
2015-11-23,14,14,0,1.0,0.0,14,1.0,0.014790612758475723,0.9852093872415251
2015-11-24,23,22,1,0.9565217391304348,0.043478260869565216,21,0.9130434782608696,0.05300627397237162,0.9469937260276298
2015-11-25,21,21,0,1.0,0.0,21,1.0,0.06097928417721277,0.9390207158227885
2015-11-26,4,4,0,1.0,0.0,4,1.0,0.02968663702988119,0.9703133629701197
2015-11-27,11,11,0,1.0,0.0,11,1.0,0.020229607810917215,0.9797703921890828
2015-11-28,1,1,0,1.0,0.0,1,1.0,5.029995388740535e-05,0.9999497000461084
2015-11-29,1,1,0,1.0,0.0,1,1.0,0.00034216514465899313,0.9996578348553433
2015-11-30,12,12,0,1.0,0.0,12,1.0,0.015891465308574913,0.9841085346914252
2015-12-01,15,14,1,0.9333333333333333,0.06666666666666667,13,0.8666666666666667,0.06573172733666868,0.9342682726633302
2015-12-02,19,19,0,1.0,0.0,19,1.0,0.060287440603094565,0.9397125593969056
2015-12-03,23,23,0,1.0,0.0,23,1.0,0.03156914768787197,0.9684308523121286
2015-12-04,24,24,0,1.0,0.0,24,1.0,0.06206698263800331,0.9379330173619964
2015-12-05,7,7,0,1.0,0.0,7,1.0,0.11939902068818471,0.8806009793118147
2015-12-06,3,3,0,1.0,0.0,3,1.0,0.059228716350996004,0.9407712836490013
2015-12-07,9,9,0,1.0,0.0,9,1.0,0.011187137153184763,0.9888128628468158
2015-12-08,19,19,0,1.0,0.0,19,1.0,0.05857408628069628,0.9414259137193048
2015-12-09,26,26,0,1.0,0.0,26,1.0,0.051729367038164824,0.9482706329618348
2015-12-10,29,29,0,1.0,0.0,29,1.0,0.03791305346597206,0.9620869465340284
2015-12-11,25,25,0,1.0,0.0,25,1.0,0.041950842779221384,0.9580491572207781
2015-12-12,4,4,0,1.0,0.0,4,1.0,0.017432246077035068,0.9825677539229638
2015-12-13,2,2,0,1.0,0.0,2,1.0,0.00046606256118717046,0.999533937438809
2015-12-14,29,29,0,1.0,0.0,29,1.0,0.033151763167899195,0.9668482368321009
2015-12-15,56,56,0,1.0,0.0,56,1.0,0.0602167370457803,0.9397832629542195
2015-12-16,19,19,0,1.0,0.0,19,1.0,0.032062606669266906,0.9679373933307333
2015-12-17,20,20,0,1.0,0.0,20,1.0,0.035902868912294786,0.9640971310877056
2015-12-18,27,27,0,1.0,0.0,27,1.0,0.040458037592390715,0.9595419624076096
2015-12-19,11,11,0,1.0,0.0,11,1.0,0.07827638664328039,0.92172361335672
2015-12-20,3,3,0,1.0,0.0,3,1.0,0.0009735076575856392,0.9990264923424133
2015-12-21,29,29,0,1.0,0.0,29,1.0,0.027737236151968023,0.9722627638480323
2015-12-22,32,32,0,1.0,0.0,32,1.0,0.05840373173562529,0.9415962682643747
2015-12-23,19,19,0,1.0,0.0,19,1.0,0.047069913970696,0.9529300860293046
2015-12-24,13,13,0,1.0,0.0,13,1.0,0.00859749154812433,0.9914025084518747
2015-12-25,7,7,0,1.0,0.0,7,1.0,0.08117830763812028,0.9188216923618802
2015-12-28,16,16,0,1.0,0.0,16,1.0,0.002858115949705784,0.997141884050292
2015-12-29,21,21,0,1.0,0.0,21,1.0,0.013012231093254011,0.9869877689067459
2015-12-30,27,27,0,1.0,0.0,27,1.0,0.05068364118493734,0.9493163588150625
2015-12-31,11,11,0,1.0,0.0,11,1.0,0.003467015143336034,0.996532984856663
2016-01-01,6,6,0,1.0,0.0,6,1.0,0.055046361977608066,0.9449536380223909
2016-01-02,4,4,0,1.0,0.0,4,1.0,4.170978218859914e-05,0.9999582902178121
2016-01-03,1,1,0,1.0,0.0,1,1.0,0.001474970065339343,0.9985250299346617
2016-01-04,17,17,0,1.0,0.0,17,1.0,0.006878112811937718,0.9931218871880624
2016-01-05,15,15,0,1.0,0.0,15,1.0,0.02961167450649703,0.9703883254935017
2016-01-06,31,31,0,1.0,0.0,31,1.0,0.04272290611237977,0.9572770938876202
2016-01-07,36,36,0,1.0,0.0,36,1.0,0.03499481969523441,0.9650051803047653
2016-01-08,40,40,0,1.0,0.0,40,1.0,0.028183132794537647,0.9718168672054622
2016-01-09,15,15,0,1.0,0.0,15,1.0,0.07491418351400107,0.9250858164859982
2016-01-10,1,1,0,1.0,0.0,1,1.0,9.84112731966195e-06,0.999990158872685
2016-01-11,17,17,0,1.0,0.0,17,1.0,0.017332384977148535,0.9826676150228522
2016-01-12,30,30,0,1.0,0.0,30,1.0,0.03953625434547773,0.9604637456545226
2016-01-13,22,22,0,1.0,0.0,22,1.0,0.030591532201184216,0.9694084677988162
2016-01-14,18,18,0,1.0,0.0,18,1.0,0.022187544748899946,0.9778124552511004
2016-01-15,23,23,0,1.0,0.0,23,1.0,0.03638617298329168,0.963613827016709
2016-01-16,6,6,0,1.0,0.0,6,1.0,0.06970725924424996,0.9302927407557485
2016-01-17,7,7,0,1.0,0.0,7,1.0,0.016688961268126704,0.9833110387318762
2016-01-18,8,8,0,1.0,0.0,8,1.0,0.057053533463601584,0.9429464665363969
2016-01-19,22,22,0,1.0,0.0,22,1.0,0.037448460613735454,0.9625515393862659
2016-01-20,13,13,0,1.0,0.0,13,1.0,0.0233354662638788,0.9766645337361209
2016-01-21,19,19,0,1.0,0.0,19,1.0,0.02910945886018449,0.970890541139815
2016-01-22,29,29,0,1.0,0.0,29,1.0,0.04266145013725607,0.9573385498627446
2016-01-23,11,11,0,1.0,0.0,11,1.0,0.11456614321318909,0.8854338567868094
2016-01-25,23,23,0,1.0,0.0,23,1.0,0.02089898673545824,0.9791010132645412
2016-01-26,23,23,0,1.0,0.0,23,1.0,0.01607857366391332,0.9839214263360883
2016-01-27,53,53,0,1.0,0.0,53,1.0,0.05660110428014679,0.9433988957198535
2016-01-28,44,44,0,1.0,0.0,44,1.0,0.061047171648980963,0.9389528283510188
2016-01-29,23,23,0,1.0,0.0,23,1.0,0.052262381808990156,0.9477376181910094
2016-01-30,4,4,0,1.0,0.0,4,1.0,0.0347644785753008,0.9652355214246977
2016-01-31,4,4,0,1.0,0.0,4,1.0,0.0009071339545876666,0.9990928660454105
2016-02-01,17,17,0,1.0,0.0,17,1.0,0.005276623016900961,0.9947233769830994
2016-02-02,28,28,0,1.0,0.0,28,1.0,0.03018555073444282,0.9698144492655564
2016-02-03,24,24,0,1.0,0.0,24,1.0,0.041705356319899745,0.9582946436800999
2016-02-04,24,24,0,1.0,0.0,24,1.0,0.06427842414108771,0.9357215758589131
2016-02-05,13,13,0,1.0,0.0,13,1.0,0.010089097822624609,0.9899109021773747
2016-02-06,2,2,0,1.0,0.0,2,1.0,0.021730929741026864,0.9782690702589738
2016-02-07,5,5,0,1.0,0.0,5,1.0,0.0003019638344720713,0.9996980361655285
2016-02-08,12,12,0,1.0,0.0,12,1.0,0.027967042330270458,0.972032957669729
2016-02-09,16,15,1,0.9375,0.0625,14,0.875,0.05903063747065583,0.9409693625293436
2016-02-10,17,17,0,1.0,0.0,17,1.0,0.012223489108107534,0.9877765108918941
2016-02-11,13,13,0,1.0,0.0,13,1.0,0.09134658497749466,0.9086534150225051
2016-02-12,16,16,0,1.0,0.0,16,1.0,0.06412835847733714,0.9358716415226638
2016-02-13,7,7,0,1.0,0.0,7,1.0,0.09095751176049435,0.909042488239505
2016-02-14,2,2,0,1.0,0.0,2,1.0,0.00014005073513309311,0.9998599492648665
2016-02-15,4,4,0,1.0,0.0,4,1.0,0.07834907404070238,0.9216509259592982
2016-02-16,22,22,0,1.0,0.0,22,1.0,0.012835623825244473,0.987164376174756
2016-02-17,35,34,1,0.9714285714285714,0.02857142857142857,33,0.9428571428571428,0.043508712067442896,0.9564912879325583
2016-02-18,50,50,0,1.0,0.0,50,1.0,0.06977450625208581,0.9302254937479144
2016-02-19,41,41,0,1.0,0.0,41,1.0,0.05385534106234793,0.9461446589376522
2016-02-20,23,23,0,1.0,0.0,23,1.0,0.13150736088916995,0.8684926391108306
2016-02-21,4,4,0,1.0,0.0,4,1.0,0.12365684377145658,0.8763431562285453
2016-02-22,20,20,0,1.0,0.0,20,1.0,0.041961492743216575,0.9580385072567811
2016-02-23,29,29,0,1.0,0.0,29,1.0,0.07754574869700968,0.9224542513029897
2016-02-24,35,35,0,1.0,0.0,35,1.0,0.06554477662979397,0.9344552233702057
2016-02-25,34,34,0,1.0,0.0,34,1.0,0.06422546185942238,0.935774538140577
2016-02-26,38,38,0,1.0,0.0,38,1.0,0.06508219185261223,0.9349178081473876
2016-02-27,16,16,0,1.0,0.0,16,1.0,0.10159351955930557,0.8984064804406955
2016-02-28,3,3,0,1.0,0.0,3,1.0,9.429922937346799e-05,0.9999057007706272
2016-02-29,14,14,0,1.0,0.0,14,1.0,0.01799233153865864,0.9820076684613424
2016-03-01,26,25,1,0.9615384615384616,0.038461538461538464,24,0.9230769230769231,0.07331432759348781,0.926685672406513
2016-03-02,28,28,0,1.0,0.0,28,1.0,0.07676465564681101,0.9232353443531885
2016-03-03,26,26,0,1.0,0.0,26,1.0,0.041595469411321626,0.9584045305886781
2016-03-04,37,37,0,1.0,0.0,37,1.0,0.056854337484671606,0.9431456625153289
2016-03-05,13,13,0,1.0,0.0,13,1.0,0.06593454107021704,0.9340654589297828
2016-03-06,5,5,0,1.0,0.0,5,1.0,0.03933681341810461,0.9606631865818958
2016-03-07,17,17,0,1.0,0.0,17,1.0,0.0345160520890639,0.9654839479109375
2016-03-08,25,25,0,1.0,0.0,25,1.0,0.038627886611196115,0.9613721133888044
2016-03-09,16,16,0,1.0,0.0,16,1.0,0.024914607670410094,0.975085392329589
2016-03-10,16,16,0,1.0,0.0,16,1.0,0.03092811223827358,0.9690718877617265
2016-03-11,12,12,0,1.0,0.0,12,1.0,0.01170414367879701,0.9882958563212042
2016-03-12,5,5,0,1.0,0.0,5,1.0,0.12711110445457977,0.8728888955454212
2016-03-13,3,3,0,1.0,0.0,3,1.0,0.04033644479426174,0.9596635552057383
2016-03-14,14,14,0,1.0,0.0,14,1.0,0.003207156508114435,0.9967928434918848
2016-03-15,33,33,0,1.0,0.0,33,1.0,0.012286823119308305,0.9877131768806914
2016-03-16,15,15,0,1.0,0.0,15,1.0,0.053434835794151196,0.9465651642058468
2016-03-17,23,23,0,1.0,0.0,23,1.0,0.030822936440293006,0.9691770635597076
2016-03-18,24,23,1,0.9583333333333334,0.041666666666666664,22,0.9166666666666667,0.05789945422011986,0.9421005457798818
2016-03-19,8,8,0,1.0,0.0,8,1.0,0.09484645884021496,0.9051535411597815
2016-03-20,4,4,0,1.0,0.0,4,1.0,0.008012739166004333,0.9919872608339916
2016-03-21,28,28,0,1.0,0.0,28,1.0,0.04593605404633089,0.9540639459536688
2016-03-22,40,40,0,1.0,0.0,40,1.0,0.09440786182064392,0.905592138179356
2016-03-23,29,29,0,1.0,0.0,29,1.0,0.05182510298120346,0.9481748970187974
2016-03-24,17,17,0,1.0,0.0,17,1.0,0.03503097953673825,0.9649690204632625
2016-03-25,8,8,0,1.0,0.0,8,1.0,0.05494091822415526,0.9450590817758457
2016-03-26,3,3,0,1.0,0.0,3,1.0,0.10453953015528922,0.8954604698447088
2016-03-27,4,4,0,1.0,0.0,4,1.0,0.037153618265334795,0.9628463817346681
2016-03-28,20,20,0,1.0,0.0,20,1.0,0.01285201095241511,0.9871479890475854
2016-03-29,23,23,0,1.0,0.0,23,1.0,0.053701855591730914,0.9462981444082692
2016-03-30,26,26,0,1.0,0.0,26,1.0,0.03230332611033436,0.967696673889665
2016-03-31,29,29,0,1.0,0.0,29,1.0,0.0472476647298889,0.9527523352701108
2016-04-01,19,19,0,1.0,0.0,19,1.0,0.03447604023572533,0.9655239597642753
2016-04-02,3,3,0,1.0,0.0,3,1.0,0.00031749093423701904,0.9996825090657612
2016-04-03,1,1,0,1.0,0.0,1,1.0,0.000195902811371635,0.9998040971886311
2016-04-04,20,20,0,1.0,0.0,20,1.0,0.014233834288891665,0.9857661657111088
2016-04-05,13,13,0,1.0,0.0,13,1.0,0.046563118511824535,0.9534368814881761
2016-04-06,16,16,0,1.0,0.0,16,1.0,0.024554481096077895,0.9754455189039227
2016-04-07,15,15,0,1.0,0.0,15,1.0,0.01460818786764438,0.9853918121323539
2016-04-08,15,15,0,1.0,0.0,15,1.0,0.022551728443522826,0.9774482715564795
2016-04-09,9,9,0,1.0,0.0,9,1.0,0.10867228015929795,0.8913277198407022
2016-04-11,15,15,0,1.0,0.0,15,1.0,0.0334712630219401,0.9665287369780599
2016-04-12,15,15,0,1.0,0.0,15,1.0,0.014799036054718084,0.9852009639452816
2016-04-13,25,25,0,1.0,0.0,25,1.0,0.01757152907384124,0.9824284709261579
2016-04-14,35,35,0,1.0,0.0,35,1.0,0.03966939490814714,0.9603306050918533
2016-04-15,35,35,0,1.0,0.0,35,1.0,0.0680083112646518,0.9319916887353478
2016-04-16,17,17,0,1.0,0.0,17,1.0,0.045461201174780155,0.95453879882522
2016-04-17,5,5,0,1.0,0.0,5,1.0,0.14498913471518604,0.8550108652848152
2016-04-18,22,22,0,1.0,0.0,22,1.0,0.006531216655891416,0.9934687833441083
2016-04-19,19,19,0,1.0,0.0,19,1.0,0.03313508978335577,0.9668649102166459
2016-04-20,23,23,0,1.0,0.0,23,1.0,0.04023665938396549,0.9597633406160352
2016-04-21,24,24,0,1.0,0.0,24,1.0,0.034977576811865634,0.9650224231881367
2016-04-22,16,16,0,1.0,0.0,16,1.0,0.05468467958699448,0.9453153204130054
2016-04-23,10,10,0,1.0,0.0,10,1.0,0.07854722447407064,0.9214527755259303
2016-04-24,3,3,0,1.0,0.0,3,1.0,0.0008351219859827623,0.9991648780140133
2016-04-25,30,30,0,1.0,0.0,30,1.0,0.013395926257842911,0.9866040737421579
2016-04-26,39,39,0,1.0,0.0,39,1.0,0.023869804592170633,0.9761301954078301
2016-04-27,66,66,0,1.0,0.0,66,1.0,0.03019388666563141,0.9698061133343682
2016-04-28,53,53,0,1.0,0.0,53,1.0,0.03946641666466567,0.9605335833353349
2016-04-29,39,39,0,1.0,0.0,39,1.0,0.036650454658054867,0.9633495453419456
2016-04-30,3,3,0,1.0,0.0,3,1.0,0.07156374511485275,0.9284362548851494
2016-05-01,3,3,0,1.0,0.0,3,1.0,0.0004993241785178523,0.9995006758214817
2016-05-02,26,26,0,1.0,0.0,26,1.0,0.004632294682408357,0.9953677053175903
2016-05-03,33,33,0,1.0,0.0,33,1.0,0.017232567435051693,0.9827674325649478
2016-05-04,29,29,0,1.0,0.0,29,1.0,0.021965499345380918,0.9780345006546196
2016-05-05,22,22,0,1.0,0.0,22,1.0,0.03828609603650839,0.961713903963491
2016-05-06,35,35,0,1.0,0.0,35,1.0,0.06910521848084837,0.930894781519152
2016-05-07,2,2,0,1.0,0.0,2,1.0,0.16496105918019915,0.835038940819801
2016-05-09,22,22,0,1.0,0.0,22,1.0,0.020408538777717422,0.9795914612222816
2016-05-10,24,24,0,1.0,0.0,24,1.0,0.029519519657599236,0.9704804803424013
2016-05-11,22,22,0,1.0,0.0,22,1.0,0.02925562797113534,0.9707443720288651
2016-05-12,19,19,0,1.0,0.0,19,1.0,0.05536845953623566,0.9446315404637649
2016-05-13,40,40,0,1.0,0.0,40,1.0,0.05492488984808399,0.945075110151917
2016-05-14,8,8,0,1.0,0.0,8,1.0,0.05076275929174681,0.9492372407082529
2016-05-16,36,36,0,1.0,0.0,36,1.0,0.009192347589212103,0.9908076524107885
2016-05-17,50,50,0,1.0,0.0,50,1.0,0.03438093423572289,0.9656190657642777
2016-05-18,21,21,0,1.0,0.0,21,1.0,0.017686740753396057,0.9823132592466044
2016-05-19,26,26,0,1.0,0.0,26,1.0,0.018454865001541917,0.9815451349984585
2016-05-20,30,30,0,1.0,0.0,30,1.0,0.02638231863041377,0.9736176813695866
2016-05-21,6,6,0,1.0,0.0,6,1.0,0.048382311597792084,0.9516176884022062
2016-05-22,6,6,0,1.0,0.0,6,1.0,0.04202233291470441,0.9579776670852974
2016-05-23,30,30,0,1.0,0.0,30,1.0,0.018188361828210826,0.9818116381717897
2016-05-24,26,26,0,1.0,0.0,26,1.0,0.02962012918318558,0.9703798708168155
2016-05-25,27,27,0,1.0,0.0,27,1.0,0.03157902221240738,0.968420977787592
2016-05-26,32,32,0,1.0,0.0,32,1.0,0.04983476211938018,0.9501652378806197
2016-05-27,27,27,0,1.0,0.0,27,1.0,0.015258226390746159,0.9847417736092535
2016-05-28,10,10,0,1.0,0.0,10,1.0,0.07743484280867163,0.9225651571913275
2016-05-29,1,1,0,1.0,0.0,1,1.0,0.0002098934725925351,0.9997901065274126
2016-05-30,2,2,0,1.0,0.0,2,1.0,0.25951568245314477,0.7404843175468557
2016-05-31,14,14,0,1.0,0.0,14,1.0,0.025604366252456556,0.9743956337475435
2016-06-01,19,19,0,1.0,0.0,19,1.0,0.033313519264289625,0.9666864807357122
2016-06-02,33,33,0,1.0,0.0,33,1.0,0.024452254710023658,0.9755477452899762
2016-06-03,23,23,0,1.0,0.0,23,1.0,0.05086373254082389,0.9491362674591758
2016-06-04,9,9,0,1.0,0.0,9,1.0,0.07147462759577777,0.9285253724042222
2016-06-05,3,3,0,1.0,0.0,3,1.0,0.00982811948971493,0.9901718805102878
2016-06-06,19,19,0,1.0,0.0,19,1.0,0.011805522142331402,0.9881944778576678
2016-06-07,26,26,0,1.0,0.0,26,1.0,0.015434106559192815,0.9845658934408063
2016-06-08,15,15,0,1.0,0.0,15,1.0,0.03828376267891046,0.9617162373210917
2016-06-09,23,23,0,1.0,0.0,23,1.0,0.03510100497784286,0.9648989950221565
2016-06-10,26,26,0,1.0,0.0,26,1.0,0.06390780489564772,0.9360921951043519
2016-06-11,8,8,0,1.0,0.0,8,1.0,0.06578933753548533,0.9342106624645148
2016-06-12,4,4,0,1.0,0.0,4,1.0,0.0001750795010072589,0.9998249204989936
2016-06-13,24,24,0,1.0,0.0,24,1.0,0.03715856689637295,0.9628414331036268
2016-06-14,20,20,0,1.0,0.0,20,1.0,0.03377760951779583,0.9662223904822043
2016-06-15,18,18,0,1.0,0.0,18,1.0,0.01097413388130152,0.9890258661186971
2016-06-16,14,14,0,1.0,0.0,14,1.0,0.011137589231887445,0.9888624107681118
2016-06-17,30,30,0,1.0,0.0,30,1.0,0.019831309854134466,0.9801686901458649
2016-06-18,20,20,0,1.0,0.0,20,1.0,0.09074391195961767,0.9092560880403818
2016-06-19,1,1,0,1.0,0.0,1,1.0,0.00014571494175501137,0.9998542850582464
2016-06-20,16,16,0,1.0,0.0,16,1.0,0.018879381325981104,0.9811206186740203
2016-06-21,21,21,0,1.0,0.0,21,1.0,0.04009735984680363,0.9599026401531964
2016-06-22,17,17,0,1.0,0.0,17,1.0,0.020138283646658567,0.9798617163533416
2016-06-23,19,19,0,1.0,0.0,19,1.0,0.03653471800448602,0.9634652819955143
2016-06-24,25,25,0,1.0,0.0,25,1.0,0.034558964538977985,0.9654410354610219
2016-06-25,5,5,0,1.0,0.0,5,1.0,0.0007652142085741061,0.9992347857914258
2016-06-26,1,1,0,1.0,0.0,1,1.0,0.000767077501682295,0.9992329224983144
2016-06-27,11,11,0,1.0,0.0,11,1.0,0.0047757986111924295,0.9952242013888078
2016-06-28,20,20,0,1.0,0.0,20,1.0,0.012305523782754948,0.9876944762172444
2016-06-29,15,15,0,1.0,0.0,15,1.0,0.051975214309309216,0.9480247856906897
2016-06-30,9,9,0,1.0,0.0,9,1.0,0.0068202840655327895,0.9931797159344681
2016-07-01,23,23,0,1.0,0.0,23,1.0,0.03139067985792245,0.9686093201420772
2016-07-02,8,8,0,1.0,0.0,8,1.0,0.11289118211479632,0.8871088178852036
2016-07-03,1,1,0,1.0,0.0,1,1.0,0.00038537672666453734,0.9996146232733409
2016-07-04,4,4,0,1.0,0.0,4,1.0,0.002932673754548105,0.9970673262454535
2016-07-05,21,21,0,1.0,0.0,21,1.0,0.011071875112214528,0.988928124887785
2016-07-06,19,19,0,1.0,0.0,19,1.0,0.03582350444231772,0.9641764955576809
2016-07-07,16,16,0,1.0,0.0,16,1.0,0.013296904960428776,0.9867030950395712
2016-07-08,14,14,0,1.0,0.0,14,1.0,0.04354736415633408,0.9564526358436647
2016-07-09,4,4,0,1.0,0.0,4,1.0,0.05450664610728747,0.945493353892711
2016-07-11,14,14,0,1.0,0.0,14,1.0,0.027224884352744585,0.9727751156472555
2016-07-12,20,19,1,0.95,0.05,18,0.8999999999999999,0.05201724188033822,0.9479827581196615
2016-07-13,19,19,0,1.0,0.0,19,1.0,0.007851595191474749,0.9921484048085238
2016-07-14,22,22,0,1.0,0.0,22,1.0,0.04304501122996316,0.9569549887700365
2016-07-15,27,27,0,1.0,0.0,27,1.0,0.013920860596497619,0.9860791394035026
2016-07-16,7,7,0,1.0,0.0,7,1.0,0.007573508295392528,0.9924264917046084
2016-07-17,3,3,0,1.0,0.0,3,1.0,0.036058993450953765,0.9639410065490434
2016-07-18,36,36,0,1.0,0.0,36,1.0,0.013274555852543784,0.9867254441474559
2016-07-19,22,22,0,1.0,0.0,22,1.0,0.0117911266439915,0.9882088733560068
2016-07-20,26,26,0,1.0,0.0,26,1.0,0.03443811474469449,0.9655618852553075
2016-07-21,25,25,0,1.0,0.0,25,1.0,0.009447169296513179,0.9905528307034873
2016-07-22,32,32,0,1.0,0.0,32,1.0,0.01591333476384815,0.9840866652361517
2016-07-23,8,8,0,1.0,0.0,8,1.0,0.08059816736032267,0.9194018326396777
2016-07-24,6,6,0,1.0,0.0,6,1.0,0.0417033226011401,0.9582966773988625
2016-07-25,31,31,0,1.0,0.0,31,1.0,0.00980172752669098,0.9901982724733084
2016-07-26,37,37,0,1.0,0.0,37,1.0,0.01624263458943448,0.9837573654105661
2016-07-27,73,73,0,1.0,0.0,73,1.0,0.019606888424270726,0.9803931115757293
2016-07-28,37,37,0,1.0,0.0,37,1.0,0.035792140973866564,0.9642078590261332
2016-07-29,16,16,0,1.0,0.0,16,1.0,0.03783738298096452,0.9621626170190344
2016-07-30,7,7,0,1.0,0.0,7,1.0,0.06610770340784321,0.9338922965921572
2016-07-31,1,1,0,1.0,0.0,1,1.0,2.8629263697415195e-05,0.9999713707363026
2016-08-01,17,17,0,1.0,0.0,17,1.0,0.007517595176018451,0.9924824048239822
2016-08-02,28,28,0,1.0,0.0,28,1.0,0.026884737781457925,0.973115262218543
2016-08-03,20,20,0,1.0,0.0,20,1.0,0.05090657274963002,0.9490934272503699
2016-08-04,19,19,0,1.0,0.0,19,1.0,0.029061290956248566,0.9709387090437516
2016-08-05,23,23,0,1.0,0.0,23,1.0,0.03997722806567898,0.9600227719343207
2016-08-06,3,3,0,1.0,0.0,3,1.0,0.007101918527778784,0.9928980814722251
2016-08-07,1,1,0,1.0,0.0,1,1.0,0.026400181936959068,0.9735998180630413
2016-08-08,15,15,0,1.0,0.0,15,1.0,0.021481161301894168,0.9785188386981057
2016-08-09,25,25,0,1.0,0.0,25,1.0,0.03418206077351508,0.9658179392264848
2016-08-10,17,17,0,1.0,0.0,17,1.0,0.04502591646165084,0.9549740835383486
2016-08-11,15,15,0,1.0,0.0,15,1.0,0.012138272234991069,0.9878617277650108
2016-08-12,9,9,0,1.0,0.0,9,1.0,0.019747256618933236,0.980252743381065
2016-08-13,3,3,0,1.0,0.0,3,1.0,0.011719388566427106,0.9882806114335713
2016-08-14,3,3,0,1.0,0.0,3,1.0,0.0037779638726398745,0.9962220361273596
2016-08-15,19,19,0,1.0,0.0,19,1.0,0.04897588450300829,0.9510241154969922
2016-08-16,29,29,0,1.0,0.0,29,1.0,0.024748301975438827,0.9752516980245617
2016-08-17,14,14,0,1.0,0.0,14,1.0,0.025475507464356218,0.9745244925356417
2016-08-18,19,19,0,1.0,0.0,19,1.0,0.008165092547690475,0.9918349074523111
2016-08-19,18,18,0,1.0,0.0,18,1.0,0.03211933589856337,0.9678806641014381
2016-08-20,3,3,0,1.0,0.0,3,1.0,0.00010022658791115121,0.9998997734120855
2016-08-21,5,5,0,1.0,0.0,5,1.0,0.030341683329914056,0.9696583166700827
2016-08-22,16,16,0,1.0,0.0,16,1.0,0.0009077617500491214,0.9990922382499526
2016-08-23,20,20,0,1.0,0.0,20,1.0,0.00506428999866277,0.9949357100013371
2016-08-24,13,13,0,1.0,0.0,13,1.0,0.039567707969106435,0.9604322920308935
2016-08-25,18,18,0,1.0,0.0,18,1.0,0.0024510437263774187,0.9975489562736214
2016-08-26,15,15,0,1.0,0.0,15,1.0,0.042579180572854494,0.9574208194271456
2016-08-27,4,4,0,1.0,0.0,4,1.0,0.01118609791789519,0.9888139020821087
2016-08-28,2,2,0,1.0,0.0,2,1.0,0.002023535238806573,0.9979764647612003
2016-08-29,23,23,0,1.0,0.0,23,1.0,0.024138118246673657,0.975861881753325
2016-08-30,34,34,0,1.0,0.0,34,1.0,0.0308089971745462,0.9691910028254538
2016-08-31,20,20,0,1.0,0.0,20,1.0,0.014591336784103784,0.9854086632158957
2016-09-01,18,18,0,1.0,0.0,18,1.0,0.008203448030796883,0.9917965519692044
2016-09-02,22,22,0,1.0,0.0,22,1.0,0.013645280781182607,0.9863547192188183
2016-09-03,3,3,0,1.0,0.0,3,1.0,0.03103404746829941,0.9689659525316977
2016-09-04,3,3,0,1.0,0.0,3,1.0,0.004908827849082829,0.9950911721509174
2016-09-05,2,1,1,0.5,0.5,0,0.0,0.487985509133453,0.5120144908665456
2016-09-06,29,29,0,1.0,0.0,29,1.0,0.029470625206290093,0.9705293747937102
2016-09-07,39,38,1,0.9743589743589743,0.02564102564102564,37,0.9487179487179487,0.06112228798506585,0.9388777120149344
2016-09-08,45,45,0,1.0,0.0,45,1.0,0.028588450222081816,0.9714115497779182
2016-09-09,34,34,0,1.0,0.0,34,1.0,0.015335895446001191,0.9846641045539994
2016-09-10,6,6,0,1.0,0.0,6,1.0,0.02891906677874402,0.9710809332212538
2016-09-11,2,2,0,1.0,0.0,2,1.0,0.008266972481416938,0.9917330275185823
2016-09-12,26,26,0,1.0,0.0,26,1.0,0.018304803455883915,0.9816951965441153
2016-09-13,34,34,0,1.0,0.0,34,1.0,0.02495714890508988,0.9750428510949104
2016-09-14,35,35,0,1.0,0.0,35,1.0,0.025360266044748433,0.9746397339552516
2016-09-15,45,45,0,1.0,0.0,45,1.0,0.027941007252960365,0.9720589927470394
2016-09-16,29,29,0,1.0,0.0,29,1.0,0.0259752146187889,0.9740247853812111
2016-09-17,6,6,0,1.0,0.0,6,1.0,0.0002479897703619442,0.9997520102296371
2016-09-18,1,1,0,1.0,0.0,1,1.0,8.682105310069454e-05,0.9999131789469041
2016-09-19,34,34,0,1.0,0.0,34,1.0,0.05680490290161336,0.943195097098386
2016-09-20,26,26,0,1.0,0.0,26,1.0,0.050463864508749026,0.9495361354912499
2016-09-21,19,19,0,1.0,0.0,19,1.0,0.02239445665714628,0.9776055433428553
2016-09-22,21,21,0,1.0,0.0,21,1.0,0.022695968113709948,0.9773040318862908
2016-09-23,23,23,0,1.0,0.0,23,1.0,0.05789177492240333,0.9421082250775953
2016-09-24,4,4,0,1.0,0.0,4,1.0,0.007257238775407392,0.9927427612245895
2016-09-25,3,3,0,1.0,0.0,3,1.0,0.09934723524693723,0.9006527647530556
2016-09-26,22,22,0,1.0,0.0,22,1.0,0.0023945866518136918,0.9976054133481873
2016-09-27,19,19,0,1.0,0.0,19,1.0,0.003540922114643676,0.9964590778853591
2016-09-28,16,16,0,1.0,0.0,16,1.0,0.00949612358086577,0.9905038764191343
2016-09-29,28,28,0,1.0,0.0,28,1.0,0.027074188393626828,0.9729258116063733
2016-09-30,23,23,0,1.0,0.0,23,1.0,0.0579101369729836,0.9420898630270153
2016-10-01,4,4,0,1.0,0.0,4,1.0,0.018079485749084315,0.9819205142509149
2016-10-02,4,4,0,1.0,0.0,4,1.0,0.049482775491011585,0.9505172245089863
2016-10-03,27,26,1,0.9629629629629629,0.037037037037037035,25,0.9259259259259258,0.044883072501038505,0.9551169274989613
2016-10-04,24,24,0,1.0,0.0,24,1.0,0.023208651440128455,0.9767913485598715
2016-10-05,17,17,0,1.0,0.0,17,1.0,0.02737400806652554,0.9726259919334753
2016-10-06,21,21,0,1.0,0.0,21,1.0,0.0075170963157909524,0.9924829036842076
2016-10-07,14,14,0,1.0,0.0,14,1.0,0.07828064195565675,0.921719358044344
2016-10-08,1,1,0,1.0,0.0,1,1.0,0.0010296928068455756,0.9989703071931545
2016-10-09,2,2,0,1.0,0.0,2,1.0,0.0006950271838723885,0.9993049728161186
2016-10-10,15,15,0,1.0,0.0,15,1.0,0.012354234903787387,0.9876457650962135
2016-10-11,27,27,0,1.0,0.0,27,1.0,0.020753196408357984,0.9792468035916416
2016-10-12,17,17,0,1.0,0.0,17,1.0,0.010155143704375978,0.9898448562956252
2016-10-13,17,17,0,1.0,0.0,17,1.0,0.018290198171275,0.9817098018287254
2016-10-14,19,19,0,1.0,0.0,19,1.0,0.0014715197183552485,0.9985284802816456
2016-10-15,2,2,0,1.0,0.0,2,1.0,3.1293431217421864e-05,0.9999687065687858
2016-10-17,23,23,0,1.0,0.0,23,1.0,0.012110038460461185,0.9878899615395378
2016-10-18,14,14,0,1.0,0.0,14,1.0,0.02263734516353286,0.9773626548364671
2016-10-19,17,17,0,1.0,0.0,17,1.0,0.008977343300999087,0.9910226566990024
2016-10-20,16,15,1,0.9375,0.0625,14,0.875,0.06696320289911133,0.9330367971008893
2016-10-21,21,21,0,1.0,0.0,21,1.0,0.03080948712082829,0.9691905128791718
2016-10-22,1,1,0,1.0,0.0,1,1.0,0.0003650351221860376,0.9996349648778188
2016-10-23,2,2,0,1.0,0.0,2,1.0,6.786047832084203e-05,0.999932139521679
2016-10-24,30,30,0,1.0,0.0,30,1.0,0.006480756129756485,0.9935192438702429
2016-10-25,32,32,0,1.0,0.0,32,1.0,0.00732486709081159,0.992675132909189
2016-10-26,47,47,0,1.0,0.0,47,1.0,0.028739021704111377,0.9712609782958894
2016-10-27,23,23,0,1.0,0.0,23,1.0,0.037566891417956015,0.9624331085820432
2016-10-28,37,36,1,0.972972972972973,0.02702702702702703,35,0.945945945945946,0.04117559349627149,0.9588244065037282
2016-10-29,4,4,0,1.0,0.0,4,1.0,0.01038684545328206,0.9896131545467167
2016-10-30,2,2,0,1.0,0.0,2,1.0,0.22605353121395425,0.7739464687860457
2016-10-31,31,31,0,1.0,0.0,31,1.0,0.04243795000510139,0.9575620499948988
2016-11-01,24,24,0,1.0,0.0,24,1.0,0.023329787145280223,0.9766702128547199
2016-11-02,22,22,0,1.0,0.0,22,1.0,0.005867132424047336,0.9941328675759529
2016-11-03,27,27,0,1.0,0.0,27,1.0,0.0132908625777033,0.9867091374222967
2016-11-04,17,17,0,1.0,0.0,17,1.0,0.004317588196476547,0.9956824118035255
2016-11-05,1,1,0,1.0,0.0,1,1.0,0.0012597893388490372,0.9987402106611489
2016-11-06,1,1,0,1.0,0.0,1,1.0,0.017758497068747128,0.9822415029312516
2016-11-07,15,14,1,0.9333333333333333,0.06666666666666667,13,0.8666666666666667,0.057782783321836874,0.9422172166781627
2016-11-08,22,22,0,1.0,0.0,22,1.0,0.031707082935221335,0.9682929170647774
2016-11-09,17,17,0,1.0,0.0,17,1.0,0.014581472854024767,0.985418527145976
2016-11-10,20,20,0,1.0,0.0,20,1.0,0.010558371589156745,0.989441628410843
2016-11-11,24,24,0,1.0,0.0,24,1.0,0.007023725567117525,0.9929762744328811
2016-11-13,2,2,0,1.0,0.0,2,1.0,0.024466609478522083,0.9755333905214776
2016-11-14,22,22,0,1.0,0.0,22,1.0,0.014118540660345364,0.9858814593396542
2016-11-15,19,19,0,1.0,0.0,19,1.0,0.012781542725610879,0.9872184572743891
2016-11-16,12,12,0,1.0,0.0,12,1.0,0.054187305279298874,0.9458126947207037
2016-11-17,15,15,0,1.0,0.0,15,1.0,0.009641354610120091,0.990358645389879
2016-11-18,19,19,0,1.0,0.0,19,1.0,0.026083037232764627,0.9739169627672339
2016-11-19,1,1,0,1.0,0.0,1,1.0,0.08268034821999251,0.9173196517800059
2016-11-20,1,1,0,1.0,0.0,1,1.0,0.009882337971199784,0.9901176620287995
2016-11-21,19,19,0,1.0,0.0,19,1.0,0.02975883299199802,0.9702411670080004
2016-11-22,16,16,0,1.0,0.0,16,1.0,0.03148286840185983,0.9685171315981387
2016-11-23,15,15,0,1.0,0.0,15,1.0,0.035149891399470716,0.964850108600528
2016-11-24,1,1,0,1.0,0.0,1,1.0,5.7267135314445256e-05,0.9999427328646878
2016-11-25,6,6,0,1.0,0.0,6,1.0,0.04355847213952105,0.956441527860482
2016-11-26,3,3,0,1.0,0.0,3,1.0,0.05781484571755075,0.9421851542824483
2016-11-27,1,1,0,1.0,0.0,1,1.0,0.011304862253372622,0.9886951377466257
2016-11-28,30,30,0,1.0,0.0,30,1.0,0.03770420363934104,0.9622957963606588
2016-11-29,17,17,0,1.0,0.0,17,1.0,0.004402673967339511,0.9955973260326613
2016-11-30,17,17,0,1.0,0.0,17,1.0,0.0023201124649897763,0.9976798875350085
2016-12-01,18,18,0,1.0,0.0,18,1.0,0.007810560584126289,0.9921894394158741
2016-12-02,2,2,0,1.0,0.0,2,1.0,0.037650775187319296,0.9623492248126777
2016-12-03,1,1,0,1.0,0.0,1,1.0,0.1133744577870986,0.8866255422129004
2016-12-04,2,2,0,1.0,0.0,2,1.0,0.031145376859045393,0.9688546231409555
2016-12-05,6,6,0,1.0,0.0,6,1.0,0.02643167642430415,0.9735683235756963
2016-12-06,16,16,0,1.0,0.0,16,1.0,0.019203319363616665,0.9807966806363841
2016-12-07,20,20,0,1.0,0.0,20,1.0,0.02131055463642101,0.978689445363579
2016-12-08,16,16,0,1.0,0.0,16,1.0,0.02192620777660852,0.9780737922233917
2016-12-09,19,19,0,1.0,0.0,19,1.0,0.034544274790935026,0.9654557252090655
2016-12-10,5,5,0,1.0,0.0,5,1.0,0.0012278483946171984,0.9987721516053852
2016-12-11,1,1,0,1.0,0.0,1,1.0,0.00010074725407097482,0.9998992527459292
2016-12-12,21,21,0,1.0,0.0,21,1.0,0.008954077893684211,0.9910459221063166
2016-12-13,21,21,0,1.0,0.0,21,1.0,0.017566520306307325,0.9824334796936934
2016-12-14,22,22,0,1.0,0.0,22,1.0,0.006826573444223205,0.9931734265557762
2016-12-15,18,18,0,1.0,0.0,18,1.0,0.0048891523503353206,0.9951108476496644
2016-12-16,20,20,0,1.0,0.0,20,1.0,0.012540721761807228,0.9874592782381933
2016-12-17,7,7,0,1.0,0.0,7,1.0,0.0004136011091768369,0.9995863988908208
2016-12-18,8,8,0,1.0,0.0,8,1.0,0.0011444454174383573,0.9988555545825614
2016-12-19,18,18,0,1.0,0.0,18,1.0,0.01861108227284751,0.9813889177271535
2016-12-20,18,18,0,1.0,0.0,18,1.0,0.007928836532076763,0.9920711634679233
2016-12-21,23,23,0,1.0,0.0,23,1.0,0.03672207002370637,0.9632779299762935
2016-12-22,27,27,0,1.0,0.0,27,1.0,0.04375363264476788,0.9562463673552313
2016-12-23,14,14,0,1.0,0.0,14,1.0,0.02533723085124522,0.974662769148754
2016-12-26,1,1,0,1.0,0.0,1,1.0,6.8201372948702934e-06,0.999993179862693
2016-12-27,19,19,0,1.0,0.0,19,1.0,0.028354674772023913,0.9716453252279763
2016-12-28,19,19,0,1.0,0.0,19,1.0,0.002824044412424579,0.997175955587577
2016-12-29,12,12,0,1.0,0.0,12,1.0,0.016931828185041266,0.9830681718149589
2016-12-30,18,18,0,1.0,0.0,18,1.0,0.009336077290305146,0.9906639227096963
2016-12-31,1,1,0,1.0,0.0,1,1.0,2.180436556939631e-05,0.9999781956344259
2017-01-02,1,1,0,1.0,0.0,1,1.0,4.158327624759547e-05,0.9999584167237487
2017-01-03,13,13,0,1.0,0.0,13,1.0,0.02689338097872257,0.9731066190212787
2017-01-04,16,16,0,1.0,0.0,16,1.0,0.01801600220405671,0.9819839977959445
2017-01-05,16,16,0,1.0,0.0,16,1.0,0.033415884709975405,0.9665841152900224
2017-01-06,18,18,0,1.0,0.0,18,1.0,0.016856947932970608,0.9831430520670303
2017-01-07,3,3,0,1.0,0.0,3,1.0,3.190458886879057e-05,0.9999680954111327
2017-01-09,21,21,0,1.0,0.0,21,1.0,0.03913969282920272,0.9608603071707981
2017-01-10,24,24,0,1.0,0.0,24,1.0,0.014084619757436724,0.985915380242564
2017-01-11,21,21,0,1.0,0.0,21,1.0,0.024639593610991207,0.97536040638901
2017-01-12,26,26,0,1.0,0.0,26,1.0,0.021856743690654323,0.9781432563093456
2017-01-13,17,17,0,1.0,0.0,17,1.0,0.012281231235606857,0.987718768764393
2017-01-14,1,1,0,1.0,0.0,1,1.0,0.00022304175581281698,0.9997769582441869
2017-01-15,3,3,0,1.0,0.0,3,1.0,0.0018439866759871245,0.9981560133240155
2017-01-16,2,2,0,1.0,0.0,2,1.0,0.14945493917335184,0.8505450608266447
2017-01-17,26,26,0,1.0,0.0,26,1.0,0.007719390435414217,0.992280609564586
2017-01-18,24,24,0,1.0,0.0,24,1.0,0.005469408046296884,0.994530591953704
2017-01-19,23,23,0,1.0,0.0,23,1.0,0.011614454765362504,0.9883855452346384
2017-01-20,36,36,0,1.0,0.0,36,1.0,0.01290931476671382,0.9870906852332867
2017-01-21,3,3,0,1.0,0.0,3,1.0,0.013660993856096601,0.986339006143902
2017-01-23,33,33,0,1.0,0.0,33,1.0,0.022363960266121547,0.9776360397338778
2017-01-24,27,27,0,1.0,0.0,27,1.0,0.008673005745848152,0.9913269942541513
2017-01-25,36,36,0,1.0,0.0,36,1.0,0.025252634194587033,0.9747473658054128
2017-01-26,16,16,0,1.0,0.0,16,1.0,0.020290970861107687,0.9797090291388936
2017-01-27,30,30,0,1.0,0.0,30,1.0,0.005921444775371964,0.9940785552246272
2017-01-28,3,3,0,1.0,0.0,3,1.0,0.005819402506228235,0.9941805974937745
2017-01-29,3,3,0,1.0,0.0,3,1.0,1.1692964830372446e-05,0.9999883070351697
2017-01-30,25,25,0,1.0,0.0,25,1.0,0.009858600838912046,0.9901413991610872
2017-01-31,38,38,0,1.0,0.0,38,1.0,0.011564147375785728,0.9884358526242131
2017-02-01,56,56,0,1.0,0.0,56,1.0,0.012335842566495428,0.9876641574335048
2017-02-02,28,28,0,1.0,0.0,28,1.0,0.011935190560156947,0.9880648094398428
2017-02-03,28,28,0,1.0,0.0,28,1.0,0.004471611941401376,0.9955283880585986
2017-02-05,1,1,0,1.0,0.0,1,1.0,7.008715556047944e-05,0.9999299128444517
2017-02-06,28,28,0,1.0,0.0,28,1.0,0.011769487980976434,0.9882305120190239
2017-02-07,28,28,0,1.0,0.0,28,1.0,0.010590579815845947,0.9894094201841552
2017-02-08,30,30,0,1.0,0.0,30,1.0,0.017639402823971296,0.9823605971760291
2017-02-09,15,15,0,1.0,0.0,15,1.0,0.005866443283059319,0.9941335567169417
2017-02-10,30,29,1,0.9666666666666667,0.03333333333333333,28,0.9333333333333333,0.024376947708854995,0.9756230522911464
2017-02-11,1,1,0,1.0,0.0,1,1.0,6.137705396105632e-05,0.9999386229460324
2017-02-12,1,1,0,1.0,0.0,1,1.0,4.6221304875555604e-07,0.9999995377869555
2017-02-13,40,40,0,1.0,0.0,40,1.0,0.03562627536701875,0.9643737246329824
2017-02-14,32,32,0,1.0,0.0,32,1.0,0.01549380529225053,0.9845061947077495
2017-02-15,34,34,0,1.0,0.0,34,1.0,0.008641030721743633,0.9913589692782563
2017-02-16,25,25,0,1.0,0.0,25,1.0,0.018856050648177337,0.9811439493518229
2017-02-17,19,19,0,1.0,0.0,19,1.0,0.017020817376591814,0.9829791826234087
2017-02-18,1,1,0,1.0,0.0,1,1.0,3.607592333196143e-05,0.999963924076661
2017-02-19,4,4,0,1.0,0.0,4,1.0,8.285350479763433e-05,0.9999171464952049
2017-02-20,6,6,0,1.0,0.0,6,1.0,0.07739344576908834,0.9226065542309151
2017-02-21,20,20,0,1.0,0.0,20,1.0,0.017010063356690055,0.9829899366433101
2017-02-22,12,12,0,1.0,0.0,12,1.0,0.008866018358899176,0.9911339816411008
2017-02-23,13,13,0,1.0,0.0,13,1.0,0.005041999527617895,0.9949580004723835
2017-02-24,17,17,0,1.0,0.0,17,1.0,0.02133526625222318,0.978664733747777
2017-02-25,3,3,0,1.0,0.0,3,1.0,0.07450734128806845,0.9254926587119345
2017-02-26,2,2,0,1.0,0.0,2,1.0,0.0076065356896173626,0.9923934643103853
2017-02-27,30,30,0,1.0,0.0,30,1.0,0.010335523201986422,0.9896644767980135
2017-02-28,20,20,0,1.0,0.0,20,1.0,0.03902562471073978,0.9609743752892594
2017-03-01,20,20,0,1.0,0.0,20,1.0,0.016973558087754824,0.9830264419122452
2017-03-02,23,23,0,1.0,0.0,23,1.0,0.007409663626258242,0.9925903363737426
2017-03-03,27,27,0,1.0,0.0,27,1.0,0.011899240171067594,0.9881007598289339
2017-03-05,2,2,0,1.0,0.0,2,1.0,6.011601727049742e-06,0.9999939883982797
2017-03-06,25,25,0,1.0,0.0,25,1.0,0.025841148974846958,0.9741588510251532
2017-03-07,16,16,0,1.0,0.0,16,1.0,0.003798074584552618,0.9962019254154475
2017-03-08,16,16,0,1.0,0.0,16,1.0,0.002798794270085663,0.9972012057299144
2017-03-09,29,29,0,1.0,0.0,29,1.0,0.007398252202423224,0.9926017477975757
2017-03-10,101,101,0,1.0,0.0,101,1.0,0.004794009625536946,0.9952059903744632
2017-03-11,2,2,0,1.0,0.0,2,1.0,3.6554344870328356e-05,0.9999634456551325
2017-03-12,1,1,0,1.0,0.0,1,1.0,2.198282665707551e-05,0.9999780171733463
2017-03-13,23,23,0,1.0,0.0,23,1.0,0.01731807956667556,0.9826819204333255
2017-03-14,22,22,0,1.0,0.0,22,1.0,0.022836778784518764,0.9771632212154809
2017-03-15,17,17,0,1.0,0.0,17,1.0,0.007770266184373147,0.9922297338156274
2017-03-16,126,125,1,0.9920634920634921,0.007936507936507936,124,0.9841269841269842,0.007090894539314908,0.9929091054606843
2017-03-17,17,17,0,1.0,0.0,17,1.0,0.014264167575158663,0.9857358324248423
2017-03-18,2,2,0,1.0,0.0,2,1.0,0.00012458558027763194,0.9998754144197216
2017-03-19,3,3,0,1.0,0.0,3,1.0,0.022442827483284352,0.9775571725167141
2017-03-20,35,35,0,1.0,0.0,35,1.0,0.020798707635655243,0.9792012923643446
2017-03-21,27,27,0,1.0,0.0,27,1.0,0.029399586298608168,0.9706004137013899
2017-03-22,23,23,0,1.0,0.0,23,1.0,0.018193335701917026,0.9818066642980832
2017-03-23,100,100,0,1.0,0.0,100,1.0,0.003500257627823844,0.9964997423721763
2017-03-24,107,107,0,1.0,0.0,107,1.0,0.004359846416378522,0.9956401535836215
2017-03-25,4,4,0,1.0,0.0,4,1.0,0.021209189578880173,0.9787908104211196
2017-03-26,6,6,0,1.0,0.0,6,1.0,7.58865616050842e-05,0.9999241134383974
2017-03-27,24,24,0,1.0,0.0,24,1.0,0.010409791906776841,0.9895902080932236
2017-03-28,107,107,0,1.0,0.0,107,1.0,0.0005841083294302576,0.9994158916705699
2017-03-29,109,109,0,1.0,0.0,109,1.0,0.0018039014983122752,0.9981960985016873
2017-03-30,20,20,0,1.0,0.0,20,1.0,0.012961452520548944,0.9870385474794512
2017-03-31,23,23,0,1.0,0.0,23,1.0,0.000592673954151992,0.9994073260458493
2017-04-01,2,2,0,1.0,0.0,2,1.0,1.4005760663755676e-06,0.99999859942394
2017-04-02,5,5,0,1.0,0.0,5,1.0,0.03831546171416054,0.9616845382858348
2017-04-03,96,96,0,1.0,0.0,96,1.0,0.0008028810101308777,0.9991971189898695
2017-04-04,30,29,1,0.9666666666666667,0.03333333333333333,28,0.9333333333333333,0.03926604667337579,0.9607339533266245
2017-04-05,24,24,0,1.0,0.0,24,1.0,0.005799819887754683,0.9942001801122431
2017-04-06,30,30,0,1.0,0.0,30,1.0,0.0032459981389858154,0.9967540018610157
2017-04-07,24,24,0,1.0,0.0,24,1.0,0.006039599855202547,0.993960400144798
2017-04-08,3,3,0,1.0,0.0,3,1.0,0.00011288115057496602,0.9998871188494286
2017-04-09,1,1,0,1.0,0.0,1,1.0,3.3205876502811965e-05,0.9999667941234976
2017-04-10,28,28,0,1.0,0.0,28,1.0,0.012594179924713695,0.9874058200752861
2017-04-11,39,39,0,1.0,0.0,39,1.0,0.018928378190115697,0.9810716218098833
2017-04-12,37,37,0,1.0,0.0,37,1.0,0.006176240733889096,0.9938237592661104
2017-04-13,20,20,0,1.0,0.0,20,1.0,0.0009043025832605765,0.9990956974167396
2017-04-14,9,9,0,1.0,0.0,9,1.0,0.011719955342944816,0.988280044657053
2017-04-17,29,29,0,1.0,0.0,29,1.0,0.0066558032879319535,0.9933441967120681
2017-04-18,30,30,0,1.0,0.0,30,1.0,0.00832976158509474,0.9916702384149045
2017-04-19,31,31,0,1.0,0.0,31,1.0,0.0030248268268072824,0.9969751731731934
2017-04-20,35,35,0,1.0,0.0,35,1.0,0.02200592906154162,0.977994070938458
2017-04-21,120,120,0,1.0,0.0,120,1.0,0.0009821558553782304,0.9990178441446218
2017-04-22,5,5,0,1.0,0.0,5,1.0,2.0217802700319743e-05,0.9999797821972954
2017-04-24,138,138,0,1.0,0.0,138,1.0,0.00455321029201068,0.9954467897079902
2017-04-25,80,80,0,1.0,0.0,80,1.0,0.004158496358824396,0.9958415036411757
2017-04-26,43,43,0,1.0,0.0,43,1.0,0.0014995967640478221,0.9985004032359512
2017-04-27,30,30,0,1.0,0.0,30,1.0,0.0011186562542755676,0.998881343745724
2017-04-28,37,37,0,1.0,0.0,37,1.0,0.020398773505384514,0.9796012264946159
2017-04-29,1,1,0,1.0,0.0,1,1.0,3.158429838544821e-05,0.9999684157016097
2017-04-30,1,1,0,1.0,0.0,1,1.0,3.278107174683739e-05,0.9999672189282465
2017-05-01,46,46,0,1.0,0.0,46,1.0,0.007818583963006647,0.9921814160369938
2017-05-02,45,45,0,1.0,0.0,45,1.0,0.0026470229903798343,0.9973529770096212
2017-05-03,38,38,0,1.0,0.0,38,1.0,0.02948855024458869,0.970511449755412
2017-05-04,17,17,0,1.0,0.0,17,1.0,0.004387400582678218,0.9956125994173227
2017-05-05,116,116,0,1.0,0.0,116,1.0,0.0026385575425911926,0.9973614424574083
2017-05-06,1,1,0,1.0,0.0,1,1.0,0.020955192056365302,0.9790448079436334
2017-05-07,3,3,0,1.0,0.0,3,1.0,0.01845336758448909,0.9815466324155128
2017-05-08,32,32,0,1.0,0.0,32,1.0,0.004274884032177361,0.9957251159678218
2017-05-09,47,47,0,1.0,0.0,47,1.0,0.001034521563290494,0.9989654784367099
2017-05-10,47,47,0,1.0,0.0,47,1.0,0.001177874609509138,0.9988221253904919
2017-05-11,56,56,0,1.0,0.0,56,1.0,0.006185022217098298,0.9938149777829027
2017-05-12,28,27,1,0.9642857142857143,0.03571428571428571,26,0.9285714285714286,0.02513279284249238,0.9748672071575079
2017-05-13,4,4,0,1.0,0.0,4,1.0,0.013707016429258017,0.9862929835707407
2017-05-14,1,1,0,1.0,0.0,1,1.0,1.3301211652645693e-06,0.9999986698788383
2017-05-15,27,27,0,1.0,0.0,27,1.0,0.016322578729492877,0.9836774212705078
2017-05-16,33,33,0,1.0,0.0,33,1.0,0.014447352425304257,0.9855526475746955
2017-05-17,28,27,1,0.9642857142857143,0.03571428571428571,26,0.9285714285714286,0.03199103168109021,0.9680089683189097
2017-05-18,29,29,0,1.0,0.0,29,1.0,0.010770776656914212,0.9892292233430864
2017-05-19,26,26,0,1.0,0.0,26,1.0,0.00028037232610642125,0.9997196276738936
2017-05-21,2,2,0,1.0,0.0,2,1.0,3.3612583714261716e-05,0.9999663874162819
2017-05-22,26,26,0,1.0,0.0,26,1.0,0.012601030327902813,0.9873989696720975
2017-05-23,34,34,0,1.0,0.0,34,1.0,0.024124131184981957,0.9758758688150179
2017-05-24,27,27,0,1.0,0.0,27,1.0,0.009719423157667585,0.9902805768423312
2017-05-25,27,27,0,1.0,0.0,27,1.0,0.0026403992108037845,0.9973596007891963
2017-05-26,11,11,0,1.0,0.0,11,1.0,0.02593927812860949,0.9740607218713905
2017-05-27,4,4,0,1.0,0.0,4,1.0,0.00018430385561178295,0.99981569614439
2017-05-28,4,4,0,1.0,0.0,4,1.0,0.008475030615420057,0.991524969384581
2017-05-29,3,3,0,1.0,0.0,3,1.0,0.01811318161995382,0.9818868183800458
2017-05-30,94,94,0,1.0,0.0,94,1.0,0.0016628005636919623,0.9983371994363084
2017-05-31,96,96,0,1.0,0.0,96,1.0,0.00808342587575922,0.991916574124241
2017-06-01,24,24,0,1.0,0.0,24,1.0,0.0003104048428218867,0.9996895951571781
2017-06-02,27,27,0,1.0,0.0,27,1.0,0.00642645329664451,0.9935735467033576
2017-06-03,1,1,0,1.0,0.0,1,1.0,0.000588692646193084,0.9994113073538031
2017-06-04,3,3,0,1.0,0.0,3,1.0,9.478538729759255e-05,0.9999052146127037
2017-06-05,40,40,0,1.0,0.0,40,1.0,0.014610063564464246,0.9853899364355356
2017-06-06,35,35,0,1.0,0.0,35,1.0,0.0179580694653893,0.9820419305346103
2017-06-07,28,28,0,1.0,0.0,28,1.0,0.009368594086372469,0.9906314059136275
2017-06-08,18,18,0,1.0,0.0,18,1.0,0.00671477983180754,0.9932852201681927
2017-06-09,98,98,0,1.0,0.0,98,1.0,0.0029230271521146303,0.9970769728478855
2017-06-10,3,3,0,1.0,0.0,3,1.0,0.0623338947536612,0.9376661052463398
2017-06-12,118,118,0,1.0,0.0,118,1.0,0.0017381171428799706,0.9982618828571194
2017-06-13,31,31,0,1.0,0.0,31,1.0,0.007329957245567953,0.992670042754431
2017-06-14,38,38,0,1.0,0.0,38,1.0,0.01887558404608482,0.9811244159539151
2017-06-15,34,34,0,1.0,0.0,34,1.0,0.0124222902056721,0.9875777097943276
2017-06-16,34,34,0,1.0,0.0,34,1.0,0.011324720467500082,0.9886752795325018
2017-06-17,5,5,0,1.0,0.0,5,1.0,6.15659257136136e-05,0.9999384340742857
2017-06-18,1,1,0,1.0,0.0,1,1.0,5.312768868929411e-05,0.9999468723113155
2017-06-19,41,41,0,1.0,0.0,41,1.0,0.00946435684485944,0.9905356431551418
2017-06-20,24,23,1,0.9583333333333334,0.041666666666666664,22,0.9166666666666667,0.0350329501738587,0.9649670498261402
2017-06-21,30,30,0,1.0,0.0,30,1.0,0.019017283523834028,0.9809827164761654
2017-06-22,28,28,0,1.0,0.0,28,1.0,0.0027572094336931518,0.9972427905663067
2017-06-23,20,20,0,1.0,0.0,20,1.0,0.012135772705165549,0.9878642272948337
2017-06-24,1,1,0,1.0,0.0,1,1.0,6.482409918365288e-05,0.9999351759008147
2017-06-25,5,5,0,1.0,0.0,5,1.0,0.00023034502720692767,0.9997696549727862
2017-06-26,26,26,0,1.0,0.0,26,1.0,0.0065710205966435595,0.9934289794033575
2017-06-27,29,29,0,1.0,0.0,29,1.0,0.003479207547873503,0.996520792452127
2017-06-28,26,26,0,1.0,0.0,26,1.0,0.02088451709771176,0.979115482902288
2017-06-29,19,19,0,1.0,0.0,19,1.0,0.018609695910051027,0.9813903040899488
2017-06-30,24,24,0,1.0,0.0,24,1.0,0.0006743545869103551,0.9993256454130899
2017-07-01,3,3,0,1.0,0.0,3,1.0,0.00034104699272220507,0.9996589530072844
2017-07-02,2,2,0,1.0,0.0,2,1.0,0.0007566899170723319,0.9992433100829232
2017-07-03,23,23,0,1.0,0.0,23,1.0,0.001444360167509819,0.998555639832491
2017-07-04,4,4,0,1.0,0.0,4,1.0,0.1142932971612227,0.8857067028387795
2017-07-05,18,18,0,1.0,0.0,18,1.0,0.011409840040141063,0.9885901599598598
2017-07-06,34,34,0,1.0,0.0,34,1.0,0.028840368044728976,0.9711596319552717
2017-07-07,28,28,0,1.0,0.0,28,1.0,0.006280217341949447,0.9937197826580507
2017-07-08,3,3,0,1.0,0.0,3,1.0,9.247780342562963e-05,0.9999075221965775
2017-07-09,3,3,0,1.0,0.0,3,1.0,0.023917979777395796,0.976082020222608
2017-07-10,42,42,0,1.0,0.0,42,1.0,0.01221542941409833,0.987784570585901
2017-07-11,121,121,0,1.0,0.0,121,1.0,0.005768997233164071,0.9942310027668352
2017-07-12,146,146,0,1.0,0.0,146,1.0,0.0018807445683034884,0.9981192554316979
2017-07-13,121,121,0,1.0,0.0,121,1.0,0.0037659002531950057,0.9962340997468059
2017-07-14,115,115,0,1.0,0.0,115,1.0,0.0005707137702939911,0.9994292862297063
2017-07-15,6,6,0,1.0,0.0,6,1.0,0.007517967188390845,0.9924820328116088
2017-07-16,3,3,0,1.0,0.0,3,1.0,3.6572448321053046e-05,0.9999634275516782
2017-07-17,57,57,0,1.0,0.0,57,1.0,0.01645731423011065,0.9835426857698883
2017-07-18,26,26,0,1.0,0.0,26,1.0,0.005704717166319016,0.9942952828336824
2017-07-19,30,30,0,1.0,0.0,30,1.0,0.009475336208209053,0.9905246637917896
2017-07-20,27,27,0,1.0,0.0,27,1.0,0.018969106124758557,0.9810308938752422
2017-07-21,35,35,0,1.0,0.0,35,1.0,0.0007945212557699439,0.9992054787442295
2017-07-22,4,4,0,1.0,0.0,4,1.0,0.0007430446566267059,0.9992569553433758
2017-07-24,165,165,0,1.0,0.0,165,1.0,0.0006389720476081601,0.9993610279523916
2017-07-25,29,29,0,1.0,0.0,29,1.0,0.01055860639583365,0.9894413936041652
2017-07-26,38,38,0,1.0,0.0,38,1.0,0.0023566232775007663,0.9976433767224985
2017-07-27,30,30,0,1.0,0.0,30,1.0,0.013621372619961053,0.9863786273800402
2017-07-28,33,32,1,0.9696969696969697,0.030303030303030304,31,0.9393939393939394,0.02749796306904288,0.9725020369309584
2017-07-29,4,4,0,1.0,0.0,4,1.0,0.0010681957462937148,0.9989318042537048
2017-07-30,4,4,0,1.0,0.0,4,1.0,1.6952457383261412e-05,0.9999830475426149
2017-07-31,183,183,0,1.0,0.0,183,1.0,0.001626637808068289,0.9983733621919313
2017-08-01,50,50,0,1.0,0.0,50,1.0,0.009280408214204958,0.9907195917857946
2017-08-02,64,64,0,1.0,0.0,64,1.0,0.006814306828034959,0.9931856931719649
2017-08-03,36,36,0,1.0,0.0,36,1.0,0.003475485712374149,0.9965245142876255
2017-08-04,21,21,0,1.0,0.0,21,1.0,0.01606025525566443,0.9839397447443361
2017-08-05,2,2,0,1.0,0.0,2,1.0,0.001656063768818267,0.9983439362311803
2017-08-06,7,7,0,1.0,0.0,7,1.0,0.005584761811291176,0.9944152381887069
2017-08-07,37,37,0,1.0,0.0,37,1.0,0.010140423713117831,0.9898595762868836
2017-08-08,26,26,0,1.0,0.0,26,1.0,0.020836051421250855,0.9791639485787473
2017-08-09,40,39,1,0.975,0.025,38,0.95,0.03187915180141896,0.9681208481985809
2017-08-10,38,38,0,1.0,0.0,38,1.0,0.01795166000170911,0.9820483399982912
2017-08-11,28,28,0,1.0,0.0,28,1.0,0.005842696927575971,0.9941573030724246
2017-08-12,8,8,0,1.0,0.0,8,1.0,0.005096064071159243,0.9949039359288384
2017-08-13,3,3,0,1.0,0.0,3,1.0,0.002435809406940266,0.9975641905930596
2017-08-14,32,32,0,1.0,0.0,32,1.0,0.0064120198441778575,0.9935879801558223
2017-08-15,34,34,0,1.0,0.0,34,1.0,0.0265719492713562,0.9734280507286445
2017-08-16,32,32,0,1.0,0.0,32,1.0,0.010587292188764287,0.9894127078112371
2017-08-17,33,33,0,1.0,0.0,33,1.0,0.025291742855858265,0.97470825714414
2017-08-18,30,30,0,1.0,0.0,30,1.0,0.0020170816120241293,0.9979829183879755
2017-08-19,7,7,0,1.0,0.0,7,1.0,0.003148850058163434,0.996851149941836
2017-08-20,2,2,0,1.0,0.0,2,1.0,0.00015102794223398507,0.9998489720577632
2017-08-21,117,117,0,1.0,0.0,117,1.0,0.002043235042938045,0.9979567649570619
2017-08-22,23,23,0,1.0,0.0,23,1.0,0.00517563057139864,0.9948243694286004
2017-08-23,29,29,0,1.0,0.0,29,1.0,0.005343913173967797,0.994656086826031
2017-08-24,23,23,0,1.0,0.0,23,1.0,0.0005564592233291757,0.9994435407766689
2017-08-25,26,26,0,1.0,0.0,26,1.0,0.017624626602677707,0.9823753733973221
2017-08-27,2,2,0,1.0,0.0,2,1.0,0.013324361501624074,0.986675638498377
2017-08-28,117,117,0,1.0,0.0,117,1.0,0.0006134230802597501,0.9993865769197411
2017-08-29,29,29,0,1.0,0.0,29,1.0,0.004005951542133426,0.995994048457866
2017-08-30,24,24,0,1.0,0.0,24,1.0,0.0023169395070256316,0.9976830604929751
2017-08-31,27,27,0,1.0,0.0,27,1.0,0.021974856663012615,0.9780251433369878
2017-09-01,107,107,0,1.0,0.0,107,1.0,0.0009203777186672341,0.9990796222813326
2017-09-02,2,2,0,1.0,0.0,2,1.0,0.10160877114893892,0.89839122885106
2017-09-03,2,2,0,1.0,0.0,2,1.0,6.908423307463611e-05,0.9999309157669329
2017-09-04,2,2,0,1.0,0.0,2,1.0,0.06987662952738985,0.9301233704726095
2017-09-05,29,29,0,1.0,0.0,29,1.0,0.003457840000303861,0.9965421599996954
2017-09-06,27,27,0,1.0,0.0,27,1.0,0.005204427093549988,0.9947955729064495
2017-09-07,21,21,0,1.0,0.0,21,1.0,0.013908794864084917,0.9860912051359143
2017-09-08,109,109,0,1.0,0.0,109,1.0,0.008232244927184898,0.9917677550728144
2017-09-09,4,4,0,1.0,0.0,4,1.0,0.00011739541394328905,0.9998826045860612
2017-09-10,5,5,0,1.0,0.0,5,1.0,0.049826427464384246,0.9501735725356143
2017-09-11,115,115,0,1.0,0.0,115,1.0,0.0023199149193411897,0.9976800850806589
2017-09-12,154,154,0,1.0,0.0,154,1.0,0.019772179802820145,0.9802278201971798
2017-09-13,152,152,0,1.0,0.0,152,1.0,0.004803983682133011,0.9951960163178664
2017-09-14,41,41,0,1.0,0.0,41,1.0,0.02102551030800373,0.9789744896919973
2017-09-15,34,34,0,1.0,0.0,34,1.0,0.010066729582788939,0.9899332704172122
2017-09-16,2,2,0,1.0,0.0,2,1.0,0.144348374556336,0.8556516254436616
2017-09-17,3,3,0,1.0,0.0,3,1.0,0.05160348728076352,0.9483965127192384
2017-09-18,28,28,0,1.0,0.0,28,1.0,0.0057247259417968635,0.9942752740582034
2017-09-19,29,29,0,1.0,0.0,29,1.0,0.0019893522177853408,0.998010647782214
2017-09-20,132,132,0,1.0,0.0,132,1.0,0.004243694819240494,0.9957563051807595
2017-09-21,32,32,0,1.0,0.0,32,1.0,0.016705154751393364,0.9832948452486066
2017-09-22,33,33,0,1.0,0.0,33,1.0,0.005486785624641897,0.9945132143753578
2017-09-23,2,2,0,1.0,0.0,2,1.0,0.0061576269292505275,0.9938423730707489
2017-09-24,6,6,0,1.0,0.0,6,1.0,0.008128935570231019,0.9918710644297688
2017-09-25,28,28,0,1.0,0.0,28,1.0,0.010163455765449683,0.9898365442345496
2017-09-26,33,33,0,1.0,0.0,33,1.0,0.004386511176852158,0.9956134888231493
2017-09-27,35,35,0,1.0,0.0,35,1.0,0.004032138344928264,0.9959678616550712
2017-09-28,89,89,0,1.0,0.0,89,1.0,0.002285459153108335,0.9977145408468916
2017-09-29,26,26,0,1.0,0.0,26,1.0,0.012071130871269256,0.987928869128731
2017-09-30,4,4,0,1.0,0.0,4,1.0,0.012397388528992602,0.987602611471007
2017-10-01,5,5,0,1.0,0.0,5,1.0,0.0004624125731549295,0.9995375874268433
2017-10-02,27,27,0,1.0,0.0,27,1.0,0.0015193302471312466,0.9984806697528695
2017-10-03,19,19,0,1.0,0.0,19,1.0,0.00038590210931892564,0.9996140978906799
2017-10-04,26,26,0,1.0,0.0,26,1.0,0.01032015758082856,0.9896798424191716
2017-10-05,26,26,0,1.0,0.0,26,1.0,0.008613868956482562,0.9913861310435171
2017-10-06,20,20,0,1.0,0.0,20,1.0,0.00012607581387273458,0.9998739241861276
2017-10-07,2,2,0,1.0,0.0,2,1.0,0.0001111513891093242,0.9998888486108918
2017-10-08,3,3,0,1.0,0.0,3,1.0,0.00019901890025964645,0.9998009810997396
2017-10-09,21,21,0,1.0,0.0,21,1.0,0.0044709797854738925,0.995529020214525
2017-10-10,29,29,0,1.0,0.0,29,1.0,0.013259418269397076,0.9867405817306021
2017-10-11,33,33,0,1.0,0.0,33,1.0,0.01052984230241252,0.9894701576975861
2017-10-12,26,25,1,0.9615384615384616,0.038461538461538464,24,0.9230769230769231,0.024635450728363522,0.9753645492716367
2017-10-13,29,29,0,1.0,0.0,29,1.0,0.02400213084045614,0.9759978691595443
2017-10-14,4,4,0,1.0,0.0,4,1.0,0.0003986952177627086,0.9996013047822327
2017-10-15,4,4,0,1.0,0.0,4,1.0,0.00013103070195143537,0.9998689692980481
2017-10-16,36,36,0,1.0,0.0,36,1.0,0.006792722978641949,0.9932072770213581
2017-10-17,37,37,0,1.0,0.0,37,1.0,0.008098199446096558,0.9919018005539034
2017-10-18,41,41,0,1.0,0.0,41,1.0,0.0015014633991628718,0.9984985366008373
2017-10-19,43,43,0,1.0,0.0,43,1.0,0.0014698085895283445,0.9985301914104715
2017-10-20,36,36,0,1.0,0.0,36,1.0,0.008812420271450593,0.9911875797285474
2017-10-21,4,4,0,1.0,0.0,4,1.0,0.00014458340996359944,0.9998554165900366
2017-10-22,5,5,0,1.0,0.0,5,1.0,0.00015369358142047944,0.9998463064185799
2017-10-23,30,30,0,1.0,0.0,30,1.0,0.00534552609137808,0.9946544739086204
2017-10-24,36,36,0,1.0,0.0,36,1.0,0.007043683601463719,0.9929563163985369
2017-10-25,35,35,0,1.0,0.0,35,1.0,0.0017287846037220829,0.9982712153962777
2017-10-26,22,22,0,1.0,0.0,22,1.0,0.000460043029858938,0.999539956970142
2017-10-27,37,37,0,1.0,0.0,37,1.0,0.016802762095241508,0.9831972379047563
2017-10-28,1,1,0,1.0,0.0,1,1.0,0.0009124422988588874,0.9990875577011482
2017-10-29,2,2,0,1.0,0.0,2,1.0,0.0003197194907982073,0.9996802805092064
2017-10-30,53,53,0,1.0,0.0,53,1.0,0.011860758028600685,0.9881392419713994
2017-10-31,57,57,0,1.0,0.0,57,1.0,0.00788221461873879,0.9921177853812618
2017-11-01,168,168,0,1.0,0.0,168,1.0,0.0010651888895350213,0.9989348111104652
2017-11-02,54,54,0,1.0,0.0,54,1.0,0.008964112366088399,0.9910358876339121
2017-11-03,68,68,0,1.0,0.0,68,1.0,0.019373842577278432,0.9806261574227212
2017-11-04,2,2,0,1.0,0.0,2,1.0,0.04950337899116417,0.9504966210088359
2017-11-05,5,5,0,1.0,0.0,5,1.0,0.07878514471831115,0.9212148552816884
2017-11-06,46,46,0,1.0,0.0,46,1.0,0.016351864422329235,0.9836481355776702
2017-11-07,35,35,0,1.0,0.0,35,1.0,0.00509040287547875,0.9949095971245226
2017-11-08,30,30,0,1.0,0.0,30,1.0,0.005165969129282187,0.9948340308707173
2017-11-09,30,30,0,1.0,0.0,30,1.0,0.013278982693139155,0.9867210173068611
2017-11-10,87,86,1,0.9885057471264368,0.011494252873563218,85,0.9770114942528736,0.008866023272405125,0.9911339767275947
2017-11-11,4,3,1,0.75,0.25,2,0.5,0.12896053019131049,0.8710394698086882
2017-11-13,42,42,0,1.0,0.0,42,1.0,0.021756647026663665,0.9782433529733354
2017-11-14,32,32,0,1.0,0.0,32,1.0,0.01138107690574645,0.9886189230942535
2017-11-15,42,42,0,1.0,0.0,42,1.0,0.007684687588480694,0.9923153124115194
2017-11-16,38,38,0,1.0,0.0,38,1.0,0.015878516034222804,0.9841214839657776
2017-11-17,30,30,0,1.0,0.0,30,1.0,0.002151325093622112,0.9978486749063783
2017-11-18,5,5,0,1.0,0.0,5,1.0,0.0013479625284779472,0.9986520374715202
2017-11-19,3,3,0,1.0,0.0,3,1.0,0.0005758467436228255,0.99942415325638
2017-11-20,29,29,0,1.0,0.0,29,1.0,0.02010646730760113,0.9798935326923973
2017-11-21,28,28,0,1.0,0.0,28,1.0,0.01992804278220576,0.9800719572177922
2017-11-22,22,22,0,1.0,0.0,22,1.0,0.000988275402037586,0.9990117245979616
2017-11-23,3,3,0,1.0,0.0,3,1.0,0.0003158273818100658,0.9996841726181849
2017-11-24,90,90,0,1.0,0.0,90,1.0,0.00021767642805602564,0.9997823235719433
2017-11-25,2,2,0,1.0,0.0,2,1.0,0.07496799383646197,0.9250320061635385
2017-11-26,2,2,0,1.0,0.0,2,1.0,0.049305462406828315,0.9506945375931757
2017-11-27,38,38,0,1.0,0.0,38,1.0,0.005423382211800214,0.9945766177882
2017-11-28,32,32,0,1.0,0.0,32,1.0,0.01558525097601354,0.9844147490239878
2017-11-29,36,36,0,1.0,0.0,36,1.0,0.006118239967978048,0.9938817600320216
2017-11-30,38,38,0,1.0,0.0,38,1.0,0.004759664234696471,0.9952403357653035
2017-12-01,29,29,0,1.0,0.0,29,1.0,0.004221275998718911,0.995778724001283
2017-12-02,5,5,0,1.0,0.0,5,1.0,0.013109404027534102,0.9868905959724668
2017-12-03,4,4,0,1.0,0.0,4,1.0,0.025182307625874426,0.9748176923741292
2017-12-04,28,28,0,1.0,0.0,28,1.0,0.004196636504171266,0.9958033634958289
2017-12-05,23,23,0,1.0,0.0,23,1.0,0.0039706945474979605,0.996029305452502
2017-12-06,34,34,0,1.0,0.0,34,1.0,0.005156128913738476,0.9948438710862613
2017-12-07,22,22,0,1.0,0.0,22,1.0,0.013248359853587376,0.9867516401464124
2017-12-08,32,32,0,1.0,0.0,32,1.0,0.005862861873356798,0.9941371381266446
2017-12-09,3,3,0,1.0,0.0,3,1.0,0.03639452037049728,0.9636054796295049
2017-12-10,4,4,0,1.0,0.0,4,1.0,0.012928836033361998,0.9870711639666347
2017-12-11,41,41,0,1.0,0.0,41,1.0,0.010577445854229999,0.9894225541457702
2017-12-12,121,121,0,1.0,0.0,121,1.0,0.0008003585507628563,0.9991996414492372
2017-12-13,53,53,0,1.0,0.0,53,1.0,0.006865803613166456,0.9931341963868329
2017-12-14,28,28,0,1.0,0.0,28,1.0,0.0226879171146149,0.9773120828853837
2017-12-15,28,27,1,0.9642857142857143,0.03571428571428571,26,0.9285714285714286,0.029257414247982505,0.9707425857520168
2017-12-16,2,2,0,1.0,0.0,2,1.0,0.0003127442607160668,0.9996872557392883
2017-12-17,6,6,0,1.0,0.0,6,1.0,0.005245436199728916,0.9947545638002692
2017-12-18,39,39,0,1.0,0.0,39,1.0,0.020730303998487937,0.9792696960015116
2017-12-19,38,38,0,1.0,0.0,38,1.0,0.012542672702774824,0.9874573272972249
2017-12-20,32,32,0,1.0,0.0,32,1.0,0.01216774250721974,0.987832257492781
2017-12-21,24,24,0,1.0,0.0,24,1.0,0.010186237458696139,0.9898137625413037
2017-12-22,26,26,0,1.0,0.0,26,1.0,0.01565170409819222,0.9843482959018074
2017-12-23,4,4,0,1.0,0.0,4,1.0,0.00090856433947315,0.9990914356605236
2017-12-24,4,4,0,1.0,0.0,4,1.0,0.08105718764873483,0.9189428123512642
2017-12-25,3,3,0,1.0,0.0,3,1.0,0.08340369758555771,0.9165963024144448
2017-12-26,35,34,1,0.9714285714285714,0.02857142857142857,33,0.9428571428571428,0.021283105577679044,0.9787168944223197
2017-12-27,30,30,0,1.0,0.0,30,1.0,0.010069122213583094,0.9899308777864184
2017-12-28,23,23,0,1.0,0.0,23,1.0,0.009789779039255845,0.9902102209607434
2017-12-29,103,103,0,1.0,0.0,103,1.0,0.009308454928743935,0.9906915450712563
2017-12-30,1,1,0,1.0,0.0,1,1.0,1.557382015286963e-06,0.9999984426179841
2017-12-31,5,5,0,1.0,0.0,5,1.0,0.0002438136049373658,0.9997561863950597
2018-01-01,2,2,0,1.0,0.0,2,1.0,0.03493995079028938,0.9650600492097103
2018-01-02,27,27,0,1.0,0.0,27,1.0,0.0012236203242214088,0.9987763796757777
2018-01-03,25,25,0,1.0,0.0,25,1.0,0.0006151017974171099,0.9993848982025814
2018-01-04,21,21,0,1.0,0.0,21,1.0,0.0003179617526743846,0.9996820382473253
2018-01-05,31,30,1,0.967741935483871,0.03225806451612903,29,0.935483870967742,0.032518267421445035,0.9674817325785552
2018-01-06,4,4,0,1.0,0.0,4,1.0,0.0017127386714342217,0.998287261328565
2018-01-07,5,5,0,1.0,0.0,5,1.0,0.012206949167455414,0.987793050832545
2018-01-08,21,21,0,1.0,0.0,21,1.0,0.015241281625677732,0.9847587183743227
2018-01-09,29,28,1,0.9655172413793104,0.034482758620689655,27,0.9310344827586208,0.039161858073615045,0.9608381419263857
2018-01-10,26,26,0,1.0,0.0,26,1.0,0.0009444826339487092,0.9990555173660508
2018-01-11,22,22,0,1.0,0.0,22,1.0,0.011828991888010044,0.9881710081119892
2018-01-12,27,27,0,1.0,0.0,27,1.0,0.009494818321689167,0.9905051816783117
2018-01-13,4,4,0,1.0,0.0,4,1.0,0.0001749358661421825,0.9998250641338583
2018-01-14,5,5,0,1.0,0.0,5,1.0,0.0003296934247771918,0.999670306575221
2018-01-15,9,9,0,1.0,0.0,9,1.0,0.07015005445566797,0.9298499455443309
2018-01-16,24,24,0,1.0,0.0,24,1.0,0.006563985893905014,0.993436014106095
2018-01-17,129,129,0,1.0,0.0,129,1.0,0.005613045042796835,0.9943869549572024
2018-01-18,36,36,0,1.0,0.0,36,1.0,0.01380603929179942,0.9861939607081995
2018-01-19,43,43,0,1.0,0.0,43,1.0,0.01198196530265699,0.9880180346973418
2018-01-20,5,5,0,1.0,0.0,5,1.0,0.032322894473881855,0.9676771055261163
2018-01-21,7,7,0,1.0,0.0,7,1.0,0.00011437289267352656,0.9998856271073256
2018-01-22,40,40,0,1.0,0.0,40,1.0,0.005688416065768564,0.9943115839342325
2018-01-23,31,31,0,1.0,0.0,31,1.0,0.017071061933735532,0.9829289380662642
2018-01-24,43,43,0,1.0,0.0,43,1.0,0.009596088561833683,0.9904039114381658
2018-01-25,33,33,0,1.0,0.0,33,1.0,0.006135603724622977,0.9938643962753759
2018-01-26,24,24,0,1.0,0.0,24,1.0,0.003254653379646612,0.9967453466203563
2018-01-27,2,2,0,1.0,0.0,2,1.0,0.042725499709070934,0.9572745002909283
2018-01-28,2,2,0,1.0,0.0,2,1.0,0.038458493946962234,0.9615415060530353
2018-01-29,45,45,0,1.0,0.0,45,1.0,0.011284302593656537,0.9887156974063427
2018-01-30,30,30,0,1.0,0.0,30,1.0,0.017411946304714623,0.982588053695286
2018-01-31,32,32,0,1.0,0.0,32,1.0,0.0059802385825944515,0.9940197614174072
2018-02-01,36,36,0,1.0,0.0,36,1.0,0.005032858572262209,0.9949671414277377
2018-02-02,45,45,0,1.0,0.0,45,1.0,0.009874438968274567,0.9901255610317246
2018-02-03,1,1,0,1.0,0.0,1,1.0,0.0001017221520012649,0.9998982778479946
2018-02-04,6,6,0,1.0,0.0,6,1.0,0.047544038612194806,0.9524559613878066
2018-02-05,28,28,0,1.0,0.0,28,1.0,0.024353960597509782,0.9756460394024903
2018-02-06,131,131,0,1.0,0.0,131,1.0,0.0022082758150040738,0.9977917241849966
2018-02-07,27,27,0,1.0,0.0,27,1.0,0.0014771811877888387,0.9985228188122086
2018-02-08,17,17,0,1.0,0.0,17,1.0,0.013815898821705317,0.9861841011782947
2018-02-09,16,16,0,1.0,0.0,16,1.0,0.022602562723125098,0.9773974372768751
2018-02-10,7,7,0,1.0,0.0,7,1.0,0.004062514062489683,0.9959374859375145
2018-02-11,5,5,0,1.0,0.0,5,1.0,0.022695654253804882,0.9773043457461889
2018-02-12,30,30,0,1.0,0.0,30,1.0,0.024062746938668993,0.9759372530613303
2018-02-13,20,20,0,1.0,0.0,20,1.0,0.002191246468160895,0.9978087535318405
2018-02-14,26,26,0,1.0,0.0,26,1.0,0.007900988338572817,0.992099011661428
2018-02-15,37,37,0,1.0,0.0,37,1.0,0.012027570119424194,0.9879724298805762
2018-02-16,25,25,0,1.0,0.0,25,1.0,0.021779273612425598,0.9782207263875745
2018-02-17,3,3,0,1.0,0.0,3,1.0,0.0001285324471902716,0.9998714675528099
2018-02-18,3,3,0,1.0,0.0,3,1.0,0.0001946944434833357,0.9998053055565186
2018-02-19,5,5,0,1.0,0.0,5,1.0,0.04310409073118905,0.9568959092688092
2018-02-20,18,18,0,1.0,0.0,18,1.0,0.0016009406768731716,0.9983990593231253
2018-02-21,17,17,0,1.0,0.0,17,1.0,0.0018349477130647236,0.9981650522869377
2018-02-22,118,118,0,1.0,0.0,118,1.0,0.0005671333147890689,0.999432866685211
2018-02-23,23,23,0,1.0,0.0,23,1.0,0.02088041405764295,0.9791195859423564
2018-02-24,4,4,0,1.0,0.0,4,1.0,0.009136021762436365,0.9908639782375646
2018-02-25,3,3,0,1.0,0.0,3,1.0,0.014451183042408814,0.9855488169575913
2018-02-26,21,21,0,1.0,0.0,21,1.0,0.005959417430308745,0.9940405825696902
2018-02-27,22,22,0,1.0,0.0,22,1.0,0.05150671358737409,0.9484932864126261
2018-02-28,17,17,0,1.0,0.0,17,1.0,0.0019932098257834686,0.9980067901742169
2018-03-01,20,20,0,1.0,0.0,20,1.0,0.0011851264795477512,0.998814873520453
2018-03-02,17,17,0,1.0,0.0,17,1.0,0.00023031083563193605,0.9997696891643647
2018-03-03,2,2,0,1.0,0.0,2,1.0,1.8058845485512428e-05,0.9999819411545168
2018-03-04,2,2,0,1.0,0.0,2,1.0,0.14778258225944457,0.8522174177405586
2018-03-05,14,14,0,1.0,0.0,14,1.0,0.002601514161983682,0.9973984858380136
2018-03-06,17,17,0,1.0,0.0,17,1.0,0.012120752996010063,0.9878792470039883
2018-03-07,16,16,0,1.0,0.0,16,1.0,0.004867783559995278,0.9951322164400056
2018-03-08,19,19,0,1.0,0.0,19,1.0,0.010536495922918672,0.9894635040770815
2018-03-09,12,12,0,1.0,0.0,12,1.0,0.0015031370590911886,0.99849686294091
2018-03-10,4,4,0,1.0,0.0,4,1.0,0.048391439428751536,0.9516085605712489
2018-03-11,2,2,0,1.0,0.0,2,1.0,0.008282495188856964,0.9917175048111405
2018-03-12,18,18,0,1.0,0.0,18,1.0,0.028496062630697132,0.971503937369304
2018-03-13,29,29,0,1.0,0.0,29,1.0,0.02204392467069323,0.9779560753293074
2018-03-14,17,17,0,1.0,0.0,17,1.0,0.007373167806580655,0.9926268321934195
2018-03-15,20,20,0,1.0,0.0,20,1.0,0.0018721280058010604,0.9981278719941992
2018-03-16,14,14,0,1.0,0.0,14,1.0,0.01054483744163835,0.9894551625583619
2018-03-18,2,2,0,1.0,0.0,2,1.0,0.0016950574857631387,0.998304942514239
2018-03-19,116,116,0,1.0,0.0,116,1.0,0.0036134677682008675,0.9963865322317995
2018-03-20,21,21,0,1.0,0.0,21,1.0,0.008553483593185153,0.9914465164068146
2018-03-21,17,17,0,1.0,0.0,17,1.0,0.0015895802030519842,0.9984104197969446
2018-03-22,24,24,0,1.0,0.0,24,1.0,0.005523720519831673,0.9944762794801688
2018-03-23,15,15,0,1.0,0.0,15,1.0,0.00026114748046434717,0.9997388525195348
2018-03-24,3,3,0,1.0,0.0,3,1.0,0.001012673925284246,0.9989873260747233
2018-03-25,2,2,0,1.0,0.0,2,1.0,3.368382682204822e-05,0.9999663161731813
2018-03-26,16,16,0,1.0,0.0,16,1.0,0.019503349008978182,0.9804966509910219
2018-03-27,17,17,0,1.0,0.0,17,1.0,0.002126159515407411,0.9978738404845913
2018-03-28,21,21,0,1.0,0.0,21,1.0,0.009475140133942479,0.9905248598660567
2018-03-29,18,17,1,0.9444444444444444,0.05555555555555555,16,0.8888888888888888,0.0371348553919395,0.9628651446080612
2018-03-30,5,5,0,1.0,0.0,5,1.0,0.014074252326240965,0.9859257476737578
2018-03-31,2,2,0,1.0,0.0,2,1.0,9.12801650244842e-06,0.9999908719834956
2018-04-01,4,4,0,1.0,0.0,4,1.0,0.012049055907717831,0.9879509440922856
2018-04-02,26,26,0,1.0,0.0,26,1.0,0.011427718070638603,0.9885722819293619
2018-04-03,21,21,0,1.0,0.0,21,1.0,0.0042977380397029846,0.9957022619602963
2018-04-04,16,16,0,1.0,0.0,16,1.0,0.003897673247389451,0.9961023267526107
2018-04-05,19,19,0,1.0,0.0,19,1.0,0.013417858258444364,0.9865821417415541
2018-04-06,14,14,0,1.0,0.0,14,1.0,0.00011415550832688785,0.9998858444916718
2018-04-07,2,2,0,1.0,0.0,2,1.0,0.0013802139475153985,0.9986197860524839
2018-04-08,2,2,0,1.0,0.0,2,1.0,0.0002123012166683783,0.9997876987833312
2018-04-09,18,18,0,1.0,0.0,18,1.0,0.02701489319218718,0.9729851068078127
2018-04-10,26,26,0,1.0,0.0,26,1.0,0.01924183517805645,0.9807581648219444
2018-04-11,17,17,0,1.0,0.0,17,1.0,0.021736123137521563,0.97826387686248
2018-04-12,23,23,0,1.0,0.0,23,1.0,0.00686830271447297,0.9931316972855283
2018-04-13,22,22,0,1.0,0.0,22,1.0,0.005002432391866316,0.9949975676081333
2018-04-14,1,1,0,1.0,0.0,1,1.0,0.00047206077364624917,0.9995279392263564
2018-04-15,5,5,0,1.0,0.0,5,1.0,0.0014891535555987291,0.9985108464444032
2018-04-16,18,18,0,1.0,0.0,18,1.0,0.015768577780854092,0.9842314222191462
2018-04-17,10,10,0,1.0,0.0,10,1.0,0.0025742080888014776,0.997425791911198
2018-04-18,16,16,0,1.0,0.0,16,1.0,0.006069562012195655,0.9939304379878044
2018-04-19,30,30,0,1.0,0.0,30,1.0,0.013737731018997962,0.9862622689810016
2018-04-20,31,31,0,1.0,0.0,31,1.0,0.03165435195610577,0.9683456480438956
2018-04-21,4,4,0,1.0,0.0,4,1.0,0.0161776812584386,0.9838223187415647
2018-04-22,4,4,0,1.0,0.0,4,1.0,0.005448785273191388,0.9945512147268107
2018-04-23,29,29,0,1.0,0.0,29,1.0,0.00563989219250017,0.9943601078074998
2018-04-24,22,22,0,1.0,0.0,22,1.0,0.0076141861941446815,0.9923858138058548
2018-04-25,19,19,0,1.0,0.0,19,1.0,0.0010770967797265843,0.9989229032202739
2018-04-26,197,197,0,1.0,0.0,197,1.0,1.594480818496708e-05,0.9999840551918153
2018-04-27,26,26,0,1.0,0.0,26,1.0,0.006069408915159609,0.993930591084841
2018-04-28,7,7,0,1.0,0.0,7,1.0,0.009807115246512125,0.9901928847534837
2018-04-29,2,2,0,1.0,0.0,2,1.0,0.024184261072192934,0.9758157389278046
2018-04-30,42,42,0,1.0,0.0,42,1.0,0.005283502048242512,0.9947164979517572
2018-05-01,46,46,0,1.0,0.0,46,1.0,0.004095527532292977,0.9959044724677064
2018-05-02,48,48,0,1.0,0.0,48,1.0,0.0065763648443722435,0.9934236351556281
2018-05-03,21,21,0,1.0,0.0,21,1.0,0.0015957540262745138,0.9984042459737241
2018-05-04,37,37,0,1.0,0.0,37,1.0,0.011409667283666783,0.9885903327163351
2018-05-05,3,3,0,1.0,0.0,3,1.0,0.0004995775402604831,0.9995004224597412
2018-05-06,3,3,0,1.0,0.0,3,1.0,0.011006824338102732,0.9889931756618973
2018-05-07,118,118,0,1.0,0.0,118,1.0,0.00018404798799650282,0.9998159520120036
2018-05-08,32,32,0,1.0,0.0,32,1.0,0.005208169746963771,0.9947918302530347
2018-05-09,24,24,0,1.0,0.0,24,1.0,0.01776841906410726,0.9822315809358937
2018-05-10,19,19,0,1.0,0.0,19,1.0,0.0010491013659956836,0.9989508986340031
2018-05-11,19,19,0,1.0,0.0,19,1.0,0.005109255083256675,0.9948907449167417
2018-05-12,3,3,0,1.0,0.0,3,1.0,0.00037878385061477696,0.999621216149389
2018-05-13,1,1,0,1.0,0.0,1,1.0,0.06422670027281153,0.9357732997271896
2018-05-14,19,19,0,1.0,0.0,19,1.0,0.015275206744743074,0.9847247932552579
2018-05-15,109,109,0,1.0,0.0,109,1.0,0.0025387539105784524,0.9974612460894215
2018-05-16,15,15,0,1.0,0.0,15,1.0,9.400223120244629e-05,0.9999059977688008
2018-05-17,22,22,0,1.0,0.0,22,1.0,0.010702749875965069,0.9892972501240348
2018-05-18,118,118,0,1.0,0.0,118,1.0,0.0019289675960335896,0.9980710324039668
2018-05-19,2,2,0,1.0,0.0,2,1.0,0.009858128164338844,0.9901418718356612
2018-05-21,35,35,0,1.0,0.0,35,1.0,0.003963544816936529,0.9960364551830624
2018-05-22,20,20,0,1.0,0.0,20,1.0,0.023547530267113075,0.9764524697328882
2018-05-23,19,19,0,1.0,0.0,19,1.0,0.0029752855508468636,0.9970247144491534
2018-05-24,19,19,0,1.0,0.0,19,1.0,0.0034785453706665122,0.9965214546293335
2018-05-25,18,18,0,1.0,0.0,18,1.0,0.01231765619604154,0.9876823438039573
2018-05-26,1,1,0,1.0,0.0,1,1.0,4.79932989850303e-05,0.9999520067010189
2018-05-27,2,2,0,1.0,0.0,2,1.0,0.04945615864877715,0.9505438413512219
2018-05-28,7,7,0,1.0,0.0,7,1.0,0.05573389052826988,0.94426610947173
2018-05-29,119,119,0,1.0,0.0,119,1.0,0.003469976201714671,0.9965300237982857
2018-05-30,29,29,0,1.0,0.0,29,1.0,0.009738934271496486,0.9902610657285048
2018-05-31,19,19,0,1.0,0.0,19,1.0,0.007307393173270022,0.9926926068267317
2018-06-01,107,107,0,1.0,0.0,107,1.0,0.0022579596739002506,0.9977420403261003
2018-06-02,2,2,0,1.0,0.0,2,1.0,0.11749472821261295,0.8825052717873874
2018-06-03,5,5,0,1.0,0.0,5,1.0,0.025407044689908054,0.9745929553100924
2018-06-04,40,40,0,1.0,0.0,40,1.0,0.023873691455453042,0.9761263085445473
2018-06-05,29,29,0,1.0,0.0,29,1.0,0.01020013062993626,0.9897998693700626
2018-06-06,17,17,0,1.0,0.0,17,1.0,0.003003644720655201,0.9969963552793459
2018-06-07,15,15,0,1.0,0.0,15,1.0,0.0012891393142207181,0.9987108606857794
2018-06-08,30,30,0,1.0,0.0,30,1.0,0.018695677352865817,0.9813043226471341
2018-06-09,4,4,0,1.0,0.0,4,1.0,3.6056254435789944e-05,0.999963943745561
2018-06-10,4,4,0,1.0,0.0,4,1.0,0.001564041964508152,0.9984359580354902
2018-06-11,13,13,0,1.0,0.0,13,1.0,0.00012851678590922806,0.9998714832140898
2018-06-12,100,100,0,1.0,0.0,100,1.0,4.6739252131015374e-05,0.9999532607478695
2018-06-13,24,24,0,1.0,0.0,24,1.0,0.005351320062259645,0.9946486799377401
2018-06-14,16,16,0,1.0,0.0,16,1.0,0.010426241319331205,0.9895737586806677
2018-06-15,25,25,0,1.0,0.0,25,1.0,0.0273336955047087,0.972666304495292
2018-06-16,2,2,0,1.0,0.0,2,1.0,0.00043615092412869057,0.9995638490758653
2018-06-17,5,5,0,1.0,0.0,5,1.0,2.3667256000545705e-05,0.9999763327440035
2018-06-18,14,14,0,1.0,0.0,14,1.0,0.004945663197140322,0.9950543368028623
2018-06-19,13,13,0,1.0,0.0,13,1.0,0.01118003321812473,0.9888199667818729
2018-06-20,23,23,0,1.0,0.0,23,1.0,0.00020101082364908508,0.9997989891763508
2018-06-21,12,12,0,1.0,0.0,12,1.0,0.00034221975779869483,0.9996577802421996
2018-06-22,19,19,0,1.0,0.0,19,1.0,0.00022587467511965705,0.9997741253248801
2018-06-23,1,1,0,1.0,0.0,1,1.0,0.008732801702475203,0.9912671982975217
2018-06-24,2,2,0,1.0,0.0,2,1.0,0.041384053414653295,0.9586159465853432
2018-06-25,21,21,0,1.0,0.0,21,1.0,0.007067364823522969,0.9929326351764775
2018-06-26,116,116,0,1.0,0.0,116,1.0,0.00039124418464107436,0.9996087558153587
2018-06-27,28,28,0,1.0,0.0,28,1.0,0.014082054304838982,0.9859179456951617
2018-06-28,24,24,0,1.0,0.0,24,1.0,0.009059092099990734,0.9909409079000094
2018-06-29,13,13,0,1.0,0.0,13,1.0,0.008693946943599923,0.9913060530563994
2018-06-30,1,1,0,1.0,0.0,1,1.0,0.1630911816486034,0.8369088183513955
2018-07-01,2,2,0,1.0,0.0,2,1.0,0.04280407921838085,0.9571959207816134
2018-07-02,21,21,0,1.0,0.0,21,1.0,0.013889368773059177,0.9861106312269412
2018-07-03,12,12,0,1.0,0.0,12,1.0,0.025786832589753426,0.9742131674102467
2018-07-04,1,1,0,1.0,0.0,1,1.0,0.055031389263351695,0.9449686107366485
2018-07-05,13,13,0,1.0,0.0,13,1.0,0.00028743819137959554,0.99971256180862
2018-07-06,15,15,0,1.0,0.0,15,1.0,0.01365157161779393,0.9863484283822069
2018-07-07,2,2,0,1.0,0.0,2,1.0,3.0908044887765186e-05,0.9999690919551136
2018-07-08,2,2,0,1.0,0.0,2,1.0,0.022096054285561606,0.9779039457144372
2018-07-09,20,20,0,1.0,0.0,20,1.0,0.0034094217668533293,0.996590578233145
2018-07-10,17,16,1,0.9411764705882353,0.058823529411764705,15,0.8823529411764706,0.03330672433899084,0.9666932756610085
2018-07-11,100,100,0,1.0,0.0,100,1.0,0.0013563664041400377,0.9986436335958595
2018-07-12,27,27,0,1.0,0.0,27,1.0,0.011494103824120331,0.9885058961758788
2018-07-13,25,25,0,1.0,0.0,25,1.0,0.005337324523158231,0.9946626754768428
2018-07-14,3,3,0,1.0,0.0,3,1.0,0.00013935830666224948,0.9998606416933357
2018-07-15,3,3,0,1.0,0.0,3,1.0,0.00023465306938913518,0.99976534693061
2018-07-16,14,14,0,1.0,0.0,14,1.0,0.00321095475636598,0.996789045243634
2018-07-17,19,19,0,1.0,0.0,19,1.0,0.0006946084732585273,0.9993053915267409
2018-07-18,17,17,0,1.0,0.0,17,1.0,0.0013783333970539974,0.9986216666029452
2018-07-19,17,17,0,1.0,0.0,17,1.0,0.0022867917758297995,0.9977132082241716
2018-07-20,14,14,0,1.0,0.0,14,1.0,0.004164030240808756,0.9958359697591915
2018-07-21,3,3,0,1.0,0.0,3,1.0,0.00045979184080490425,0.9995402081591966
2018-07-22,2,2,0,1.0,0.0,2,1.0,0.007610611977798698,0.9923893880222039
2018-07-23,20,20,0,1.0,0.0,20,1.0,0.022488369567459667,0.9775116304325391
2018-07-24,14,14,0,1.0,0.0,14,1.0,0.002690997021844664,0.9973090029781547
2018-07-25,154,154,0,1.0,0.0,154,1.0,0.0002498164710827574,0.9997501835289173
2018-07-26,26,26,0,1.0,0.0,26,1.0,0.00358919474613113,0.9964108052538698
2018-07-27,15,15,0,1.0,0.0,15,1.0,0.007923485543913472,0.9920765144560852
2018-07-28,3,3,0,1.0,0.0,3,1.0,0.003600259120489172,0.9963997408795118
2018-07-29,2,2,0,1.0,0.0,2,1.0,1.7972213278425818e-05,0.9999820277867159
2018-07-30,42,42,0,1.0,0.0,42,1.0,0.0056656742390686346,0.9943343257609314
2018-07-31,28,28,0,1.0,0.0,28,1.0,0.013080204686896264,0.9869197953131045
2018-08-01,54,54,0,1.0,0.0,54,1.0,0.009450142312149088,0.9905498576878513
2018-08-02,44,44,0,1.0,0.0,44,1.0,0.014152764440052073,0.9858472355599471
2018-08-03,34,34,0,1.0,0.0,34,1.0,0.024232244944371276,0.9757677550556281
2018-08-04,1,1,0,1.0,0.0,1,1.0,4.5704214872742015e-06,0.9999954295785182
2018-08-05,5,5,0,1.0,0.0,5,1.0,0.021279320790210637,0.9787206792097916
2018-08-06,41,41,0,1.0,0.0,41,1.0,0.013082728685701426,0.9869172713142983
2018-08-07,28,28,0,1.0,0.0,28,1.0,0.0027554520596509142,0.9972445479403486
2018-08-08,111,111,0,1.0,0.0,111,1.0,0.0032319942401935332,0.9967680057598055
2018-08-09,17,17,0,1.0,0.0,17,1.0,0.0036729098287205603,0.9963270901712801
2018-08-10,19,19,0,1.0,0.0,19,1.0,0.006208392911350841,0.9937916070886511
2018-08-11,2,2,0,1.0,0.0,2,1.0,0.0003553953787045902,0.9996446046212942
2018-08-12,2,2,0,1.0,0.0,2,1.0,7.746411303538558e-05,0.9999225358869582
2018-08-13,19,19,0,1.0,0.0,19,1.0,0.010164267403071837,0.9898357325969295
2018-08-14,25,25,0,1.0,0.0,25,1.0,0.018057268808188056,0.9819427311918113
2018-08-15,25,25,0,1.0,0.0,25,1.0,0.017082919686227042,0.9829170803137727
2018-08-16,18,18,0,1.0,0.0,18,1.0,0.01551894666062222,0.9844810533393782
2018-08-17,16,16,0,1.0,0.0,16,1.0,0.012652719299644103,0.9873472807003534
2018-08-18,2,2,0,1.0,0.0,2,1.0,0.004731231992720791,0.9952687680072867
2018-08-19,2,2,0,1.0,0.0,2,1.0,3.3664600071578536e-05,0.9999663353999334
2018-08-20,18,18,0,1.0,0.0,18,1.0,0.0001058439239515112,0.9998941560760487
2018-08-21,17,17,0,1.0,0.0,17,1.0,0.000451763992363886,0.9995482360076359
2018-08-22,110,110,0,1.0,0.0,110,1.0,8.60942706029679e-05,0.9999139057293968
2018-08-23,17,17,0,1.0,0.0,17,1.0,0.026717869042976652,0.9732821309570237
2018-08-24,17,17,0,1.0,0.0,17,1.0,0.0024075909188501785,0.9975924090811489
2018-08-25,3,3,0,1.0,0.0,3,1.0,0.01228157172198651,0.9877184282780108
2018-08-26,2,2,0,1.0,0.0,2,1.0,0.00014934628404894245,0.9998506537159597
2018-08-27,11,11,0,1.0,0.0,11,1.0,0.007716607418951168,0.9922833925810455
2018-08-28,14,14,0,1.0,0.0,14,1.0,0.00652500207243747,0.9934749979275628
2018-08-29,14,14,0,1.0,0.0,14,1.0,0.005081324263007316,0.9949186757369937
2018-08-30,24,24,0,1.0,0.0,24,1.0,0.02067474719980926,0.9793252528001913
2018-08-31,117,117,0,1.0,0.0,117,1.0,0.005450407351171873,0.9945495926488278
2018-09-01,4,4,0,1.0,0.0,4,1.0,0.010675363826888409,0.9893246361731147
2018-09-02,3,3,0,1.0,0.0,3,1.0,0.024230138496044842,0.9757698615039496
2018-09-03,4,4,0,1.0,0.0,4,1.0,0.04319163846303005,0.9568083615369724
2018-09-04,30,30,0,1.0,0.0,30,1.0,0.009884832435030685,0.9901151675649698
2018-09-05,21,21,0,1.0,0.0,21,1.0,0.019945636122946423,0.9800543638770524
2018-09-06,14,14,0,1.0,0.0,14,1.0,0.007983103627508653,0.9920168963724904
2018-09-07,86,86,0,1.0,0.0,86,1.0,0.005337930224918954,0.9946620697750812
2018-09-08,3,3,0,1.0,0.0,3,1.0,0.008432761466055773,0.9915672385339485
2018-09-09,6,6,0,1.0,0.0,6,1.0,0.007740519282303879,0.9922594807176957
2018-09-10,27,27,0,1.0,0.0,27,1.0,0.013664684144423954,0.9863353158555761
2018-09-11,25,25,0,1.0,0.0,25,1.0,0.018728438980635077,0.9812715610193666
2018-09-12,47,47,0,1.0,0.0,47,1.0,0.02278501557753202,0.977214984422468
2018-09-13,36,36,0,1.0,0.0,36,1.0,0.02254196695168466,0.9774580330483155
2018-09-14,19,19,0,1.0,0.0,19,1.0,0.026745665847948925,0.9732543341520492
2018-09-15,2,2,0,1.0,0.0,2,1.0,9.624130868798867e-05,0.9999037586913128
2018-09-16,3,3,0,1.0,0.0,3,1.0,0.01788007518151664,0.982119924818483
2018-09-17,35,35,0,1.0,0.0,35,1.0,0.0034780608933479996,0.9965219391066518
2018-09-18,142,142,0,1.0,0.0,142,1.0,0.0003381107308172466,0.9996618892691829
2018-09-19,27,27,0,1.0,0.0,27,1.0,0.0001517572875751365,0.9998482427124243
2018-09-20,14,14,0,1.0,0.0,14,1.0,0.0040523552242171185,0.9959476447757808
2018-09-21,17,17,0,1.0,0.0,17,1.0,0.011633148019764002,0.9883668519802358
2018-09-22,5,5,0,1.0,0.0,5,1.0,0.019883968403812867,0.9801160315961923
2018-09-23,3,3,0,1.0,0.0,3,1.0,0.00020051485170939873,0.9997994851482853
2018-09-24,25,25,0,1.0,0.0,25,1.0,0.0197422640552297,0.9802577359447704
2018-09-25,114,113,1,0.9912280701754386,0.008771929824561403,112,0.9824561403508771,0.006035511215802638,0.9939644887841974
2018-09-26,32,32,0,1.0,0.0,32,1.0,0.015049461892953997,0.9849505381070462
2018-09-27,30,30,0,1.0,0.0,30,1.0,0.011310827526583321,0.9886891724734169
2018-09-28,23,23,0,1.0,0.0,23,1.0,0.04034925066125087,0.9596507493387479
2018-09-30,5,5,0,1.0,0.0,5,1.0,0.01612741013191708,0.9838725898680828
2018-10-01,15,15,0,1.0,0.0,15,1.0,6.584805343507511e-05,0.9999341519465645
2018-10-02,20,20,0,1.0,0.0,20,1.0,0.015613106411746971,0.984386893588254
2018-10-03,26,26,0,1.0,0.0,26,1.0,0.003702858587584736,0.9962971414124162
2018-10-04,119,119,0,1.0,0.0,119,1.0,0.001578672453353973,0.9984213275466456
2018-10-05,24,24,0,1.0,0.0,24,1.0,0.0020949260979180977,0.997905073902083
2018-10-06,3,3,0,1.0,0.0,3,1.0,2.8606912410905944e-05,0.999971393087589
2018-10-07,1,1,0,1.0,0.0,1,1.0,0.10038181750850715,0.8996181824914924
2018-10-08,14,14,0,1.0,0.0,14,1.0,0.013449261355055062,0.986550738644946
2018-10-09,18,18,0,1.0,0.0,18,1.0,0.02046334803926828,0.979536651960733
2018-10-10,20,20,0,1.0,0.0,20,1.0,0.002202381818513131,0.9977976181814874
2018-10-11,22,22,0,1.0,0.0,22,1.0,0.013232327756735123,0.9867676722432658
2018-10-12,30,30,0,1.0,0.0,30,1.0,0.01568580364885459,0.9843141963511439
2018-10-13,5,5,0,1.0,0.0,5,1.0,0.012165852640725344,0.9878341473592727
2018-10-14,5,5,0,1.0,0.0,5,1.0,0.00687292750497797,0.9931270724950189
2018-10-15,94,94,0,1.0,0.0,94,1.0,0.0005826051805316717,0.9994173948194676
2018-10-16,21,21,0,1.0,0.0,21,1.0,0.00036598044959225835,0.9996340195504063
2018-10-17,10,10,0,1.0,0.0,10,1.0,0.016966603097849104,0.983033396902149
2018-10-18,15,15,0,1.0,0.0,15,1.0,0.002868010204982137,0.9971319897950165
2018-10-19,20,20,0,1.0,0.0,20,1.0,0.009623910583649708,0.9903760894163491
2018-10-20,3,3,0,1.0,0.0,3,1.0,0.003269724019241292,0.9967302759807537
2018-10-21,4,4,0,1.0,0.0,4,1.0,0.010338851558219054,0.989661148441783
2018-10-22,16,16,0,1.0,0.0,16,1.0,0.00010501613971062768,0.9998949838602902
2018-10-23,14,14,0,1.0,0.0,14,1.0,0.0012638386301676678,0.9987361613698339
2018-10-24,15,15,0,1.0,0.0,15,1.0,0.011622206320227613,0.9883777936797732
2018-10-25,18,18,0,1.0,0.0,18,1.0,0.013253556260595016,0.9867464437394052
2018-10-26,24,24,0,1.0,0.0,24,1.0,0.012805232593933742,0.9871947674060698
2018-10-27,2,2,0,1.0,0.0,2,1.0,0.008901614187971894,0.9910983858120269
2018-10-28,2,2,0,1.0,0.0,2,1.0,0.005586051201450946,0.9944139487985504
2018-10-29,84,84,0,1.0,0.0,84,1.0,0.0018152440003568156,0.9981847559996434
2018-10-30,31,30,1,0.967741935483871,0.03225806451612903,29,0.935483870967742,0.02928870074909868,0.9707112992509013
2018-10-31,38,37,1,0.9736842105263158,0.02631578947368421,36,0.9473684210526316,0.019119188580834834,0.9808808114191653
2018-11-01,57,57,0,1.0,0.0,57,1.0,0.0038476789597508944,0.9961523210402492
2018-11-02,53,53,0,1.0,0.0,53,1.0,0.011166497684936268,0.9888335023150631
2018-11-03,2,2,0,1.0,0.0,2,1.0,0.0001333679623604461,0.9998666320376324
2018-11-04,4,4,0,1.0,0.0,4,1.0,0.03260730490250578,0.9673926950974966
2018-11-05,31,31,0,1.0,0.0,31,1.0,0.007102609499597015,0.9928973905004013
2018-11-06,25,25,0,1.0,0.0,25,1.0,0.0017088277074534795,0.9982911722925446
2018-11-07,29,29,0,1.0,0.0,29,1.0,0.008278403651854983,0.9917215963481469
2018-11-08,12,12,0,1.0,0.0,12,1.0,0.012548257535427853,0.9874517424645729
2018-11-09,25,25,0,1.0,0.0,25,1.0,0.010380169740344183,0.9896198302596566
2018-11-10,3,3,0,1.0,0.0,3,1.0,2.5886853454557337e-05,0.9999741131465557
2018-11-11,3,3,0,1.0,0.0,3,1.0,0.019078287834775744,0.9809217121652236
2018-11-12,106,106,0,1.0,0.0,106,1.0,0.0058733533368113666,0.9941266466631888
2018-11-13,42,42,0,1.0,0.0,42,1.0,0.0068737478303424575,0.993126252169657
2018-11-14,31,31,0,1.0,0.0,31,1.0,0.010355891173575767,0.9896441088264255
2018-11-15,34,34,0,1.0,0.0,34,1.0,0.006747843661873043,0.9932521563381284
2018-11-16,17,17,0,1.0,0.0,17,1.0,0.001468002167415875,0.9985319978325855
2018-11-17,4,4,0,1.0,0.0,4,1.0,0.06310242216355574,0.9368975778364427
2018-11-18,4,4,0,1.0,0.0,4,1.0,0.05738968311455163,0.9426103168854455
2018-11-19,35,35,0,1.0,0.0,35,1.0,0.011383608933276683,0.9886163910667222
2018-11-20,31,31,0,1.0,0.0,31,1.0,0.0018965928976144221,0.9981034071023875
2018-11-21,21,20,1,0.9523809523809523,0.047619047619047616,19,0.9047619047619047,0.034310516581699035,0.9656894834183005
2018-11-22,3,3,0,1.0,0.0,3,1.0,0.1334350573546331,0.8665649426453673
2018-11-23,14,14,0,1.0,0.0,14,1.0,0.002187973816920224,0.9978120261830794
2018-11-24,2,2,0,1.0,0.0,2,1.0,0.0008218889754614052,0.9991781110245421
2018-11-26,20,20,0,1.0,0.0,20,1.0,0.005464986464955618,0.9945350135350427
2018-11-27,24,24,0,1.0,0.0,24,1.0,0.006768746540025033,0.9932312534599738
2018-11-28,80,80,0,1.0,0.0,80,1.0,0.0017948338503702213,0.9982051661496298
2018-11-29,30,30,0,1.0,0.0,30,1.0,0.004462856957550968,0.9955371430424497
2018-11-30,15,15,0,1.0,0.0,15,1.0,0.006011889305180563,0.9939881106948187
2018-12-01,3,3,0,1.0,0.0,3,1.0,0.03213002840749751,0.9678699715925063
2018-12-02,3,3,0,1.0,0.0,3,1.0,0.0881221562919498,0.911877843708052
2018-12-03,15,15,0,1.0,0.0,15,1.0,0.0024615129169932195,0.9975384870830079
2018-12-04,19,19,0,1.0,0.0,19,1.0,0.014853404776386478,0.9851465952236134
2018-12-05,15,15,0,1.0,0.0,15,1.0,0.007405787785248033,0.9925942122147512
2018-12-06,74,74,0,1.0,0.0,74,1.0,0.0023226357498699218,0.9976773642501303
2018-12-07,22,22,0,1.0,0.0,22,1.0,0.006364629981886446,0.9936353700181164
2018-12-08,3,3,0,1.0,0.0,3,1.0,0.03201357657648272,0.9679864234235117
2018-12-09,1,1,0,1.0,0.0,1,1.0,0.07320590454919139,0.9267940954508078
2018-12-10,36,36,0,1.0,0.0,36,1.0,0.022342269936726958,0.9776577300632732
2018-12-11,25,25,0,1.0,0.0,25,1.0,0.005434358272045061,0.9945656417279555
2018-12-12,18,18,0,1.0,0.0,18,1.0,0.0036634882685715135,0.9963365117314265
2018-12-13,28,28,0,1.0,0.0,28,1.0,0.005541053965465735,0.9944589460345313
2018-12-14,79,79,0,1.0,0.0,79,1.0,0.001564970071652399,0.998435029928348
2018-12-15,5,5,0,1.0,0.0,5,1.0,0.00035542055229809117,0.9996445794476989
2018-12-16,6,6,0,1.0,0.0,6,1.0,0.08229469767643342,0.9177053023235672
2018-12-17,21,21,0,1.0,0.0,21,1.0,0.00031358526693259556,0.9996864147330687
2018-12-18,21,21,0,1.0,0.0,21,1.0,0.010206732458944153,0.989793267541055
2018-12-19,21,21,0,1.0,0.0,21,1.0,0.003980166052748718,0.9960198339472504
2018-12-20,22,22,0,1.0,0.0,22,1.0,0.027442463353865874,0.9725575366461332
2018-12-21,18,18,0,1.0,0.0,18,1.0,0.0032868130673765848,0.9967131869326256
2018-12-22,1,1,0,1.0,0.0,1,1.0,1.1628967341964832e-05,0.9999883710326588
2018-12-23,2,2,0,1.0,0.0,2,1.0,9.837015821047286e-05,0.9999016298417918
2018-12-24,69,69,0,1.0,0.0,69,1.0,0.0030181040693360904,0.9969818959306639
2018-12-26,18,18,0,1.0,0.0,18,1.0,0.007228349156643475,0.9927716508433555
2018-12-27,23,23,0,1.0,0.0,23,1.0,0.0008974412792024039,0.9991025587207973
2018-12-28,24,24,0,1.0,0.0,24,1.0,0.00018603768551990973,0.9998139623144796
2018-12-29,2,2,0,1.0,0.0,2,1.0,0.2070267238297759,0.7929732761702231
2018-12-30,5,5,0,1.0,0.0,5,1.0,0.007700555020750156,0.9922994449792515
2018-12-31,13,13,0,1.0,0.0,13,1.0,0.01632262181933897,0.9836773781806607
2019-01-02,31,31,0,1.0,0.0,31,1.0,0.012998891520459695,0.9870011084795396
2019-01-03,141,141,0,1.0,0.0,141,1.0,0.009313086020890711,0.9906869139791092
2019-01-04,56,56,0,1.0,0.0,56,1.0,0.002896529025950267,0.9971034709740503
2019-01-05,3,3,0,1.0,0.0,3,1.0,2.1159998213682335e-05,0.9999788400017859
2019-01-06,4,4,0,1.0,0.0,4,1.0,0.028116324022605065,0.9718836759773921
2019-01-07,25,25,0,1.0,0.0,25,1.0,0.0055459584613221265,0.9944540415386786
2019-01-08,27,27,0,1.0,0.0,27,1.0,0.007686185235150735,0.9923138147648494
2019-01-09,27,27,0,1.0,0.0,27,1.0,0.017782517318507482,0.9822174826814924
2019-01-10,30,30,0,1.0,0.0,30,1.0,0.009718914728768487,0.9902810852712312
2019-01-11,116,116,0,1.0,0.0,116,1.0,0.001478603842463995,0.9985213961575354
2019-01-12,4,4,0,1.0,0.0,4,1.0,0.014592640236119057,0.9854073597638761
2019-01-13,2,2,0,1.0,0.0,2,1.0,0.04921056729792647,0.9507894327020733
2019-01-14,26,26,0,1.0,0.0,26,1.0,0.00789139966735403,0.9921086003326463
2019-01-15,32,31,1,0.96875,0.03125,30,0.9375,0.04691439000921694,0.953085609990783
2019-01-16,101,101,0,1.0,0.0,101,1.0,0.004144231215049665,0.9958557687849504
2019-01-17,45,45,0,1.0,0.0,45,1.0,0.004596099786628503,0.9954039002133714
2019-01-18,37,37,0,1.0,0.0,37,1.0,0.001026026338039354,0.9989739736619606
2019-01-19,5,5,0,1.0,0.0,5,1.0,4.855838607559739e-05,0.9999514416139246
2019-01-20,4,4,0,1.0,0.0,4,1.0,0.00010693471677608336,0.9998930652832283
2019-01-21,13,13,0,1.0,0.0,13,1.0,4.621890485149126e-05,0.9999537810951507
2019-01-22,24,24,0,1.0,0.0,24,1.0,0.007555914355086755,0.992444085644916
2019-01-23,22,22,0,1.0,0.0,22,1.0,0.0007040714700785587,0.9992959285299203
2019-01-24,144,144,0,1.0,0.0,144,1.0,0.001974965961604981,0.9980250340383949
2019-01-25,24,24,0,1.0,0.0,24,1.0,0.0009302829732584507,0.9990697170267427
2019-01-26,4,4,0,1.0,0.0,4,1.0,0.019870416032963904,0.980129583967037
2019-01-27,4,4,0,1.0,0.0,4,1.0,0.000261083844929266,0.9997389161550733
2019-01-28,38,38,0,1.0,0.0,38,1.0,0.003824360678770007,0.99617563932123
2019-01-29,42,42,0,1.0,0.0,42,1.0,0.009869846506560533,0.9901301534934396
2019-01-30,65,65,0,1.0,0.0,65,1.0,0.01617363304551136,0.983826366954488
2019-01-31,40,40,0,1.0,0.0,40,1.0,0.0035325430851652607,0.9964674569148346
2019-02-01,114,114,0,1.0,0.0,114,1.0,0.00019832461425986053,0.9998016753857393
2019-02-02,3,3,0,1.0,0.0,3,1.0,0.017783429004539837,0.9822165709954612
2019-02-03,3,3,0,1.0,0.0,3,1.0,0.019819814313164888,0.9801801856868345
2019-02-04,31,31,0,1.0,0.0,31,1.0,0.017717770201256287,0.9822822297987435
2019-02-05,22,22,0,1.0,0.0,22,1.0,0.014380105236006897,0.9856198947639939
2019-02-06,28,28,0,1.0,0.0,28,1.0,0.0002195149914504093,0.9997804850085503
2019-02-07,25,25,0,1.0,0.0,25,1.0,0.011768560792047557,0.9882314392079536
2019-02-08,15,15,0,1.0,0.0,15,1.0,0.004692763816995282,0.9953072361830079
2019-02-09,1,1,0,1.0,0.0,1,1.0,0.0781742435005831,0.9218257564994156
2019-02-10,3,3,0,1.0,0.0,3,1.0,0.03365937472364087,0.966340625276359
2019-02-11,18,18,0,1.0,0.0,18,1.0,0.008745697644092606,0.99125430235591
2019-02-12,19,19,0,1.0,0.0,19,1.0,0.0010230756872509617,0.9989769243127481
2019-02-13,25,25,0,1.0,0.0,25,1.0,0.008360851802604092,0.9916391481973966
2019-02-14,25,25,0,1.0,0.0,25,1.0,0.009646117527613234,0.9903538824723864
2019-02-15,23,23,0,1.0,0.0,23,1.0,0.008632471008438397,0.9913675289915613
2019-02-16,4,4,0,1.0,0.0,4,1.0,6.613433789628069e-05,0.9999338656621042
2019-02-17,1,1,0,1.0,0.0,1,1.0,1.1419389547885023e-05,0.999988580610451
2019-02-18,2,2,0,1.0,0.0,2,1.0,0.00404501497115987,0.9959549850288392
2019-02-19,18,18,0,1.0,0.0,18,1.0,0.011986131657029084,0.9880138683429716
2019-02-20,22,22,0,1.0,0.0,22,1.0,0.003785776662521123,0.996214223337478
2019-02-21,24,24,0,1.0,0.0,24,1.0,0.006294012753042023,0.9937059872469586
2019-02-22,21,21,0,1.0,0.0,21,1.0,0.0070814222071212685,0.9929185777928795
2019-02-23,2,2,0,1.0,0.0,2,1.0,0.02900973894263722,0.9709902610573655
2019-02-24,5,5,0,1.0,0.0,5,1.0,0.02279859240798645,0.9772014075920147
2019-02-25,18,18,0,1.0,0.0,18,1.0,0.00011840983380116487,0.9998815901661988
2019-02-26,22,22,0,1.0,0.0,22,1.0,0.003528506040211023,0.9964714939597886
2019-02-27,24,24,0,1.0,0.0,24,1.0,0.00011472073392006724,0.999885279266081
2019-02-28,20,20,0,1.0,0.0,20,1.0,0.003466420379166371,0.9965335796208337
2019-03-01,15,15,0,1.0,0.0,15,1.0,0.0018494094450091326,0.9981505905549911
2019-03-03,7,7,0,1.0,0.0,7,1.0,0.0201583425373876,0.979841657462613
2019-03-04,12,12,0,1.0,0.0,12,1.0,0.017025728803394483,0.9829742711966047
2019-03-05,20,20,0,1.0,0.0,20,1.0,9.516795012992362e-05,0.9999048320498704
2019-03-06,17,17,0,1.0,0.0,17,1.0,0.003920227510435145,0.996079772489566
2019-03-07,20,20,0,1.0,0.0,20,1.0,0.015361445524190812,0.9846385544758078
2019-03-08,16,16,0,1.0,0.0,16,1.0,0.004978032386595809,0.9950219676134031
2019-03-09,5,5,0,1.0,0.0,5,1.0,0.00012394268386248274,0.9998760573161387
2019-03-10,3,3,0,1.0,0.0,3,1.0,9.209985358178955e-05,0.9999079001464185
2019-03-11,33,33,0,1.0,0.0,33,1.0,0.00904745803729413,0.9909525419627054
2019-03-12,33,33,0,1.0,0.0,33,1.0,0.01137106492972103,0.9886289350702797
2019-03-13,21,21,0,1.0,0.0,21,1.0,0.000841717099395243,0.9991582829006054
2019-03-14,23,23,0,1.0,0.0,23,1.0,0.0036264865919413618,0.9963735134080594
2019-03-15,21,21,0,1.0,0.0,21,1.0,0.035558199128526626,0.9644418008714747
2019-03-16,2,2,0,1.0,0.0,2,1.0,0.0210402952513466,0.9789597047486513
2019-03-17,3,3,0,1.0,0.0,3,1.0,0.022160861468216417,0.9778391385317842
2019-03-18,22,22,0,1.0,0.0,22,1.0,0.010367782205133208,0.989632217794867
2019-03-19,24,24,0,1.0,0.0,24,1.0,0.009224925102834952,0.9907750748971651
2019-03-20,22,22,0,1.0,0.0,22,1.0,0.024278632817944512,0.9757213671820563
2019-03-21,24,24,0,1.0,0.0,24,1.0,0.0018369711317458284,0.9981630288682534
2019-03-22,18,18,0,1.0,0.0,18,1.0,0.002866296773420918,0.9971337032265798
2019-03-23,4,4,0,1.0,0.0,4,1.0,0.0051505253419417045,0.9948494746580573
2019-03-24,4,4,0,1.0,0.0,4,1.0,0.05322194019703172,0.9467780598029703
2019-03-25,70,70,0,1.0,0.0,70,1.0,0.016274218575058216,0.9837257814249416
2019-03-26,49,49,0,1.0,0.0,49,1.0,0.0090539590162653,0.9909460409837357
2019-03-27,31,31,0,1.0,0.0,31,1.0,0.018276934487846893,0.9817230655121542
2019-03-28,18,18,0,1.0,0.0,18,1.0,0.012199470129225466,0.987800529870773
2019-03-29,12,12,0,1.0,0.0,12,1.0,0.02871863703452121,0.9712813629654793
2019-03-30,5,5,0,1.0,0.0,5,1.0,0.00532341719933589,0.9946765828006636
2019-03-31,3,3,0,1.0,0.0,3,1.0,3.226564324446723e-05,0.9999677343567567
2019-04-01,20,20,0,1.0,0.0,20,1.0,0.006219808489672131,0.993780191510328
2019-04-02,26,26,0,1.0,0.0,26,1.0,0.014602487945490794,0.9853975120545096
2019-04-03,20,20,0,1.0,0.0,20,1.0,0.006547442777822365,0.9934525572221767
2019-04-04,17,17,0,1.0,0.0,17,1.0,0.00360266321655183,0.9963973367834487
2019-04-05,18,18,0,1.0,0.0,18,1.0,0.012469763094578172,0.9875302369054224
2019-04-06,2,2,0,1.0,0.0,2,1.0,0.006319554899050097,0.9936804451009518
2019-04-07,6,6,0,1.0,0.0,6,1.0,0.00017816868927051502,0.9998218313107262
2019-04-08,16,16,0,1.0,0.0,16,1.0,0.013502650217847542,0.9864973497821508
2019-04-09,27,27,0,1.0,0.0,27,1.0,0.013221582105773145,0.9867784178942279
2019-04-10,17,17,0,1.0,0.0,17,1.0,0.008673964221060173,0.99132603577894
2019-04-11,15,15,0,1.0,0.0,15,1.0,0.012022970493156013,0.9879770295068461
2019-04-12,19,19,0,1.0,0.0,19,1.0,0.017897368070317565,0.9821026319296805
2019-04-13,1,1,0,1.0,0.0,1,1.0,0.03741960024709034,0.9625803997529092
2019-04-14,5,5,0,1.0,0.0,5,1.0,0.014706330055786962,0.9852936699442123
2019-04-15,15,15,0,1.0,0.0,15,1.0,0.006935231736755439,0.9930647682632437
2019-04-16,25,25,0,1.0,0.0,25,1.0,0.01790995412960593,0.9820900458703943
2019-04-17,43,43,0,1.0,0.0,43,1.0,0.01954042975616414,0.9804595702438372
2019-04-18,19,19,0,1.0,0.0,19,1.0,0.010160312872131786,0.9898396871278689
2019-04-19,4,4,0,1.0,0.0,4,1.0,0.022374416781150326,0.9776255832188461
2019-04-20,4,4,0,1.0,0.0,4,1.0,0.0006146839763603718,0.9993853160236371
2019-04-21,3,3,0,1.0,0.0,3,1.0,0.017452835542282958,0.9825471644577184
2019-04-22,17,17,0,1.0,0.0,17,1.0,0.003471831829409467,0.9965281681705896
2019-04-23,22,22,0,1.0,0.0,22,1.0,0.023224324120906057,0.9767756758790938
2019-04-24,18,18,0,1.0,0.0,18,1.0,0.008177473954290634,0.9918225260457096
2019-04-25,10,10,0,1.0,0.0,10,1.0,0.010778651230053388,0.9892213487699465
2019-04-26,21,21,0,1.0,0.0,21,1.0,0.007651582479107688,0.9923484175208922
2019-04-27,3,3,0,1.0,0.0,3,1.0,0.04620604655311717,0.9537939534468817
2019-04-28,4,4,0,1.0,0.0,4,1.0,0.005685014750220933,0.9943149852497795
2019-04-29,21,21,0,1.0,0.0,21,1.0,0.006756707091218134,0.9932432929087799
2019-04-30,28,28,0,1.0,0.0,28,1.0,0.013577656479706981,0.9864223435202925
2019-05-01,35,35,0,1.0,0.0,35,1.0,0.010446111372236482,0.9895538886277645
2019-05-02,21,21,0,1.0,0.0,21,1.0,0.008756925389084359,0.991243074610916
2019-05-03,19,19,0,1.0,0.0,19,1.0,0.0005257886406056814,0.9994742113593937
2019-05-05,5,5,0,1.0,0.0,5,1.0,0.029290290116069068,0.9707097098839348
2019-05-06,15,15,0,1.0,0.0,15,1.0,0.005943447700033762,0.9940565522999674
2019-05-07,5,5,0,1.0,0.0,5,1.0,0.010225483513377421,0.9897745164866221
2019-05-08,15,15,0,1.0,0.0,15,1.0,0.004958550945639738,0.9950414490543606
2019-05-09,11,11,0,1.0,0.0,11,1.0,0.006776620220156068,0.9932233797798408
2019-05-10,16,16,0,1.0,0.0,16,1.0,0.004430880086676067,0.9955691199133224
2019-05-11,4,4,0,1.0,0.0,4,1.0,0.029438048571995806,0.9705619514280082
2019-05-13,22,22,0,1.0,0.0,22,1.0,0.012356045488673195,0.9876439545113247
2019-05-14,14,14,0,1.0,0.0,14,1.0,0.00521832875837166,0.994781671241631
2019-05-15,19,19,0,1.0,0.0,19,1.0,0.01241384866939208,0.9875861513306072
2019-05-16,13,13,0,1.0,0.0,13,1.0,0.008312507130843746,0.9916874928691567
2019-05-17,10,10,0,1.0,0.0,10,1.0,0.00030748199693148476,0.9996925180030682
2019-05-18,4,4,0,1.0,0.0,4,1.0,0.04104143178329573,0.9589585682167063
2019-05-20,16,16,0,1.0,0.0,16,1.0,0.016590760790186242,0.9834092392098142
2019-05-21,15,15,0,1.0,0.0,15,1.0,0.0008817124075023284,0.9991182875925007
2019-05-22,19,19,0,1.0,0.0,19,1.0,0.038070342984798604,0.9619296570152017
2019-05-23,13,13,0,1.0,0.0,13,1.0,0.022766116493205257,0.9772338835067939
2019-05-24,14,14,0,1.0,0.0,14,1.0,0.010185666512072302,0.9898143334879279
2019-05-25,4,4,0,1.0,0.0,4,1.0,0.02924796270592427,0.970752037294075
2019-05-27,4,4,0,1.0,0.0,4,1.0,0.010026139385388481,0.9899738606146127
2019-05-28,19,19,0,1.0,0.0,19,1.0,0.010844973473378589,0.9891550265266189
2019-05-29,14,14,0,1.0,0.0,14,1.0,0.0007321822579979287,0.9992678177420008
2019-05-30,19,19,0,1.0,0.0,19,1.0,0.01753278535986604,0.9824672146401339
2019-05-31,9,9,0,1.0,0.0,9,1.0,0.007912783102475302,0.992087216897526
2019-06-01,3,2,1,0.6666666666666666,0.3333333333333333,1,0.3333333333333333,0.2796277832039094,0.7203722167960916
2019-06-02,5,5,0,1.0,0.0,5,1.0,0.02782836774927807,0.9721716322507215
2019-06-03,23,23,0,1.0,0.0,23,1.0,0.03241488293415049,0.9675851170658487
2019-06-04,16,16,0,1.0,0.0,16,1.0,0.015874939356619183,0.9841250606433817
2019-06-05,22,22,0,1.0,0.0,22,1.0,0.006267773287049958,0.9937322267129498
2019-06-06,13,13,0,1.0,0.0,13,1.0,0.0004296361092633846,0.9995703638907361
2019-06-07,17,17,0,1.0,0.0,17,1.0,0.018625663497394744,0.9813743365026049
2019-06-08,1,1,0,1.0,0.0,1,1.0,4.8604385245657475e-05,0.9999513956147407
2019-06-09,1,1,0,1.0,0.0,1,1.0,0.10401011133946182,0.895989888660537
2019-06-10,11,11,0,1.0,0.0,11,1.0,0.001460300069544866,0.9985396999304587
2019-06-11,16,16,0,1.0,0.0,16,1.0,0.02262461223465059,0.977375387765348
2019-06-12,20,20,0,1.0,0.0,20,1.0,0.005213146841990519,0.994786853158011
2019-06-13,15,15,0,1.0,0.0,15,1.0,0.014526469689612949,0.9854735303103883
2019-06-14,13,13,0,1.0,0.0,13,1.0,0.023677671446364918,0.9763223285536365
2019-06-15,3,3,0,1.0,0.0,3,1.0,0.08901275980493796,0.9109872401950584
2019-06-17,16,16,0,1.0,0.0,16,1.0,0.0003100086855003457,0.9996899913145012
2019-06-18,11,11,0,1.0,0.0,11,1.0,0.013624561170703948,0.9863754388292965
2019-06-19,15,15,0,1.0,0.0,15,1.0,0.005055397669088831,0.9949446023309111
2019-06-20,15,15,0,1.0,0.0,15,1.0,0.013611627228909746,0.9863883727710904
2019-06-21,15,15,0,1.0,0.0,15,1.0,0.028039405686277143,0.9719605943137246
2019-06-24,14,14,0,1.0,0.0,14,1.0,0.033269805027101855,0.9667301949728984
2019-06-25,9,9,0,1.0,0.0,9,1.0,0.0006126808897038663,0.999387319110295
2019-06-26,13,13,0,1.0,0.0,13,1.0,0.0016819966924921412,0.9983180033075088
2019-06-27,16,16,0,1.0,0.0,16,1.0,0.0022262885435394278,0.9977737114564589
2019-06-28,17,15,2,0.8823529411764706,0.11764705882352941,13,0.7647058823529411,0.11744728251108608,0.8825527174889151
2019-06-29,5,5,0,1.0,0.0,5,1.0,0.002177421419917769,0.9978225785800848
2019-06-30,2,2,0,1.0,0.0,2,1.0,0.00015300652903218087,0.9998469934709695
2019-07-01,12,12,0,1.0,0.0,12,1.0,0.0011771322005290831,0.9988228677994727
2019-07-02,14,14,0,1.0,0.0,14,1.0,0.03085218250677168,0.9691478174932294
2019-07-03,12,12,0,1.0,0.0,12,1.0,0.020497286668310553,0.9795027133316886
2019-07-04,2,2,0,1.0,0.0,2,1.0,0.00766505485502857,0.9923349451449774
2019-07-05,9,9,0,1.0,0.0,9,1.0,0.04293516961549358,0.9570648303845058
2019-07-06,2,2,0,1.0,0.0,2,1.0,0.011832335268110243,0.9881676647318909
2019-07-07,1,0,1,0.0,1.0,-1,-1.0,0.6143389833974311,0.3856610166025692
2019-07-08,16,16,0,1.0,0.0,16,1.0,0.01768074025292788,0.982319259747072
2019-07-09,14,14,0,1.0,0.0,14,1.0,0.026283183227505297,0.9737168167724967
2019-07-10,12,12,0,1.0,0.0,12,1.0,0.008881344069459679,0.9911186559305397
2019-07-11,15,15,0,1.0,0.0,15,1.0,0.0102070619113734,0.989792938088625
2019-07-12,11,11,0,1.0,0.0,11,1.0,0.016156098830230694,0.9838439011697685
2019-07-14,1,1,0,1.0,0.0,1,1.0,9.510561011556219e-07,0.9999990489439032
2019-07-15,18,18,0,1.0,0.0,18,1.0,0.0010795669360515298,0.9989204330639474
2019-07-16,15,15,0,1.0,0.0,15,1.0,0.0015114857773354381,0.9984885142226639
2019-07-17,11,11,0,1.0,0.0,11,1.0,0.0003423290929601978,0.9996576709070389
2019-07-18,15,15,0,1.0,0.0,15,1.0,0.0010966324652568688,0.9989033675347432
2019-07-19,13,13,0,1.0,0.0,13,1.0,0.014531554025475632,0.9854684459745235
2019-07-20,1,1,0,1.0,0.0,1,1.0,0.012837242615327626,0.9871627573846713
2019-07-21,3,3,0,1.0,0.0,3,1.0,0.013626286314950243,0.9863737136850469
2019-07-22,20,20,0,1.0,0.0,20,1.0,0.034298400130094636,0.9657015998699056
2019-07-23,24,24,0,1.0,0.0,24,1.0,0.00458715054061016,0.995412849459389
2019-07-24,20,20,0,1.0,0.0,20,1.0,0.019890343682908235,0.9801096563170913
2019-07-25,22,22,0,1.0,0.0,22,1.0,0.014636323257963579,0.9853636767420348
2019-07-26,27,27,0,1.0,0.0,27,1.0,0.024170567323103194,0.9758294326768961
2019-07-27,3,3,0,1.0,0.0,3,1.0,0.02827560492154056,0.9717243950784625
2019-07-28,7,7,0,1.0,0.0,7,1.0,0.005251466147077931,0.9947485338529215
2019-07-29,22,22,0,1.0,0.0,22,1.0,0.005664574916447905,0.9943354250835518
2019-07-30,27,27,0,1.0,0.0,27,1.0,0.017094407448400215,0.9829055925516005
2019-07-31,37,37,0,1.0,0.0,37,1.0,0.02281466989104724,0.9771853301089518
2019-08-01,18,18,0,1.0,0.0,18,1.0,0.0096095387897469,0.9903904612102521
2019-08-02,16,15,1,0.9375,0.0625,14,0.875,0.04717186096903783,0.9528281390309631
2019-08-03,4,4,0,1.0,0.0,4,1.0,2.5972761410719733e-05,0.9999740272385796
2019-08-04,3,3,0,1.0,0.0,3,1.0,0.024465889288911497,0.9755341107110836
2019-08-05,22,22,0,1.0,0.0,22,1.0,0.021908574867203098,0.9780914251327973
2019-08-06,27,27,0,1.0,0.0,27,1.0,0.007316969201951228,0.992683030798048
2019-08-07,14,14,0,1.0,0.0,14,1.0,0.000312360695799707,0.9996876393041976
2019-08-08,18,18,0,1.0,0.0,18,1.0,0.004580335641383616,0.995419664358617
2019-08-09,18,18,0,1.0,0.0,18,1.0,0.014653574789697497,0.9853464252103028
2019-08-10,3,3,0,1.0,0.0,3,1.0,0.0009806816553892695,0.9990193183446139
2019-08-11,1,1,0,1.0,0.0,1,1.0,1.995109724975694e-05,0.999980048902745
2019-08-12,17,17,0,1.0,0.0,17,1.0,0.005352561069108452,0.994647438930892
2019-08-13,18,18,0,1.0,0.0,18,1.0,0.01274135889871428,0.9872586411012851
2019-08-14,15,15,0,1.0,0.0,15,1.0,0.017329562931224236,0.9826704370687769
2019-08-15,11,11,0,1.0,0.0,11,1.0,0.00020069412513706083,0.999799305874859
2019-08-16,8,8,0,1.0,0.0,8,1.0,0.0389696406544793,0.96103035934552
2019-08-17,2,2,0,1.0,0.0,2,1.0,0.03427698194541808,0.9657230180545827
2019-08-18,1,1,0,1.0,0.0,1,1.0,0.0001903384028767261,0.9998096615971278
2019-08-19,21,21,0,1.0,0.0,21,1.0,0.008028523268648082,0.9919714767313517
2019-08-20,22,22,0,1.0,0.0,22,1.0,0.006286107550509449,0.9937138924494899
2019-08-21,18,18,0,1.0,0.0,18,1.0,0.017982558662106372,0.9820174413378928
2019-08-22,20,20,0,1.0,0.0,20,1.0,0.024794535235689565,0.975205464764309
2019-08-23,15,15,0,1.0,0.0,15,1.0,0.022950782958105112,0.977049217041897
2019-08-25,1,1,0,1.0,0.0,1,1.0,5.3836204737576986e-06,0.999994616379521
2019-08-26,30,30,0,1.0,0.0,30,1.0,0.009395506767223817,0.9906044932327763
2019-08-27,17,17,0,1.0,0.0,17,1.0,0.002619047812438697,0.9973809521875592
2019-08-28,11,11,0,1.0,0.0,11,1.0,0.0007250036357499121,0.9992749963642523
2019-08-29,11,11,0,1.0,0.0,11,1.0,0.060964516451293235,0.9390354835487075
2019-08-30,9,9,0,1.0,0.0,9,1.0,0.000207650120174376,0.9997923498798236
2019-08-31,1,1,0,1.0,0.0,1,1.0,0.09675630820835632,0.903243691791642
2019-09-01,3,3,0,1.0,0.0,3,1.0,0.002182135886731019,0.9978178641132699
2019-09-02,2,2,0,1.0,0.0,2,1.0,0.00010358677765169336,0.9998964132223498
2019-09-03,17,17,0,1.0,0.0,17,1.0,0.01983311212244405,0.980166887877556
2019-09-04,23,23,0,1.0,0.0,23,1.0,0.022083425762102257,0.9779165742378966
2019-09-05,15,15,0,1.0,0.0,15,1.0,0.013874450536919518,0.9861255494630801
2019-09-06,11,11,0,1.0,0.0,11,1.0,0.009351116354294427,0.9906488836457045
2019-09-07,5,5,0,1.0,0.0,5,1.0,0.01076684242825814,0.9892331575717419
2019-09-08,3,3,0,1.0,0.0,3,1.0,0.007460189690533556,0.9925398103094659
2019-09-09,23,23,0,1.0,0.0,23,1.0,0.025057087126892242,0.9749429128731089
2019-09-10,28,28,0,1.0,0.0,28,1.0,0.05856331009477356,0.941436689905227
2019-09-11,36,36,0,1.0,0.0,36,1.0,0.03485603238008094,0.9651439676199186
2019-09-12,20,20,0,1.0,0.0,20,1.0,0.008028741785242923,0.9919712582147555
2019-09-13,14,14,0,1.0,0.0,14,1.0,0.016166411048385846,0.9838335889516115
2019-09-14,3,3,0,1.0,0.0,3,1.0,0.0271474401557681,0.9728525598442337
2019-09-15,6,6,0,1.0,0.0,6,1.0,0.020356030624101545,0.9796439693758998
2019-09-16,21,21,0,1.0,0.0,21,1.0,0.016849491416416645,0.983150508583583
2019-09-17,25,25,0,1.0,0.0,25,1.0,0.002760862773350489,0.99723913722665
2019-09-18,21,21,0,1.0,0.0,21,1.0,0.014496849218412862,0.9855031507815876
2019-09-19,17,17,0,1.0,0.0,17,1.0,0.00036274703932267794,0.9996372529606787
2019-09-20,17,17,0,1.0,0.0,17,1.0,0.009224102976539276,0.9907758970234615
2019-09-21,2,2,0,1.0,0.0,2,1.0,4.673166225881121e-05,0.9999532683377446
2019-09-22,3,3,0,1.0,0.0,3,1.0,0.00015872739352446917,0.9998412726064793
2019-09-23,22,22,0,1.0,0.0,22,1.0,0.003425715814401335,0.9965742841855973
2019-09-24,20,20,0,1.0,0.0,20,1.0,0.008464312851785215,0.9915356871482148
2019-09-25,10,10,0,1.0,0.0,10,1.0,0.02246889254845074,0.9775311074515471
2019-09-26,10,10,0,1.0,0.0,10,1.0,0.0017144556497409058,0.9982855443502607
2019-09-27,10,10,0,1.0,0.0,10,1.0,0.006817873162412417,0.993182126837587
2019-09-28,3,3,0,1.0,0.0,3,1.0,0.009955283746274439,0.9900447162537273
2019-09-29,6,6,0,1.0,0.0,6,1.0,0.010170860465235968,0.9898291395347624
2019-09-30,25,25,0,1.0,0.0,25,1.0,0.026725839535580782,0.973274160464419
2019-10-01,23,23,0,1.0,0.0,23,1.0,0.0029929547547474637,0.9970070452452531
2019-10-02,14,14,0,1.0,0.0,14,1.0,0.02854160719906445,0.9714583928009376
2019-10-03,15,15,0,1.0,0.0,15,1.0,0.00021987020106048686,0.9997801297989414
2019-10-04,19,19,0,1.0,0.0,19,1.0,0.008463116398808352,0.9915368836011914
2019-10-05,4,4,0,1.0,0.0,4,1.0,0.005466199386544903,0.9945338006134543
2019-10-06,5,5,0,1.0,0.0,5,1.0,0.012210548140769967,0.9877894518592292
2019-10-07,20,20,0,1.0,0.0,20,1.0,0.007636553926150179,0.9923634460738487
2019-10-08,18,18,0,1.0,0.0,18,1.0,0.008398427792581613,0.9916015722074185
2019-10-09,20,20,0,1.0,0.0,20,1.0,0.01363973382185254,0.9863602661781486
2019-10-10,20,20,0,1.0,0.0,20,1.0,0.0032805480021976703,0.9967194519978027
2019-10-11,20,20,0,1.0,0.0,20,1.0,0.01748917614988365,0.9825108238501175
2019-10-12,4,4,0,1.0,0.0,4,1.0,0.036335631099086434,0.9636643689009144
2019-10-13,11,11,0,1.0,0.0,11,1.0,4.861292582178142e-05,0.9999513870741793
2019-10-14,20,20,0,1.0,0.0,20,1.0,0.016936726415193216,0.983063273584807
2019-10-15,24,24,0,1.0,0.0,24,1.0,0.008724796525059671,0.9912752034749398
2019-10-16,20,20,0,1.0,0.0,20,1.0,0.019646308453959323,0.9803536915460402
2019-10-17,19,19,0,1.0,0.0,19,1.0,0.013270873714441146,0.98672912628556
2019-10-18,16,16,0,1.0,0.0,16,1.0,0.006071337093812394,0.9939286629061863
2019-10-19,2,2,0,1.0,0.0,2,1.0,1.1245688906956256e-05,0.9999887543110968
2019-10-20,3,3,0,1.0,0.0,3,1.0,0.047938720636100045,0.9520612793639011
2019-10-21,8,8,0,1.0,0.0,8,1.0,0.002495051040520132,0.9975049489594796
2019-10-22,17,17,0,1.0,0.0,17,1.0,0.013099639773965522,0.9869003602260332
2019-10-23,20,20,0,1.0,0.0,20,1.0,0.005746513517512728,0.994253486482488
2019-10-24,17,17,0,1.0,0.0,17,1.0,0.000681618444716259,0.9993183815552802
2019-10-25,16,16,0,1.0,0.0,16,1.0,0.0010429154844662036,0.9989570845155347
2019-10-26,6,6,0,1.0,0.0,6,1.0,0.012695233592109383,0.9873047664078918
2019-10-27,5,5,0,1.0,0.0,5,1.0,0.002613727776383588,0.9973862722236216
2019-10-28,26,26,0,1.0,0.0,26,1.0,0.01886798146648497,0.9811320185335153
2019-10-29,29,29,0,1.0,0.0,29,1.0,0.004352988970659377,0.9956470110293413
2019-10-30,27,27,0,1.0,0.0,27,1.0,0.011504259470935665,0.9884957405290654
2019-10-31,33,33,0,1.0,0.0,33,1.0,0.011497502707345496,0.9885024972926545
2019-11-01,28,28,0,1.0,0.0,28,1.0,0.007447408345969688,0.9925525916540309
2019-11-03,5,5,0,1.0,0.0,5,1.0,0.01808357378723443,0.9819164262127659
2019-11-04,16,16,0,1.0,0.0,16,1.0,0.03767331100887718,0.9623266889911234
2019-11-05,23,23,0,1.0,0.0,23,1.0,0.009232198348521825,0.9907678016514802
2019-11-06,24,24,0,1.0,0.0,24,1.0,0.008875989049108232,0.9911240109508913
2019-11-07,20,20,0,1.0,0.0,20,1.0,0.0076946129794243,0.9923053870205752
2019-11-08,20,20,0,1.0,0.0,20,1.0,0.005469478841937235,0.9945305211580632
2019-11-09,3,3,0,1.0,0.0,3,1.0,0.00010719927826863334,0.9998928007217308
2019-11-10,4,4,0,1.0,0.0,4,1.0,0.01327223351168134,0.9867277664883165
2019-11-11,27,27,0,1.0,0.0,27,1.0,0.006404109714615058,0.9935958902853851
2019-11-12,19,19,0,1.0,0.0,19,1.0,0.005870658117101025,0.9941293418829001
2019-11-13,23,23,0,1.0,0.0,23,1.0,0.0075694256311044485,0.9924305743688966
2019-11-14,27,27,0,1.0,0.0,27,1.0,0.009293987624985633,0.9907060123750135
2019-11-15,29,29,0,1.0,0.0,29,1.0,0.02691796567259013,0.9730820343274091
2019-11-16,6,6,0,1.0,0.0,6,1.0,0.006760389257344744,0.9932396107426583
2019-11-17,2,2,0,1.0,0.0,2,1.0,3.960849599020208e-05,0.9999603915040107
2019-11-18,23,23,0,1.0,0.0,23,1.0,0.014120624631152693,0.9858793753688474
2019-11-19,20,20,0,1.0,0.0,20,1.0,0.0003260848939251164,0.999673915106075
2019-11-20,24,24,0,1.0,0.0,24,1.0,0.00765325048183895,0.9923467495181604
2019-11-21,24,23,1,0.9583333333333334,0.041666666666666664,22,0.9166666666666667,0.04360878635779481,0.9563912136422049
2019-11-22,17,17,0,1.0,0.0,17,1.0,0.018830512126596203,0.9811694878734033
2019-11-23,2,2,0,1.0,0.0,2,1.0,0.03625871913333542,0.963741280866664
2019-11-24,10,10,0,1.0,0.0,10,1.0,7.091043673503943e-05,0.9999290895632642
2019-11-25,23,23,0,1.0,0.0,23,1.0,0.0005920938896807579,0.999407906110318
2019-11-26,21,21,0,1.0,0.0,21,1.0,0.0023360450100879775,0.9976639549899123
2019-11-27,24,24,0,1.0,0.0,24,1.0,0.00815486733957216,0.9918451326604275
2019-11-28,4,3,1,0.75,0.25,2,0.5,0.23866018096450237,0.7613398190354961
2019-11-29,6,6,0,1.0,0.0,6,1.0,0.05755554961081009,0.9424444503891909
2019-11-30,6,6,0,1.0,0.0,6,1.0,0.056462136386564256,0.9435378636134356
2019-12-01,5,5,0,1.0,0.0,5,1.0,0.03164531915198293,0.9683546808480152
2019-12-02,21,21,0,1.0,0.0,21,1.0,0.024516169696796226,0.975483830303204
2019-12-03,27,26,1,0.9629629629629629,0.037037037037037035,25,0.9259259259259258,0.031953411119663086,0.9680465888803355
2019-12-04,25,24,1,0.96,0.04,23,0.9199999999999999,0.0382952381005583,0.9617047618994412
2019-12-05,17,17,0,1.0,0.0,17,1.0,0.01112344312637111,0.9888765568736315
2019-12-06,19,19,0,1.0,0.0,19,1.0,0.03711049786100205,0.9628895021390003
2019-12-07,4,3,1,0.75,0.25,2,0.5,0.13032576465450746,0.8696742353454987
2019-12-08,5,5,0,1.0,0.0,5,1.0,0.004477826516954627,0.9955221734830438
2019-12-09,22,21,1,0.9545454545454546,0.045454545454545456,20,0.9090909090909092,0.05435827762681033,0.9456417223731886
2019-12-10,13,13,0,1.0,0.0,13,1.0,0.010855212336015904,0.989144787663985
2019-12-11,21,21,0,1.0,0.0,21,1.0,0.012513722831812906,0.9874862771681856
2019-12-12,22,21,1,0.9545454545454546,0.045454545454545456,20,0.9090909090909092,0.040968514410762276,0.9590314855892378
2019-12-13,23,23,0,1.0,0.0,23,1.0,0.03429865811690354,0.9657013418830974
2019-12-14,2,2,0,1.0,0.0,2,1.0,8.337515700075179e-05,0.9999166248430045
2019-12-15,1,1,0,1.0,0.0,1,1.0,3.2623819852876135e-06,0.999996737618012
2019-12-16,16,16,0,1.0,0.0,16,1.0,0.0015323267573871,0.9984676732426118
2019-12-17,22,22,0,1.0,0.0,22,1.0,0.007390415301269914,0.9926095846987297
2019-12-18,14,14,0,1.0,0.0,14,1.0,0.01579937764405135,0.9842006223559462
2019-12-19,21,21,0,1.0,0.0,21,1.0,0.006525017716542851,0.9934749822834568
2019-12-20,22,22,0,1.0,0.0,22,1.0,0.005407940390066173,0.9945920596099349
2019-12-21,4,4,0,1.0,0.0,4,1.0,0.012144805295843336,0.9878551947041543
2019-12-22,3,3,0,1.0,0.0,3,1.0,0.00011061725192517948,0.999889382748071
2019-12-23,18,18,0,1.0,0.0,18,1.0,0.005460535033973642,0.9945394649660277
2019-12-24,8,8,0,1.0,0.0,8,1.0,0.0007756923791391938,0.9992243076208571
2019-12-25,3,3,0,1.0,0.0,3,1.0,0.000406412603426466,0.9995935873965726
2019-12-26,19,19,0,1.0,0.0,19,1.0,0.0018780158513498244,0.9981219841486508
2019-12-27,15,15,0,1.0,0.0,15,1.0,0.021244430319301785,0.9787555696806982
2019-12-28,3,3,0,1.0,0.0,3,1.0,0.00595758274066319,0.9940424172593362
2019-12-29,3,3,0,1.0,0.0,3,1.0,9.003097618111193e-05,0.9999099690238218
2019-12-30,19,19,0,1.0,0.0,19,1.0,0.0017609379486975237,0.9982390620513016
2019-12-31,13,13,0,1.0,0.0,13,1.0,0.012126458867535515,0.9878735411324665
2020-01-01,5,5,0,1.0,0.0,5,1.0,0.005066326978376055,0.9949336730216227
2020-01-02,25,25,0,1.0,0.0,25,1.0,0.006129493661906618,0.9938705063380928
2020-01-03,25,25,0,1.0,0.0,25,1.0,0.005651636108608585,0.9943483638913919
2020-01-04,1,1,0,1.0,0.0,1,1.0,0.08150772266709488,0.9184922773329064
2020-01-05,5,5,0,1.0,0.0,5,1.0,0.01374202918700545,0.9862579708129967
2020-01-06,18,18,0,1.0,0.0,18,1.0,0.005872608576213477,0.9941273914237859
2020-01-07,10,10,0,1.0,0.0,10,1.0,9.880780719252142e-05,0.9999011921928073
2020-01-08,19,19,0,1.0,0.0,19,1.0,0.007664402138646967,0.9923355978613527
2020-01-09,20,20,0,1.0,0.0,20,1.0,0.007158366541865233,0.9928416334581345
2020-01-10,13,13,0,1.0,0.0,13,1.0,0.000909368545350816,0.9990906314546505
2020-01-11,3,3,0,1.0,0.0,3,1.0,0.041550095025898424,0.9584499049741001
2020-01-12,5,5,0,1.0,0.0,5,1.0,0.011757350173303515,0.9882426498266975
2020-01-13,15,15,0,1.0,0.0,15,1.0,0.010029674911836315,0.989970325088164
2020-01-14,21,21,0,1.0,0.0,21,1.0,0.0075650718642337874,0.9924349281357666
2020-01-15,24,24,0,1.0,0.0,24,1.0,0.004161089714569,0.9958389102854316
2020-01-16,21,21,0,1.0,0.0,21,1.0,0.0077195495424593604,0.9922804504575409
2020-01-17,20,20,0,1.0,0.0,20,1.0,0.005907898556658948,0.9940921014433405
2020-01-18,6,6,0,1.0,0.0,6,1.0,0.006641597382159064,0.9933584026178406
2020-01-19,7,7,0,1.0,0.0,7,1.0,0.027406412404408834,0.9725935875955903
2020-01-20,4,4,0,1.0,0.0,4,1.0,0.022988626470018474,0.9770113735299799
2020-01-21,23,23,0,1.0,0.0,23,1.0,0.0037331305342893943,0.996266869465709
2020-01-22,20,20,0,1.0,0.0,20,1.0,0.00887312589188356,0.9911268741081176
2020-01-23,22,22,0,1.0,0.0,22,1.0,0.007321112933686675,0.9926788870663116
2020-01-24,27,27,0,1.0,0.0,27,1.0,0.010731314225194355,0.9892686857748038
2020-01-25,6,6,0,1.0,0.0,6,1.0,0.007871550912726044,0.9921284490872727
2020-01-26,4,4,0,1.0,0.0,4,1.0,0.013093701027001014,0.9869062989729975
2020-01-27,13,13,0,1.0,0.0,13,1.0,0.015196483857209895,0.9848035161427913
2020-01-28,31,31,0,1.0,0.0,31,1.0,0.011191571066757108,0.9888084289332434
2020-01-29,43,43,0,1.0,0.0,43,1.0,0.009148197836711738,0.9908518021632882
2020-01-30,30,30,0,1.0,0.0,30,1.0,0.01181072689026581,0.9881892731097351
2020-01-31,18,18,0,1.0,0.0,18,1.0,0.013224066261721136,0.9867759337382798
2020-02-01,2,2,0,1.0,0.0,2,1.0,0.00011157260247585013,0.9998884273975277
2020-02-02,2,2,0,1.0,0.0,2,1.0,0.015777360185518178,0.9842226398144778
2020-02-03,19,19,0,1.0,0.0,19,1.0,0.011032484811542492,0.9889675151884575
2020-02-04,20,20,0,1.0,0.0,20,1.0,0.005482955697339864,0.9945170443026633
2020-02-05,21,21,0,1.0,0.0,21,1.0,0.0026326606893793112,0.9973673393106216
2020-02-06,28,28,0,1.0,0.0,28,1.0,0.013130576729706378,0.986869423270294
2020-02-07,19,19,0,1.0,0.0,19,1.0,0.012475363250637066,0.9875246367493622
2020-02-08,2,2,0,1.0,0.0,2,1.0,9.788979733083105e-05,0.9999021102026691
2020-02-09,7,7,0,1.0,0.0,7,1.0,0.009075037888706861,0.9909249621112901
2020-02-10,26,26,0,1.0,0.0,26,1.0,0.013394175117946402,0.9866058248820541
2020-02-11,27,27,0,1.0,0.0,27,1.0,0.01700742391626062,0.9829925760837396
2020-02-12,27,27,0,1.0,0.0,27,1.0,0.017548716284953216,0.9824512837150459
2020-02-13,17,17,0,1.0,0.0,17,1.0,0.006977171437807413,0.9930228285621915
2020-02-14,18,18,0,1.0,0.0,18,1.0,0.0029357172959741237,0.9970642827040275
2020-02-15,4,4,0,1.0,0.0,4,1.0,5.5626348677518166e-05,0.9999443736513228
2020-02-16,3,3,0,1.0,0.0,3,1.0,3.529054024749248e-05,0.9999647094597495
2020-02-17,10,10,0,1.0,0.0,10,1.0,0.022457916362156,0.9775420836378445
2020-02-18,46,46,0,1.0,0.0,46,1.0,0.013203322229900947,0.9867966777700987
2020-02-19,23,23,0,1.0,0.0,23,1.0,0.011011447882506069,0.9889885521174948
2020-02-20,27,27,0,1.0,0.0,27,1.0,0.0071823779209457,0.9928176220790542
2020-02-21,15,15,0,1.0,0.0,15,1.0,0.0017050193541290328,0.9982949806458713
2020-02-22,4,4,0,1.0,0.0,4,1.0,0.00011221572962930598,0.9998877842703708
2020-02-23,4,4,0,1.0,0.0,4,1.0,0.00575643808890738,0.9942435619110893
2020-02-24,25,25,0,1.0,0.0,25,1.0,0.01731483654978643,0.9826851634502148
2020-02-25,21,21,0,1.0,0.0,21,1.0,0.009415036289848118,0.9905849637101506
2020-02-26,26,26,0,1.0,0.0,26,1.0,0.012425256310441573,0.9875747436895591
2020-02-27,26,26,0,1.0,0.0,26,1.0,0.0021382303477509375,0.9978617696522475
2020-02-28,22,22,0,1.0,0.0,22,1.0,0.005120224486714218,0.9948797755132879
2020-02-29,4,4,0,1.0,0.0,4,1.0,0.02742516130222864,0.9725748386977677
2020-03-01,7,7,0,1.0,0.0,7,1.0,0.028293928890881614,0.9717060711091163
2020-03-02,17,17,0,1.0,0.0,17,1.0,0.005607151411316587,0.994392848588684
2020-03-03,26,26,0,1.0,0.0,26,1.0,0.009866948989402068,0.9901330510105992
2020-03-04,17,17,0,1.0,0.0,17,1.0,0.01011922879304188,0.9898807712069569
2020-03-05,16,16,0,1.0,0.0,16,1.0,0.0014093162818979792,0.9985906837181019
2020-03-06,12,12,0,1.0,0.0,12,1.0,0.0013919043655403294,0.9986080956344613
2020-03-07,3,3,0,1.0,0.0,3,1.0,0.007104169312683427,0.9928958306873178
2020-03-08,4,4,0,1.0,0.0,4,1.0,4.993289761733706e-05,0.9999500671023839
2020-03-09,12,12,0,1.0,0.0,12,1.0,0.00636825990660054,0.9936317400933988
2020-03-10,20,20,0,1.0,0.0,20,1.0,0.026852069130474145,0.9731479308695251
2020-03-11,26,26,0,1.0,0.0,26,1.0,0.040777270774999944,0.9592227292250013
2020-03-12,15,15,0,1.0,0.0,15,1.0,0.013373658215021227,0.9866263417849803
2020-03-13,33,33,0,1.0,0.0,33,1.0,0.025561654652004814,0.9744383453479958
2020-03-14,6,6,0,1.0,0.0,6,1.0,0.01608833974400925,0.9839116602559924
2020-03-15,10,10,0,1.0,0.0,10,1.0,0.02038432044785843,0.9796156795521433
2020-03-16,24,24,0,1.0,0.0,24,1.0,0.014628431518873372,0.9853715684811258
2020-03-17,32,32,0,1.0,0.0,32,1.0,0.02762722078725849,0.9723727792127428
2020-03-18,20,19,1,0.95,0.05,18,0.8999999999999999,0.034220812549779836,0.9657791874502182
2020-03-19,18,18,0,1.0,0.0,18,1.0,0.018271247101577136,0.9817287528984235
2020-03-20,18,18,0,1.0,0.0,18,1.0,0.005532796211309792,0.9944672037886902
2020-03-21,3,3,0,1.0,0.0,3,1.0,0.008486762218707075,0.9915132377812945
2020-03-22,5,5,0,1.0,0.0,5,1.0,5.2131403088184094e-05,0.9999478685969114
2020-03-23,14,14,0,1.0,0.0,14,1.0,0.029513471542267335,0.9704865284577329
2020-03-24,26,26,0,1.0,0.0,26,1.0,0.020695127231969986,0.9793048727680304
2020-03-25,27,27,0,1.0,0.0,27,1.0,0.026674238899432292,0.9733257611005679
2020-03-26,25,25,0,1.0,0.0,25,1.0,0.0025059064092278773,0.9974940935907723
2020-03-27,22,22,0,1.0,0.0,22,1.0,0.03264155533750691,0.967358444662494
2020-03-28,5,5,0,1.0,0.0,5,1.0,0.009804954031942856,0.990195045968056
2020-03-29,7,7,0,1.0,0.0,7,1.0,0.03388998292326044,0.9661100170767406
2020-03-30,13,13,0,1.0,0.0,13,1.0,0.035237727126531726,0.9647622728734692
2020-03-31,12,12,0,1.0,0.0,12,1.0,0.03125216897842897,0.968747831021571
2020-04-01,19,19,0,1.0,0.0,19,1.0,0.008325287718125698,0.9916747122818743
2020-04-02,23,23,0,1.0,0.0,23,1.0,0.005220902359563122,0.9947790976404373
2020-04-03,22,22,0,1.0,0.0,22,1.0,0.01918900876927125,0.9808109912307287
2020-04-04,3,3,0,1.0,0.0,3,1.0,0.02301686604598777,0.9769831339540088
2020-04-05,5,5,0,1.0,0.0,5,1.0,0.006417138065073222,0.9935828619349293
2020-04-06,17,17,0,1.0,0.0,17,1.0,0.026884344329851623,0.9731156556701466
2020-04-07,16,16,0,1.0,0.0,16,1.0,0.008480798041935227,0.991519201958064
2020-04-08,28,28,0,1.0,0.0,28,1.0,0.03140932130637973,0.9685906786936201
2020-04-09,31,31,0,1.0,0.0,31,1.0,0.016024920506531457,0.9839750794934694
2020-04-10,3,3,0,1.0,0.0,3,1.0,0.0064552931686391165,0.9935447068313626
2020-04-11,2,2,0,1.0,0.0,2,1.0,0.042941814938145174,0.957058185061855
2020-04-12,6,6,0,1.0,0.0,6,1.0,0.0047800918043017886,0.9952199081956961
2020-04-13,17,17,0,1.0,0.0,17,1.0,0.031440896657090406,0.9685591033429091
2020-04-14,33,33,0,1.0,0.0,33,1.0,0.011764140083761662,0.9882358599162391
2020-04-15,32,32,0,1.0,0.0,32,1.0,0.012700720902053136,0.9872992790979465
2020-04-16,28,28,0,1.0,0.0,28,1.0,0.0303837688569632,0.969616231143036
2020-04-17,33,33,0,1.0,0.0,33,1.0,0.017304299216787538,0.9826957007832116
2020-04-18,7,7,0,1.0,0.0,7,1.0,0.00470427393218944,0.9952957260678111
2020-04-19,5,5,0,1.0,0.0,5,1.0,0.00872819362784619,0.9912718063721538
2020-04-20,18,18,0,1.0,0.0,18,1.0,0.00782339762591844,0.9921766023740806
2020-04-21,16,16,0,1.0,0.0,16,1.0,0.019220002868651657,0.9807799971313473
2020-04-22,23,23,0,1.0,0.0,23,1.0,0.010760828302309735,0.9892391716976904
2020-04-23,23,23,0,1.0,0.0,23,1.0,0.014411316668665068,0.985588683331334
2020-04-24,17,17,0,1.0,0.0,17,1.0,0.045736795967277435,0.9542632040327227
2020-04-25,3,3,0,1.0,0.0,3,1.0,0.008398166977175072,0.9916018330228198
2020-04-26,9,9,0,1.0,0.0,9,1.0,0.003469865964907891,0.9965301340350925
2020-04-27,44,44,0,1.0,0.0,44,1.0,0.023746535307501867,0.9762534646924987
2020-04-28,24,24,0,1.0,0.0,24,1.0,0.0025752297370809627,0.9974247702629189
2020-04-29,34,34,0,1.0,0.0,34,1.0,0.00990193429821502,0.9900980657017858
2020-04-30,68,68,0,1.0,0.0,68,1.0,0.02432725552381207,0.9756727444761886
2020-05-01,64,64,0,1.0,0.0,64,1.0,0.06757846715360524,0.9324215328463938
2020-05-02,3,3,0,1.0,0.0,3,1.0,0.0038909497900772357,0.9961090502099254
2020-05-03,11,11,0,1.0,0.0,11,1.0,0.01733391041651721,0.9826660895834827
2020-05-04,35,35,0,1.0,0.0,35,1.0,0.025800432216223038,0.9741995677837768
2020-05-05,27,27,0,1.0,0.0,27,1.0,0.019899029963848066,0.9801009700361516
2020-05-06,26,26,0,1.0,0.0,26,1.0,0.011632825963906896,0.9883671740360942
2020-05-07,17,17,0,1.0,0.0,17,1.0,0.008626958450562019,0.9913730415494377
2020-05-08,30,30,0,1.0,0.0,30,1.0,0.024826414153564312,0.9751735858464347
2020-05-09,3,3,0,1.0,0.0,3,1.0,0.03296748014812207,0.967032519851879
2020-05-10,3,3,0,1.0,0.0,3,1.0,0.0008467659042139547,0.9991532340957878
2020-05-11,22,22,0,1.0,0.0,22,1.0,0.016468669560093244,0.9835313304399058
2020-05-12,29,29,0,1.0,0.0,29,1.0,0.036274764086084606,0.9637252359139146
2020-05-13,23,23,0,1.0,0.0,23,1.0,0.017847241223947007,0.9821527587760521
2020-05-14,21,21,0,1.0,0.0,21,1.0,0.018176423935145875,0.9818235760648533
2020-05-15,41,41,0,1.0,0.0,41,1.0,0.014259334001096653,0.9857406659989029
2020-05-16,2,2,0,1.0,0.0,2,1.0,0.023487958337265226,0.9765120416627358
2020-05-17,7,7,0,1.0,0.0,7,1.0,0.015205170672590829,0.9847948293274115
2020-05-18,18,18,0,1.0,0.0,18,1.0,0.003645460485545567,0.9963545395144533
2020-05-19,21,21,0,1.0,0.0,21,1.0,0.007878181339384107,0.992121818660617
2020-05-20,18,18,0,1.0,0.0,18,1.0,0.012219828192790116,0.9877801718072097
2020-05-21,15,15,0,1.0,0.0,15,1.0,0.025900878049251782,0.9740991219507489
2020-05-22,8,8,0,1.0,0.0,8,1.0,0.002313861339384141,0.9976861386606136
2020-05-23,4,4,0,1.0,0.0,4,1.0,0.0002405373236421454,0.999759462676356
2020-05-24,3,3,0,1.0,0.0,3,1.0,6.304497272405999e-05,0.9999369550272758
2020-05-25,3,3,0,1.0,0.0,3,1.0,0.012919957655000551,0.9870800423450006
2020-05-26,14,14,0,1.0,0.0,14,1.0,0.006138336667009658,0.9938616633329923
2020-05-27,27,27,0,1.0,0.0,27,1.0,0.05369261401149083,0.9463073859885088
2020-05-28,24,24,0,1.0,0.0,24,1.0,0.025171261827075856,0.9748287381729247
2020-05-29,13,13,0,1.0,0.0,13,1.0,0.016065170860345573,0.9839348291396561
2020-05-30,8,8,0,1.0,0.0,8,1.0,0.02945765790643438,0.9705423420935675
2020-05-31,10,10,0,1.0,0.0,10,1.0,0.05017508432421695,0.9498249156757843
2020-06-01,22,22,0,1.0,0.0,22,1.0,0.01960111428720953,0.9803988857127895
2020-06-02,29,29,0,1.0,0.0,29,1.0,0.014860911421244776,0.9851390885787557
2020-06-03,17,17,0,1.0,0.0,17,1.0,0.0007939122831702495,0.99920608771683
2020-06-04,6,6,0,1.0,0.0,6,1.0,0.00016620084297560428,0.9998337991570239
2020-06-05,6,6,0,1.0,0.0,6,1.0,0.0023288447462288136,0.9976711552537704
2020-06-06,3,3,0,1.0,0.0,3,1.0,4.8558500939176294e-05,0.9999514414990598
2020-06-08,11,11,0,1.0,0.0,11,1.0,0.0027179781725519977,0.9972820218274498
2020-06-09,23,23,0,1.0,0.0,23,1.0,0.010935040295154803,0.989064959704846
2020-06-10,27,27,0,1.0,0.0,27,1.0,0.015021945607877054,0.9849780543921227
2020-06-11,13,13,0,1.0,0.0,13,1.0,0.00916883352008539,0.9908311664799143
2020-06-12,9,9,0,1.0,0.0,9,1.0,0.0014672368129851877,0.9985327631870126
2020-06-13,1,1,0,1.0,0.0,1,1.0,8.79407071371635e-05,0.9999120592928632
2020-06-14,2,2,0,1.0,0.0,2,1.0,8.041244739218844e-05,0.9999195875526028
2020-06-15,11,11,0,1.0,0.0,11,1.0,0.002901507888349463,0.9970984921116525
2020-06-16,9,9,0,1.0,0.0,9,1.0,0.006003026200965423,0.9939969737990345
2020-06-17,9,9,0,1.0,0.0,9,1.0,0.000640096887439483,0.9993599031125611
2020-06-18,8,8,0,1.0,0.0,8,1.0,0.0032197766335495467,0.9967802233664494
2020-06-19,17,17,0,1.0,0.0,17,1.0,0.0002458432509817282,0.9997541567490179
2020-06-20,4,4,0,1.0,0.0,4,1.0,0.00017482183437943178,0.9998251781656192
2020-06-21,2,2,0,1.0,0.0,2,1.0,0.0006980201947795034,0.9993019798052112
2020-06-22,23,23,0,1.0,0.0,23,1.0,0.0026515751417169045,0.9973484248582843
2020-06-23,27,27,0,1.0,0.0,27,1.0,0.0018855870324838242,0.9981144129675165
2020-06-24,15,15,0,1.0,0.0,15,1.0,0.001409779827184386,0.9985902201728164
2020-06-25,13,13,0,1.0,0.0,13,1.0,0.0010560027072425184,0.9989439972927585
2020-06-26,8,8,0,1.0,0.0,8,1.0,0.0005724907540193071,0.9994275092459806
2020-06-28,3,3,0,1.0,0.0,3,1.0,0.0003822952268084294,0.9996177047731919
2020-06-29,12,12,0,1.0,0.0,12,1.0,0.0009909160679857274,0.9990090839320137
2020-06-30,22,22,0,1.0,0.0,22,1.0,0.0036951341716833647,0.9963048658283146
2020-07-01,16,16,0,1.0,0.0,16,1.0,0.0031628762346505813,0.9968371237653495
2020-07-02,18,18,0,1.0,0.0,18,1.0,0.0016995963296817325,0.9983004036703199
2020-07-03,3,3,0,1.0,0.0,3,1.0,0.0003066048941328723,0.9996933951058619
2020-07-04,2,2,0,1.0,0.0,2,1.0,6.7339205168231e-06,0.9999932660794797
2020-07-05,6,6,0,1.0,0.0,6,1.0,0.00025310591517631174,0.9997468940848245
2020-07-06,15,15,0,1.0,0.0,15,1.0,0.0007708508418555794,0.9992291491581464
2020-07-07,15,15,0,1.0,0.0,15,1.0,0.0012067783049828963,0.9987932216950155
2020-07-08,16,16,0,1.0,0.0,16,1.0,0.0016370641407846096,0.9983629358592144
2020-07-09,16,16,0,1.0,0.0,16,1.0,0.0014285364472744152,0.9985714635527256
2020-07-10,15,15,0,1.0,0.0,15,1.0,0.0025299016391289527,0.997470098360871
2020-07-11,4,4,0,1.0,0.0,4,1.0,8.432465531041391e-05,0.9999156753446953
2020-07-12,3,3,0,1.0,0.0,3,1.0,3.977531279732314e-05,0.9999602246872027
2020-07-13,11,11,0,1.0,0.0,11,1.0,0.00027485791671983843,0.9997251420832792
2020-07-14,18,18,0,1.0,0.0,18,1.0,0.0010044961117216225,0.9989955038882772
2020-07-15,23,23,0,1.0,0.0,23,1.0,0.0011953068250220287,0.9988046931749762
2020-07-16,14,14,0,1.0,0.0,14,1.0,0.002096376019437916,0.9979036239805597
2020-07-17,10,10,0,1.0,0.0,10,1.0,0.00018127868308708545,0.9998187213169107
2020-07-18,4,4,0,1.0,0.0,4,1.0,0.0014001092459369657,0.9985998907540674
2020-07-19,2,2,0,1.0,0.0,2,1.0,3.084192340642595e-05,0.9999691580765896
2020-07-20,9,9,0,1.0,0.0,9,1.0,0.00028495102028262587,0.9997150489797151
2020-07-21,10,10,0,1.0,0.0,10,1.0,0.0005959461909424387,0.9994040538090572
2020-07-22,10,10,0,1.0,0.0,10,1.0,0.00024167136489782376,0.9997583286351033
2020-07-23,22,22,0,1.0,0.0,22,1.0,0.0005499229296523272,0.9994500770703495
2020-07-24,19,19,0,1.0,0.0,19,1.0,0.006927871281017362,0.9930721287189817
2020-07-25,2,2,0,1.0,0.0,2,1.0,0.0001668536928884563,0.9998331463071093
2020-07-26,6,6,0,1.0,0.0,6,1.0,5.064405333255601e-05,0.9999493559466665
2020-07-27,24,24,0,1.0,0.0,24,1.0,0.0008098208889904851,0.9991901791110105
2020-07-28,24,24,0,1.0,0.0,24,1.0,0.0018434482372697864,0.9981565517627318
2020-07-29,25,25,0,1.0,0.0,25,1.0,0.0006337121154838601,0.9993662878845149
2020-07-30,37,37,0,1.0,0.0,37,1.0,0.0007191516777638526,0.9992808483222346
2020-07-31,40,40,0,1.0,0.0,40,1.0,0.0006852376300177526,0.9993147623699823
2020-08-01,2,2,0,1.0,0.0,2,1.0,3.3436563734801464e-06,0.9999966563436227
2020-08-02,6,6,0,1.0,0.0,6,1.0,0.0053578847772489035,0.9946421152227529
2020-08-03,26,26,0,1.0,0.0,26,1.0,0.0007585255997154209,0.999241474400286
2020-08-04,22,22,0,1.0,0.0,22,1.0,0.0006159265538337324,0.9993840734461671
2020-08-05,25,25,0,1.0,0.0,25,1.0,0.0013210835864660231,0.9986789164135347
2020-08-06,17,17,0,1.0,0.0,17,1.0,0.0005531968109761065,0.9994468031890238
2020-08-07,24,24,0,1.0,0.0,24,1.0,0.0008276828041688618,0.9991723171958301
2020-08-08,1,1,0,1.0,0.0,1,1.0,0.0003739304189864493,0.999626069581011
2020-08-09,1,1,0,1.0,0.0,1,1.0,1.2787253720160736e-05,0.9999872127462791
2020-08-10,14,14,0,1.0,0.0,14,1.0,0.00023063402236934275,0.9997693659776302
2020-08-11,15,15,0,1.0,0.0,15,1.0,0.002277064590201654,0.997722935409801
2020-08-12,14,14,0,1.0,0.0,14,1.0,0.0006676821938970131,0.9993323178061023
2020-08-13,27,27,0,1.0,0.0,27,1.0,0.0010404632694646018,0.9989595367305354
2020-08-14,25,25,0,1.0,0.0,25,1.0,0.0039063355742407855,0.9960936644257583
2020-08-15,3,3,0,1.0,0.0,3,1.0,0.0019858044049827846,0.998014195595014
2020-08-16,3,3,0,1.0,0.0,3,1.0,0.00012724414211938304,0.9998727558578793
2020-08-17,9,9,0,1.0,0.0,9,1.0,0.004645702774964181,0.9953542972250369
2020-08-18,25,25,0,1.0,0.0,25,1.0,0.0009240154847809924,0.9990759845152186
2020-08-19,13,13,0,1.0,0.0,13,1.0,0.0005455418349341933,0.999454458165065
2020-08-20,16,16,0,1.0,0.0,16,1.0,0.00016375382492474528,0.9998362461750756
2020-08-21,23,23,0,1.0,0.0,23,1.0,0.0002527379866637747,0.9997472620133323
2020-08-22,2,2,0,1.0,0.0,2,1.0,6.152706059106404e-05,0.9999384729394134
2020-08-23,5,5,0,1.0,0.0,5,1.0,3.275728362510768e-05,0.9999672427163724
2020-08-24,28,28,0,1.0,0.0,28,1.0,0.0015578240206667177,0.998442175979335
2020-08-25,30,30,0,1.0,0.0,30,1.0,0.0009901360689265988,0.9990098639310734
2020-08-26,33,33,0,1.0,0.0,33,1.0,0.0009328718151810175,0.9990671281848198
2020-08-27,14,14,0,1.0,0.0,14,1.0,0.0005482228148550172,0.9994517771851434
2020-08-28,11,11,0,1.0,0.0,11,1.0,0.00017635758470088664,0.9998236424152985
2020-08-29,2,2,0,1.0,0.0,2,1.0,5.686296896631342e-06,0.9999943137031059
2020-08-30,3,3,0,1.0,0.0,3,1.0,0.00012960246236384828,0.9998703975376357
2020-08-31,21,21,0,1.0,0.0,21,1.0,0.00029971523186364616,0.9997002847681377
2020-09-01,31,31,0,1.0,0.0,31,1.0,0.0008025705654520856,0.999197429434549
2020-09-02,28,28,0,1.0,0.0,28,1.0,0.0009459140596386437,0.9990540859403626
2020-09-03,19,19,0,1.0,0.0,19,1.0,0.0005748020027724121,0.9994251979972284
2020-09-04,19,19,0,1.0,0.0,19,1.0,0.00041213585432291053,0.9995878641456788
2020-09-05,4,4,0,1.0,0.0,4,1.0,7.311385497964226e-05,0.9999268861450175
2020-09-06,2,2,0,1.0,0.0,2,1.0,2.2087848626761718e-05,0.9999779121513754
2020-09-07,4,4,0,1.0,0.0,4,1.0,0.010898493047509806,0.9891015069524891
2020-09-08,26,26,0,1.0,0.0,26,1.0,0.0009601169368356235,0.9990398830631632
2020-09-09,19,19,0,1.0,0.0,19,1.0,0.0001133777258574354,0.9998866222741425
2020-09-10,14,14,0,1.0,0.0,14,1.0,0.00020341369115922146,0.9997965863088388
2020-09-11,30,30,0,1.0,0.0,30,1.0,0.000504628863918552,0.999495371136082
2020-09-12,1,1,0,1.0,0.0,1,1.0,5.48310942403749e-05,0.999945168905752
2020-09-13,4,4,0,1.0,0.0,4,1.0,0.0034585143688733847,0.9965414856311253
2020-09-14,16,16,0,1.0,0.0,16,1.0,0.002509500213964817,0.9974904997860388
2020-09-15,18,18,0,1.0,0.0,18,1.0,0.000823354334682854,0.9991766456653178
2020-09-16,32,32,0,1.0,0.0,32,1.0,0.0006077100759671346,0.9993922899240331
2020-09-17,20,20,0,1.0,0.0,20,1.0,0.0013170902747607048,0.9986829097252405
2020-09-18,25,25,0,1.0,0.0,25,1.0,0.0009911287559078766,0.9990088712440925
2020-09-19,2,2,0,1.0,0.0,2,1.0,0.004187420324049816,0.9958125796759515
2020-09-20,5,5,0,1.0,0.0,5,1.0,0.006339543336404546,0.9936604566635955
2020-09-21,12,12,0,1.0,0.0,12,1.0,0.00034708658537143294,0.9996529134146281
2020-09-22,22,22,0,1.0,0.0,22,1.0,0.0003597154524960471,0.9996402845475029
2020-09-23,21,21,0,1.0,0.0,21,1.0,0.0012325915018738458,0.9987674084981257
2020-09-24,29,29,0,1.0,0.0,29,1.0,0.002633703229574425,0.9973662967704274
2020-09-25,22,22,0,1.0,0.0,22,1.0,0.001541679033274318,0.9984583209667263
2020-09-26,2,2,0,1.0,0.0,2,1.0,7.198038570672257e-06,0.9999928019614283
2020-09-27,7,7,0,1.0,0.0,7,1.0,0.006178825169802075,0.993821174830202
2020-09-28,21,21,0,1.0,0.0,21,1.0,0.0005377249317546534,0.9994622750682445
2020-09-29,17,17,0,1.0,0.0,17,1.0,0.001948261391548418,0.9980517386084503
2020-09-30,22,22,0,1.0,0.0,22,1.0,0.00021596288332450313,0.9997840371166746
2020-10-01,21,21,0,1.0,0.0,21,1.0,0.00024859771472997126,0.9997514022852722
2020-10-02,14,14,0,1.0,0.0,14,1.0,0.0011307277710685328,0.9988692722289333
2020-10-03,1,1,0,1.0,0.0,1,1.0,0.00020543467784193628,0.9997945653221587
2020-10-04,6,6,0,1.0,0.0,6,1.0,0.001702737556596387,0.9982972624434012
2020-10-05,14,14,0,1.0,0.0,14,1.0,0.00019509777855356356,0.999804902221446
2020-10-06,20,20,0,1.0,0.0,20,1.0,0.00119486788676374,0.9988051321132364
2020-10-07,12,12,0,1.0,0.0,12,1.0,0.002830301410812445,0.9971696985891857
2020-10-08,14,14,0,1.0,0.0,14,1.0,0.00848760660369119,0.9915123933963123
2020-10-09,19,19,0,1.0,0.0,19,1.0,0.00017171788718014008,0.9998282821128172
2020-10-10,5,5,0,1.0,0.0,5,1.0,7.8631453678363e-05,0.9999213685463202
2020-10-11,1,1,0,1.0,0.0,1,1.0,0.00012042944689870243,0.999879570553102
2020-10-12,24,24,0,1.0,0.0,24,1.0,0.0012158536421025747,0.9987841463578956
2020-10-13,26,26,0,1.0,0.0,26,1.0,0.0018869032364419729,0.9981130967635607
2020-10-14,24,24,0,1.0,0.0,24,1.0,0.001014264596879571,0.9989857354031203
2020-10-15,18,18,0,1.0,0.0,18,1.0,0.000601054502465193,0.9993989454975362
2020-10-16,15,15,0,1.0,0.0,15,1.0,0.0002153241388524739,0.9997846758611474
2020-10-17,4,4,0,1.0,0.0,4,1.0,8.758614475210143e-05,0.9999124138552469
2020-10-18,6,6,0,1.0,0.0,6,1.0,0.0002714858525360088,0.999728514147467
2020-10-19,15,15,0,1.0,0.0,15,1.0,0.00014266935209036823,0.9998573306479117
2020-10-20,7,7,0,1.0,0.0,7,1.0,8.83407014777819e-05,0.9999116592985207
2020-10-21,20,20,0,1.0,0.0,20,1.0,0.0020248651384800224,0.9979751348615211
2020-10-22,15,15,0,1.0,0.0,15,1.0,0.00023481442441934043,0.9997651855755848
2020-10-23,17,17,0,1.0,0.0,17,1.0,0.00032951180113830603,0.9996704881988611
2020-10-24,5,5,0,1.0,0.0,5,1.0,2.6809453467669448e-05,0.9999731905465274
2020-10-25,6,6,0,1.0,0.0,6,1.0,0.0023299244587448044,0.997670075541258
2020-10-26,24,24,0,1.0,0.0,24,1.0,0.0008933722565687592,0.9991066277434347
2020-10-27,20,20,0,1.0,0.0,20,1.0,0.000126684824505541,0.9998733151754922
2020-10-28,24,24,0,1.0,0.0,24,1.0,0.0010633426567170938,0.9989366573432809
2020-10-29,27,27,0,1.0,0.0,27,1.0,0.00028209785197405986,0.9997179021480236
2020-10-30,29,29,0,1.0,0.0,29,1.0,0.0010960026231699197,0.9989039973768302
2020-10-31,4,4,0,1.0,0.0,4,1.0,0.0003786799959631573,0.9996213200040391
2020-11-01,6,6,0,1.0,0.0,6,1.0,0.02187921569251929,0.9781207843074832
2020-11-02,19,19,0,1.0,0.0,19,1.0,0.0009283515954170144,0.9990716484045838
2020-11-03,15,15,0,1.0,0.0,15,1.0,0.0009254682193227874,0.9990745317806774
2020-11-04,34,34,0,1.0,0.0,34,1.0,0.0016807240635289958,0.9983192759364705
2020-11-05,24,24,0,1.0,0.0,24,1.0,0.0004896060373007778,0.9995103939626976
2020-11-06,21,21,0,1.0,0.0,21,1.0,0.000720793023742828,0.999279206976254
2020-11-07,5,5,0,1.0,0.0,5,1.0,0.0002627585123735791,0.9997372414876302
2020-11-08,3,3,0,1.0,0.0,3,1.0,0.00020029598994357706,0.9997997040100578
2020-11-09,15,15,0,1.0,0.0,15,1.0,0.0012536147577496117,0.9987463852422488
2020-11-10,28,28,0,1.0,0.0,28,1.0,0.002816568425448934,0.99718343157455
2020-11-11,29,29,0,1.0,0.0,29,1.0,0.0011708266099842294,0.9988291733900153
2020-11-12,23,23,0,1.0,0.0,23,1.0,0.0015196154192599043,0.9984803845807392
2020-11-13,16,16,0,1.0,0.0,16,1.0,0.0008087415199726266,0.9991912584800282
2020-11-14,4,4,0,1.0,0.0,4,1.0,0.00037951214716874527,0.9996204878528343
2020-11-15,4,4,0,1.0,0.0,4,1.0,6.496482512488863e-05,0.9999350351748754
2020-11-16,11,11,0,1.0,0.0,11,1.0,0.0007241337163643636,0.9992758662836365
2020-11-17,9,9,0,1.0,0.0,9,1.0,0.0008343288070757813,0.9991656711929223
2020-11-18,20,20,0,1.0,0.0,20,1.0,0.0011132332348367205,0.9988867667651654
2020-11-19,16,16,0,1.0,0.0,16,1.0,0.00042775073389813493,0.9995722492661037
2020-11-20,14,14,0,1.0,0.0,14,1.0,0.0025979632131539897,0.9974020367868446
2020-11-21,5,5,0,1.0,0.0,5,1.0,0.00012631057657872381,0.9998736894234247
2020-11-22,8,8,0,1.0,0.0,8,1.0,0.00011119693549306603,0.9998888030645068
2020-11-23,10,10,0,1.0,0.0,10,1.0,0.0006641005424424546,0.999335899457557
2020-11-24,6,6,0,1.0,0.0,6,1.0,0.001755824764331259,0.9982441752356718
2020-11-25,10,10,0,1.0,0.0,10,1.0,0.00031199053643172386,0.9996880094635664
2020-11-26,3,3,0,1.0,0.0,3,1.0,4.645675115072233e-05,0.9999535432488482
2020-11-27,8,8,0,1.0,0.0,8,1.0,0.00029442517777049094,0.9997055748222267
2020-11-28,1,1,0,1.0,0.0,1,1.0,1.3021170687998313e-05,0.999986978829321
2020-11-30,13,13,0,1.0,0.0,13,1.0,0.0015200030658171727,0.998479996934184
2020-12-01,14,14,0,1.0,0.0,14,1.0,0.00042665721929325504,0.9995733427807101
2020-12-02,16,16,0,1.0,0.0,16,1.0,0.0015134914722166747,0.9984865085277812
2020-12-03,10,10,0,1.0,0.0,10,1.0,7.026575415330725e-05,0.9999297342458471
2020-12-04,13,13,0,1.0,0.0,13,1.0,0.0011212294333965945,0.998878770566605
2020-12-05,6,6,0,1.0,0.0,6,1.0,0.00010979787506659086,0.9998902021249373
2020-12-06,4,4,0,1.0,0.0,4,1.0,9.672873325996695e-05,0.9999032712667411
2020-12-07,23,23,0,1.0,0.0,23,1.0,0.0019734654115740845,0.9980265345884247
2020-12-08,12,12,0,1.0,0.0,12,1.0,0.002322915146504311,0.9976770848534945
2020-12-09,15,15,0,1.0,0.0,15,1.0,0.003503612705202543,0.9964963872947986
2020-12-10,13,13,0,1.0,0.0,13,1.0,0.0002925108848063689,0.999707489115194
2020-12-11,29,29,0,1.0,0.0,29,1.0,0.0008235944693551492,0.9991764055306431
2020-12-12,5,5,0,1.0,0.0,5,1.0,4.456696790353173e-05,0.9999554330320921
2020-12-13,2,2,0,1.0,0.0,2,1.0,2.2428019336206308e-05,0.9999775719806632
2020-12-14,9,9,0,1.0,0.0,9,1.0,0.005883046180291217,0.9941169538197087
2020-12-15,22,22,0,1.0,0.0,22,1.0,0.000963306697466798,0.9990366933025339
2020-12-16,12,12,0,1.0,0.0,12,1.0,0.00018350299648013887,0.9998164970035203
2020-12-17,12,12,0,1.0,0.0,12,1.0,0.00029235777942859955,0.999707642220571
2020-12-18,14,14,0,1.0,0.0,14,1.0,0.0018794541470873224,0.9981205458529133
2020-12-19,9,9,0,1.0,0.0,9,1.0,0.0002582290393942149,0.9997417709606053
2020-12-20,4,4,0,1.0,0.0,4,1.0,0.00021178084866158866,0.9997882191513385
2020-12-21,16,16,0,1.0,0.0,16,1.0,0.0005660546949615962,0.9994339453050383
2020-12-22,33,33,0,1.0,0.0,33,1.0,0.0011926428074779246,0.9988073571925217
2020-12-23,22,22,0,1.0,0.0,22,1.0,0.00044350209563676443,0.9995564979043653
2020-12-24,14,14,0,1.0,0.0,14,1.0,0.0020558897831326134,0.9979441102168681
2020-12-25,2,2,0,1.0,0.0,2,1.0,4.3300018338797815e-05,0.9999566999816543
2020-12-26,2,2,0,1.0,0.0,2,1.0,0.00010944251857748433,0.9998905574814168
2020-12-27,3,3,0,1.0,0.0,3,1.0,6.711099265981216e-05,0.9999328890073426
2020-12-28,19,19,0,1.0,0.0,19,1.0,0.0008902902021263932,0.999109709797874
2020-12-29,19,19,0,1.0,0.0,19,1.0,0.0003876202292492005,0.9996123797707531
2020-12-30,22,22,0,1.0,0.0,22,1.0,0.0006790167324587647,0.9993209832675415
2020-12-31,18,18,0,1.0,0.0,18,1.0,0.0001796084894947293,0.999820391510505
2021-01-01,1,1,0,1.0,0.0,1,1.0,2.129714888974335e-05,0.99997870285112
2021-01-03,4,4,0,1.0,0.0,4,1.0,0.006216330382883224,0.9937836696171214
2021-01-04,16,16,0,1.0,0.0,16,1.0,0.001305947319923366,0.9986940526800767
2021-01-05,15,15,0,1.0,0.0,15,1.0,0.0006947055247901446,0.9993052944752094
2021-01-06,20,20,0,1.0,0.0,20,1.0,0.0008812519246173183,0.9991187480753837
2021-01-07,14,14,0,1.0,0.0,14,1.0,0.0005431832379624385,0.9994568167620377
2021-01-08,16,16,0,1.0,0.0,16,1.0,0.000560754177331919,0.9994392458226685
2021-01-09,5,5,0,1.0,0.0,5,1.0,0.00010916475642089611,0.9998908352435821
2021-01-10,6,6,0,1.0,0.0,6,1.0,0.0005919534413440327,0.9994080465586542
2021-01-11,19,19,0,1.0,0.0,19,1.0,0.0004569697987628697,0.9995430302012352
2021-01-12,8,8,0,1.0,0.0,8,1.0,0.00038357499003499097,0.9996164250099671
2021-01-13,19,19,0,1.0,0.0,19,1.0,0.002344228632295737,0.9976557713677028
2021-01-14,16,16,0,1.0,0.0,16,1.0,0.004167184362820158,0.9958328156371805
2021-01-15,21,21,0,1.0,0.0,21,1.0,0.0023007317930472566,0.9976992682069528
2021-01-16,5,5,0,1.0,0.0,5,1.0,0.00010160553006688317,0.9998983944699305
2021-01-17,5,5,0,1.0,0.0,5,1.0,0.00033304064606736144,0.999666959353928
2021-01-18,5,5,0,1.0,0.0,5,1.0,0.0002690051227734917,0.9997309948772222
2021-01-19,22,22,0,1.0,0.0,22,1.0,0.00018554213962383533,0.9998144578603771
2021-01-20,10,10,0,1.0,0.0,10,1.0,8.856004707690062e-05,0.9999114399529171
2021-01-21,17,17,0,1.0,0.0,17,1.0,0.0001482598623024952,0.999851740137697
2021-01-22,21,21,0,1.0,0.0,21,1.0,0.0001828819803313795,0.9998171180196677
2021-01-23,3,3,0,1.0,0.0,3,1.0,0.0005772033028816236,0.9994227966971191
2021-01-24,13,13,0,1.0,0.0,13,1.0,0.0007452785601675305,0.9992547214398316
2021-01-25,17,17,0,1.0,0.0,17,1.0,0.001656705234062607,0.9983432947659391
2021-01-26,30,30,0,1.0,0.0,30,1.0,0.0005213743129063729,0.9994786256870931
2021-01-27,40,40,0,1.0,0.0,40,1.0,0.0005011236201812243,0.999498876379819
2021-01-28,37,37,0,1.0,0.0,37,1.0,0.0002848417548232448,0.9997151582451782
2021-01-29,23,23,0,1.0,0.0,23,1.0,0.0005823649872346876,0.9994176350127661
2021-01-30,5,5,0,1.0,0.0,5,1.0,0.00022064593288616713,0.9997793540671174
2021-01-31,4,4,0,1.0,0.0,4,1.0,6.865902872783777e-05,0.999931340971271
2021-02-01,22,22,0,1.0,0.0,22,1.0,0.0015392317041219754,0.9984607682958788
2021-02-02,20,20,0,1.0,0.0,20,1.0,0.00026371856774963905,0.9997362814322509
2021-02-03,28,28,0,1.0,0.0,28,1.0,0.0005634171923377477,0.9994365828076618
2021-02-04,19,19,0,1.0,0.0,19,1.0,0.0007188910889144776,0.999281108911082
2021-02-05,21,21,0,1.0,0.0,21,1.0,0.00015122367945138507,0.9998487763205498
2021-02-06,6,6,0,1.0,0.0,6,1.0,2.3140180163141068e-05,0.9999768598198352
2021-02-07,5,5,0,1.0,0.0,5,1.0,3.518316493779384e-05,0.9999648168350651
2021-02-08,11,11,0,1.0,0.0,11,1.0,0.0004697885263061842,0.9995302114736966
2021-02-09,19,19,0,1.0,0.0,19,1.0,0.0001402777657861728,0.9998597222342154
2021-02-10,17,17,0,1.0,0.0,17,1.0,0.00020362649395692055,0.9997963735060417
2021-02-11,9,9,0,1.0,0.0,9,1.0,0.0002310860054205963,0.9997689139945807
2021-02-12,19,19,0,1.0,0.0,19,1.0,0.001979572206082887,0.9980204277939176
2021-02-13,3,3,0,1.0,0.0,3,1.0,3.355165414934676e-05,0.9999664483458468
2021-02-14,4,4,0,1.0,0.0,4,1.0,0.00011370004497387854,0.9998862999550261
2021-02-15,7,7,0,1.0,0.0,7,1.0,0.001572124276095773,0.9984278757239032
2021-02-16,14,14,0,1.0,0.0,14,1.0,0.0003427725870753111,0.9996572274129265
2021-02-17,18,18,0,1.0,0.0,18,1.0,0.0046993041136640865,0.9953006958863375
2021-02-18,23,23,0,1.0,0.0,23,1.0,0.0007850502043422937,0.9992149497956578
2021-02-19,9,9,0,1.0,0.0,9,1.0,0.00010330446543001113,0.9998966955345675
2021-02-20,4,4,0,1.0,0.0,4,1.0,9.552796160256946e-05,0.9999044720384034
2021-02-21,4,4,0,1.0,0.0,4,1.0,4.895349156889862e-05,0.9999510465084361
2021-02-22,22,22,0,1.0,0.0,22,1.0,0.0013610160216187895,0.9986389839783819
2021-02-23,27,27,0,1.0,0.0,27,1.0,0.00025693402994766626,0.9997430659700517
2021-02-24,20,20,0,1.0,0.0,20,1.0,0.00032779085459709535,0.9996722091454023
2021-02-25,33,33,0,1.0,0.0,33,1.0,0.0012986143984411627,0.998701385601557
2021-02-26,20,20,0,1.0,0.0,20,1.0,0.002311054191721269,0.9976889458082796
2021-02-27,8,8,0,1.0,0.0,8,1.0,0.00011184285490452759,0.9998881571450942
2021-02-28,4,4,0,1.0,0.0,4,1.0,7.004200752852002e-05,0.9999299579924693
2021-03-01,22,22,0,1.0,0.0,22,1.0,0.000210332031571311,0.9997896679684299
2021-03-02,21,21,0,1.0,0.0,21,1.0,0.00021392301630635316,0.9997860769836916
2021-03-03,22,22,0,1.0,0.0,22,1.0,0.0012076736670946912,0.998792326332904
2021-03-04,23,23,0,1.0,0.0,23,1.0,0.0025476667005460423,0.9974523332994542
2021-03-05,16,16,0,1.0,0.0,16,1.0,8.642167577835262e-05,0.9999135783242227
2021-03-07,5,5,0,1.0,0.0,5,1.0,2.8109720982043495e-05,0.9999718902790157
2021-03-08,20,20,0,1.0,0.0,20,1.0,0.00015106654446635752,0.9998489334555328
2021-03-09,25,25,0,1.0,0.0,25,1.0,0.002011205862575602,0.9979887941374231
2021-03-10,19,19,0,1.0,0.0,19,1.0,0.0012065857333360046,0.9987934142666618
2021-03-11,18,18,0,1.0,0.0,18,1.0,0.00043299744332204456,0.9995670025566792
2021-03-12,29,29,0,1.0,0.0,29,1.0,0.0007076661633762447,0.9992923338366224
2021-03-13,4,4,0,1.0,0.0,4,1.0,6.671116783160092e-06,0.9999933288832195
2021-03-14,8,8,0,1.0,0.0,8,1.0,3.475121765691337e-05,0.9999652487823425
2021-03-15,17,17,0,1.0,0.0,17,1.0,0.0016059725809107518,0.9983940274190888
2021-03-16,21,21,0,1.0,0.0,21,1.0,0.0006254920027757262,0.9993745079972258
2021-03-17,17,17,0,1.0,0.0,17,1.0,0.00034826143980096175,0.9996517385601985
2021-03-18,22,22,0,1.0,0.0,22,1.0,0.0004343786736193547,0.999565621326382
2021-03-19,19,19,0,1.0,0.0,19,1.0,0.00027332854222371806,0.9997266714577779
2021-03-20,2,2,0,1.0,0.0,2,1.0,3.708563016654489e-05,0.9999629143698263
2021-03-21,6,6,0,1.0,0.0,6,1.0,1.8265685671882295e-05,0.9999817343143306
2021-03-22,16,16,0,1.0,0.0,16,1.0,0.00024993739086924354,0.9997500626091315
2021-03-23,13,13,0,1.0,0.0,13,1.0,0.0009698762549253802,0.9990301237450748
2021-03-24,17,17,0,1.0,0.0,17,1.0,0.00013906098505521444,0.9998609390149417
2021-03-25,23,23,0,1.0,0.0,23,1.0,0.00034398873366722006,0.9996560112663324
2021-03-26,16,16,0,1.0,0.0,16,1.0,0.00033443161538192277,0.9996655683846187
2021-03-27,6,6,0,1.0,0.0,6,1.0,1.9332649716586515e-05,0.9999806673502825
2021-03-28,5,5,0,1.0,0.0,5,1.0,3.202448421014157e-05,0.9999679755157935
2021-03-29,9,9,0,1.0,0.0,9,1.0,0.00023747105623945803,0.9997625289437556
2021-03-30,20,20,0,1.0,0.0,20,1.0,0.00020840702126969979,0.9997915929787308
2021-03-31,28,28,0,1.0,0.0,28,1.0,0.0006093043484197184,0.9993906956515802
2021-04-01,15,15,0,1.0,0.0,15,1.0,0.00027093554996402265,0.9997290644500354
2021-04-02,8,8,0,1.0,0.0,8,1.0,7.634705663959619e-05,0.9999236529433607
2021-04-04,3,3,0,1.0,0.0,3,1.0,0.011515709873259715,0.9884842901267369
2021-04-05,10,10,0,1.0,0.0,10,1.0,0.0010637139496803582,0.9989362860503196
2021-04-06,12,12,0,1.0,0.0,12,1.0,0.0001243891044323391,0.9998756108955705
2021-04-07,10,10,0,1.0,0.0,10,1.0,0.0002930613673640886,0.9997069386326357
2021-04-08,26,26,0,1.0,0.0,26,1.0,0.000472064150352601,0.9995279358496464
2021-04-09,16,16,0,1.0,0.0,16,1.0,0.000310082119630943,0.9996899178803695
2021-04-10,1,1,0,1.0,0.0,1,1.0,7.096166675485106e-06,0.9999929038333268
2021-04-11,2,2,0,1.0,0.0,2,1.0,3.506744364381297e-05,0.9999649325563458
2021-04-12,11,11,0,1.0,0.0,11,1.0,0.00010006756515118226,0.9998999324348458
2021-04-13,22,22,0,1.0,0.0,22,1.0,0.0006904745986876445,0.999309525401311
2021-04-14,23,23,0,1.0,0.0,23,1.0,0.000895515607339146,0.9991044843926616
2021-04-15,26,26,0,1.0,0.0,26,1.0,0.0003955901373965236,0.9996044098626032
2021-04-16,13,13,0,1.0,0.0,13,1.0,0.00011761091418362738,0.9998823890858181
2021-04-17,4,4,0,1.0,0.0,4,1.0,2.702049327692447e-05,0.999972979506725
2021-04-18,6,6,0,1.0,0.0,6,1.0,3.381531230098167e-05,0.9999661846876954
2021-04-19,13,13,0,1.0,0.0,13,1.0,0.0006680371933060109,0.9993319628066968
2021-04-20,22,22,0,1.0,0.0,22,1.0,0.0023322890452812527,0.997667710954718
2021-04-21,21,21,0,1.0,0.0,21,1.0,0.0031586148162032605,0.9968413851837985
2021-04-22,24,24,0,1.0,0.0,24,1.0,0.00028009192454408837,0.9997199080754561
2021-04-23,20,20,0,1.0,0.0,20,1.0,0.0006359453455981699,0.9993640546543991
2021-04-24,6,6,0,1.0,0.0,6,1.0,0.0003505497249045466,0.9996494502750949
2021-04-25,5,5,0,1.0,0.0,5,1.0,4.7423861557073524e-05,0.999952576138439
2021-04-26,26,26,0,1.0,0.0,26,1.0,0.0006249871792837155,0.9993750128207156
2021-04-27,24,24,0,1.0,0.0,24,1.0,0.0016379275692751912,0.9983620724307256
2021-04-28,40,40,0,1.0,0.0,40,1.0,0.0005391548061261372,0.9994608451938735
2021-04-29,34,34,0,1.0,0.0,34,1.0,0.0005968581211371332,0.9994031418788623
2021-04-30,44,44,0,1.0,0.0,44,1.0,0.0038394677659353517,0.9961605322340646
2021-05-01,4,4,0,1.0,0.0,4,1.0,1.7998063541566834e-05,0.9999820019364537
2021-05-02,4,4,0,1.0,0.0,4,1.0,0.03534341881339583,0.9646565811866046
2021-05-03,19,19,0,1.0,0.0,19,1.0,0.00011436003778837664,0.9998856399622109
2021-05-04,22,22,0,1.0,0.0,22,1.0,0.00017289414036104545,0.9998271058596387
2021-05-05,30,30,0,1.0,0.0,30,1.0,0.0015268544540819305,0.9984731455459168
2021-05-06,26,26,0,1.0,0.0,26,1.0,0.0004191686450336432,0.999580831354965
2021-05-07,29,29,0,1.0,0.0,29,1.0,0.001951459223875646,0.9980485407761237
2021-05-08,1,1,0,1.0,0.0,1,1.0,0.00017422117387961932,0.9998257788261343
2021-05-09,5,5,0,1.0,0.0,5,1.0,6.0992107734020565e-05,0.9999390078922671
2021-05-10,26,26,0,1.0,0.0,26,1.0,0.0005390783860418359,0.9994609216139602
2021-05-11,24,24,0,1.0,0.0,24,1.0,0.010815043264115138,0.9891849567358854
2021-05-12,20,20,0,1.0,0.0,20,1.0,0.0006961921292061179,0.9993038078707934
2021-05-13,12,12,0,1.0,0.0,12,1.0,0.00047761413841426807,0.9995223858615848
2021-05-14,17,17,0,1.0,0.0,17,1.0,0.0009575995683477239,0.9990424004316504
2021-05-15,3,3,0,1.0,0.0,3,1.0,1.7931060588919195e-05,0.9999820689394093
2021-05-16,2,2,0,1.0,0.0,2,1.0,8.017755503489902e-06,0.9999919822444919
2021-05-17,15,15,0,1.0,0.0,15,1.0,0.00039942489980229957,0.9996005751001964
2021-05-18,16,16,0,1.0,0.0,16,1.0,0.0002677047855781913,0.9997322952144222
2021-05-19,18,18,0,1.0,0.0,18,1.0,0.0005051917875513205,0.9994948082124471
2021-05-20,13,13,0,1.0,0.0,13,1.0,0.000586126577899335,0.9994138734221012
2021-05-21,11,11,0,1.0,0.0,11,1.0,0.0029764935535790183,0.9970235064464202
2021-05-22,7,7,0,1.0,0.0,7,1.0,6.848772577295246e-05,0.9999315122742249
2021-05-23,4,4,0,1.0,0.0,4,1.0,0.0006874709082642862,0.9993125290917405
2021-05-24,15,15,0,1.0,0.0,15,1.0,0.00031658818492104356,0.9996834118150786
2021-05-25,8,8,0,1.0,0.0,8,1.0,0.0003322231635399082,0.9996677768364597
2021-05-26,14,14,0,1.0,0.0,14,1.0,0.0007314025981529207,0.9992685974018448
2021-05-27,15,15,0,1.0,0.0,15,1.0,0.00039617549237776727,0.9996038245076199
2021-05-28,21,21,0,1.0,0.0,21,1.0,0.00017099042310270173,0.9998290095768978
2021-05-29,2,2,0,1.0,0.0,2,1.0,0.00010415576258453599,0.9998958442374153
2021-05-30,3,3,0,1.0,0.0,3,1.0,4.681957972718269e-05,0.9999531804202766
2021-05-31,4,4,0,1.0,0.0,4,1.0,5.204194730794801e-05,0.9999479580526944
2021-06-01,9,9,0,1.0,0.0,9,1.0,0.0009464386626810652,0.9990535613373177
2021-06-02,16,16,0,1.0,0.0,16,1.0,0.0014970475113340923,0.998502952488666
2021-06-03,14,14,0,1.0,0.0,14,1.0,0.0002163425821670652,0.9997836574178317
2021-06-04,8,8,0,1.0,0.0,8,1.0,0.00016860574968770666,0.9998313942503101
2021-06-05,5,5,0,1.0,0.0,5,1.0,0.0001370904630130767,0.9998629095369884
2021-06-06,5,5,0,1.0,0.0,5,1.0,0.0013628078539857113,0.9986371921460131
2021-06-07,19,19,0,1.0,0.0,19,1.0,0.0009304007479433086,0.9990695992520562
2021-06-08,19,19,0,1.0,0.0,19,1.0,0.00029075345690993614,0.9997092465430896
2021-06-09,9,9,0,1.0,0.0,9,1.0,0.0003009525196125837,0.9996990474803877
2021-06-10,17,17,0,1.0,0.0,17,1.0,0.002027329209672414,0.9979726707903268
2021-06-11,14,14,0,1.0,0.0,14,1.0,0.0004964312770199323,0.9995035687229793
2021-06-12,3,3,0,1.0,0.0,3,1.0,7.382239365520461e-05,0.9999261776063499
2021-06-13,3,3,0,1.0,0.0,3,1.0,7.322733682821271e-05,0.999926772663175
2021-06-14,14,14,0,1.0,0.0,14,1.0,0.0003370554084515058,0.9996629445915491
2021-06-15,11,11,0,1.0,0.0,11,1.0,0.0017975058233511464,0.9982024941766501
2021-06-16,12,12,0,1.0,0.0,12,1.0,0.0021892142351262723,0.997810785764873
2021-06-17,11,11,0,1.0,0.0,11,1.0,0.0002606422484421662,0.9997393577515555
2021-06-18,11,11,0,1.0,0.0,11,1.0,0.0016673871321378558,0.9983326128678645
2021-06-19,2,2,0,1.0,0.0,2,1.0,2.313870205517769e-05,0.9999768612979465
2021-06-20,6,6,0,1.0,0.0,6,1.0,8.975549025565923e-05,0.9999102445097403
2021-06-21,25,25,0,1.0,0.0,25,1.0,0.0004915489942447762,0.9995084510057546
2021-06-22,18,18,0,1.0,0.0,18,1.0,0.003488463060225647,0.9965115369397763
2021-06-23,12,12,0,1.0,0.0,12,1.0,0.0003903994425782063,0.9996096005574197
2021-06-24,14,14,0,1.0,0.0,14,1.0,0.00015245482406885707,0.9998475451759318
2021-06-25,9,9,0,1.0,0.0,9,1.0,0.0005553168882887573,0.999444683111713
2021-06-26,2,2,0,1.0,0.0,2,1.0,2.8520134014847117e-05,0.999971479865983
2021-06-27,4,4,0,1.0,0.0,4,1.0,7.348007334092189e-05,0.9999265199266658
2021-06-28,27,27,0,1.0,0.0,27,1.0,0.00033498521702166024,0.9996650147829784
2021-06-29,14,14,0,1.0,0.0,14,1.0,0.0001175349303121819,0.9998824650696887
2021-06-30,22,22,0,1.0,0.0,22,1.0,0.00013851072740635008,0.9998614892725933
2021-07-01,10,10,0,1.0,0.0,10,1.0,0.0009386548526088752,0.9990613451473929
2021-07-02,11,11,0,1.0,0.0,11,1.0,0.00010167821615590687,0.9998983217838476
2021-07-03,2,2,0,1.0,0.0,2,1.0,0.0003475126099271563,0.9996524873900676
2021-07-04,3,3,0,1.0,0.0,3,1.0,0.00983921858177919,0.9901607814182163
2021-07-05,3,3,0,1.0,0.0,3,1.0,0.0002615089054543998,0.9997384910945438
2021-07-06,14,14,0,1.0,0.0,14,1.0,0.000272371482221688,0.9997276285177764
2021-07-07,15,15,0,1.0,0.0,15,1.0,0.00024858538141911234,0.9997514146185819
2021-07-08,11,11,0,1.0,0.0,11,1.0,0.006686197157822923,0.993313802842176
2021-07-09,20,20,0,1.0,0.0,20,1.0,0.00036503290428028195,0.9996349670957183
2021-07-10,5,5,0,1.0,0.0,5,1.0,0.00014883266430029885,0.9998511673357019
2021-07-11,4,4,0,1.0,0.0,4,1.0,1.657400689403081e-05,0.9999834259931142
2021-07-12,14,14,0,1.0,0.0,14,1.0,0.000457003197876345,0.9995429968021246
2021-07-13,21,21,0,1.0,0.0,21,1.0,0.0013041844033672802,0.9986958155966332
2021-07-14,25,25,0,1.0,0.0,25,1.0,0.0016623601905056745,0.9983376398094944
2021-07-15,26,26,0,1.0,0.0,26,1.0,0.000932067196711223,0.999067932803289
2021-07-16,17,17,0,1.0,0.0,17,1.0,0.00016319775957201576,0.9998368022404274
2021-07-17,1,1,0,1.0,0.0,1,1.0,9.755429374279122e-06,0.999990244570632
2021-07-18,5,5,0,1.0,0.0,5,1.0,0.0002599078351549939,0.9997400921648486
2021-07-19,12,12,0,1.0,0.0,12,1.0,0.0008026516414444317,0.999197348358558
2021-07-20,19,19,0,1.0,0.0,19,1.0,0.0018116748559302385,0.9981883251440723
2021-07-21,20,20,0,1.0,0.0,20,1.0,0.0002836262888759953,0.9997163737111231
2021-07-22,24,24,0,1.0,0.0,24,1.0,0.0010548849172423464,0.9989451150827575
2021-07-23,22,22,0,1.0,0.0,22,1.0,0.00014527587534405472,0.9998547241246561
2021-07-24,4,4,0,1.0,0.0,4,1.0,0.0005667085837439351,0.9994332914162529
2021-07-25,7,7,0,1.0,0.0,7,1.0,2.762257899736325e-05,0.9999723774210075
2021-07-26,26,26,0,1.0,0.0,26,1.0,0.00013327216595495885,0.9998667278340456
2021-07-27,28,28,0,1.0,0.0,28,1.0,0.000390081846964063,0.9996099181530342
2021-07-28,34,34,0,1.0,0.0,34,1.0,0.0032288263404704302,0.9967711736595288
2021-07-29,20,20,0,1.0,0.0,20,1.0,0.0002967664867491609,0.9997032335132531
2021-07-30,22,22,0,1.0,0.0,22,1.0,0.0008563105545434327,0.9991436894454551
2021-07-31,5,5,0,1.0,0.0,5,1.0,5.3891099096184556e-05,0.9999461089009051
2021-08-01,8,8,0,1.0,0.0,8,1.0,0.003764969819086133,0.9962350301809155
2021-08-02,15,15,0,1.0,0.0,15,1.0,0.000825489827281643,0.9991745101727201
2021-08-03,23,23,0,1.0,0.0,23,1.0,0.0009223446322612354,0.99907765536774
2021-08-04,20,20,0,1.0,0.0,20,1.0,0.0003098285465731545,0.9996901714534276
2021-08-05,14,14,0,1.0,0.0,14,1.0,0.0004766575024470134,0.9995233424975544
2021-08-06,16,16,0,1.0,0.0,16,1.0,0.00021470770645717148,0.9997852922935401
2021-08-07,7,7,0,1.0,0.0,7,1.0,5.673183675113977e-05,0.9999432681632519
2021-08-08,4,4,0,1.0,0.0,4,1.0,1.4368801777223995e-05,0.9999856311982229
2021-08-09,8,8,0,1.0,0.0,8,1.0,0.0003284044194451436,0.9996715955805561
2021-08-10,16,16,0,1.0,0.0,16,1.0,0.00036266567382161236,0.9996373343261784
2021-08-11,12,12,0,1.0,0.0,12,1.0,0.003379874455002802,0.9966201255449977
2021-08-12,18,18,0,1.0,0.0,18,1.0,0.00013154834430097762,0.9998684516556993
2021-08-13,9,9,0,1.0,0.0,9,1.0,0.00010803698675175593,0.9998919630132428
2021-08-14,4,4,0,1.0,0.0,4,1.0,0.0004935228478855538,0.9995064771521164
2021-08-15,8,8,0,1.0,0.0,8,1.0,0.0013337614199722245,0.9986662385800267
2021-08-16,20,20,0,1.0,0.0,20,1.0,0.00022379999174979557,0.9997762000082495
2021-08-17,15,15,0,1.0,0.0,15,1.0,0.0007062658671405792,0.9992937341328612
2021-08-18,15,15,0,1.0,0.0,15,1.0,0.000318253109826493,0.9996817468901718
2021-08-19,14,14,0,1.0,0.0,14,1.0,0.004116406293135442,0.9958835937068615
2021-08-20,14,14,0,1.0,0.0,14,1.0,0.00020917541122261347,0.9997908245887804
2021-08-21,4,4,0,1.0,0.0,4,1.0,2.9057102440231844e-06,0.9999970942897551
2021-08-22,6,6,0,1.0,0.0,6,1.0,8.570245109362047e-05,0.999914297548908
2021-08-23,16,16,0,1.0,0.0,16,1.0,0.0009279838903278808,0.9990720161096763
2021-08-24,19,19,0,1.0,0.0,19,1.0,0.0038037524730534593,0.9961962475269489
2021-08-25,9,9,0,1.0,0.0,9,1.0,0.0037313400526313356,0.9962686599473682
2021-08-26,9,9,0,1.0,0.0,9,1.0,0.0008056191809252276,0.9991943808190711
2021-08-27,21,21,0,1.0,0.0,21,1.0,0.0010570943530319595,0.9989429056469674
2021-08-28,3,3,0,1.0,0.0,3,1.0,3.2310445489161444e-05,0.9999676895545079
2021-08-29,3,3,0,1.0,0.0,3,1.0,1.6613371026578305e-05,0.9999833866289758
2021-08-30,23,23,0,1.0,0.0,23,1.0,0.001053720241138791,0.9989462797588622
2021-08-31,19,19,0,1.0,0.0,19,1.0,0.0015750125638817744,0.998424987436119
2021-09-01,19,19,0,1.0,0.0,19,1.0,0.000136198936482971,0.9998638010635164
2021-09-02,21,21,0,1.0,0.0,21,1.0,0.005771865436281257,0.9942281345637201
2021-09-03,14,14,0,1.0,0.0,14,1.0,0.0007551848858606251,0.9992448151141398
2021-09-04,3,3,0,1.0,0.0,3,1.0,3.304459392679122e-05,0.9999669554060712
2021-09-05,4,4,0,1.0,0.0,4,1.0,1.5435279761206775e-05,0.9999845647202397
2021-09-06,1,1,0,1.0,0.0,1,1.0,0.0012646518092131994,0.9987353481907825
2021-09-07,17,17,0,1.0,0.0,17,1.0,0.0019341567439711712,0.9980658432560313
2021-09-08,18,18,0,1.0,0.0,18,1.0,0.0016752146556808908,0.9983247853443176
2021-09-09,17,17,0,1.0,0.0,17,1.0,0.0005111609845444488,0.9994888390154576
2021-09-10,20,20,0,1.0,0.0,20,1.0,0.0027294955635046156,0.9972705044364947
2021-09-11,6,6,0,1.0,0.0,6,1.0,0.0001533480456270694,0.9998466519543733
2021-09-12,3,3,0,1.0,0.0,3,1.0,5.484301479781366e-06,0.9999945156985203
2021-09-13,18,18,0,1.0,0.0,18,1.0,0.0003478634465156886,0.9996521365534835
2021-09-14,25,25,0,1.0,0.0,25,1.0,0.0018530450010495745,0.9981469549989508
2021-09-15,17,17,0,1.0,0.0,17,1.0,0.00045712201246607837,0.9995428779875342
2021-09-16,16,16,0,1.0,0.0,16,1.0,0.0013064464656094871,0.9986935535343896
2021-09-17,8,8,0,1.0,0.0,8,1.0,0.001203855204204602,0.9987961447957965
2021-09-18,3,3,0,1.0,0.0,3,1.0,5.054046252227329e-05,0.9999494595374859
2021-09-19,9,9,0,1.0,0.0,9,1.0,0.008254871037805393,0.9917451289621972
2021-09-20,25,25,0,1.0,0.0,25,1.0,0.0012925667895827542,0.9987074332104179
2021-09-21,18,18,0,1.0,0.0,18,1.0,0.000185209273393942,0.9998147907266051
2021-09-22,4,4,0,1.0,0.0,4,1.0,0.0001575245466257623,0.9998424754533726
2021-09-23,15,15,0,1.0,0.0,15,1.0,0.0005401718077105923,0.9994598281922912
2021-09-24,17,17,0,1.0,0.0,17,1.0,0.0005146672870731473,0.9994853327129258
2021-09-25,3,3,0,1.0,0.0,3,1.0,4.3622591943152715e-05,0.9999563774080574
2021-09-26,5,5,0,1.0,0.0,5,1.0,1.2244881133938808e-05,0.9999877551188646
2021-09-27,15,15,0,1.0,0.0,15,1.0,0.00043026870833228685,0.9995697312916678
2021-09-28,12,12,0,1.0,0.0,12,1.0,0.0012392397613562596,0.998760760238644
2021-09-29,14,14,0,1.0,0.0,14,1.0,0.0011634996510475229,0.9988365003489516
2021-09-30,6,6,0,1.0,0.0,6,1.0,0.0001979120831925004,0.9998020879168087
2021-10-01,11,11,0,1.0,0.0,11,1.0,0.0001988729595668165,0.9998011270404329
2021-10-02,6,6,0,1.0,0.0,6,1.0,0.000223707965775611,0.99977629203422
2021-10-03,6,6,0,1.0,0.0,6,1.0,0.005007167568471058,0.9949928324315273
2021-10-04,21,21,0,1.0,0.0,21,1.0,0.0018030455634826259,0.9981969544365179
2021-10-05,17,17,0,1.0,0.0,17,1.0,0.0009545579879058901,0.9990454420120921
2021-10-06,17,17,0,1.0,0.0,17,1.0,0.0019643300476475637,0.9980356699523522
2021-10-07,18,18,0,1.0,0.0,18,1.0,0.003851829758325268,0.9961481702416735
2021-10-08,8,8,0,1.0,0.0,8,1.0,0.002796066214762864,0.9972039337852352
2021-10-09,2,2,0,1.0,0.0,2,1.0,2.3252983978138814e-05,0.9999767470160301
2021-10-10,2,2,0,1.0,0.0,2,1.0,2.2365639797890015e-05,0.9999776343601952
2021-10-11,18,18,0,1.0,0.0,18,1.0,0.0020491198022185497,0.9979508801977828
2021-10-12,18,18,0,1.0,0.0,18,1.0,0.0009066622324039807,0.999093337767598
2021-10-13,26,26,0,1.0,0.0,26,1.0,0.0007366811114793493,0.9992633188885228
2021-10-14,23,23,0,1.0,0.0,23,1.0,0.0008696983959279337,0.9991303016040693
2021-10-15,15,15,0,1.0,0.0,15,1.0,0.0001453583935426346,0.9998546416064561
2021-10-16,3,3,0,1.0,0.0,3,1.0,2.4475499114150294e-05,0.9999755245008827
2021-10-17,7,7,0,1.0,0.0,7,1.0,0.00010874442450549148,0.9998912555754931
2021-10-18,17,17,0,1.0,0.0,17,1.0,0.009948334392753957,0.9900516656072459
2021-10-19,24,24,0,1.0,0.0,24,1.0,0.0013076146118001977,0.9986923853882006
2021-10-20,10,10,0,1.0,0.0,10,1.0,0.0011158302417143859,0.9988841697582845
2021-10-21,21,21,0,1.0,0.0,21,1.0,0.000648088901073939,0.9993519110989253
2021-10-22,29,29,0,1.0,0.0,29,1.0,0.00048146640269153984,0.9995185335973079
2021-10-23,7,7,0,1.0,0.0,7,1.0,0.00019584988783897706,0.9998041501121653
2021-10-24,7,7,0,1.0,0.0,7,1.0,0.000149689280792076,0.9998503107192134
2021-10-25,27,27,0,1.0,0.0,27,1.0,0.0003378755452268012,0.9996621244547725
2021-10-26,32,32,0,1.0,0.0,32,1.0,0.0005072334080221015,0.999492766591978
2021-10-27,21,21,0,1.0,0.0,21,1.0,0.0009279174680073643,0.9990720825319921
2021-10-28,29,29,0,1.0,0.0,29,1.0,0.00021484014993405502,0.9997851598500653
2021-10-29,50,50,0,1.0,0.0,50,1.0,0.001616627309557753,0.9983833726904439
2021-10-30,4,4,0,1.0,0.0,4,1.0,1.8615008883266004e-05,0.9999813849911142
2021-10-31,7,7,0,1.0,0.0,7,1.0,0.00022709494832855794,0.9997729050516703
2021-11-01,18,18,0,1.0,0.0,18,1.0,0.00031714100158596655,0.999682858998415
2021-11-02,13,13,0,1.0,0.0,13,1.0,0.0003344989600098144,0.9996655010399912
2021-11-03,18,18,0,1.0,0.0,18,1.0,0.0010961672321051592,0.9989038327678921
2021-11-04,27,27,0,1.0,0.0,27,1.0,0.00026710267151528627,0.9997328973284859
2021-11-05,16,16,0,1.0,0.0,16,1.0,0.00013750010071065196,0.9998624998992867
2021-11-06,8,8,0,1.0,0.0,8,1.0,0.00013803724192554338,0.9998619627580737
2021-11-07,11,11,0,1.0,0.0,11,1.0,0.0005019437282568993,0.9994980562717474
2021-11-08,13,13,0,1.0,0.0,13,1.0,0.0003503394401072263,0.9996496605598929
2021-11-09,10,10,0,1.0,0.0,10,1.0,0.0005167862819182285,0.9994832137180805
2021-11-10,20,20,0,1.0,0.0,20,1.0,0.0013273928475032966,0.9986726071524965
2021-11-11,20,20,0,1.0,0.0,20,1.0,0.00023328313935645203,0.9997667168606401
2021-11-12,19,19,0,1.0,0.0,19,1.0,0.00040090770475316787,0.9995990922952487
2021-11-13,6,6,0,1.0,0.0,6,1.0,2.162955653030873e-05,0.9999783704434693
2021-11-14,6,6,0,1.0,0.0,6,1.0,0.00022048145898897228,0.9997795185410098
2021-11-15,17,17,0,1.0,0.0,17,1.0,0.0011423526455819279,0.9988576473544193
2021-11-16,15,15,0,1.0,0.0,15,1.0,0.00029286971576060835,0.9997071302842397
2021-11-17,21,21,0,1.0,0.0,21,1.0,0.001574006398133759,0.9984259936018672
2021-11-18,13,13,0,1.0,0.0,13,1.0,0.000321223404336469,0.9996787765956607
2021-11-19,27,27,0,1.0,0.0,27,1.0,0.0001908576827304957,0.9998091423172681
2021-11-20,3,3,0,1.0,0.0,3,1.0,9.184163034184462e-06,0.9999908158369711
2021-11-21,6,6,0,1.0,0.0,6,1.0,0.00010647087387202422,0.9998935291261298
2021-11-22,13,13,0,1.0,0.0,13,1.0,0.0005963477937753458,0.9994036522062234
2021-11-23,14,14,0,1.0,0.0,14,1.0,0.0005821278458705785,0.9994178721541297
2021-11-24,13,13,0,1.0,0.0,13,1.0,0.00027313753955784785,0.9997268624604436
2021-11-25,5,5,0,1.0,0.0,5,1.0,0.000538653164237393,0.9994613468357632
2021-11-26,14,14,0,1.0,0.0,14,1.0,0.0027580704310564276,0.9972419295689443
2021-11-27,1,1,0,1.0,0.0,1,1.0,0.0010437060653995254,0.9989562939345971
2021-11-28,5,5,0,1.0,0.0,5,1.0,0.0012002194570279858,0.9987997805429674
2021-11-29,19,19,0,1.0,0.0,19,1.0,0.0006573066359707072,0.9993426933640318
2021-11-30,13,13,0,1.0,0.0,13,1.0,0.0004932484610912455,0.9995067515389106
2021-12-01,19,19,0,1.0,0.0,19,1.0,0.0004796427785225378,0.9995203572214745
2021-12-02,25,25,0,1.0,0.0,25,1.0,0.001333649618242225,0.9986663503817585
2021-12-03,16,16,0,1.0,0.0,16,1.0,0.0002765474220897856,0.9997234525779098
2021-12-04,2,2,0,1.0,0.0,2,1.0,1.6642247416001194e-05,0.9999833577525875
2021-12-05,5,5,0,1.0,0.0,5,1.0,0.00019795865088168118,0.9998020413491229
2021-12-06,14,14,0,1.0,0.0,14,1.0,0.00027094057149881074,0.9997290594285007
2021-12-07,20,20,0,1.0,0.0,20,1.0,0.0010163502680856668,0.9989836497319159
2021-12-08,23,23,0,1.0,0.0,23,1.0,0.002792965747802103,0.9972070342521987
2021-12-09,15,15,0,1.0,0.0,15,1.0,0.00028347678432518705,0.9997165232156734
2021-12-10,12,12,0,1.0,0.0,12,1.0,0.00035677207353837585,0.9996432279264601
2021-12-11,7,7,0,1.0,0.0,7,1.0,7.604893257691095e-05,0.9999239510674246
2021-12-12,3,3,0,1.0,0.0,3,1.0,2.4285417094593336e-05,0.9999757145829046
2021-12-13,25,25,0,1.0,0.0,25,1.0,0.00037193742581283814,0.999628062574187
2021-12-14,20,20,0,1.0,0.0,20,1.0,0.00036186249685363946,0.9996381375031487
2021-12-15,23,23,0,1.0,0.0,23,1.0,0.0016922858335606467,0.9983077141664399
2021-12-16,24,24,0,1.0,0.0,24,1.0,0.0013991824086608212,0.9986008175913392
2021-12-17,22,22,0,1.0,0.0,22,1.0,0.0003135584164354994,0.999686441583566
2021-12-18,3,3,0,1.0,0.0,3,1.0,6.716440671068315e-05,0.9999328355932852
2021-12-19,3,3,0,1.0,0.0,3,1.0,7.373407409206916e-05,0.9999262659259026
2021-12-20,17,17,0,1.0,0.0,17,1.0,0.0010240370267679561,0.9989759629732307
2021-12-21,17,17,0,1.0,0.0,17,1.0,0.0002995515548055451,0.9997004484451935
2021-12-22,15,15,0,1.0,0.0,15,1.0,0.00020491725542634245,0.9997950827445743
2021-12-23,25,25,0,1.0,0.0,25,1.0,0.0005826905506318181,0.9994173094493655
2021-12-24,5,5,0,1.0,0.0,5,1.0,0.021852522182914422,0.978147477817088
2021-12-26,5,5,0,1.0,0.0,5,1.0,3.404265453669629e-05,0.9999659573454599
2021-12-27,18,18,0,1.0,0.0,18,1.0,0.0005816547609274248,0.9994183452390748
2021-12-28,23,23,0,1.0,0.0,23,1.0,0.00029326658801462314,0.9997067334119861
2021-12-29,13,13,0,1.0,0.0,13,1.0,0.00019215522320711347,0.9998078447767925
2021-12-30,16,16,0,1.0,0.0,16,1.0,0.0005588116331255817,0.9994411883668739
2021-12-31,14,14,0,1.0,0.0,14,1.0,0.00010976944840623659,0.9998902305515942
2022-01-01,4,4,0,1.0,0.0,4,1.0,3.4097006053045957e-06,0.9999965902993917
2022-01-02,3,3,0,1.0,0.0,3,1.0,1.3457217153447193e-05,0.9999865427828435
2022-01-03,23,23,0,1.0,0.0,23,1.0,0.002578475935082203,0.9974215240649171
2022-01-04,19,19,0,1.0,0.0,19,1.0,0.0011573422759522589,0.9988426577240472
2022-01-05,18,18,0,1.0,0.0,18,1.0,0.0002295974862721936,0.9997704025137276
2022-01-06,15,15,0,1.0,0.0,15,1.0,7.333576428183891e-05,0.9999266642357203
2022-01-07,25,25,0,1.0,0.0,25,1.0,0.00033397129345710927,0.9996660287065428
2022-01-08,6,6,0,1.0,0.0,6,1.0,1.04134988826897e-05,0.9999895865011198
2022-01-09,6,6,0,1.0,0.0,6,1.0,5.542052848673447e-05,0.9999445794715212
2022-01-10,16,16,0,1.0,0.0,16,1.0,0.00022949810074503877,0.9997705018992566
2022-01-11,19,19,0,1.0,0.0,19,1.0,0.0012222501935281998,0.9987777498064707
2022-01-12,24,24,0,1.0,0.0,24,1.0,0.0003185491368818333,0.9996814508631182
2022-01-13,26,26,0,1.0,0.0,26,1.0,0.00026553021308955873,0.999734469786911
2022-01-14,22,22,0,1.0,0.0,22,1.0,0.0003248108839620398,0.9996751891160379
2022-01-15,5,5,0,1.0,0.0,5,1.0,0.008914413712539144,0.9910855862874591
2022-01-16,3,3,0,1.0,0.0,3,1.0,4.065123574815841e-05,0.9999593487642459
2022-01-17,12,12,0,1.0,0.0,12,1.0,0.005297239897222615,0.9947027601027805
2022-01-18,29,29,0,1.0,0.0,29,1.0,0.00019478093768354184,0.999805219062315
2022-01-19,28,28,0,1.0,0.0,28,1.0,0.0002414922442852391,0.999758507755716
2022-01-20,24,24,0,1.0,0.0,24,1.0,0.00013459616069513676,0.9998654038393049
2022-01-21,34,34,0,1.0,0.0,34,1.0,0.0008231715509236055,0.999176828449078
2022-01-22,3,3,0,1.0,0.0,3,1.0,3.378304416641325e-06,0.9999966216955887
2022-01-23,6,6,0,1.0,0.0,6,1.0,9.585640848095132e-05,0.9999041435915209
2022-01-24,37,37,0,1.0,0.0,37,1.0,0.00102563057650507,0.9989743694234956
2022-01-25,27,27,0,1.0,0.0,27,1.0,0.00026963371528662867,0.9997303662847119
2022-01-26,33,33,0,1.0,0.0,33,1.0,0.00046191671409612,0.9995380832859053
2022-01-27,27,27,0,1.0,0.0,27,1.0,0.0006410603140871647,0.9993589396859142
2022-01-28,37,37,0,1.0,0.0,37,1.0,0.00011852141799728496,0.9998814785820016
2022-01-29,5,5,0,1.0,0.0,5,1.0,6.321304106904457e-05,0.9999367869589333
2022-01-30,4,4,0,1.0,0.0,4,1.0,5.763566536130407e-06,0.9999942364334582
2022-01-31,32,32,0,1.0,0.0,32,1.0,0.0006549792931351239,0.9993450207068661
2022-02-01,22,22,0,1.0,0.0,22,1.0,0.0003125031118072597,0.9996874968881947
2022-02-02,31,31,0,1.0,0.0,31,1.0,0.00017715619073047212,0.9998228438092698
2022-02-03,29,29,0,1.0,0.0,29,1.0,0.00011399449109055656,0.9998860055089085
2022-02-04,20,20,0,1.0,0.0,20,1.0,0.0012087439839136328,0.9987912560160878
2022-02-05,5,5,0,1.0,0.0,5,1.0,6.596618141961987e-06,0.9999934033818574
2022-02-06,6,6,0,1.0,0.0,6,1.0,3.123793666877828e-05,0.9999687620633323
2022-02-07,29,29,0,1.0,0.0,29,1.0,0.0019282112727632926,0.9980717887272365
2022-02-08,34,34,0,1.0,0.0,34,1.0,0.000602685874572198,0.9993973141254299
2022-02-09,28,28,0,1.0,0.0,28,1.0,0.00022815504338660934,0.9997718449566149
2022-02-10,28,28,0,1.0,0.0,28,1.0,5.4592941199177916e-05,0.9999454070587989
2022-02-11,26,26,0,1.0,0.0,26,1.0,0.0003164833162067378,0.9996835166837943
2022-02-12,6,6,0,1.0,0.0,6,1.0,0.0003370632580087158,0.9996629367419946
2022-02-13,3,3,0,1.0,0.0,3,1.0,0.000295857314786314,0.9997041426852175
2022-02-14,29,29,0,1.0,0.0,29,1.0,0.0018861975915397886,0.9981138024084617
2022-02-15,24,24,0,1.0,0.0,24,1.0,0.00033340943145030805,0.9996665905685503
2022-02-16,29,29,0,1.0,0.0,29,1.0,0.0006747047598128187,0.999325295240186
2022-02-17,24,24,0,1.0,0.0,24,1.0,0.00048786017136646497,0.9995121398286336
2022-02-18,18,18,0,1.0,0.0,18,1.0,5.864382157751388e-05,0.9999413561784236
2022-02-19,4,4,0,1.0,0.0,4,1.0,2.0332757509868378e-05,0.9999796672424883
2022-02-20,5,5,0,1.0,0.0,5,1.0,1.7082740510120972e-05,0.9999829172594893
2022-02-21,5,5,0,1.0,0.0,5,1.0,0.01665773503639858,0.9833422649635996
2022-02-22,26,26,0,1.0,0.0,26,1.0,0.0007960772222962239,0.9992039227777034
2022-02-23,23,23,0,1.0,0.0,23,1.0,0.0001994489821067245,0.9998005510178944
2022-02-24,20,20,0,1.0,0.0,20,1.0,0.00053460512691449,0.9994653948730816
2022-02-25,26,26,0,1.0,0.0,26,1.0,0.00023708987601290773,0.9997629101239867
2022-02-26,2,2,0,1.0,0.0,2,1.0,9.157580054556175e-06,0.9999908424199475
2022-02-27,6,6,0,1.0,0.0,6,1.0,0.0017301755086884384,0.9982698244913101
2022-02-28,17,17,0,1.0,0.0,17,1.0,0.004254848189299038,0.9957451518107028
2022-03-01,25,25,0,1.0,0.0,25,1.0,0.002115480660144496,0.9978845193398536
2022-03-02,37,37,0,1.0,0.0,37,1.0,0.0028449279161136673,0.997155072083886
2022-03-03,25,25,0,1.0,0.0,25,1.0,0.0008036449286363673,0.9991963550713624
2022-03-04,13,13,0,1.0,0.0,13,1.0,0.0006113458355337568,0.9993886541644682
2022-03-05,1,1,0,1.0,0.0,1,1.0,4.639225267130793e-06,0.9999953607747224
2022-03-06,4,4,0,1.0,0.0,4,1.0,6.197249717586327e-05,0.9999380275028293
2022-03-07,20,20,0,1.0,0.0,20,1.0,0.0005593807471365282,0.9994406192528643
2022-03-08,28,28,0,1.0,0.0,28,1.0,0.0006605739677895847,0.9993394260322103
2022-03-09,31,31,0,1.0,0.0,31,1.0,5.98553228588265e-05,0.9999401446771397
2022-03-10,28,28,0,1.0,0.0,28,1.0,0.0017938654880543731,0.9982061345119461
2022-03-11,31,31,0,1.0,0.0,31,1.0,9.429562242048645e-05,0.9999057043775794
2022-03-12,6,6,0,1.0,0.0,6,1.0,2.1023307609658044e-05,0.999978976692387
2022-03-13,4,4,0,1.0,0.0,4,1.0,2.6757065977487032e-05,0.9999732429340239
2022-03-14,24,24,0,1.0,0.0,24,1.0,0.00026586602024945095,0.999734133979751
2022-03-15,29,29,0,1.0,0.0,29,1.0,0.0003527397360575291,0.999647260263943
2022-03-16,17,17,0,1.0,0.0,17,1.0,4.935449810045239e-05,0.9999506455019007
2022-03-17,30,30,0,1.0,0.0,30,1.0,0.0004415095493171387,0.9995584904506826
2022-03-18,29,29,0,1.0,0.0,29,1.0,0.00014322116978518945,0.9998567788302144
2022-03-19,5,5,0,1.0,0.0,5,1.0,5.8309886881276535e-05,0.9999416901131155
2022-03-20,6,6,0,1.0,0.0,6,1.0,8.091132097720921e-06,0.9999919088679062
2022-03-21,24,24,0,1.0,0.0,24,1.0,0.00018145066516007477,0.9998185493348389
2022-03-22,248,248,0,1.0,0.0,248,1.0,4.7511940579360694e-05,0.9999524880594208
2022-03-23,16,16,0,1.0,0.0,16,1.0,0.0007344377468385245,0.9992655622531619
2022-03-24,33,33,0,1.0,0.0,33,1.0,0.0006425548397379187,0.9993574451602615
2022-03-25,23,23,0,1.0,0.0,23,1.0,0.0023337103996698776,0.997666289600331
2022-03-26,3,3,0,1.0,0.0,3,1.0,2.534000613262855e-06,0.9999974659993892
2022-03-27,4,4,0,1.0,0.0,4,1.0,0.006351397970861237,0.9936486020291426
2022-03-28,33,33,0,1.0,0.0,33,1.0,0.0019065743553455684,0.9980934256446532
2022-03-29,26,26,0,1.0,0.0,26,1.0,0.0012311673411957629,0.9987688326588035
2022-03-30,34,34,0,1.0,0.0,34,1.0,0.00017876567250745337,0.9998212343274898
2022-03-31,24,24,0,1.0,0.0,24,1.0,0.0010639002485962597,0.9989360997514046
2022-04-01,41,41,0,1.0,0.0,41,1.0,0.00046303061205314196,0.9995369693879465
2022-04-02,8,8,0,1.0,0.0,8,1.0,0.00022439022613864615,0.999775609773863
2022-04-03,6,6,0,1.0,0.0,6,1.0,0.005616215861484229,0.994383784138518
2022-04-04,21,21,0,1.0,0.0,21,1.0,0.0001531850637424054,0.9998468149362562
2022-04-05,16,16,0,1.0,0.0,16,1.0,0.0002690010028695246,0.9997309989971288
2022-04-06,18,18,0,1.0,0.0,18,1.0,0.0013286282342140053,0.9986713717657848
2022-04-07,29,29,0,1.0,0.0,29,1.0,0.0006372443899834771,0.999362755610016
2022-04-08,25,25,0,1.0,0.0,25,1.0,0.00010824697229741876,0.9998917530277042
2022-04-09,2,2,0,1.0,0.0,2,1.0,2.8697779955324647e-05,0.9999713022200428
2022-04-10,3,3,0,1.0,0.0,3,1.0,1.8310165845694473e-05,0.9999816898341582
2022-04-11,22,22,0,1.0,0.0,22,1.0,0.002065721708308841,0.997934278291692
2022-04-12,25,25,0,1.0,0.0,25,1.0,0.00018159046969540478,0.9998184095303053
2022-04-13,26,26,0,1.0,0.0,26,1.0,0.0004592455382918159,0.9995407544617074
2022-04-14,24,24,0,1.0,0.0,24,1.0,0.0006580697490557097,0.9993419302509432
2022-04-15,6,6,0,1.0,0.0,6,1.0,0.004860302937055759,0.9951396970629419
2022-04-17,5,5,0,1.0,0.0,5,1.0,0.0002552634974420637,0.9997447365025582
2022-04-18,25,25,0,1.0,0.0,25,1.0,0.00022374491483468457,0.9997762550851651
2022-04-19,26,26,0,1.0,0.0,26,1.0,0.0005524678232245496,0.9994475321767755
2022-04-20,21,21,0,1.0,0.0,21,1.0,0.0020479762292379554,0.9979520237707644
2022-04-21,34,34,0,1.0,0.0,34,1.0,0.0005991061532371776,0.999400893846763
2022-04-22,29,29,0,1.0,0.0,29,1.0,7.262443057362008e-05,0.9999273755694247
2022-04-23,5,5,0,1.0,0.0,5,1.0,3.27951282213746e-05,0.9999672048717778
2022-04-24,7,7,0,1.0,0.0,7,1.0,2.0252351731800507e-05,0.9999797476482654
2022-04-25,39,39,0,1.0,0.0,39,1.0,0.00011367934598765436,0.9998863206540125
2022-04-26,28,28,0,1.0,0.0,28,1.0,0.00030719231167229,0.9996928076883271
2022-04-27,35,35,0,1.0,0.0,35,1.0,0.00015731161878504394,0.9998426883812142
2022-04-28,39,39,0,1.0,0.0,39,1.0,0.00014683350469298987,0.9998531664953061
2022-04-29,39,39,0,1.0,0.0,39,1.0,0.0001407999655571142,0.9998592000344425
2022-04-30,6,6,0,1.0,0.0,6,1.0,4.271035522329237e-05,0.9999572896447751
2022-05-01,3,3,0,1.0,0.0,3,1.0,1.2911501032292524e-05,0.9999870884989658
2022-05-02,33,33,0,1.0,0.0,33,1.0,0.0005380229410918618,0.9994619770589068
2022-05-03,26,26,0,1.0,0.0,26,1.0,0.0007504953844162112,0.9992495046155832
2022-05-04,20,20,0,1.0,0.0,20,1.0,0.0014741478785796698,0.9985258521214184
2022-05-05,30,30,0,1.0,0.0,30,1.0,0.0009089988203618233,0.9990910011796372
2022-05-06,22,22,0,1.0,0.0,22,1.0,0.0005778159075976269,0.9994221840924022
2022-05-07,8,8,0,1.0,0.0,8,1.0,0.00806254231944027,0.9919374576805625
2022-05-08,5,5,0,1.0,0.0,5,1.0,0.001185151576905482,0.998814848423093
2022-05-09,26,26,0,1.0,0.0,26,1.0,7.979026797236944e-05,0.999920209732029
2022-05-10,24,24,0,1.0,0.0,24,1.0,0.0058031085896577675,0.9941968914103425
2022-05-11,30,30,0,1.0,0.0,30,1.0,0.00013752854276500456,0.9998624714572345
2022-05-12,34,34,0,1.0,0.0,34,1.0,0.0016510068411630487,0.9983489931588369
2022-05-13,27,27,0,1.0,0.0,27,1.0,0.0001171894388045916,0.9998828105611959
2022-05-14,3,3,0,1.0,0.0,3,1.0,4.2614216674113085e-06,0.9999957385783325
2022-05-15,3,3,0,1.0,0.0,3,1.0,2.0714693791607534e-05,0.9999792853062116
2022-05-16,25,25,0,1.0,0.0,25,1.0,0.00029702809896843644,0.9997029719010305
2022-05-17,24,24,0,1.0,0.0,24,1.0,0.00010200357040137356,0.9998979964295994
2022-05-18,30,30,0,1.0,0.0,30,1.0,0.0001831581045835566,0.999816841895416
2022-05-19,31,31,0,1.0,0.0,31,1.0,0.00028749541462431163,0.9997125045853755
2022-05-20,26,26,0,1.0,0.0,26,1.0,0.0006895058031212855,0.9993104941968771
2022-05-21,6,6,0,1.0,0.0,6,1.0,1.2077674044882375e-05,0.9999879223259538
2022-05-22,4,4,0,1.0,0.0,4,1.0,4.7054548474598394e-05,0.999952945451527
2022-05-23,24,24,0,1.0,0.0,24,1.0,0.0005117708847891818,0.9994882291152107
2022-05-24,30,30,0,1.0,0.0,30,1.0,0.0003468968689638924,0.9996531031310336
2022-05-25,23,23,0,1.0,0.0,23,1.0,0.000380864468626659,0.9996191355313705
2022-05-26,26,26,0,1.0,0.0,26,1.0,0.0003731268694825631,0.9996268731305177
2022-05-27,16,16,0,1.0,0.0,16,1.0,0.000590818169870157,0.9994091818301309
2022-05-28,2,2,0,1.0,0.0,2,1.0,1.5238467446337387e-05,0.9999847615325568
2022-05-29,6,6,0,1.0,0.0,6,1.0,9.118977450385001e-06,0.9999908810225461
2022-05-30,10,10,0,1.0,0.0,10,1.0,3.9136464576072625e-05,0.9999608635354222
2022-05-31,20,20,0,1.0,0.0,20,1.0,0.0001425287397269998,0.9998574712602728
2022-06-01,18,18,0,1.0,0.0,18,1.0,0.0001841866090334413,0.9998158133909659
2022-06-02,18,18,0,1.0,0.0,18,1.0,0.002507039566142976,0.997492960433856
2022-06-03,28,28,0,1.0,0.0,28,1.0,0.000290246174410507,0.9997097538255886
2022-06-04,2,2,0,1.0,0.0,2,1.0,1.1071082736841774e-05,0.9999889289172637
2022-06-05,6,6,0,1.0,0.0,6,1.0,6.208085384895243e-05,0.9999379191461527
2022-06-06,30,30,0,1.0,0.0,30,1.0,0.01203253563826709,0.9879674643617339
2022-06-07,33,33,0,1.0,0.0,33,1.0,0.003193856018689371,0.9968061439813105
2022-06-08,35,35,0,1.0,0.0,35,1.0,0.0015234734725382473,0.9984765265274632
2022-06-09,42,42,0,1.0,0.0,42,1.0,0.0005610730776597146,0.9994389269223379
2022-06-10,31,31,0,1.0,0.0,31,1.0,0.0009531870931708409,0.9990468129068282
2022-06-11,7,7,0,1.0,0.0,7,1.0,0.011006756466038136,0.9889932435339682
2022-06-12,7,7,0,1.0,0.0,7,1.0,3.429758237670319e-05,0.9999657024176244
2022-06-13,26,26,0,1.0,0.0,26,1.0,0.0005214695569696321,0.9994785304430314
2022-06-14,22,22,0,1.0,0.0,22,1.0,0.0009298638664304088,0.9990701361335681
2022-06-15,30,30,0,1.0,0.0,30,1.0,0.0014828340363128854,0.9985171659636869
2022-06-16,26,26,0,1.0,0.0,26,1.0,8.194278447565221e-05,0.9999180572155245
2022-06-17,32,32,0,1.0,0.0,32,1.0,0.0010731277655108692,0.9989268722344886
2022-06-18,4,4,0,1.0,0.0,4,1.0,3.6595696003969815e-05,0.9999634043039982
2022-06-19,5,5,0,1.0,0.0,5,1.0,8.953054192168862e-06,0.9999910469458092
2022-06-20,14,14,0,1.0,0.0,14,1.0,0.0014050110095189619,0.9985949889904805
2022-06-21,30,30,0,1.0,0.0,30,1.0,0.0004198773239419175,0.9995801226760584
2022-06-22,21,21,0,1.0,0.0,21,1.0,0.0006083776438217322,0.9993916223561777
2022-06-23,33,33,0,1.0,0.0,33,1.0,0.0015410265886762469,0.9984589734113247
2022-06-24,23,23,0,1.0,0.0,23,1.0,0.0009467380144203536,0.9990532619855792
2022-06-25,5,5,0,1.0,0.0,5,1.0,2.4343501835322847e-05,0.9999756564981693
2022-06-26,9,9,0,1.0,0.0,9,1.0,0.0013555301959221016,0.9986444698040725
2022-06-27,25,25,0,1.0,0.0,25,1.0,0.0017181089188550722,0.9982818910811448
2022-06-28,24,24,0,1.0,0.0,24,1.0,0.0015377918160458953,0.9984622081839544
2022-06-29,36,36,0,1.0,0.0,36,1.0,0.0013138576861448472,0.998686142313855
2022-06-30,38,38,0,1.0,0.0,38,1.0,0.0023795851745453704,0.9976204148254544
2022-07-01,30,30,0,1.0,0.0,30,1.0,0.0003968402284506513,0.999603159771549
2022-07-02,10,10,0,1.0,0.0,10,1.0,6.163297776569406e-05,0.9999383670222339
2022-07-03,4,4,0,1.0,0.0,4,1.0,0.006958829771004269,0.9930411702289952
2022-07-04,9,9,0,1.0,0.0,9,1.0,0.0002970950581824189,0.9997029049418175
2022-07-05,16,16,0,1.0,0.0,16,1.0,0.0043800887543775,0.9956199112456225
2022-07-06,23,23,0,1.0,0.0,23,1.0,0.002264417893964451,0.9977355821060356
2022-07-07,20,20,0,1.0,0.0,20,1.0,0.0004743728666733488,0.9995256271333274
2022-07-08,9,9,0,1.0,0.0,9,1.0,0.0004333642393195268,0.9995666357606806
2022-07-09,4,4,0,1.0,0.0,4,1.0,0.00045095442636724164,0.9995490455736338
2022-07-10,3,3,0,1.0,0.0,3,1.0,9.289308623088164e-05,0.9999071069137643
2022-07-11,17,17,0,1.0,0.0,17,1.0,0.00033314067543104193,0.999666859324568
2022-07-12,32,32,0,1.0,0.0,32,1.0,0.0023172727778470984,0.9976827272221539
2022-07-13,24,24,0,1.0,0.0,24,1.0,0.0008711103695104976,0.999128889630489
2022-07-14,32,32,0,1.0,0.0,32,1.0,0.0005342286856179914,0.9994657713143839
2022-07-15,24,24,0,1.0,0.0,24,1.0,0.0015683299827041113,0.9984316700172958
2022-07-17,8,8,0,1.0,0.0,8,1.0,0.00014862412949225045,0.9998513758705094
2022-07-18,33,33,0,1.0,0.0,33,1.0,0.002736268309225175,0.9972637316907756
2022-07-19,51,51,0,1.0,0.0,51,1.0,0.0014522734831764533,0.9985477265168222
2022-07-20,33,33,0,1.0,0.0,33,1.0,0.0013207077032344552,0.9986792922967661
2022-07-21,28,28,0,1.0,0.0,28,1.0,0.0008004980027275815,0.9991995019972728
2022-07-22,45,45,0,1.0,0.0,45,1.0,0.0009154752504385282,0.9990845247495617
2022-07-23,4,4,0,1.0,0.0,4,1.0,5.302900586437911e-06,0.9999946970994129
2022-07-24,14,14,0,1.0,0.0,14,1.0,0.00013000113038365838,0.9998699988696169
2022-07-25,52,52,0,1.0,0.0,52,1.0,0.0003407784513855116,0.9996592215486152
2022-07-26,30,30,0,1.0,0.0,30,1.0,0.0006081410952407419,0.9993918589047609
2022-07-27,36,36,0,1.0,0.0,36,1.0,0.000986155520017316,0.9990138444799815
2022-07-28,44,44,0,1.0,0.0,44,1.0,0.001117623110965845,0.9988823768890335
2022-07-29,45,45,0,1.0,0.0,45,1.0,0.00026924178247841196,0.9997307582175219
2022-07-30,3,3,0,1.0,0.0,3,1.0,4.217175354338433e-05,0.9999578282464535
2022-07-31,5,5,0,1.0,0.0,5,1.0,0.00014276432992803805,0.9998572356700681
2022-08-01,31,31,0,1.0,0.0,31,1.0,0.000646030040165008,0.999353969959835
2022-08-02,16,16,0,1.0,0.0,16,1.0,0.0002804463186639106,0.9997195536813372
2022-08-03,33,33,0,1.0,0.0,33,1.0,0.0018773845732409289,0.9981226154267588
2022-08-04,28,28,0,1.0,0.0,28,1.0,0.0008774095620566119,0.999122590437944
2022-08-05,16,16,0,1.0,0.0,16,1.0,0.0014916956045348388,0.9985083043954667
2022-08-06,14,14,0,1.0,0.0,14,1.0,0.00033653570434009206,0.9996634642956588
2022-08-07,8,8,0,1.0,0.0,8,1.0,6.027425937277749e-05,0.9999397257406272
2022-08-08,18,18,0,1.0,0.0,18,1.0,0.0002309925297499489,0.9997690074702484
2022-08-09,29,29,0,1.0,0.0,29,1.0,0.0043501959380116695,0.9956498040619861
2022-08-10,30,30,0,1.0,0.0,30,1.0,0.0003205799714958055,0.999679420028505
2022-08-11,20,20,0,1.0,0.0,20,1.0,0.00017995027108537605,0.9998200497289138
2022-08-12,23,23,0,1.0,0.0,23,1.0,0.0021972518120089556,0.997802748187992
2022-08-13,5,5,0,1.0,0.0,5,1.0,4.690175970213179e-05,0.9999530982402982
2022-08-14,5,5,0,1.0,0.0,5,1.0,0.0027719415198270867,0.997228058480174
2022-08-15,29,29,0,1.0,0.0,29,1.0,0.0013984595912746756,0.9986015404087268
2022-08-16,19,19,0,1.0,0.0,19,1.0,0.0007961691377526709,0.9992038308622483
2022-08-17,23,23,0,1.0,0.0,23,1.0,0.0039407516228789335,0.9960592483771203
2022-08-18,20,20,0,1.0,0.0,20,1.0,0.0022978420688062997,0.9977021579311941
2022-08-19,26,26,0,1.0,0.0,26,1.0,0.0022239738253410114,0.9977760261746584
2022-08-20,8,8,0,1.0,0.0,8,1.0,0.011408461574674941,0.9885915384253272
2022-08-21,10,10,0,1.0,0.0,10,1.0,0.0002724645310239734,0.9997275354689785
2022-08-22,23,23,0,1.0,0.0,23,1.0,0.003776915113992502,0.9962230848860065
2022-08-23,27,27,0,1.0,0.0,27,1.0,0.002034758242924098,0.9979652417570769
2022-08-24,16,16,0,1.0,0.0,16,1.0,0.002152770309654916,0.997847229690344
2022-08-25,18,18,0,1.0,0.0,18,1.0,0.0006200063763500398,0.9993799936236495
2022-08-26,28,28,0,1.0,0.0,28,1.0,0.001656034419022659,0.9983439655809757
2022-08-27,6,6,0,1.0,0.0,6,1.0,9.127995978927793e-05,0.9999087200402127
2022-08-28,6,6,0,1.0,0.0,6,1.0,1.2795165882086432e-05,0.9999872048341162
2022-08-29,31,31,0,1.0,0.0,31,1.0,0.0007036514005684401,0.9992963485994306
2022-08-30,20,20,0,1.0,0.0,20,1.0,0.0010032021898530722,0.9989967978101448
2022-08-31,26,26,0,1.0,0.0,26,1.0,0.005366431254763727,0.9946335687452369
2022-09-01,26,26,0,1.0,0.0,26,1.0,0.00027634595522879634,0.9997236540447728
2022-09-02,18,18,0,1.0,0.0,18,1.0,0.008591843787294226,0.9914081562127074
2022-09-03,4,4,0,1.0,0.0,4,1.0,6.97192479687189e-05,0.9999302807520345
2022-09-04,3,3,0,1.0,0.0,3,1.0,0.006524391202510259,0.9934756087974869
2022-09-05,8,8,0,1.0,0.0,8,1.0,0.004049020673317757,0.9959509793266809
2022-09-06,30,30,0,1.0,0.0,30,1.0,0.0018040140400623868,0.9981959859599361
2022-09-07,32,32,0,1.0,0.0,32,1.0,0.0027307597441500646,0.9972692402558486
2022-09-08,28,28,0,1.0,0.0,28,1.0,0.0014564005965187904,0.9985435994034814
2022-09-09,30,30,0,1.0,0.0,30,1.0,0.0019483548891518448,0.9980516451108488
2022-09-10,4,4,0,1.0,0.0,4,1.0,0.0002344126549563464,0.9997655873450404
2022-09-11,3,3,0,1.0,0.0,3,1.0,0.0003372610578363571,0.9996627389421592
2022-09-12,21,21,0,1.0,0.0,21,1.0,0.002799212298895497,0.9972007877011024
2022-09-13,35,35,0,1.0,0.0,35,1.0,0.001232953657950182,0.9987670463420496
2022-09-14,32,32,0,1.0,0.0,32,1.0,0.0011913363454267574,0.998808663654575
2022-09-15,23,23,0,1.0,0.0,23,1.0,0.00039584019096410456,0.9996041598090358
2022-09-16,15,15,0,1.0,0.0,15,1.0,0.0021745002199572805,0.997825499780043
2022-09-17,8,8,0,1.0,0.0,8,1.0,0.0036758966306252566,0.9963241033693763
2022-09-18,3,3,0,1.0,0.0,3,1.0,3.2055519191194896e-05,0.9999679444808126
2022-09-19,25,25,0,1.0,0.0,25,1.0,0.000972924747969291,0.9990270752520302
2022-09-20,23,23,0,1.0,0.0,23,1.0,0.0003278856439758938,0.9996721143560248
2022-09-21,19,19,0,1.0,0.0,19,1.0,0.0014439560436248344,0.9985560439563718
2022-09-22,34,34,0,1.0,0.0,34,1.0,0.0003746883343302556,0.9996253116656701
2022-09-23,24,24,0,1.0,0.0,24,1.0,0.0037172236794560244,0.9962827763205439
2022-09-24,2,2,0,1.0,0.0,2,1.0,0.0009093855046701327,0.9990906144953249
2022-09-25,5,5,0,1.0,0.0,5,1.0,0.00019176100058092136,0.9998082389994227
2022-09-26,34,34,0,1.0,0.0,34,1.0,0.0008031709839570641,0.9991968290160429
2022-09-27,30,30,0,1.0,0.0,30,1.0,0.00136135743681663,0.9986386425631824
2022-09-28,40,40,0,1.0,0.0,40,1.0,0.0011725066452576442,0.998827493354742
2022-09-29,35,35,0,1.0,0.0,35,1.0,0.0006958416465394034,0.9993041583534605
2022-09-30,22,22,0,1.0,0.0,22,1.0,0.005036849943875354,0.9949631500561229
2022-10-01,6,6,0,1.0,0.0,6,1.0,0.0002546601108240788,0.9997453398891759
2022-10-02,7,7,0,1.0,0.0,7,1.0,8.648554533329545e-06,0.999991351445461
2022-10-03,29,29,0,1.0,0.0,29,1.0,0.00262641432604864,0.9973735856739506
2022-10-04,36,36,0,1.0,0.0,36,1.0,0.0019037200464446032,0.9980962799535552
2022-10-05,30,30,0,1.0,0.0,30,1.0,0.0014010563455849512,0.9985989436544143
2022-10-06,19,19,0,1.0,0.0,19,1.0,0.0036424054169334305,0.9963575945830667
2022-10-07,19,19,0,1.0,0.0,19,1.0,0.00076479804561282,0.9992352019543863
2022-10-08,11,11,0,1.0,0.0,11,1.0,0.0008322381877232465,0.9991677618122764
2022-10-09,3,3,0,1.0,0.0,3,1.0,2.4683899890339936e-05,0.999975316100112
2022-10-10,18,18,0,1.0,0.0,18,1.0,0.0016004866301102226,0.9983995133698895
2022-10-11,20,20,0,1.0,0.0,20,1.0,0.0006090653591539953,0.9993909346408474
2022-10-12,23,23,0,1.0,0.0,23,1.0,0.001197872186903335,0.9988021278130966
2022-10-13,25,25,0,1.0,0.0,25,1.0,0.0019133499967604966,0.9980866500032396
2022-10-14,15,15,0,1.0,0.0,15,1.0,0.0004969395178207118,0.9995030604821782
2022-10-15,8,8,0,1.0,0.0,8,1.0,0.0029107366372765897,0.9970892633627249
2022-10-16,6,6,0,1.0,0.0,6,1.0,3.5805617289599096e-05,0.9999641943827106
2022-10-17,30,30,0,1.0,0.0,30,1.0,0.002532803608810182,0.9974671963911905
2022-10-18,26,26,0,1.0,0.0,26,1.0,0.005638742196779585,0.9943612578032209
2022-10-19,16,16,0,1.0,0.0,16,1.0,0.0011032814512532596,0.9988967185487456
2022-10-20,24,24,0,1.0,0.0,24,1.0,0.001429472619523874,0.9985705273804761
2022-10-21,28,28,0,1.0,0.0,28,1.0,0.00032860193327708895,0.9996713980667212
2022-10-22,4,4,0,1.0,0.0,4,1.0,0.00021536614876950763,0.9997846338512287
2022-10-23,6,6,0,1.0,0.0,6,1.0,0.00011715756507572184,0.9998828424349272
2022-10-24,32,32,0,1.0,0.0,32,1.0,0.0002506178319088034,0.9997493821680898
2022-10-25,41,41,0,1.0,0.0,41,1.0,0.0004037520485563449,0.9995962479514444
2022-10-26,27,27,0,1.0,0.0,27,1.0,0.0007348931801998027,0.999265106819798
2022-10-27,42,42,0,1.0,0.0,42,1.0,0.0009152380329403654,0.9990847619670594
2022-10-28,39,39,0,1.0,0.0,39,1.0,0.00039879578182706106,0.9996012042181727
2022-10-29,9,9,0,1.0,0.0,9,1.0,0.00021778150756077074,0.9997822184924393
2022-10-30,4,4,0,1.0,0.0,4,1.0,0.014161772536917855,0.9858382274630848
2022-10-31,34,34,0,1.0,0.0,34,1.0,0.003178597527034907,0.9968214024729649
2022-11-01,25,25,0,1.0,0.0,25,1.0,0.002259998648382434,0.9977400013516184
2022-11-02,25,25,0,1.0,0.0,25,1.0,0.0019631147621220566,0.9980368852378787
2022-11-03,28,28,0,1.0,0.0,28,1.0,0.00024143530314543749,0.9997585646968542
2022-11-04,16,16,0,1.0,0.0,16,1.0,0.0010709353821101706,0.9989290646178898
2022-11-05,11,11,0,1.0,0.0,11,1.0,0.0050613258514387825,0.9949386741485609
2022-11-06,8,8,0,1.0,0.0,8,1.0,0.0016337163069277375,0.9983662836930727
2022-11-07,27,27,0,1.0,0.0,27,1.0,0.0007607821874691775,0.9992392178125308
2022-11-08,28,28,0,1.0,0.0,28,1.0,0.00044967543707708304,0.9995503245629219
2022-11-09,28,28,0,1.0,0.0,28,1.0,0.0023441609793691887,0.9976558390206325
2022-11-10,31,31,0,1.0,0.0,31,1.0,0.0006392103481807431,0.999360789651818
2022-11-11,26,26,0,1.0,0.0,26,1.0,0.001324153639570898,0.9986758463604304
2022-11-12,4,4,0,1.0,0.0,4,1.0,0.0014433512338192804,0.9985566487661797
2022-11-13,5,5,0,1.0,0.0,5,1.0,4.605804616601913e-05,0.999953941953833
2022-11-14,24,24,0,1.0,0.0,24,1.0,0.005434902666732174,0.9945650973332665
2022-11-15,21,21,0,1.0,0.0,21,1.0,0.0011437948254786738,0.9988562051745188
2022-11-16,17,17,0,1.0,0.0,17,1.0,0.001016730086621648,0.998983269913379
2022-11-17,22,22,0,1.0,0.0,22,1.0,0.0020901430056830326,0.9979098569943168
2022-11-18,26,26,0,1.0,0.0,26,1.0,0.0032746860648562724,0.9967253139351426
2022-11-19,7,7,0,1.0,0.0,7,1.0,1.551287981852061e-05,0.9999844871201802
2022-11-20,8,8,0,1.0,0.0,8,1.0,0.0005860798782762592,0.9994139201217235
2022-11-21,18,18,0,1.0,0.0,18,1.0,0.00012095993001153774,0.9998790400699877
2022-11-22,23,23,0,1.0,0.0,23,1.0,0.0021827528487157193,0.9978172471512844
2022-11-23,22,22,0,1.0,0.0,22,1.0,0.003618130908536245,0.9963818690914632
2022-11-24,8,8,0,1.0,0.0,8,1.0,0.006636285465601893,0.9933637145343972
2022-11-25,25,25,0,1.0,0.0,25,1.0,0.0006322290452719978,0.9993677709547293
2022-11-26,4,4,0,1.0,0.0,4,1.0,0.0001931407444453556,0.9998068592555556
2022-11-27,1,1,0,1.0,0.0,1,1.0,6.049817584568883e-06,0.9999939501824111
2022-11-28,40,40,0,1.0,0.0,40,1.0,0.0027165139589126904,0.9972834860410881
2022-11-29,35,35,0,1.0,0.0,35,1.0,0.0017474124264329656,0.998252587573567
2022-11-30,26,26,0,1.0,0.0,26,1.0,0.0023096439873949224,0.9976903560126031
2022-12-01,29,29,0,1.0,0.0,29,1.0,0.00041735921929563966,0.9995826407807027
2022-12-02,33,33,0,1.0,0.0,33,1.0,0.0011939437828558767,0.9988060562171434
2022-12-03,5,5,0,1.0,0.0,5,1.0,0.00021000840712865715,0.9997899915928686
2022-12-04,11,11,0,1.0,0.0,11,1.0,0.002759432017367173,0.9972405679826348
2022-12-05,25,25,0,1.0,0.0,25,1.0,0.001520104743470904,0.9984798952565302
2022-12-06,27,27,0,1.0,0.0,27,1.0,0.002682087140522563,0.997317912859476
2022-12-07,32,32,0,1.0,0.0,32,1.0,0.0019631686911007386,0.9980368313089003
2022-12-08,31,31,0,1.0,0.0,31,1.0,0.0013462307274805208,0.998653769272519
2022-12-09,17,17,0,1.0,0.0,17,1.0,0.0022241045836226786,0.9977758954163785
2022-12-10,5,5,0,1.0,0.0,5,1.0,0.002673313609261916,0.9973266863907326
2022-12-11,8,8,0,1.0,0.0,8,1.0,0.00023313854731917146,0.9997668614526789
2022-12-12,20,20,0,1.0,0.0,20,1.0,0.0013458101866593328,0.9986541898133406
2022-12-13,17,17,0,1.0,0.0,17,1.0,0.0009580142609484613,0.9990419857390516
2022-12-14,15,15,0,1.0,0.0,15,1.0,0.0017072447426169511,0.9982927552573833
2022-12-15,29,29,0,1.0,0.0,29,1.0,0.00032422908994083445,0.9996757709100591
2022-12-16,22,22,0,1.0,0.0,22,1.0,0.002053971968237554,0.9979460280317621
2022-12-17,6,6,0,1.0,0.0,6,1.0,3.4865334798962336e-05,0.9999651346652042
2022-12-18,8,8,0,1.0,0.0,8,1.0,0.002666281029931027,0.9973337189700685
2022-12-19,19,19,0,1.0,0.0,19,1.0,0.0012544032867817724,0.998745596713217
2022-12-20,18,18,0,1.0,0.0,18,1.0,0.0003616742340170301,0.9996383257659844
2022-12-21,19,19,0,1.0,0.0,19,1.0,0.0004513163440848527,0.9995486836559166
2022-12-22,22,22,0,1.0,0.0,22,1.0,0.004146595605367071,0.9958534043946314
2022-12-23,19,19,0,1.0,0.0,19,1.0,0.007809696820518288,0.9921903031794824
2022-12-24,5,5,0,1.0,0.0,5,1.0,0.00020758645360031673,0.9997924135464
2022-12-25,5,5,0,1.0,0.0,5,1.0,1.4619468694564418e-05,0.9999853805313093
2022-12-26,7,7,0,1.0,0.0,7,1.0,0.00047524138030509633,0.9995247586196928
2022-12-27,26,26,0,1.0,0.0,26,1.0,0.001715841904544197,0.9982841580954549
2022-12-28,28,28,0,1.0,0.0,28,1.0,0.0004658929480965427,0.999534107051901
2022-12-29,27,27,0,1.0,0.0,27,1.0,0.0009107276642092666,0.9990892723357884
2022-12-30,25,25,0,1.0,0.0,25,1.0,0.00020579275690683733,0.9997942072430912
2022-12-31,7,7,0,1.0,0.0,7,1.0,4.0876731204079476e-05,0.9999591232687985
2023-01-01,4,4,0,1.0,0.0,4,1.0,3.665713463858887e-05,0.9999633428653636
2023-01-02,12,12,0,1.0,0.0,12,1.0,0.0025406633599162234,0.9974593366400812
2023-01-03,38,38,0,1.0,0.0,38,1.0,0.0007063485205371098,0.9992936514794614
2023-01-04,30,30,0,1.0,0.0,30,1.0,0.0013177207118337609,0.9986822792881676
2023-01-05,25,25,0,1.0,0.0,25,1.0,0.002409103406527421,0.9975908965934748
2023-01-06,25,25,0,1.0,0.0,25,1.0,0.00017135259861803765,0.9998286474013841
2023-01-07,8,8,0,1.0,0.0,8,1.0,0.0014866097308237373,0.9985133902691772
2023-01-08,5,5,0,1.0,0.0,5,1.0,6.018809413984301e-06,0.9999939811905817
2023-01-09,28,28,0,1.0,0.0,28,1.0,0.0010329265560420377,0.9989670734439585
2023-01-10,25,25,0,1.0,0.0,25,1.0,0.0021536472275539968,0.9978463527724454
2023-01-11,27,27,0,1.0,0.0,27,1.0,0.0042279208590640304,0.9957720791409367
2023-01-12,26,26,0,1.0,0.0,26,1.0,0.00558162985034508,0.994418370149658
2023-01-13,22,22,0,1.0,0.0,22,1.0,0.0013556195243364765,0.9986443804756633
2023-01-14,9,9,0,1.0,0.0,9,1.0,6.959798496770353e-05,0.9999304020150332
2023-01-15,6,6,0,1.0,0.0,6,1.0,2.03053041161271e-05,0.9999796946958841
2023-01-16,18,18,0,1.0,0.0,18,1.0,0.00076067400475034,0.9992393259952489
2023-01-17,24,24,0,1.0,0.0,24,1.0,0.008535837108611255,0.9914641628913881
2023-01-18,28,28,0,1.0,0.0,28,1.0,0.0005900252618544477,0.999409974738145
2023-01-19,23,23,0,1.0,0.0,23,1.0,0.0015910813059240012,0.9984089186940764
2023-01-20,25,25,0,1.0,0.0,25,1.0,0.004369785305231566,0.9956302146947672
2023-01-21,11,11,0,1.0,0.0,11,1.0,5.7979812717435507e-05,0.9999420201872833
2023-01-22,10,10,0,1.0,0.0,10,1.0,2.5416121277971832e-05,0.9999745838787181
2023-01-23,32,32,0,1.0,0.0,32,1.0,0.0005866898695318208,0.9994133101304676
2023-01-24,30,30,0,1.0,0.0,30,1.0,0.00039408552059349,0.9996059144794043
2023-01-25,25,25,0,1.0,0.0,25,1.0,0.00024552965414728097,0.9997544703458526
2023-01-26,29,29,0,1.0,0.0,29,1.0,0.0014569800512629996,0.9985430199487364
2023-01-27,17,17,0,1.0,0.0,17,1.0,0.00036872864363036924,0.9996312713563699
2023-01-28,4,4,0,1.0,0.0,4,1.0,7.788472059813306e-05,0.9999221152793973
2023-01-29,12,12,0,1.0,0.0,12,1.0,0.0004085228721599301,0.9995914771278375
2023-01-30,39,39,0,1.0,0.0,39,1.0,0.0002902264543408045,0.9997097735456588
2023-01-31,46,46,0,1.0,0.0,46,1.0,0.0015634202617998895,0.9984365797381993
2023-02-01,35,35,0,1.0,0.0,35,1.0,0.00030509167679040433,0.9996949083232108
2023-02-02,49,49,0,1.0,0.0,49,1.0,0.0011836762836187743,0.9988163237163794
2023-02-03,53,53,0,1.0,0.0,53,1.0,0.00037713878774578755,0.9996228612122549
2023-02-04,4,4,0,1.0,0.0,4,1.0,0.005480671290813534,0.9945193287091905
2023-02-05,7,7,0,1.0,0.0,7,1.0,0.0021471918392589324,0.9978528081607418
2023-02-06,35,35,0,1.0,0.0,35,1.0,0.0007748038046508727,0.9992251961953516
2023-02-07,30,30,0,1.0,0.0,30,1.0,0.001223389375560076,0.9987766106244401
2023-02-08,26,26,0,1.0,0.0,26,1.0,0.0019503589652042862,0.9980496410347933
2023-02-09,23,23,0,1.0,0.0,23,1.0,0.0009708473410477773,0.9990291526589499
2023-02-10,22,22,0,1.0,0.0,22,1.0,0.001330281529389074,0.9986697184706095
2023-02-11,6,6,0,1.0,0.0,6,1.0,1.389062405860136e-05,0.9999861093759392
2023-02-12,6,6,0,1.0,0.0,6,1.0,2.1817317205341442e-05,0.9999781826827933
2023-02-13,23,23,0,1.0,0.0,23,1.0,0.0006615270561180239,0.9993384729438833
2023-02-14,25,25,0,1.0,0.0,25,1.0,0.00034204776867691086,0.999657952231323
2023-02-15,21,21,0,1.0,0.0,21,1.0,0.0011326527334427246,0.9988673472665577
2023-02-16,13,13,0,1.0,0.0,13,1.0,0.0015330800109649076,0.9984669199890374
2023-02-17,20,20,0,1.0,0.0,20,1.0,0.0007849116761025716,0.9992150883238965
2023-02-18,5,5,0,1.0,0.0,5,1.0,0.00013027028946651465,0.9998697297105374
2023-02-19,12,12,0,1.0,0.0,12,1.0,0.0009517190445330121,0.99904828095547
2023-02-20,11,11,0,1.0,0.0,11,1.0,0.0023263503864130713,0.9976736496135888
2023-02-21,23,23,0,1.0,0.0,23,1.0,0.005656951317254794,0.9943430486827441
2023-02-22,18,18,0,1.0,0.0,18,1.0,0.004912057712896997,0.9950879422871027
2023-02-23,23,23,0,1.0,0.0,23,1.0,0.0014797895460929185,0.9985202104539063
2023-02-24,15,15,0,1.0,0.0,15,1.0,0.001379646273628194,0.9986203537263736
2023-02-25,6,6,0,1.0,0.0,6,1.0,0.0011087722915726656,0.9988912277084262
2023-02-26,5,5,0,1.0,0.0,5,1.0,1.5966548944656718e-05,0.9999840334510537
2023-02-27,22,22,0,1.0,0.0,22,1.0,0.0019157373349430811,0.998084262665058
2023-02-28,25,25,0,1.0,0.0,25,1.0,0.003534116985796167,0.9964658830142052
2023-03-01,29,29,0,1.0,0.0,29,1.0,0.0005438184475537647,0.9994561815524485
2023-03-02,23,23,0,1.0,0.0,23,1.0,0.0013275471511031256,0.9986724528488954
2023-03-03,28,28,0,1.0,0.0,28,1.0,0.0008617320808473102,0.9991382679191526
2023-03-04,4,4,0,1.0,0.0,4,1.0,0.001331001537174946,0.9986689984628249
2023-03-05,10,10,0,1.0,0.0,10,1.0,0.0006852287685219029,0.9993147712314793
2023-03-06,29,29,0,1.0,0.0,29,1.0,0.00019909336265629148,0.9998009066373454
2023-03-07,21,21,0,1.0,0.0,21,1.0,0.0019362174577117236,0.9980637825422894
2023-03-08,11,11,0,1.0,0.0,11,1.0,0.00025437943994779683,0.9997456205600536
2023-03-09,27,27,0,1.0,0.0,27,1.0,0.0006978718368999784,0.9993021281630993
2023-03-10,15,15,0,1.0,0.0,15,1.0,0.002944147862125292,0.9970558521378747
2023-03-11,5,5,0,1.0,0.0,5,1.0,6.715469264981217e-05,0.999932845307347
2023-03-12,7,7,0,1.0,0.0,7,1.0,2.426701075632398e-05,0.9999757329892421
2023-03-13,20,20,0,1.0,0.0,20,1.0,0.002755456096288011,0.9972445439037129
2023-03-14,22,22,0,1.0,0.0,22,1.0,0.0012393668887517037,0.9987606331112487
2023-03-15,17,17,0,1.0,0.0,17,1.0,0.0008690307833300265,0.9991309692166704
2023-03-16,20,20,0,1.0,0.0,20,1.0,0.0007749940891341947,0.9992250059108663
2023-03-17,19,19,0,1.0,0.0,19,1.0,0.0004809023576200862,0.9995190976423786
2023-03-18,7,7,0,1.0,0.0,7,1.0,9.693896831765103e-06,0.999990306103167
2023-03-19,7,7,0,1.0,0.0,7,1.0,0.0002575846420053804,0.9997424153579958
2023-03-20,10,10,0,1.0,0.0,10,1.0,0.0015469535835546011,0.9984530464164457
2023-03-21,18,18,0,1.0,0.0,18,1.0,0.0007518298909683464,0.9992481701090313
2023-03-22,28,28,0,1.0,0.0,28,1.0,0.0004908185041783711,0.9995091814958238
2023-03-23,31,31,0,1.0,0.0,31,1.0,0.0008492723822368709,0.9991507276177647
2023-03-24,28,28,0,1.0,0.0,28,1.0,0.0016028398959709923,0.998397160104029
2023-03-25,4,4,0,1.0,0.0,4,1.0,1.8528557185669595e-05,0.9999814714428115
2023-03-26,9,9,0,1.0,0.0,9,1.0,0.011136257994438915,0.9888637420055589
2023-03-27,26,26,0,1.0,0.0,26,1.0,0.0011810912228657597,0.9988189087771345
2023-03-28,29,29,0,1.0,0.0,29,1.0,0.004076792865932609,0.9959232071340673
2023-03-29,18,18,0,1.0,0.0,18,1.0,0.00034619143170503314,0.9996538085682923
2023-03-30,31,31,0,1.0,0.0,31,1.0,0.0011557251498640366,0.9988442748501368
2023-03-31,27,27,0,1.0,0.0,27,1.0,0.0015081148684533635,0.9984918851315467
2023-04-01,9,9,0,1.0,0.0,9,1.0,0.0008205736969488762,0.99917942630305
2023-04-02,8,8,0,1.0,0.0,8,1.0,0.011754849311712725,0.988245150688289
2023-04-03,27,27,0,1.0,0.0,27,1.0,0.0003868931582937711,0.9996131068417071
2023-04-04,30,30,0,1.0,0.0,30,1.0,0.0029959458747671345,0.9970040541252323
2023-04-05,39,39,0,1.0,0.0,39,1.0,0.001150357360838459,0.9988496426391614
2023-04-06,31,31,0,1.0,0.0,31,1.0,0.0005766035216991969,0.9994233964783008
2023-04-07,6,6,0,1.0,0.0,6,1.0,0.0009190292388358825,0.9990809707611641
2023-04-08,10,10,0,1.0,0.0,10,1.0,0.005523121968506168,0.9944768780314934
2023-04-09,8,8,0,1.0,0.0,8,1.0,0.0009880129134577833,0.9990119870865406
2023-04-10,27,27,0,1.0,0.0,27,1.0,0.0013022041706423032,0.9986977958293586
2023-04-11,23,23,0,1.0,0.0,23,1.0,0.0016880112950896744,0.9983119887049111
2023-04-12,23,23,0,1.0,0.0,23,1.0,0.0021008595363476677,0.9978991404636512
2023-04-13,38,38,0,1.0,0.0,38,1.0,0.0015871169046096701,0.9984128830953903
2023-04-14,20,20,0,1.0,0.0,20,1.0,7.907232529677584e-05,0.9999209276747063
2023-04-15,6,6,0,1.0,0.0,6,1.0,0.0002904201821800542,0.999709579817822
2023-04-16,13,13,0,1.0,0.0,13,1.0,5.188149902212311e-05,0.9999481185009765
2023-04-17,30,30,0,1.0,0.0,30,1.0,0.0017086346486050387,0.9982913653513955
2023-04-18,23,23,0,1.0,0.0,23,1.0,0.0029352477016231565,0.9970647522983767
2023-04-19,21,21,0,1.0,0.0,21,1.0,0.001589101558335842,0.9984108984416639
2023-04-20,26,26,0,1.0,0.0,26,1.0,0.0008171540777768697,0.9991828459222236
2023-04-21,21,21,0,1.0,0.0,21,1.0,0.0010870890832193158,0.9989129109167797
2023-04-22,7,7,0,1.0,0.0,7,1.0,0.0013967023153060674,0.9986032976846948
2023-04-23,9,9,0,1.0,0.0,9,1.0,6.012885426152335e-05,0.9999398711457371
2023-04-24,31,31,0,1.0,0.0,31,1.0,0.0022956179226525245,0.9977043820773481
2023-04-25,29,29,0,1.0,0.0,29,1.0,0.0012519856300621376,0.9987480143699371
2023-04-26,26,26,0,1.0,0.0,26,1.0,0.002816790877971988,0.9971832091220268
2023-04-27,22,22,0,1.0,0.0,22,1.0,0.00030913862328626096,0.9996908613767118
2023-04-28,23,23,0,1.0,0.0,23,1.0,0.011924994362099824,0.988075005637901
2023-04-29,8,8,0,1.0,0.0,8,1.0,0.00012224064245757287,0.9998777593575421
2023-04-30,7,7,0,1.0,0.0,7,1.0,1.345929213608977e-05,0.9999865407078598
2023-05-01,28,28,0,1.0,0.0,28,1.0,0.003054501585780799,0.9969454984142193
2023-05-02,31,31,0,1.0,0.0,31,1.0,0.0013750758135566772,0.9986249241864438
2023-05-03,39,39,0,1.0,0.0,39,1.0,0.0004830925757415774,0.9995169074242602
2023-05-04,44,44,0,1.0,0.0,44,1.0,0.0008795570932650546,0.9991204429067349
2023-05-05,68,68,0,1.0,0.0,68,1.0,0.0021534816798338095,0.9978465183201649
2023-05-06,10,10,0,1.0,0.0,10,1.0,0.0005428862880027636,0.9994571137119983
2023-05-07,10,10,0,1.0,0.0,10,1.0,9.205245214085853e-05,0.9999079475478581
2023-05-08,38,38,0,1.0,0.0,38,1.0,0.0010904190956073075,0.998909580904393
2023-05-09,42,42,0,1.0,0.0,42,1.0,0.0002442195412684895,0.9997557804587315
2023-05-10,26,26,0,1.0,0.0,26,1.0,0.004318868098528332,0.9956811319014727
2023-05-11,21,21,0,1.0,0.0,21,1.0,0.0009862348437882824,0.9990137651562085
2023-05-12,26,26,0,1.0,0.0,26,1.0,0.0026039187463722624,0.997396081253627
2023-05-13,4,4,0,1.0,0.0,4,1.0,0.03132988101760462,0.9686701189823934
2023-05-14,6,6,0,1.0,0.0,6,1.0,1.809180521986227e-05,0.9999819081947819
2023-05-15,22,22,0,1.0,0.0,22,1.0,0.002644350630018385,0.9973556493699808
2023-05-16,21,21,0,1.0,0.0,21,1.0,0.0022398688227841263,0.9977601311772164
2023-05-17,31,31,0,1.0,0.0,31,1.0,0.0012485068916359239,0.9987514931083636
2023-05-18,35,35,0,1.0,0.0,35,1.0,0.0017788712117851812,0.9982211287882153
2023-05-19,36,36,0,1.0,0.0,36,1.0,0.0012449036912417905,0.9987550963087583
2023-05-20,4,4,0,1.0,0.0,4,1.0,8.461510869522545e-06,0.9999915384891271
2023-05-21,11,11,0,1.0,0.0,11,1.0,5.3558301759729696e-05,0.9999464416982434
2023-05-22,30,30,0,1.0,0.0,30,1.0,0.0009823968377366068,0.9990176031622628
2023-05-23,36,36,0,1.0,0.0,36,1.0,0.0008370999427744388,0.9991629000572269
2023-05-24,27,27,0,1.0,0.0,27,1.0,0.0022225269927261047,0.9977774730072732
2023-05-25,26,26,0,1.0,0.0,26,1.0,0.0014554654232942171,0.9985445345767072
2023-05-26,23,23,0,1.0,0.0,23,1.0,0.004400222281502182,0.9955997777184994
2023-05-27,11,11,0,1.0,0.0,11,1.0,0.00010147142651312334,0.9998985285734844
2023-05-28,9,9,0,1.0,0.0,9,1.0,2.226611949748454e-05,0.9999777338805002
2023-05-29,12,12,0,1.0,0.0,12,1.0,0.0004625787575585207,0.9995374212424449
2023-05-30,28,28,0,1.0,0.0,28,1.0,0.0007579090335729621,0.9992420909664259
2023-05-31,29,29,0,1.0,0.0,29,1.0,0.0011182793457576912,0.9988817206542414
2023-06-01,36,36,0,1.0,0.0,36,1.0,0.0009801195055734579,0.9990198804944266
2023-06-02,38,38,0,1.0,0.0,38,1.0,0.0013390295776057656,0.9986609704223927
2023-06-03,7,7,0,1.0,0.0,7,1.0,0.0023976612707596943,0.9976023387292363
2023-06-04,11,11,0,1.0,0.0,11,1.0,0.008673120948096698,0.9913268790519004
2023-06-05,41,41,0,1.0,0.0,41,1.0,0.009567069681221936,0.9904329303187773
2023-06-06,38,38,0,1.0,0.0,38,1.0,0.00899892670244485,0.9910010732975545
2023-06-07,29,29,0,1.0,0.0,29,1.0,0.0008589057746058274,0.9991410942253944
2023-06-08,33,33,0,1.0,0.0,33,1.0,0.004174041256355051,0.9958259587436433
2023-06-09,56,56,0,1.0,0.0,56,1.0,0.001176142617353239,0.9988238573826466
2023-06-10,12,12,0,1.0,0.0,12,1.0,0.0010237688028439588,0.9989762311971567
2023-06-11,14,14,0,1.0,0.0,14,1.0,0.0008877406657305546,0.9991122593342697
2023-06-12,44,44,0,1.0,0.0,44,1.0,0.000577080270079357,0.9994229197299198
2023-06-13,51,51,0,1.0,0.0,51,1.0,0.00036789809402367895,0.9996321019059758
2023-06-14,47,47,0,1.0,0.0,47,1.0,0.001704651185778362,0.9982953488142207
2023-06-15,60,60,0,1.0,0.0,60,1.0,0.0005177584376405643,0.9994822415623595
2023-06-16,37,37,0,1.0,0.0,37,1.0,0.0013600487165188763,0.9986399512834817
2023-06-17,11,11,0,1.0,0.0,11,1.0,0.002904439050004017,0.9970955609499956
2023-06-18,14,14,0,1.0,0.0,14,1.0,0.0008460879000993331,0.9991539120999019
2023-06-19,23,23,0,1.0,0.0,23,1.0,0.0010957820340939685,0.9989042179659072
2023-06-20,47,47,0,1.0,0.0,47,1.0,0.0014057081591348944,0.9985942918408643
2023-06-21,40,40,0,1.0,0.0,40,1.0,0.0011302104640558152,0.998869789535944
2023-06-22,42,42,0,1.0,0.0,42,1.0,0.0006308454177431014,0.9993691545822565
2023-06-23,41,41,0,1.0,0.0,41,1.0,0.0004408073342974281,0.9995591926657045
2023-06-24,4,4,0,1.0,0.0,4,1.0,0.0007765410401334418,0.9992234589598672
2023-06-25,15,15,0,1.0,0.0,15,1.0,0.00011470689955504628,0.9998852931004456
2023-06-26,52,52,0,1.0,0.0,52,1.0,0.001440534732774446,0.9985594652672258
2023-06-27,44,44,0,1.0,0.0,44,1.0,0.0019558340550556367,0.9980441659449439
2023-06-28,54,54,0,1.0,0.0,54,1.0,0.000435325010005548,0.9995646749899966
2023-06-29,63,63,0,1.0,0.0,63,1.0,0.0009461194402292253,0.9990538805597712
2023-06-30,63,63,0,1.0,0.0,63,1.0,0.0005096895102692187,0.9994903104897321
2023-07-01,8,8,0,1.0,0.0,8,1.0,0.0026619104333384645,0.99733808956666
2023-07-02,20,20,0,1.0,0.0,20,1.0,0.0021211411862602243,0.9978788588137395
2023-07-03,60,60,0,1.0,0.0,60,1.0,0.0038514739117768903,0.9961485260882232
2023-07-04,32,32,0,1.0,0.0,32,1.0,0.0017463259779601336,0.9982536740220398
2023-07-05,49,49,0,1.0,0.0,49,1.0,0.0009056495454813205,0.9990943504545192
2023-07-06,51,51,0,1.0,0.0,51,1.0,0.0006723379480646662,0.9993276620519356
2023-07-07,43,43,0,1.0,0.0,43,1.0,0.000261132653824759,0.9997388673461749
2023-07-08,12,12,0,1.0,0.0,12,1.0,0.00013995077149497263,0.9998600492285036
2023-07-09,12,12,0,1.0,0.0,12,1.0,0.0004072878054987264,0.9995927121945015
2023-07-10,46,46,0,1.0,0.0,46,1.0,0.0010581004629134929,0.9989418995370869
2023-07-11,49,49,0,1.0,0.0,49,1.0,0.0015930849040977522,0.9984069150959034
2023-07-12,43,43,0,1.0,0.0,43,1.0,0.00025365228325866234,0.9997463477167406
2023-07-13,54,54,0,1.0,0.0,54,1.0,0.0003525121213962707,0.999647487878604
2023-07-14,47,47,0,1.0,0.0,47,1.0,0.000280466510372456,0.999719533489628
2023-07-15,8,8,0,1.0,0.0,8,1.0,0.00017141503741716958,0.9998285849625814
2023-07-16,20,20,0,1.0,0.0,20,1.0,0.00024941141427001586,0.9997505885857292
2023-07-17,47,47,0,1.0,0.0,47,1.0,0.0011147597233996912,0.9988852402766003
2023-07-18,55,55,0,1.0,0.0,55,1.0,0.001959810124821238,0.9980401898751784
2023-07-19,38,38,0,1.0,0.0,38,1.0,0.0007095426248672878,0.9992904573751316
2023-07-20,45,45,0,1.0,0.0,45,1.0,0.0004767488485725249,0.9995232511514268
2023-07-21,38,38,0,1.0,0.0,38,1.0,0.0003386333705652776,0.9996613666294362
2023-07-22,7,7,0,1.0,0.0,7,1.0,0.0014404854103001487,0.9985595145897006
2023-07-23,9,9,0,1.0,0.0,9,1.0,0.0004947738301791701,0.9995052261698214
2023-07-24,54,54,0,1.0,0.0,54,1.0,0.0016100071015751963,0.9983899928984246
2023-07-25,46,46,0,1.0,0.0,46,1.0,0.0007409637067667512,0.9992590362932346
2023-07-26,47,47,0,1.0,0.0,47,1.0,0.0004082366397934812,0.9995917633602065
2023-07-27,48,48,0,1.0,0.0,48,1.0,0.00117184179169154,0.9988281582083097
2023-07-28,41,41,0,1.0,0.0,41,1.0,0.0005263969027091362,0.9994736030972896
2023-07-29,9,9,0,1.0,0.0,9,1.0,8.259781610523157e-05,0.9999174021838928
2023-07-30,21,21,0,1.0,0.0,21,1.0,0.000418639125990971,0.9995813608740094
2023-07-31,54,54,0,1.0,0.0,54,1.0,0.0007581676442646587,0.9992418323557365
2023-08-01,51,51,0,1.0,0.0,51,1.0,0.0005861586880753239,0.9994138413119237
2023-08-02,57,57,0,1.0,0.0,57,1.0,0.0009067921929210141,0.9990932078070806
2023-08-03,61,61,0,1.0,0.0,61,1.0,0.0010160867969382227,0.9989839132030599
2023-08-04,72,72,0,1.0,0.0,72,1.0,0.0015526442288017553,0.9984473557711991
2023-08-05,17,17,0,1.0,0.0,17,1.0,0.0005530179807167931,0.9994469820192852
2023-08-06,19,19,0,1.0,0.0,19,1.0,0.000276701772307516,0.9997232982276932
2023-08-07,48,48,0,1.0,0.0,48,1.0,0.00044379706565384657,0.9995562029343456
2023-08-08,47,47,0,1.0,0.0,47,1.0,0.0013655312946685239,0.9986344687053325
2023-08-09,46,46,0,1.0,0.0,46,1.0,0.0013205558935283413,0.9986794441064709
2023-08-10,45,45,0,1.0,0.0,45,1.0,0.002049685233378591,0.997950314766619
2023-08-11,32,32,0,1.0,0.0,32,1.0,0.0009193475601455348,0.9990806524398538
2023-08-12,4,4,0,1.0,0.0,4,1.0,0.00014601780927175025,0.9998539821907314
2023-08-13,12,12,0,1.0,0.0,12,1.0,0.00772459847525959,0.992275401524739
2023-08-14,36,36,0,1.0,0.0,36,1.0,0.0006648457356777679,0.9993351542643203
2023-08-15,33,33,0,1.0,0.0,33,1.0,0.0003485572015539784,0.9996514427984469
2023-08-16,27,27,0,1.0,0.0,27,1.0,0.00044591473439564065,0.9995540852656046
2023-08-17,30,30,0,1.0,0.0,30,1.0,0.0006218977896819609,0.9993781022103189
2023-08-18,29,29,0,1.0,0.0,29,1.0,0.001874439127283023,0.998125560872715
2023-08-19,9,9,0,1.0,0.0,9,1.0,0.000995096298096682,0.9990049037019035
2023-08-20,5,5,0,1.0,0.0,5,1.0,0.00031137600694127745,0.9996886239930548
2023-08-21,24,24,0,1.0,0.0,24,1.0,0.002816811671542154,0.9971831883284583
2023-08-22,24,24,0,1.0,0.0,24,1.0,0.0017702709151033236,0.998229729084897
2023-08-23,38,38,0,1.0,0.0,38,1.0,0.0006103801411204115,0.9993896198588795
2023-08-24,42,42,0,1.0,0.0,42,1.0,0.0006837457165593528,0.9993162542834401
2023-08-25,33,33,0,1.0,0.0,33,1.0,0.00039985493311710203,0.9996001450668829
2023-08-26,9,9,0,1.0,0.0,9,1.0,0.00010532815713302552,0.9998946718428672
2023-08-27,12,12,0,1.0,0.0,12,1.0,0.002812577278675619,0.9971874227213218
2023-08-28,20,20,0,1.0,0.0,20,1.0,0.00033978468066779067,0.9996602153193314
2023-08-29,21,21,0,1.0,0.0,21,1.0,0.0007716523782900981,0.9992283476217103
2023-08-30,37,37,0,1.0,0.0,37,1.0,0.0006342557685207403,0.9993657442314783
2023-08-31,32,32,0,1.0,0.0,32,1.0,0.00033518349487760647,0.9996648165051243
2023-09-01,15,15,0,1.0,0.0,15,1.0,0.0008878365264393389,0.9991121634735621
2023-09-02,5,5,0,1.0,0.0,5,1.0,0.0024689188375592004,0.9975310811624392
2023-09-03,7,7,0,1.0,0.0,7,1.0,3.63569902532461e-05,0.9999636430097493
2023-09-04,12,12,0,1.0,0.0,12,1.0,0.0014268560075427908,0.9985731439924592
2023-09-05,33,33,0,1.0,0.0,33,1.0,0.002373127101736266,0.9976268728982637
2023-09-06,41,41,0,1.0,0.0,41,1.0,0.0006391431972410117,0.9993608568027583
2023-09-07,63,63,0,1.0,0.0,63,1.0,0.0026832401015702704,0.9973167598984297
2023-09-08,56,56,0,1.0,0.0,56,1.0,0.0018891254361412693,0.9981108745638592
2023-09-09,11,11,0,1.0,0.0,11,1.0,0.0001548333059210509,0.9998451666940827
2023-09-10,12,12,0,1.0,0.0,12,1.0,0.0005066212650212386,0.99949337873498
2023-09-11,51,51,0,1.0,0.0,51,1.0,0.0004995502290132429,0.999500449770986
2023-09-12,65,65,0,1.0,0.0,65,1.0,0.0030012746435422503,0.9969987253564568
2023-09-13,63,63,0,1.0,0.0,63,1.0,0.0021935189395702595,0.9978064810604297
2023-09-14,49,49,0,1.0,0.0,49,1.0,0.0018686108405072833,0.9981313891594927
2023-09-15,38,38,0,1.0,0.0,38,1.0,0.0044659433867383315,0.9955340566132602
2023-09-16,11,11,0,1.0,0.0,11,1.0,0.00025064137536061663,0.9997493586246395
2023-09-17,14,14,0,1.0,0.0,14,1.0,0.0007343986697251131,0.9992656013302759
2023-09-18,27,27,0,1.0,0.0,27,1.0,0.0005512456345440419,0.9994487543654569
2023-09-19,31,31,0,1.0,0.0,31,1.0,0.0009230408262378395,0.9990769591737626
2023-09-20,32,32,0,1.0,0.0,32,1.0,0.0005588243234783362,0.9994411756765189
2023-09-21,32,32,0,1.0,0.0,32,1.0,0.000903652835312704,0.9990963471646874
2023-09-22,38,38,0,1.0,0.0,38,1.0,0.0014001521733980396,0.9985998478266022
2023-09-23,9,9,0,1.0,0.0,9,1.0,0.0017999909512986315,0.9982000090486987
2023-09-24,12,12,0,1.0,0.0,12,1.0,0.000451443964268398,0.9995485560357346
2023-09-25,23,23,0,1.0,0.0,23,1.0,0.001968621511575797,0.9980313784884246
2023-09-26,41,41,0,1.0,0.0,41,1.0,0.0034712515647812355,0.9965287484352171
2023-09-27,41,41,0,1.0,0.0,41,1.0,0.003953676887771115,0.9960463231122301
2023-09-28,32,32,0,1.0,0.0,32,1.0,0.0024897771048105616,0.9975102228951889
2023-09-29,33,33,0,1.0,0.0,33,1.0,0.001769145062400456,0.9982308549375986
2023-09-30,11,11,0,1.0,0.0,11,1.0,0.0013079018785614267,0.9986920981214361
2023-10-01,11,11,0,1.0,0.0,11,1.0,0.0004011404249856868,0.9995988595750138
2023-10-02,35,35,0,1.0,0.0,35,1.0,0.002248804879748883,0.9977511951202503
2023-10-03,33,33,0,1.0,0.0,33,1.0,0.0009638377094781057,0.9990361622905211
2023-10-04,30,30,0,1.0,0.0,30,1.0,0.0009062035860600849,0.9990937964139399
2023-10-05,22,22,0,1.0,0.0,22,1.0,0.0023200572429492275,0.9976799427570483
2023-10-06,18,18,0,1.0,0.0,18,1.0,0.0016674008062063184,0.9983325991937961
2023-10-07,8,8,0,1.0,0.0,8,1.0,0.0005736775451920189,0.9994263224548059
2023-10-08,7,7,0,1.0,0.0,7,1.0,2.7379994999092972e-05,0.9999726200050029
2023-10-09,32,32,0,1.0,0.0,32,1.0,0.0009312780240561989,0.9990687219759448
2023-10-10,32,32,0,1.0,0.0,32,1.0,0.0020028129370920724,0.9979971870629091
2023-10-11,26,26,0,1.0,0.0,26,1.0,0.0013630519518316418,0.9986369480481692
2023-10-12,19,19,0,1.0,0.0,19,1.0,0.0013668348479093425,0.9986331651520913
2023-10-13,34,34,0,1.0,0.0,34,1.0,0.0018703089458696072,0.9981296910541301
2023-10-14,8,8,0,1.0,0.0,8,1.0,0.00014504555498788893,0.9998549544450145
2023-10-15,18,18,0,1.0,0.0,18,1.0,0.0005639302709857876,0.9994360697290166
2023-10-16,30,30,0,1.0,0.0,30,1.0,0.0005066010465759854,0.9994933989534249
2023-10-17,26,26,0,1.0,0.0,26,1.0,0.0003705493680368628,0.999629450631963
2023-10-18,27,27,0,1.0,0.0,27,1.0,0.0008438716992945663,0.9991561283007058
2023-10-19,33,33,0,1.0,0.0,33,1.0,0.0017984060195176193,0.9982015939804827
2023-10-20,32,32,0,1.0,0.0,32,1.0,0.0010247582250792419,0.9989752417749214
2023-10-21,8,8,0,1.0,0.0,8,1.0,7.091090414576855e-05,0.9999290890958572
2023-10-22,13,13,0,1.0,0.0,13,1.0,0.0039409317777666045,0.9960590682222339
2023-10-23,28,28,0,1.0,0.0,28,1.0,0.0016690846086698599,0.9983309153913285
2023-10-24,31,31,0,1.0,0.0,31,1.0,0.0044882268878728175,0.9955117731121258
2023-10-25,39,39,0,1.0,0.0,39,1.0,0.0010607327424704876,0.9989392672575292
2023-10-26,38,38,0,1.0,0.0,38,1.0,0.0014104984705742207,0.9985895015294249
2023-10-27,29,29,0,1.0,0.0,29,1.0,0.0037063991245577348,0.9962936008754416
2023-10-28,7,7,0,1.0,0.0,7,1.0,0.00043416604033436605,0.9995658339596674
2023-10-29,12,12,0,1.0,0.0,12,1.0,0.0017280043868759026,0.9982719956131243
2023-10-30,50,49,1,0.98,0.02,48,0.96,0.012262453498064221,0.9877375465019353
2023-10-31,34,34,0,1.0,0.0,34,1.0,0.003516822340384451,0.9964831776596161
2023-11-01,47,47,0,1.0,0.0,47,1.0,0.001499026211589022,0.9985009737884112
2023-11-02,59,59,0,1.0,0.0,59,1.0,0.0005423804608684449,0.9994576195391311
2023-11-03,43,43,0,1.0,0.0,43,1.0,0.00043605266122723424,0.999563947338774
2023-11-04,5,5,0,1.0,0.0,5,1.0,0.00012940461719025085,0.9998705953828095
2023-11-05,13,13,0,1.0,0.0,13,1.0,0.0008398011395884199,0.9991601988604131
2023-11-06,30,30,0,1.0,0.0,30,1.0,0.0024523253338493835,0.9975476746661507
2023-11-07,37,37,0,1.0,0.0,37,1.0,0.0010024919421847058,0.9989975080578138
2023-11-08,33,33,0,1.0,0.0,33,1.0,0.001471128700044133,0.9985288712999557
2023-11-09,29,29,0,1.0,0.0,29,1.0,0.0023109007169999566,0.9976890992829991
2023-11-10,21,21,0,1.0,0.0,21,1.0,0.003978023152500985,0.9960219768474973
2023-11-11,8,8,0,1.0,0.0,8,1.0,0.00030622756993932046,0.9996937724300575
2023-11-12,8,8,0,1.0,0.0,8,1.0,0.001527056996628061,0.9984729430033742
2023-11-13,27,27,0,1.0,0.0,27,1.0,0.00055430348640789,0.999445696513589
2023-11-14,39,39,0,1.0,0.0,39,1.0,0.0061463578112147975,0.9938536421887847
2023-11-15,28,28,0,1.0,0.0,28,1.0,0.0010382382308728275,0.9989617617691284
2023-11-16,23,23,0,1.0,0.0,23,1.0,0.0019711607341500745,0.9980288392658502
2023-11-17,22,22,0,1.0,0.0,22,1.0,0.0017986449651683973,0.99820135503483
2023-11-18,10,10,0,1.0,0.0,10,1.0,0.0025587994296529014,0.9974412005703484
2023-11-19,5,5,0,1.0,0.0,5,1.0,0.0019326649486879842,0.9980673350513097
2023-11-20,20,20,0,1.0,0.0,20,1.0,0.0027233444203922405,0.997276655579611
2023-11-21,19,19,0,1.0,0.0,19,1.0,0.001864553238425292,0.9981354467615775
2023-11-22,24,24,0,1.0,0.0,24,1.0,0.008116713782620312,0.9918832862173806
2023-11-23,24,24,0,1.0,0.0,24,1.0,0.0008854673123331702,0.9991145326876675
2023-11-24,24,24,0,1.0,0.0,24,1.0,0.0017461803386561066,0.9982538196613451
2023-11-25,6,6,0,1.0,0.0,6,1.0,0.00013841524613704585,0.9998615847538663
2023-11-26,9,9,0,1.0,0.0,9,1.0,0.001554740583332522,0.9984452594166677
2023-11-27,21,21,0,1.0,0.0,21,1.0,0.0006745710952780359,0.9993254289047189
2023-11-28,25,25,0,1.0,0.0,25,1.0,0.0005253106914760474,0.9994746893085243
2023-11-29,28,28,0,1.0,0.0,28,1.0,0.000593396731148817,0.9994066032688514
2023-11-30,25,25,0,1.0,0.0,25,1.0,0.0021438437500133885,0.9978561562499858
2023-12-01,33,33,0,1.0,0.0,33,1.0,0.0023169622573880524,0.9976830377426111
2023-12-02,9,9,0,1.0,0.0,9,1.0,0.0005440057973132937,0.9994559942026879
2023-12-03,27,27,0,1.0,0.0,27,1.0,0.0004065849585588347,0.99959341504144
2023-12-04,33,33,0,1.0,0.0,33,1.0,0.0015286505043934366,0.9984713494956062
2023-12-05,40,40,0,1.0,0.0,40,1.0,0.0014092775779106538,0.9985907224220888
2023-12-06,36,36,0,1.0,0.0,36,1.0,0.0009860468630721224,0.999013953136926
2023-12-07,38,38,0,1.0,0.0,38,1.0,0.0007354692013969285,0.9992645307986033
2023-12-08,28,28,0,1.0,0.0,28,1.0,0.0020123119696007943,0.9979876880304006
2023-12-09,8,8,0,1.0,0.0,8,1.0,8.524016681799571e-05,0.9999147598331837
2023-12-10,17,17,0,1.0,0.0,17,1.0,0.0008339768818350378,0.9991660231181655
2023-12-11,59,59,0,1.0,0.0,59,1.0,0.0017538927496970897,0.9982461072503025
2023-12-12,62,62,0,1.0,0.0,62,1.0,0.0025404177062690516,0.9974595822937313
2023-12-13,42,42,0,1.0,0.0,42,1.0,0.0013175952158038218,0.9986824047841966
2023-12-14,17,17,0,1.0,0.0,17,1.0,0.0004884821998370576,0.9995115178001617
2023-12-15,9,9,0,1.0,0.0,9,1.0,0.0014362276753890893,0.9985637723246127
2023-12-16,159,159,0,1.0,0.0,159,1.0,0.0009421343862490313,0.9990578656137512
2023-12-21,1,1,0,1.0,0.0,1,1.0,1.1408860405181753e-05,0.9999885911395936
2023-12-22,1,1,0,1.0,0.0,1,1.0,5.0391031493088776e-05,0.9999496089685086
2023-12-28,2,2,0,1.0,0.0,2,1.0,2.03975779164862e-05,0.9999796024220886
2023-12-29,2,2,0,1.0,0.0,2,1.0,3.234613974487636e-05,0.9999676538602542
2024-01-01,1,1,0,1.0,0.0,1,1.0,8.935110056192099e-05,0.9999106488994494
2024-01-02,4,4,0,1.0,0.0,4,1.0,2.628755528660449e-05,0.9999737124447122
2024-01-03,2,2,0,1.0,0.0,2,1.0,3.1206634515762116e-05,0.9999687933654857
2024-01-04,5,5,0,1.0,0.0,5,1.0,0.00036267049583355027,0.9996373295041634
2024-01-05,1,1,0,1.0,0.0,1,1.0,4.323886677895644e-06,0.9999956761133122
2024-01-08,3,3,0,1.0,0.0,3,1.0,5.82911461773944e-05,0.9999417088538225
