Date,NB_Article_Count,NB_Positive_Count,NB_Negative_Count,NB_Neutral_Count,NB_Positive_Ratio,NB_Negative_Ratio,NB_Neutral_Ratio,NB_Net_Sentiment,NB_Net_Sentiment_Ratio,NB_negative_Mean_Proba,NB_neutral_Mean_Proba,NB_positive_Mean_Proba
1999-09-01,1,1,0,0,1.0,0.0,0.0,1,1.0,0.008691024709789073,0.2633426656891241,0.7279663096010863
1999-09-28,1,1,0,0,1.0,0.0,0.0,1,1.0,0.0014752798847249826,0.11254043859681741,0.8859842815184577
1999-10-06,1,1,0,0,1.0,0.0,0.0,1,1.0,0.013354868457251047,0.3696315409690903,0.6170135905736585
1999-11-02,1,1,0,0,1.0,0.0,0.0,1,1.0,0.01295652187442242,0.27172236225584884,0.7153211158697271
1999-11-09,1,1,0,0,1.0,0.0,0.0,1,1.0,0.007063844865870364,0.18012173424623198,0.8128144208878969
1999-11-29,1,1,0,0,1.0,0.0,0.0,1,1.0,0.002587114886808516,0.061765344421641735,0.935647540691549
1999-12-07,1,0,0,1,0.0,0.0,1.0,0,0.0,0.00730441548282445,0.4981264070643244,0.4945691774528506
1999-12-29,1,1,0,0,1.0,0.0,0.0,1,1.0,0.001109209633879396,0.045560279891065536,0.9533305104750542
2000-01-10,1,1,0,0,1.0,0.0,0.0,1,1.0,0.002219743600106359,0.08985584108045502,0.9079244153194374
2000-01-12,1,1,0,0,1.0,0.0,0.0,1,1.0,0.007439338659366976,0.32021119701708406,0.6723494643235485
2000-01-14,1,1,0,0,1.0,0.0,0.0,1,1.0,0.006900826835738185,0.16152764743682255,0.8315715257274403
2000-01-20,1,1,0,0,1.0,0.0,0.0,1,1.0,0.002928800796571653,0.07551045814049263,0.921560741062935
2000-04-17,1,1,0,0,1.0,0.0,0.0,1,1.0,0.004456361384949265,0.0393366805892959,0.9562069580257545
2000-04-21,1,1,0,0,1.0,0.0,0.0,1,1.0,0.002812651314250594,0.07647899983699595,0.920708348848754
2000-06-13,1,1,0,0,1.0,0.0,0.0,1,1.0,0.012019398534331408,0.27463646134581543,0.7133441401198525
2000-08-07,1,1,0,0,1.0,0.0,0.0,1,1.0,0.008022066059744051,0.11974593366526337,0.872232000274993
2000-09-13,1,1,0,0,1.0,0.0,0.0,1,1.0,0.0031250977536442727,0.10714354427455351,0.8897313579718023
2000-12-07,1,1,0,0,1.0,0.0,0.0,1,1.0,0.011421823465354811,0.31763249750529404,0.6709456790293504
2000-12-09,1,1,0,0,1.0,0.0,0.0,1,1.0,0.003990925331245757,0.017912828728276434,0.9780962459404781
2000-12-15,2,2,0,0,1.0,0.0,0.0,2,1.0,0.014106400941442386,0.20374656095302474,0.7821470381055332
2001-01-03,1,1,0,0,1.0,0.0,0.0,1,1.0,0.00019998494907839565,0.11809740107713342,0.8817026139737868
2001-01-04,1,1,0,0,1.0,0.0,0.0,1,1.0,9.684850170993547e-05,0.035864837193409854,0.964038314304882
2001-01-05,1,1,0,0,1.0,0.0,0.0,1,1.0,0.0001490327624198107,0.07014879915646278,0.929702168081114
2001-01-08,1,1,0,0,1.0,0.0,0.0,1,1.0,0.01113713372295495,0.12389770135377248,0.8649651649232719
2001-01-12,1,1,0,0,1.0,0.0,0.0,1,1.0,0.0033941401779548543,0.06791465859164345,0.9286912012304026
2001-01-15,1,1,0,0,1.0,0.0,0.0,1,1.0,0.00161998446498091,0.03881359983219171,0.9595664157028269
2001-01-18,1,1,0,0,1.0,0.0,0.0,1,1.0,0.0003156845671544918,0.016719545460238832,0.9829647699726074
2001-02-10,1,1,0,0,1.0,0.0,0.0,1,1.0,0.00569442535956538,0.03957774514008996,0.9547278295003454
2001-03-16,1,1,0,0,1.0,0.0,0.0,1,1.0,0.0008191081441719507,0.036317760990033435,0.9628631308657922
2001-04-16,2,2,0,0,1.0,0.0,0.0,2,1.0,0.008393999510073667,0.22367641571538183,0.767929584774545
2001-04-25,1,1,0,0,1.0,0.0,0.0,1,1.0,0.011277620220918811,0.4702791795670263,0.5184432002120546
2001-08-07,1,1,0,0,1.0,0.0,0.0,1,1.0,0.006639142633719742,0.20377697284268406,0.7895838845235974
2001-08-27,1,1,0,0,1.0,0.0,0.0,1,1.0,0.010107019572022457,0.39018364216115387,0.5997093382668243
2001-08-31,2,2,0,0,1.0,0.0,0.0,2,1.0,0.00666949841605532,0.267778362474947,0.7255521391089969
2001-09-26,1,1,0,0,1.0,0.0,0.0,1,1.0,0.006012930911049416,0.2563816365160572,0.7376054325728933
2001-10-24,1,1,0,0,1.0,0.0,0.0,1,1.0,0.006793534474541166,0.34272466513520866,0.6504818003902503
2001-12-03,1,1,0,0,1.0,0.0,0.0,1,1.0,0.0011222025528959266,0.035582146907242186,0.9632956505398604
2002-01-08,1,1,0,0,1.0,0.0,0.0,1,1.0,0.009363674522418047,0.31418145485032506,0.6764548706272578
2002-01-11,1,1,0,0,1.0,0.0,0.0,1,1.0,0.006103336086721642,0.14883337506223718,0.8450632888510412
2002-02-05,1,1,0,0,1.0,0.0,0.0,1,1.0,0.010781883426768375,0.16831365201393347,0.8209044645592968
2002-05-14,1,1,0,0,1.0,0.0,0.0,1,1.0,0.005932569116281926,0.21557179794993273,0.7784956329337863
2002-06-19,1,1,0,0,1.0,0.0,0.0,1,1.0,0.0009832144236105085,0.00995088863104484,0.9890658969453456
2002-09-19,1,1,0,0,1.0,0.0,0.0,1,1.0,0.0031318429598913,0.10120768166124403,0.8956604753788653
2002-12-28,1,1,0,0,1.0,0.0,0.0,1,1.0,0.009044718889268779,0.11706301254355171,0.8738922685671788
2003-01-14,1,0,0,1,0.0,0.0,1.0,0,0.0,0.004599388523948491,0.5029077108159637,0.4924929006600894
2003-01-20,1,1,0,0,1.0,0.0,0.0,1,1.0,0.004930133202048654,0.1125981255984349,0.8824717411995151
2003-02-06,1,1,0,0,1.0,0.0,0.0,1,1.0,0.007994171255652039,0.2433758616906837,0.7486299670536635
2003-03-20,1,0,0,1,0.0,0.0,1.0,0,0.0,0.01876281585670486,0.6043193365359895,0.376917847607307
2003-04-02,1,1,0,0,1.0,0.0,0.0,1,1.0,0.008170167314582,0.2990819178983737,0.692747914787045
2003-04-29,1,0,0,1,0.0,0.0,1.0,0,0.0,0.004885614100450061,0.5025682180580623,0.4925461678414892
2003-05-06,1,0,0,1,0.0,0.0,1.0,0,0.0,0.006239965578142736,0.8856938172577585,0.10806621716409778
2003-05-28,1,1,0,0,1.0,0.0,0.0,1,1.0,0.006202000419699832,0.3923913622812562,0.601406637299043
2003-06-03,1,0,0,1,0.0,0.0,1.0,0,0.0,0.008137927716067328,0.5147058001481577,0.4771562721357753
2003-06-24,1,0,0,1,0.0,0.0,1.0,0,0.0,0.009639658774474688,0.6447721777982793,0.34558816342724463
2003-08-14,1,1,0,0,1.0,0.0,0.0,1,1.0,0.0029683309328476077,0.27922087671355167,0.7178107923536006
2003-09-14,1,1,0,0,1.0,0.0,0.0,1,1.0,0.007429815877443709,0.42633678515422924,0.5662333989683258
2003-09-16,1,1,0,0,1.0,0.0,0.0,1,1.0,0.0050845815430684725,0.077232401472503,0.9176830169844284
2003-10-09,1,1,0,0,1.0,0.0,0.0,1,1.0,0.0034737271417082886,0.38724267629356796,0.6092835965647223
2003-10-29,1,1,0,0,1.0,0.0,0.0,1,1.0,0.002877013653204889,0.38480462319436454,0.6123183631524309
2003-11-05,1,0,0,1,0.0,0.0,1.0,0,0.0,0.00829203418178735,0.752719596944322,0.23898836887389183
2003-11-14,1,1,0,0,1.0,0.0,0.0,1,1.0,0.010365666595166474,0.11375679719376788,0.8758775362110658
2003-11-19,1,1,0,0,1.0,0.0,0.0,1,1.0,0.004014455883302545,0.18544261218002348,0.810542931936673
2003-11-27,1,0,0,1,0.0,0.0,1.0,0,0.0,0.012117035851586026,0.6487758460903357,0.3391071180580773
2003-12-29,1,1,0,0,1.0,0.0,0.0,1,1.0,0.0036295179593655823,0.31402885624572935,0.6823416257949065
2004-01-07,1,0,0,1,0.0,0.0,1.0,0,0.0,0.010649692194656026,0.6702026174239158,0.319147690381427
2004-01-30,1,1,0,0,1.0,0.0,0.0,1,1.0,0.0019980982943763994,0.030959110656985592,0.9670427910486383
2004-02-03,1,1,0,0,1.0,0.0,0.0,1,1.0,0.0018894969076201733,0.11917803312130305,0.8789324699710751
2004-02-25,1,0,0,1,0.0,0.0,1.0,0,0.0,0.01417546548701649,0.6355290364163377,0.3502954980966466
2004-03-19,1,0,0,1,0.0,0.0,1.0,0,0.0,0.009240162115275835,0.517498791891358,0.4732610459933679
2004-03-24,1,1,0,0,1.0,0.0,0.0,1,1.0,0.007976532288398328,0.27746770552144107,0.7145557621901616
2004-03-26,1,0,0,1,0.0,0.0,1.0,0,0.0,0.011561869934641915,0.6542769151330752,0.3341612149322815
2004-03-30,1,1,0,0,1.0,0.0,0.0,1,1.0,0.013212167131497962,0.3802533147097929,0.6065345181587096
2004-04-06,1,1,0,0,1.0,0.0,0.0,1,1.0,0.008395877757740106,0.47907437188576324,0.5125297503564971
2004-04-13,1,1,0,0,1.0,0.0,0.0,1,1.0,0.00790799803986524,0.39524749056194597,0.5968445113981874
2004-04-19,1,1,0,0,1.0,0.0,0.0,1,1.0,0.009125823151854031,0.4337702314983978,0.557103945349749
2004-05-20,1,1,0,0,1.0,0.0,0.0,1,1.0,0.004415686145087889,0.13863351598556067,0.8569507978693512
2004-05-21,1,1,0,0,1.0,0.0,0.0,1,1.0,0.01195173559326512,0.2556976832585665,0.7323505811481684
2004-06-04,1,1,0,0,1.0,0.0,0.0,1,1.0,0.0027463645682898994,0.13384644734123405,0.863407188090476
2004-06-08,1,0,0,1,0.0,0.0,1.0,0,0.0,0.00790665657653091,0.6454329569056638,0.34666038651780645
2004-06-18,1,1,0,0,1.0,0.0,0.0,1,1.0,0.026938912449505286,0.09586511310811854,0.8771959744423754
2004-06-29,1,0,0,1,0.0,0.0,1.0,0,0.0,0.005923265608749374,0.5192339036835868,0.4748428307076642
2004-07-01,1,1,0,0,1.0,0.0,0.0,1,1.0,0.004693522136813056,0.46089236628646535,0.5344141115767215
2004-07-12,1,1,0,0,1.0,0.0,0.0,1,1.0,0.007998671831529388,0.4142234697487671,0.5777778584197025
2004-07-15,1,1,0,0,1.0,0.0,0.0,1,1.0,0.01931522074811778,0.01834950871132452,0.9623352705405586
2004-07-26,1,0,0,1,0.0,0.0,1.0,0,0.0,0.009650206568921526,0.6335833917842199,0.35676640164685786
2004-08-19,1,1,0,0,1.0,0.0,0.0,1,1.0,0.02580050418474459,0.03126425022040172,0.9429352455948531
2004-08-31,1,1,0,0,1.0,0.0,0.0,1,1.0,0.0066629816736532375,0.40301018705132446,0.5903268312750234
2004-09-15,1,1,0,0,1.0,0.0,0.0,1,1.0,0.004682390970294571,0.3579010298280395,0.6374165792016664
2004-09-24,1,1,0,0,1.0,0.0,0.0,1,1.0,0.009271126175935899,0.2676729236844037,0.7230559501396608
2004-10-15,1,1,0,0,1.0,0.0,0.0,1,1.0,0.009502152549786019,0.1889954744999061,0.8015023729503061
2004-10-19,1,1,0,0,1.0,0.0,0.0,1,1.0,0.007454156195643218,0.1481008352990087,0.8444450085053483
2004-10-20,1,1,0,0,1.0,0.0,0.0,1,1.0,0.008649227214836186,0.3494206827803125,0.6419300900048526
2004-10-25,3,3,0,0,1.0,0.0,0.0,3,1.0,0.006522026833694977,0.18262464738927364,0.8108533257770315
2004-10-27,1,0,0,1,0.0,0.0,1.0,0,0.0,0.012120407468924416,0.8024459713729049,0.18543362115817233
2004-11-04,1,1,0,0,1.0,0.0,0.0,1,1.0,0.0034848727724517635,0.381783410751207,0.6147317164763411
2004-11-15,1,1,0,0,1.0,0.0,0.0,1,1.0,0.028772800968500503,0.23322036213227074,0.7380068368992303
2004-12-10,1,1,0,0,1.0,0.0,0.0,1,1.0,0.008261801777544962,0.29965389194233416,0.6920843062801222
2005-01-11,2,1,0,1,0.5,0.0,0.5,1,0.5,0.00569472985114534,0.3532522269331646,0.6410530432156898
2005-01-12,1,0,0,1,0.0,0.0,1.0,0,0.0,0.0045869746546111905,0.8665381237485431,0.1288749015968442
2005-01-17,1,0,0,1,0.0,0.0,1.0,0,0.0,0.011075490453533081,0.6669563744701932,0.3219681350762751
2005-01-18,2,0,0,2,0.0,0.0,1.0,0,0.0,0.01132294004476975,0.6485301982417342,0.3401468617134953
2005-01-20,1,0,0,1,0.0,0.0,1.0,0,0.0,0.021562308847465003,0.5218849669703587,0.45655272418217746
2005-01-21,1,1,0,0,1.0,0.0,0.0,1,1.0,0.016708189433533326,0.36726150334284846,0.6160303072236184
2005-01-25,1,0,0,1,0.0,0.0,1.0,0,0.0,0.005616997001887958,0.7369530199913229,0.257429983006788
2005-02-07,1,1,0,0,1.0,0.0,0.0,1,1.0,0.01122418108581617,0.4132079534431872,0.5755678654709981
2005-02-22,1,1,0,0,1.0,0.0,0.0,1,1.0,0.011376563968822034,0.29692328543833046,0.6917001505928471
2005-02-28,2,2,0,0,1.0,0.0,0.0,2,1.0,0.00722904415948195,0.35993940838733224,0.6328315474531858
2005-03-05,2,2,0,0,1.0,0.0,0.0,2,1.0,0.010489805323375805,0.40184763995681094,0.5876625547198128
2005-03-08,1,1,0,0,1.0,0.0,0.0,1,1.0,0.00349975666745449,0.05455406211672297,0.9419461812158232
2005-03-11,1,0,0,1,0.0,0.0,1.0,0,0.0,0.0068911742570585775,0.651648101589746,0.34146072415319456
2005-03-14,1,1,0,0,1.0,0.0,0.0,1,1.0,0.012479271741317553,0.2741408936348663,0.7133798346238164
2005-03-23,1,1,0,0,1.0,0.0,0.0,1,1.0,0.018656582008660466,0.34662849149702285,0.6347149264943178
2005-04-15,1,1,0,0,1.0,0.0,0.0,1,1.0,0.008489398067112972,0.0715877752894582,0.9199228266434292
2005-04-29,1,0,0,1,0.0,0.0,1.0,0,0.0,0.011603806564497936,0.6131181133393587,0.37527808009614494
2005-05-16,1,1,0,0,1.0,0.0,0.0,1,1.0,0.0051298391462934485,0.28758642136332274,0.7072837394903821
2005-05-18,1,1,0,0,1.0,0.0,0.0,1,1.0,0.0010258068387117155,0.06250362388568365,0.936470569275604
2005-05-20,1,1,0,0,1.0,0.0,0.0,1,1.0,0.007677983024226824,0.058061310024096396,0.9342607069516767
2005-05-24,2,2,0,0,1.0,0.0,0.0,2,1.0,0.0015494776374829953,0.10490178931751301,0.8935487330450053
2005-06-03,1,0,0,1,0.0,0.0,1.0,0,0.0,0.008705807338861843,0.7160720747705704,0.27522211789056733
2005-06-06,2,2,0,0,1.0,0.0,0.0,2,1.0,0.0025803863590465456,0.45389489692778306,0.543524716713171
2005-06-07,1,1,0,0,1.0,0.0,0.0,1,1.0,0.00046384188491758506,0.043925468543872755,0.955610689571209
2005-06-08,1,1,0,0,1.0,0.0,0.0,1,1.0,0.008515730505839685,0.21894800454663915,0.7725362649475223
2005-06-13,2,2,0,0,1.0,0.0,0.0,2,1.0,0.0072892577454804555,0.32546509950879354,0.6672456427457265
2005-06-27,1,1,0,0,1.0,0.0,0.0,1,1.0,0.008829460053072618,0.12211173736879724,0.8690588025781314
2005-06-28,1,1,0,0,1.0,0.0,0.0,1,1.0,0.00033532936745248027,0.03267970984596126,0.9669849607865831
2005-07-06,1,1,0,0,1.0,0.0,0.0,1,1.0,0.0007397005464748221,0.0677165960502885,0.9315437034032356
2005-07-14,2,2,0,0,1.0,0.0,0.0,2,1.0,0.002440635536408771,0.23358112532893252,0.7639782391346588
2005-07-15,1,1,0,0,1.0,0.0,0.0,1,1.0,0.0004711570923123302,0.047022120959740815,0.9525067219479445
2005-07-26,1,1,0,0,1.0,0.0,0.0,1,1.0,0.005095089147712278,0.20525995893219504,0.7896449519200935
2005-08-02,1,1,0,0,1.0,0.0,0.0,1,1.0,0.006493818248892924,0.3838884365303698,0.6096177452207384
2005-08-16,1,1,0,0,1.0,0.0,0.0,1,1.0,0.00046113640528623704,0.038473466072997384,0.9610653975217195
2005-08-17,1,1,0,0,1.0,0.0,0.0,1,1.0,0.003283310539740911,0.04757214983120419,0.9491445396290534
2005-08-23,1,0,0,1,0.0,0.0,1.0,0,0.0,0.009484848179443837,0.6426768559352548,0.34783829588530063
2005-08-26,1,1,0,0,1.0,0.0,0.0,1,1.0,0.0053222962470858715,0.2832348639022668,0.7114428398506468
2005-08-30,2,1,0,1,0.5,0.0,0.5,1,0.5,0.005987124603933948,0.39200100749023253,0.6020118679058346
2005-08-31,2,2,0,0,1.0,0.0,0.0,2,1.0,0.01917506220354202,0.33296966749910406,0.6478552702973535
2005-09-01,1,1,0,0,1.0,0.0,0.0,1,1.0,0.009126183412398447,0.1879523706537385,0.8029214459338617
2005-09-02,1,0,0,1,0.0,0.0,1.0,0,0.0,0.006496041879687356,0.661046044118802,0.33245791400150937
2005-09-06,1,1,0,0,1.0,0.0,0.0,1,1.0,0.010906344403166669,0.27832379133318363,0.7107698642636497
2005-09-07,1,1,0,0,1.0,0.0,0.0,1,1.0,0.00811246334898818,0.14246487767457616,0.8494226589764369
2005-09-08,1,0,0,1,0.0,0.0,1.0,0,0.0,0.013161280194407831,0.6277496973826725,0.3590890224229199
2005-09-14,3,3,0,0,1.0,0.0,0.0,3,1.0,0.010468687976037854,0.27434318204131697,0.7151881299826449
2005-09-19,1,0,0,1,0.0,0.0,1.0,0,0.0,0.007123813338750041,0.5099259558088963,0.4829502308523552
2005-09-20,1,0,0,1,0.0,0.0,1.0,0,0.0,0.022296555000326665,0.49462718269440653,0.4830762623052676
2005-09-26,1,0,0,1,0.0,0.0,1.0,0,0.0,0.005757392719545804,0.5820776432399276,0.4121649640405267
2005-09-28,1,0,0,1,0.0,0.0,1.0,0,0.0,0.014329444324735456,0.5128941618487671,0.4727763938264978
2005-09-29,1,1,0,0,1.0,0.0,0.0,1,1.0,0.000558637876678225,0.07175004291171798,0.9276913192116026
2005-10-03,1,1,0,0,1.0,0.0,0.0,1,1.0,0.0018370628267019436,0.13861287983659415,0.859550057336704
2005-10-04,1,1,0,0,1.0,0.0,0.0,1,1.0,0.006670109283734491,0.05294874776874614,0.940381142947519
2005-10-12,1,0,0,1,0.0,0.0,1.0,0,0.0,0.012796370775452896,0.526352359689688,0.46085126953485933
2005-10-13,2,1,0,1,0.5,0.0,0.5,1,0.5,0.004990371128981065,0.35901722802613784,0.6359924008448814
2005-10-14,1,1,0,0,1.0,0.0,0.0,1,1.0,0.0006079635286383963,0.1428898919243692,0.8565021445469897
2005-10-17,1,1,0,0,1.0,0.0,0.0,1,1.0,0.00890354672140514,0.2458890679241441,0.7452073853544507
2005-10-24,2,2,0,0,1.0,0.0,0.0,2,1.0,0.009624791492597458,0.28497275288985513,0.7054024556175478
2005-10-28,1,1,0,0,1.0,0.0,0.0,1,1.0,0.005454107988818132,0.35872246397991264,0.6358234280312691
2005-10-31,1,0,0,1,0.0,0.0,1.0,0,0.0,0.008078579444220801,0.6291523362256095,0.3627690843301691
2005-11-03,1,1,0,0,1.0,0.0,0.0,1,1.0,0.0006145335887148731,0.06281530829943499,0.936570158111849
2005-11-04,2,2,0,0,1.0,0.0,0.0,2,1.0,0.00227208217722669,0.1135759506864624,0.8841519671363123
2005-11-21,1,1,0,0,1.0,0.0,0.0,1,1.0,0.004567829156124013,0.28424048675729385,0.7111916840865828
2005-11-22,1,1,0,0,1.0,0.0,0.0,1,1.0,0.006060159121100611,0.20185531147679056,0.79208452940211
2005-11-25,1,1,0,0,1.0,0.0,0.0,1,1.0,0.00994406201386801,0.37567673899466153,0.6143791989914695
2005-11-29,1,0,0,1,0.0,0.0,1.0,0,0.0,0.0063315217467150445,0.7218561205113067,0.2718123577419798
2005-11-30,1,1,0,0,1.0,0.0,0.0,1,1.0,0.00025776266546214327,0.05348935420549454,0.9462528831290418
2005-12-01,1,1,0,0,1.0,0.0,0.0,1,1.0,0.006280874649544205,0.2240027102821619,0.769716415068291
2005-12-05,1,1,0,0,1.0,0.0,0.0,1,1.0,0.006180549076416144,0.3435627043163596,0.6502567466072252
2005-12-07,3,2,0,1,0.6666666666666666,0.0,0.3333333333333333,2,0.6666666666666666,0.012159533177626747,0.33203647315307133,0.6558039936693012
2005-12-14,1,1,0,0,1.0,0.0,0.0,1,1.0,0.01847866267007596,0.16967112647333749,0.8118502108565854
2005-12-17,1,0,0,1,0.0,0.0,1.0,0,0.0,0.0059572859028127175,0.6867785130550802,0.30726420104210594
2005-12-19,1,0,0,1,0.0,0.0,1.0,0,0.0,0.008418663961797497,0.6459031113303854,0.3456782247078166
2005-12-21,1,1,0,0,1.0,0.0,0.0,1,1.0,0.0038969409779018895,0.18668086690191596,0.8094221921201831
2005-12-26,1,0,0,1,0.0,0.0,1.0,0,0.0,0.010387237508333737,0.5233826469158293,0.4662301155758359
2006-01-03,1,0,0,1,0.0,0.0,1.0,0,0.0,0.010618439611994492,0.6661228328144235,0.3232587275735833
2006-01-05,1,1,0,0,1.0,0.0,0.0,1,1.0,0.004635454871432022,0.23849235300074365,0.7568721921278234
2006-01-07,1,1,0,0,1.0,0.0,0.0,1,1.0,0.005196117890119155,0.29052703609701247,0.7042768460128698
2006-01-10,1,0,0,1,0.0,0.0,1.0,0,0.0,0.010200779083486242,0.5007105046048969,0.48908871631161527
2006-01-11,1,0,0,1,0.0,0.0,1.0,0,0.0,0.0033548855510231674,0.5250843669833767,0.47156074746560017
2006-01-12,1,0,0,1,0.0,0.0,1.0,0,0.0,0.010738976433475147,0.6481242585436688,0.3411367650228559
2006-01-14,1,1,0,0,1.0,0.0,0.0,1,1.0,0.00807045438486089,0.2047891621855763,0.7871403834295623
2006-01-19,1,0,0,1,0.0,0.0,1.0,0,0.0,0.004495478174804721,0.5081445618080509,0.48735996001714305
2006-01-23,1,1,0,0,1.0,0.0,0.0,1,1.0,0.006636594959885576,0.1460609025931408,0.8473025024469737
2006-01-31,1,1,0,0,1.0,0.0,0.0,1,1.0,0.013903967588891867,0.16451027727509807,0.821585755136009
2006-02-02,1,0,0,1,0.0,0.0,1.0,0,0.0,0.012903005630832654,0.5646902576057047,0.42240673676346446
2006-02-06,1,1,0,0,1.0,0.0,0.0,1,1.0,0.009553252544077686,0.42710441427657775,0.563342333179346
2006-02-07,1,1,0,0,1.0,0.0,0.0,1,1.0,0.012919536717103728,0.46020863091619657,0.5268718323666991
2006-02-08,1,0,0,1,0.0,0.0,1.0,0,0.0,0.018078895729611803,0.5572858552133121,0.42463524905707656
2006-02-09,1,1,0,0,1.0,0.0,0.0,1,1.0,0.004714549721669789,0.33695420270128223,0.6583312475770488
2006-02-11,1,1,0,0,1.0,0.0,0.0,1,1.0,0.004719637453877382,0.2987103626496612,0.6965699998964623
2006-02-14,1,1,0,0,1.0,0.0,0.0,1,1.0,0.00040423556596925277,0.051156889729582294,0.9484388747044504
2006-02-15,2,1,0,1,0.5,0.0,0.5,1,0.5,0.006345658154179903,0.44086574540912093,0.5527885964366993
2006-02-17,3,2,0,1,0.6666666666666666,0.0,0.3333333333333333,2,0.6666666666666666,0.010087263294543613,0.43089359217423234,0.5590191445312237
2006-02-24,1,0,0,1,0.0,0.0,1.0,0,0.0,0.005209676959204832,0.887864442347439,0.10692588069335551
2006-02-27,1,0,0,1,0.0,0.0,1.0,0,0.0,0.011448290533052298,0.5205617089502341,0.4679900005167144
2006-03-01,2,1,0,1,0.5,0.0,0.5,1,0.5,0.011306918574369584,0.573270523111695,0.41542255831393576
2006-03-06,1,1,0,0,1.0,0.0,0.0,1,1.0,0.010743900398252786,0.48086342036305035,0.5083926792386974
2006-03-16,1,0,0,1,0.0,0.0,1.0,0,0.0,0.0027290946300838684,0.8295043231814335,0.16776658218848314
2006-03-21,1,1,0,0,1.0,0.0,0.0,1,1.0,0.005235474207287265,0.11692254030095518,0.8778419854917578
2006-03-22,1,1,0,0,1.0,0.0,0.0,1,1.0,0.004787459553954952,0.1334307117500049,0.8617818286960399
2006-03-23,1,0,0,1,0.0,0.0,1.0,0,0.0,0.008125707592250992,0.5110362985588701,0.48083799384887854
2006-03-24,1,0,0,1,0.0,0.0,1.0,0,0.0,0.01084399815248904,0.6868978323122509,0.30225816953525964
2006-03-27,1,0,0,1,0.0,0.0,1.0,0,0.0,0.006020231978197501,0.5312396580390006,0.46274010998280024
2006-03-28,1,1,0,0,1.0,0.0,0.0,1,1.0,0.015224945716317355,0.44373038531328696,0.541044668970396
2006-03-29,1,0,0,1,0.0,0.0,1.0,0,0.0,0.010614563464963997,0.5174504069941519,0.471935029540885
2006-03-30,2,2,0,0,1.0,0.0,0.0,2,1.0,0.006274637083758408,0.1905277213851081,0.8031976415311333
2006-04-05,2,2,0,0,1.0,0.0,0.0,2,1.0,0.005907694084684705,0.39995519321949585,0.5941371126958204
2006-04-06,2,1,0,1,0.5,0.0,0.5,1,0.5,0.0016778772210999428,0.31816101581990297,0.6801611069589966
2006-04-10,1,1,0,0,1.0,0.0,0.0,1,1.0,0.024204724249016516,0.3917625381848516,0.5840327375661317
2006-04-11,1,1,0,0,1.0,0.0,0.0,1,1.0,0.008768377351972275,0.1587968084338202,0.832434814214208
2006-04-13,1,1,0,0,1.0,0.0,0.0,1,1.0,0.007542032607028053,0.29606002959373545,0.6963979377992373
2006-04-14,1,1,0,0,1.0,0.0,0.0,1,1.0,0.009026972107842009,0.40962775358261994,0.5813452743095396
2006-04-17,1,1,0,0,1.0,0.0,0.0,1,1.0,0.0027049724927184398,0.2150361597570494,0.7822588677502306
2006-04-18,1,0,0,1,0.0,0.0,1.0,0,0.0,0.0066654932165338635,0.6422827365073189,0.3510517702761482
2006-04-20,1,0,0,1,0.0,0.0,1.0,0,0.0,0.014078606319623634,0.5344465709029605,0.45147482277741646
2006-04-21,1,1,0,0,1.0,0.0,0.0,1,1.0,0.021887853150528647,0.36505592071437826,0.6130562261350937
2006-04-24,1,1,0,0,1.0,0.0,0.0,1,1.0,0.016747622310168766,0.2395457559912392,0.7437066216985919
2006-04-25,1,1,0,0,1.0,0.0,0.0,1,1.0,0.0060941373081149965,0.4824654248382306,0.5114404378536538
2006-04-27,2,2,0,0,1.0,0.0,0.0,2,1.0,0.00955695470201038,0.29966689567026694,0.6907761496277234
2006-05-02,1,1,0,0,1.0,0.0,0.0,1,1.0,0.0284291396518252,0.38079987427852907,0.5907709860696443
2006-05-08,1,1,0,0,1.0,0.0,0.0,1,1.0,0.007969016210433619,0.42973614836049684,0.5622948354290686
2006-05-15,3,1,0,2,0.3333333333333333,0.0,0.6666666666666666,1,0.3333333333333333,0.005567664951137315,0.5208800132668528,0.4735523217820104
2006-05-16,2,2,0,0,1.0,0.0,0.0,2,1.0,0.009272110217898973,0.3503255898116183,0.6404022999704829
2006-05-17,1,1,0,0,1.0,0.0,0.0,1,1.0,0.0006725404201969761,0.026002991394421065,0.9733244681853809
2006-05-19,1,1,0,0,1.0,0.0,0.0,1,1.0,0.012843206546070093,0.1456324154101254,0.8415243780438046
2006-05-24,1,1,0,0,1.0,0.0,0.0,1,1.0,0.012737505077749659,0.2805026085528748,0.7067598863693761
2006-05-25,2,2,0,0,1.0,0.0,0.0,2,1.0,0.0058688400307523765,0.2819964478188016,0.712134712150447
2006-05-26,1,1,0,0,1.0,0.0,0.0,1,1.0,0.013848943666557161,0.3326070015069487,0.6535440548264944
2006-05-29,1,1,0,0,1.0,0.0,0.0,1,1.0,0.017451228464318756,0.3130910285251697,0.6694577430105126
2006-06-01,1,1,0,0,1.0,0.0,0.0,1,1.0,0.004557914546695243,0.2165806000487447,0.7788614854045603
2006-06-07,1,1,0,0,1.0,0.0,0.0,1,1.0,0.0090563080133375,0.0950574946125364,0.8958861973741258
2006-06-14,1,1,0,0,1.0,0.0,0.0,1,1.0,0.012720867234283442,0.3614843033962321,0.6257948293694843
2006-06-15,1,1,0,0,1.0,0.0,0.0,1,1.0,0.014305339385384872,0.3457699546262315,0.639924705988384
2006-06-16,1,1,0,0,1.0,0.0,0.0,1,1.0,0.00626165845348443,0.3512834713441713,0.6424548702023438
2006-06-20,1,1,0,0,1.0,0.0,0.0,1,1.0,0.010781669952823088,0.15120209327132245,0.838016236775853
2006-06-21,1,0,0,1,0.0,0.0,1.0,0,0.0,0.0073682350219698,0.7223511953648121,0.2702805696132184
2006-06-22,2,1,0,1,0.5,0.0,0.5,1,0.5,0.007697089322964513,0.4550647661703038,0.5372381445067331
2006-06-27,2,2,0,0,1.0,0.0,0.0,2,1.0,0.0140984312487776,0.24423042011403587,0.7416711486371855
2006-06-29,1,0,0,1,0.0,0.0,1.0,0,0.0,0.008101083457631211,0.6978675628468898,0.29403135369547856
2006-07-06,1,1,0,0,1.0,0.0,0.0,1,1.0,0.004564303585650034,0.2535288704953473,0.7419068259190019
2006-07-10,1,1,0,0,1.0,0.0,0.0,1,1.0,0.016708189433533326,0.36726150334284846,0.6160303072236184
2006-07-15,1,1,0,0,1.0,0.0,0.0,1,1.0,0.0014953870046493787,0.054973126698613706,0.9435314862967353
2006-07-17,1,1,0,0,1.0,0.0,0.0,1,1.0,0.007405774016752255,0.11183006623702782,0.8807641597462184
2006-07-18,1,1,0,0,1.0,0.0,0.0,1,1.0,0.00034132668140901497,0.04504804764078163,0.9546106256778127
2006-07-20,1,1,0,0,1.0,0.0,0.0,1,1.0,0.006527229256459142,0.1427272663236143,0.8507455044199268
2006-07-21,1,1,0,0,1.0,0.0,0.0,1,1.0,0.00017216029857367512,0.034084175070135475,0.9657436646312876
2006-07-24,1,1,0,0,1.0,0.0,0.0,1,1.0,0.006503744992958439,0.4469406152900101,0.5465556397170303
2006-07-26,1,1,0,0,1.0,0.0,0.0,1,1.0,0.007002057330941984,0.25635555073224037,0.7366423919368177
2006-07-27,1,0,0,1,0.0,0.0,1.0,0,0.0,0.008202544301204151,0.6280852304353352,0.3637122252634616
2006-07-31,1,1,0,0,1.0,0.0,0.0,1,1.0,0.013541124121373543,0.4635404621624411,0.5229184137161851
2006-08-01,1,0,0,1,0.0,0.0,1.0,0,0.0,0.009710765879088598,0.8024000001804318,0.18788923394047805
2006-08-04,1,1,0,0,1.0,0.0,0.0,1,1.0,0.004593061167664744,0.4511370675600277,0.5442698712723085
2006-08-07,3,3,0,0,1.0,0.0,0.0,3,1.0,0.00411606149336844,0.10982558722440276,0.8860583512822274
2006-08-08,3,2,0,1,0.6666666666666666,0.0,0.3333333333333333,2,0.6666666666666666,0.007016165859474784,0.3624622369978637,0.6305215971426623
2006-08-10,1,0,0,1,0.0,0.0,1.0,0,0.0,0.0075256343925238,0.5693531979747333,0.42312116763274255
2006-08-14,1,1,0,0,1.0,0.0,0.0,1,1.0,0.0011277219496660335,0.20553764656413312,0.7933346314862008
2006-08-16,2,2,0,0,1.0,0.0,0.0,2,1.0,0.012371348633289161,0.2690901641344272,0.7185384872322838
2006-08-17,1,1,0,0,1.0,0.0,0.0,1,1.0,0.008730788192076094,0.292321987457727,0.6989472243501965
2006-08-21,1,1,0,0,1.0,0.0,0.0,1,1.0,0.0071044577183482,0.2707092825589913,0.7221862597226612
2006-08-23,1,1,0,0,1.0,0.0,0.0,1,1.0,0.004946441546062382,0.14477167310878392,0.8502818853451535
2006-08-24,2,2,0,0,1.0,0.0,0.0,2,1.0,0.009245268573778925,0.3131603388928555,0.6775943925333658
2006-08-25,1,1,0,0,1.0,0.0,0.0,1,1.0,0.00530779751904145,0.37340388591687923,0.6212883165640779
2006-08-28,1,1,0,0,1.0,0.0,0.0,1,1.0,0.0017666247888093404,0.13506683802515992,0.8631665371860312
2006-08-29,1,0,0,1,0.0,0.0,1.0,0,0.0,0.010721345006802663,0.6317564821985783,0.35752217279462056
2006-08-31,1,1,0,0,1.0,0.0,0.0,1,1.0,0.01253688906096948,0.1737171867394972,0.8137459241995366
2006-09-04,1,0,0,1,0.0,0.0,1.0,0,0.0,0.005711202095242592,0.7909584104390598,0.20333038746569687
2006-09-12,1,1,0,0,1.0,0.0,0.0,1,1.0,0.0032724298057465817,0.1241803108122396,0.8725472593820144
2006-09-13,1,0,0,1,0.0,0.0,1.0,0,0.0,0.005748387236588815,0.6821693507293134,0.31208226203409706
2006-09-14,2,2,0,0,1.0,0.0,0.0,2,1.0,0.007492184395163398,0.31698762683134124,0.6755201887734961
2006-09-15,2,0,0,2,0.0,0.0,1.0,0,0.0,0.008510079085355737,0.6654593061443121,0.3260306147703324
2006-09-17,1,1,0,0,1.0,0.0,0.0,1,1.0,0.01600316600378396,0.33043631214444824,0.6535605218517688
2006-09-19,1,0,0,1,0.0,0.0,1.0,0,0.0,0.013786976047455832,0.5665916528078967,0.41962137114464754
2006-09-20,1,1,0,0,1.0,0.0,0.0,1,1.0,0.008345422142177277,0.42874781743324597,0.5629067604245775
2006-09-21,1,1,0,0,1.0,0.0,0.0,1,1.0,0.007001117677797434,0.4273907016398326,0.5656081806823698
2006-09-25,1,1,0,0,1.0,0.0,0.0,1,1.0,0.002748782004008789,0.18736442646018014,0.809886791535811
2006-09-29,3,1,0,2,0.3333333333333333,0.0,0.6666666666666666,1,0.3333333333333333,0.010712944512917539,0.5345107642997239,0.45477629118735924
2006-10-04,2,1,0,1,0.5,0.0,0.5,1,0.5,0.011573361034187352,0.44796886737331165,0.5404577715925007
2006-10-09,2,2,0,0,1.0,0.0,0.0,2,1.0,0.0078156501092096,0.34047784288934374,0.6517065070014472
2006-10-12,1,1,0,0,1.0,0.0,0.0,1,1.0,0.010639691098201818,0.1547530483404638,0.8346072605613347
2006-10-13,1,0,0,1,0.0,0.0,1.0,0,0.0,0.012751420236030016,0.5420486954442258,0.44519988431974333
2006-10-16,3,2,0,1,0.6666666666666666,0.0,0.3333333333333333,2,0.6666666666666666,0.01072617348133247,0.4856584528638435,0.5036153736548239
2006-10-17,3,2,0,1,0.6666666666666666,0.0,0.3333333333333333,2,0.6666666666666666,0.00961913596784183,0.38473056929942,0.6056502947327395
2006-10-18,1,0,0,1,0.0,0.0,1.0,0,0.0,0.005911497176878795,0.5986695247275864,0.39541897809553567
2006-10-20,1,1,0,0,1.0,0.0,0.0,1,1.0,0.01032109591143619,0.36747709144052676,0.6222018126480361
2006-10-21,1,1,0,0,1.0,0.0,0.0,1,1.0,0.0006633939122522146,0.010013125280700716,0.9893234808070539
2006-10-24,1,1,0,0,1.0,0.0,0.0,1,1.0,0.008726810673263873,0.4037195485294739,0.5875536407972634
2006-10-26,2,0,0,2,0.0,0.0,1.0,0,0.0,0.011977378790753408,0.5843279277004229,0.4036946935088236
2006-10-27,2,2,0,0,1.0,0.0,0.0,2,1.0,0.008123086596927717,0.3237339841116941,0.6681429292913788
2006-10-31,3,2,0,1,0.6666666666666666,0.0,0.3333333333333333,2,0.6666666666666666,0.010864088426584243,0.5087276289764407,0.48040828259697527
2006-11-01,1,1,0,0,1.0,0.0,0.0,1,1.0,0.0031421999265830274,0.22680261957907255,0.770055180494344
2006-11-07,1,1,0,0,1.0,0.0,0.0,1,1.0,0.012615913453085959,0.16924434932828286,0.81813973721863
2006-11-08,1,1,0,0,1.0,0.0,0.0,1,1.0,0.0023857869106280664,0.06731467503244155,0.9302995380569307
2006-11-09,1,1,0,0,1.0,0.0,0.0,1,1.0,0.003122133979520103,0.23152676911856349,0.7653510969019179
2006-11-14,1,1,0,0,1.0,0.0,0.0,1,1.0,0.009822838119740577,0.3670947255464006,0.6230824363338598
2006-11-22,1,1,0,0,1.0,0.0,0.0,1,1.0,0.002555443871859356,0.17098690554630355,0.8264576505818384
2006-11-27,1,0,0,1,0.0,0.0,1.0,0,0.0,0.007829484237003276,0.6092666267836598,0.3829038889793368
2006-12-01,1,1,0,0,1.0,0.0,0.0,1,1.0,0.0007643898886601529,0.023019606734264265,0.9762160033770756
2006-12-04,1,0,0,1,0.0,0.0,1.0,0,0.0,0.007940751103849,0.5413055025223105,0.4507537463738421
2006-12-08,1,0,0,1,0.0,0.0,1.0,0,0.0,0.003265661147170699,0.9278575671580974,0.06887677169473166
2006-12-18,1,1,0,0,1.0,0.0,0.0,1,1.0,0.0047451452950565175,0.35432456639302595,0.640930288311918
2006-12-27,1,1,0,0,1.0,0.0,0.0,1,1.0,0.006898211500344236,0.3118964238885074,0.6812053646111499
2006-12-28,1,1,0,0,1.0,0.0,0.0,1,1.0,0.030268479798886673,0.32450016326239073,0.6452313569387209
2006-12-29,1,0,0,1,0.0,0.0,1.0,0,0.0,0.02380122572475735,0.5704297695449609,0.40576900473028027
2006-12-30,1,0,0,1,0.0,0.0,1.0,0,0.0,0.006226914647818391,0.6664606406508102,0.32731244470137316
2007-01-01,1,1,0,0,1.0,0.0,0.0,1,1.0,0.006286031004186631,0.04793689957076018,0.9457770694250529
2007-01-02,2,2,0,0,1.0,0.0,0.0,2,1.0,0.008597588819510258,0.06140045647296031,0.9300019547075289
2007-01-03,1,1,0,0,1.0,0.0,0.0,1,1.0,0.010909146634833885,0.07486401337516044,0.9142268399900049
2007-01-06,1,1,0,0,1.0,0.0,0.0,1,1.0,0.0036156144116554147,0.19323718296823958,0.8031472026201053
2007-01-07,1,1,0,0,1.0,0.0,0.0,1,1.0,0.0036156144116554147,0.19323718296823958,0.8031472026201053
2007-01-08,2,2,0,0,1.0,0.0,0.0,2,1.0,0.011744109243845516,0.24450995615015525,0.7437459346059989
2007-01-09,23,22,0,1,0.9565217391304348,0.0,0.043478260869565216,22,0.9565217391304348,0.007664341592633128,0.16924088008372348,0.8230947783236432
2007-01-10,28,26,0,2,0.9285714285714286,0.0,0.07142857142857142,26,0.9285714285714286,0.009805530864228803,0.22610310036312262,0.7640913687726485
2007-01-11,7,6,0,1,0.8571428571428571,0.0,0.14285714285714285,6,0.8571428571428571,0.005155142935425348,0.30473235438665347,0.6901125026779216
2007-01-12,6,6,0,0,1.0,0.0,0.0,6,1.0,0.012080256841526854,0.12252350406884742,0.8653962390896259
2007-01-13,1,1,0,0,1.0,0.0,0.0,1,1.0,0.014426768447440064,0.1157713801522511,0.8698018514003102
2007-01-15,3,3,0,0,1.0,0.0,0.0,3,1.0,0.012044426351045684,0.20060964704714665,0.7873459266018076
2007-01-16,2,2,0,0,1.0,0.0,0.0,2,1.0,0.007397232166740269,0.08738841890305685,0.9052143489302026
2007-01-17,10,10,0,0,1.0,0.0,0.0,10,1.0,0.004428815851296923,0.08291234948566552,0.9126588346630372
2007-01-18,25,23,0,2,0.92,0.0,0.08,23,0.92,0.008667137882158303,0.11416450010731825,0.8771683620105232
2007-01-19,2,2,0,0,1.0,0.0,0.0,2,1.0,0.004044939391343605,0.08671657871796323,0.9092384818906936
2007-01-22,1,1,0,0,1.0,0.0,0.0,1,1.0,0.010886295807822634,0.05210687466109509,0.937006829531081
2007-01-23,5,5,0,0,1.0,0.0,0.0,5,1.0,0.019027318388969434,0.15794087996067044,0.8230318016503603
2007-01-24,3,3,0,0,1.0,0.0,0.0,3,1.0,0.020861956020453418,0.1260445226006727,0.8530935213788733
2007-01-25,3,3,0,0,1.0,0.0,0.0,3,1.0,0.015024486168104492,0.17200112471982984,0.8129743891120658
2007-01-30,2,2,0,0,1.0,0.0,0.0,2,1.0,0.007204476036744575,0.21857185587638686,0.7742236680868678
2007-01-31,2,1,0,1,0.5,0.0,0.5,1,0.5,0.008299836925793913,0.330673923825979,0.661026239248228
2007-02-01,1,1,0,0,1.0,0.0,0.0,1,1.0,0.004246459560678209,0.4659733397288036,0.5297802007105167
2007-02-02,2,2,0,0,1.0,0.0,0.0,2,1.0,0.010381270855600578,0.09891264998290743,0.890706079161492
2007-02-03,1,1,0,0,1.0,0.0,0.0,1,1.0,0.010381270855600578,0.09891264998290743,0.890706079161492
2007-02-05,6,6,0,0,1.0,0.0,0.0,6,1.0,0.022915161088008545,0.16701977565705595,0.8100650632549353
2007-02-06,3,3,0,0,1.0,0.0,0.0,3,1.0,0.017720606304025808,0.07051451280265897,0.9117648808933142
2007-02-07,4,4,0,0,1.0,0.0,0.0,4,1.0,0.018422714697360194,0.15867614461283053,0.8229011406898095
2007-02-08,1,0,0,1,0.0,0.0,1.0,0,0.0,0.010479517728332898,0.6670032893938254,0.32251719287784275
2007-02-09,2,1,0,1,0.5,0.0,0.5,1,0.5,0.008490758271415839,0.57028404380667,0.4212251979219137
2007-02-12,6,6,0,0,1.0,0.0,0.0,6,1.0,0.009681753670701123,0.12690551078396403,0.8634127355453347
2007-02-13,2,2,0,0,1.0,0.0,0.0,2,1.0,0.007195339447770826,0.19888660602551528,0.7939180545267122
2007-02-15,1,1,0,0,1.0,0.0,0.0,1,1.0,0.007145705956092994,0.024170911610351762,0.9686833824335551
2007-02-16,3,3,0,0,1.0,0.0,0.0,3,1.0,0.00791344356198814,0.09017741816486795,0.9019091382731439
2007-02-17,1,1,0,0,1.0,0.0,0.0,1,1.0,0.009302320859404535,0.052922366212783484,0.9377753129278111
2007-02-21,1,1,0,0,1.0,0.0,0.0,1,1.0,0.0050175575263500544,0.10171699076974444,0.8932654517039051
2007-02-22,7,7,0,0,1.0,0.0,0.0,7,1.0,0.00420860285919446,0.1172322202369008,0.878559176903904
2007-02-23,1,0,0,1,0.0,0.0,1.0,0,0.0,0.007111509736201804,0.5945740714680798,0.39831441879571716
2007-02-26,2,2,0,0,1.0,0.0,0.0,2,1.0,0.005505940989981048,0.10143420583746124,0.893059853172558
2007-02-27,2,2,0,0,1.0,0.0,0.0,2,1.0,0.010422648130762187,0.12051132657842929,0.8690660252908089
2007-02-28,3,3,0,0,1.0,0.0,0.0,3,1.0,0.007791104816103325,0.045558500180914986,0.9466503950029818
2007-03-01,1,1,0,0,1.0,0.0,0.0,1,1.0,0.008467107698050988,0.47310276431239506,0.518430127989553
2007-03-02,2,2,0,0,1.0,0.0,0.0,2,1.0,0.010688220185468039,0.3315392204343005,0.6577725593802308
2007-03-05,1,1,0,0,1.0,0.0,0.0,1,1.0,0.019208274881373267,0.23005323133198466,0.7507384937866437
2007-03-06,1,1,0,0,1.0,0.0,0.0,1,1.0,0.01552587522975564,0.16241335656697292,0.8220607682032725
2007-03-08,1,1,0,0,1.0,0.0,0.0,1,1.0,0.003504355535254476,0.09352071248018676,0.9029749319845572
2007-03-09,1,1,0,0,1.0,0.0,0.0,1,1.0,0.003504355535254476,0.09352071248018676,0.9029749319845572
2007-03-11,2,1,0,1,0.5,0.0,0.5,1,0.5,0.013906868252554664,0.5148404956307223,0.47125263611672397
2007-03-12,2,1,0,1,0.5,0.0,0.5,1,0.5,0.013674484190342923,0.4943305424342448,0.49199497337541265
2007-03-13,2,2,0,0,1.0,0.0,0.0,2,1.0,0.006081388868229032,0.08480621929717119,0.9091123918345994
2007-03-19,2,1,0,1,0.5,0.0,0.5,1,0.5,0.012859825556223461,0.32591160235688865,0.6612285720868887
2007-03-20,1,1,0,0,1.0,0.0,0.0,1,1.0,0.004077421513435419,0.09376856172469418,0.9021540167618712
2007-03-21,2,2,0,0,1.0,0.0,0.0,2,1.0,0.008625630522320364,0.25209596115444033,0.73927840832324
2007-03-22,4,4,0,0,1.0,0.0,0.0,4,1.0,0.011228080807261398,0.1855300225541356,0.803241896638603
2007-03-28,2,2,0,0,1.0,0.0,0.0,2,1.0,0.006322840056263181,0.2472793691023447,0.7463977908413948
2007-03-29,4,3,0,1,0.75,0.0,0.25,3,0.75,0.011783712422948822,0.3055699740860399,0.6826463134910111
2007-03-30,1,1,0,0,1.0,0.0,0.0,1,1.0,0.010169358381794386,0.24912325782205694,0.7407073837961478
2007-03-31,1,1,0,0,1.0,0.0,0.0,1,1.0,0.006392207714448253,0.15756564480784374,0.8360421474777083
2007-04-01,3,3,0,0,1.0,0.0,0.0,3,1.0,0.005679777686932573,0.10796951901749662,0.8863507032955708
2007-04-02,8,7,0,1,0.875,0.0,0.125,7,0.875,0.0058474875066699475,0.16596547949126278,0.8281870330020669
2007-04-03,3,2,0,1,0.6666666666666666,0.0,0.3333333333333333,2,0.6666666666666666,0.010235080960688403,0.280828972703974,0.7089359463353371
2007-04-04,1,1,0,0,1.0,0.0,0.0,1,1.0,0.0007477059255488948,0.009787697693210692,0.9894645963812412
2007-04-06,1,1,0,0,1.0,0.0,0.0,1,1.0,0.007228736217209714,0.44336181654096746,0.5494094472418244
2007-04-09,4,3,0,1,0.75,0.0,0.25,3,0.75,0.0038127811809926396,0.29732847623588526,0.6988587425831211
2007-04-10,3,3,0,0,1.0,0.0,0.0,3,1.0,0.0034000220901528842,0.09476356600990248,0.9018364118999433
2007-04-11,1,1,0,0,1.0,0.0,0.0,1,1.0,0.002310113249996222,0.07090832024371067,0.9267815665062925
2007-04-12,9,8,0,1,0.8888888888888888,0.0,0.1111111111111111,8,0.8888888888888888,0.008198072746779774,0.17452811991168005,0.8172738073415402
2007-04-13,3,2,0,1,0.6666666666666666,0.0,0.3333333333333333,2,0.6666666666666666,0.006816357405705219,0.2903934444307745,0.7027901981635202
2007-04-15,1,1,0,0,1.0,0.0,0.0,1,1.0,0.00749650387475987,0.035176947124540746,0.9573265490006981
2007-04-16,2,2,0,0,1.0,0.0,0.0,2,1.0,0.012342821441518114,0.10466513040616932,0.8829920481523135
2007-04-18,1,1,0,0,1.0,0.0,0.0,1,1.0,0.012336179623983522,0.3812260909754229,0.6064377294005939
2007-04-20,1,1,0,0,1.0,0.0,0.0,1,1.0,0.00855074532304827,0.04494987560681644,0.9464993790701356
2007-04-21,1,1,0,0,1.0,0.0,0.0,1,1.0,0.00855074532304827,0.04494987560681644,0.9464993790701356
2007-04-23,4,3,0,1,0.75,0.0,0.25,3,0.75,0.00644906913036629,0.2029711616205516,0.790579769249083
2007-04-24,8,8,0,0,1.0,0.0,0.0,8,1.0,0.010157781871311923,0.1545679001589368,0.8352743179697515
2007-04-25,12,12,0,0,1.0,0.0,0.0,12,1.0,0.005425914477899376,0.08726749418647012,0.9073065913356307
2007-04-26,13,13,0,0,1.0,0.0,0.0,13,1.0,0.008682630321600328,0.12718725703555647,0.8641301126428433
2007-04-27,2,2,0,0,1.0,0.0,0.0,2,1.0,0.004612607170826165,0.1047368968774174,0.8906504959517565
2007-05-03,3,2,0,1,0.6666666666666666,0.0,0.3333333333333333,2,0.6666666666666666,0.006289870706696245,0.3387971620863821,0.654912967206921
2007-05-04,2,2,0,0,1.0,0.0,0.0,2,1.0,0.003376231872164101,0.1459108512760318,0.8507129168518046
2007-05-10,1,1,0,0,1.0,0.0,0.0,1,1.0,0.008135421210755181,0.11141523300264762,0.880449345786597
2007-05-11,2,2,0,0,1.0,0.0,0.0,2,1.0,0.005172395547467541,0.06784250927665159,0.9269850951758809
2007-05-15,3,2,0,1,0.6666666666666666,0.0,0.3333333333333333,2,0.6666666666666666,0.010300723348054338,0.3082733506979995,0.6814259259539455
2007-05-17,2,1,0,1,0.5,0.0,0.5,1,0.5,0.007850608394494875,0.4129544497329131,0.5791949418725907
2007-05-18,1,1,0,0,1.0,0.0,0.0,1,1.0,0.008936595135448047,0.0774332755125728,0.9136301293519782
2007-05-21,1,0,0,1,0.0,0.0,1.0,0,0.0,0.013158557373968188,0.571950122529491,0.41489132009654245
2007-05-22,1,1,0,0,1.0,0.0,0.0,1,1.0,0.008442578283334331,0.2820335270117911,0.7095238947048744
2007-05-28,1,1,0,0,1.0,0.0,0.0,1,1.0,0.006699240595749696,0.027338553011126168,0.9659622063931241
2007-05-30,8,8,0,0,1.0,0.0,0.0,8,1.0,0.007752647255573649,0.18648673109102532,0.8057606216534017
2007-05-31,4,3,0,1,0.75,0.0,0.25,3,0.75,0.005881244146376425,0.21519175014811345,0.7789270057055098
2007-06-01,1,1,0,0,1.0,0.0,0.0,1,1.0,0.00984541580313847,0.027627743684549358,0.9625268405123127
2007-06-04,6,6,0,0,1.0,0.0,0.0,6,1.0,0.007710107105098188,0.20618526814918234,0.7861046247457194
2007-06-05,2,2,0,0,1.0,0.0,0.0,2,1.0,0.007802376267390752,0.14276703868289065,0.8494305850497195
2007-06-06,2,2,0,0,1.0,0.0,0.0,2,1.0,0.0020810318035918685,0.18383239019750686,0.8140865779989008
2007-06-07,5,5,0,0,1.0,0.0,0.0,5,1.0,0.006381715846554473,0.20476756972180127,0.7888507144316439
2007-06-08,3,3,0,0,1.0,0.0,0.0,3,1.0,0.0032085351905348767,0.07427710036046697,0.9225143644489983
2007-06-09,1,1,0,0,1.0,0.0,0.0,1,1.0,0.0029888771500936055,0.108629858384352,0.8883812644655547
2007-06-11,9,9,0,0,1.0,0.0,0.0,9,1.0,0.007699718871420902,0.1834416931414056,0.8088585879871731
2007-06-12,6,5,0,1,0.8333333333333334,0.0,0.16666666666666666,5,0.8333333333333334,0.007680013893062783,0.2617213683559074,0.7305986177510295
2007-06-13,4,3,0,1,0.75,0.0,0.25,3,0.75,0.009592977407445472,0.316980689438838,0.6734263331537168
2007-06-14,4,4,0,0,1.0,0.0,0.0,4,1.0,0.007925084274260401,0.17571201313891024,0.8163629025868293
2007-06-15,2,2,0,0,1.0,0.0,0.0,2,1.0,0.009149108670199229,0.2319120522678771,0.7589388390619238
2007-06-18,6,5,0,1,0.8333333333333334,0.0,0.16666666666666666,5,0.8333333333333334,0.007672537629509445,0.25258541927051736,0.7397420430999729
2007-06-20,4,3,0,1,0.75,0.0,0.25,3,0.75,0.007661772702938048,0.2912503438755657,0.7010878834214964
2007-06-22,2,2,0,0,1.0,0.0,0.0,2,1.0,0.003281830962770816,0.05637844857906201,0.9403397204581678
2007-06-23,1,1,0,0,1.0,0.0,0.0,1,1.0,0.003281830962770816,0.05637844857906201,0.9403397204581678
2007-06-25,3,3,0,0,1.0,0.0,0.0,3,1.0,0.0048707030032275915,0.10399659671133275,0.89113270028544
2007-06-26,11,10,0,1,0.9090909090909091,0.0,0.09090909090909091,10,0.9090909090909091,0.006024621984238687,0.15460285889466957,0.8393725191210916
2007-06-27,1,1,0,0,1.0,0.0,0.0,1,1.0,0.021236892653861736,0.3298522159801398,0.6489108913659991
2007-06-28,4,4,0,0,1.0,0.0,0.0,4,1.0,0.011342244904093721,0.26492388838163416,0.7237338667142718
2007-06-29,9,9,0,0,1.0,0.0,0.0,9,1.0,0.011230949337239003,0.22768864331225241,0.7610804073505082
2007-06-30,5,4,0,1,0.8,0.0,0.2,4,0.8,0.012370622181273863,0.38014092533431126,0.6074884524844153
2007-07-01,1,1,0,0,1.0,0.0,0.0,1,1.0,0.006595844127422091,0.15865935850949547,0.834744797363082
2007-07-02,7,6,0,1,0.8571428571428571,0.0,0.14285714285714285,6,0.8571428571428571,0.0068849204290381116,0.15507769982048708,0.8380373797504739
2007-07-03,7,7,0,0,1.0,0.0,0.0,7,1.0,0.0041102617099944205,0.07247788801998513,0.92341185027002
2007-07-04,2,2,0,0,1.0,0.0,0.0,2,1.0,0.008960144178865965,0.2679863198388874,0.7230535359822486
2007-07-05,10,10,0,0,1.0,0.0,0.0,10,1.0,0.005945316427286675,0.07844494531542626,0.915609738257287
2007-07-06,5,4,0,1,0.8,0.0,0.2,4,0.8,0.009646249696733568,0.2002874167931404,0.7900663335101266
2007-07-07,1,1,0,0,1.0,0.0,0.0,1,1.0,0.008813276495835274,0.07451372908550469,0.9166729944186605
2007-07-09,2,2,0,0,1.0,0.0,0.0,2,1.0,0.017806452723246092,0.11600419093484166,0.8661893563419127
2007-07-10,1,1,0,0,1.0,0.0,0.0,1,1.0,0.014128843953004608,0.07679333425165694,0.9090778217953379
2007-07-11,2,1,0,1,0.5,0.0,0.5,1,0.5,0.010251839550630228,0.3658931106622111,0.6238550497871582
2007-07-14,1,1,0,0,1.0,0.0,0.0,1,1.0,0.001637678197626992,0.008806239732411278,0.9895560820699625
2007-07-16,1,1,0,0,1.0,0.0,0.0,1,1.0,0.006698198929659754,0.41224159219373463,0.5810602088766051
2007-07-17,2,1,0,1,0.5,0.0,0.5,1,0.5,0.011667712957826917,0.5625509553977079,0.4257813316444655
2007-07-19,1,1,0,0,1.0,0.0,0.0,1,1.0,0.00645274552539897,0.25141042167181193,0.7421368328027909
2007-07-20,2,2,0,0,1.0,0.0,0.0,2,1.0,0.00815019751560754,0.16717560671313123,0.8246741957712683
2007-07-22,1,1,0,0,1.0,0.0,0.0,1,1.0,0.006747290474825266,0.06877241313745146,0.9244802963877236
2007-07-23,4,4,0,0,1.0,0.0,0.0,4,1.0,0.03750254948162531,0.15480293307437556,0.8076945174439997
2007-07-24,8,7,0,1,0.875,0.0,0.125,7,0.875,0.03125199175669083,0.18213263700734494,0.7866153712359643
2007-07-25,8,8,0,0,1.0,0.0,0.0,8,1.0,0.00403352115108347,0.06584310756569056,0.930123371283226
2007-07-26,7,6,0,1,0.8571428571428571,0.0,0.14285714285714285,6,0.8571428571428571,0.004903476678167534,0.13358661274402694,0.8615099105778052
2007-07-27,1,1,0,0,1.0,0.0,0.0,1,1.0,0.003999715093225708,0.04001243385730132,0.9559878510494747
2007-07-30,4,4,0,0,1.0,0.0,0.0,4,1.0,0.004249668416416094,0.1353839315576516,0.8603664000259327
2007-07-31,4,4,0,0,1.0,0.0,0.0,4,1.0,0.011080034213052445,0.09606039260061236,0.8928595731863345
2007-08-01,4,2,0,2,0.5,0.0,0.5,2,0.5,0.017532785994584268,0.46463245538811876,0.5178347586172967
2007-08-02,2,2,0,0,1.0,0.0,0.0,2,1.0,0.004759510448518588,0.12086208991175398,0.874378399639727
2007-08-04,1,1,0,0,1.0,0.0,0.0,1,1.0,0.015534196362249144,0.06578810848148392,0.9186776951562662
2007-08-07,2,1,0,1,0.5,0.0,0.5,1,0.5,0.010286300283865978,0.5219143355962852,0.4677993641198483
2007-08-08,3,3,0,0,1.0,0.0,0.0,3,1.0,0.008132726514852055,0.4300577162967996,0.5618095571883475
2007-08-09,1,1,0,0,1.0,0.0,0.0,1,1.0,0.00021010505368382573,0.003965574139804149,0.995824320806516
2007-08-14,2,2,0,0,1.0,0.0,0.0,2,1.0,0.01091672237650256,0.2687536455237853,0.7203296320997122
2007-08-15,1,1,0,0,1.0,0.0,0.0,1,1.0,0.009018027226161114,0.12352644152548894,0.8674555312483495
2007-08-16,3,3,0,0,1.0,0.0,0.0,3,1.0,0.0056553674623722435,0.12536793842836444,0.868976694109263
2007-08-17,2,2,0,0,1.0,0.0,0.0,2,1.0,0.0056264470995019845,0.07633818782731608,0.9180353650731817
2007-08-20,2,2,0,0,1.0,0.0,0.0,2,1.0,0.011879269082381079,0.263070857375845,0.7250498735417735
2007-08-21,2,2,0,0,1.0,0.0,0.0,2,1.0,0.010625586761391567,0.1108684538197903,0.8785059594188178
2007-08-22,2,1,0,1,0.5,0.0,0.5,1,0.5,0.008040336102063603,0.436330016970984,0.5556296469269517
2007-08-24,2,2,0,0,1.0,0.0,0.0,2,1.0,0.010383878701340967,0.25626994406722986,0.733346177231429
2007-08-25,1,1,0,0,1.0,0.0,0.0,1,1.0,0.009284851077280425,0.1729677475647455,0.8177474013579754
2007-08-27,3,3,0,0,1.0,0.0,0.0,3,1.0,0.0069971607728244066,0.22849345919682862,0.7645093800303475
2007-08-28,3,3,0,0,1.0,0.0,0.0,3,1.0,0.007475389432955629,0.23195243293717047,0.7605721776298743
2007-08-29,11,11,0,0,1.0,0.0,0.0,11,1.0,0.006584721806100189,0.1020340452610588,0.8913812329328412
2007-08-30,3,3,0,0,1.0,0.0,0.0,3,1.0,0.0044041609065710655,0.1255770667501108,0.8700187723433186
2007-08-31,2,0,0,2,0.0,0.0,1.0,0,0.0,0.014234114972847418,0.6097994394790905,0.37596644554806213
2007-09-01,1,0,0,1,0.0,0.0,1.0,0,0.0,0.014196299672685103,0.5930744443882549,0.39272925593905905
2007-09-02,1,0,0,1,0.0,0.0,1.0,0,0.0,0.014196299672685103,0.5930744443882549,0.39272925593905905
2007-09-03,1,0,0,1,0.0,0.0,1.0,0,0.0,0.014196299672685103,0.5930744443882549,0.39272925593905905
2007-09-04,9,8,0,1,0.8888888888888888,0.0,0.1111111111111111,8,0.8888888888888888,0.008411879759396368,0.15677583867403444,0.8348122815665691
2007-09-05,16,16,0,0,1.0,0.0,0.0,16,1.0,0.0072823050594566854,0.07432979224115789,0.9183879026993857
2007-09-06,9,8,0,1,0.8888888888888888,0.0,0.1111111111111111,8,0.8888888888888888,0.009256033790376683,0.1420380459561144,0.8487059202535092
2007-09-07,7,5,0,2,0.7142857142857143,0.0,0.2857142857142857,5,0.7142857142857143,0.01044165885603762,0.3092371963053254,0.680321144838637
2007-09-10,8,7,0,1,0.875,0.0,0.125,7,0.875,0.005762918910550726,0.16715002979235233,0.8270870512970965
2007-09-11,4,3,0,1,0.75,0.0,0.25,3,0.75,0.0026398557206231436,0.2591206939650945,0.7382394503142831
2007-09-12,2,2,0,0,1.0,0.0,0.0,2,1.0,0.012454275100468837,0.14414221329283583,0.8434035116066962
2007-09-13,1,1,0,0,1.0,0.0,0.0,1,1.0,0.007249469095147418,0.1110367785092331,0.88171375239562
2007-09-14,1,1,0,0,1.0,0.0,0.0,1,1.0,0.015043507242421211,0.05224590792648418,0.9327105848310929
2007-09-15,1,1,0,0,1.0,0.0,0.0,1,1.0,0.015043507242421211,0.05224590792648418,0.9327105848310929
2007-09-16,2,2,0,0,1.0,0.0,0.0,2,1.0,0.011751829478234757,0.08406534351945184,0.9041828270023118
2007-09-17,2,2,0,0,1.0,0.0,0.0,2,1.0,0.011300336482777592,0.06452275817355045,0.924176905343671
2007-09-18,3,2,0,1,0.6666666666666666,0.0,0.3333333333333333,2,0.6666666666666666,0.008572895855192997,0.3190339471534211,0.6723931569913862
2007-09-19,4,4,0,0,1.0,0.0,0.0,4,1.0,0.007960196587119746,0.14992230618417915,0.8421174972287007
2007-09-20,4,4,0,0,1.0,0.0,0.0,4,1.0,0.011676643685130779,0.2315371319352732,0.7567862243795971
2007-09-21,3,3,0,0,1.0,0.0,0.0,3,1.0,0.007085311925835687,0.09897663664897165,0.8939380514251937
2007-09-22,1,1,0,0,1.0,0.0,0.0,1,1.0,0.0076965946031726,0.14201596445828535,0.8502874409385418
2007-09-23,1,1,0,0,1.0,0.0,0.0,1,1.0,0.0076965946031726,0.14201596445828535,0.8502874409385418
2007-09-24,9,9,0,0,1.0,0.0,0.0,9,1.0,0.0161578790856241,0.13981833657438175,0.8440237843399941
2007-09-25,3,2,0,1,0.6666666666666666,0.0,0.3333333333333333,2,0.6666666666666666,0.01872305384448589,0.2570074016630918,0.7242695444924229
2007-09-26,2,2,0,0,1.0,0.0,0.0,2,1.0,0.011640436714946169,0.1226168953405436,0.8657426679445099
2007-09-27,2,2,0,0,1.0,0.0,0.0,2,1.0,0.007895555521812026,0.17475297564719242,0.8173514688309956
2007-09-28,5,5,0,0,1.0,0.0,0.0,5,1.0,0.006858312368668527,0.2123047928889247,0.780836894742406
2007-09-29,3,3,0,0,1.0,0.0,0.0,3,1.0,0.006057672370851614,0.18718114038392564,0.8067611872452224
2007-09-30,1,1,0,0,1.0,0.0,0.0,1,1.0,0.0073413049173426045,0.30481261548503186,0.6878460795976254
2007-10-01,2,1,0,1,0.5,0.0,0.5,1,0.5,0.009036336083343127,0.44513575070557376,0.5458279132110825
2007-10-02,2,1,0,1,0.5,0.0,0.5,1,0.5,0.00789709474232226,0.4992753702685915,0.4928275349890865
2007-10-03,1,1,0,0,1.0,0.0,0.0,1,1.0,0.012097539795060975,0.40281610109329946,0.5850863591116379
2007-10-04,1,1,0,0,1.0,0.0,0.0,1,1.0,0.012797027500261182,0.2046192946620291,0.782583677837711
2007-10-05,1,0,0,1,0.0,0.0,1.0,0,0.0,0.009597718809408106,0.5083851002585775,0.48201718093201407
2007-10-11,1,1,0,0,1.0,0.0,0.0,1,1.0,0.005372083247625461,0.04838216272879677,0.9462457540235774
2007-10-12,2,1,0,1,0.5,0.0,0.5,1,0.5,0.008739439149877355,0.38969350280206777,0.601567058048055
2007-10-15,2,2,0,0,1.0,0.0,0.0,2,1.0,0.00937199100942705,0.14570659198140767,0.8449214170091652
2007-10-16,7,7,0,0,1.0,0.0,0.0,7,1.0,0.006703184032643032,0.13680323819846554,0.8564935777688921
2007-10-17,6,6,0,0,1.0,0.0,0.0,6,1.0,0.0044983829418763525,0.09954785546243178,0.8959537615956917
2007-10-18,2,2,0,0,1.0,0.0,0.0,2,1.0,0.007968501228950535,0.2567382068658445,0.7352932919052044
2007-10-19,1,1,0,0,1.0,0.0,0.0,1,1.0,0.014505360914486858,0.265064587240591,0.7204300518449215
2007-10-22,14,14,0,0,1.0,0.0,0.0,14,1.0,0.0030961711415093754,0.04548734612495486,0.9514164827335361
2007-10-23,16,15,0,1,0.9375,0.0,0.0625,15,0.9375,0.0060978737463498415,0.11518338701595238,0.8787187392376983
2007-10-24,1,1,0,0,1.0,0.0,0.0,1,1.0,0.00032418181142018863,0.03919509270091021,0.9604807254876725
2007-10-26,1,1,0,0,1.0,0.0,0.0,1,1.0,0.011108935250857472,0.43622716696438174,0.5526638977847602
2007-10-27,1,0,0,1,0.0,0.0,1.0,0,0.0,0.010664897425778263,0.5255357355431319,0.4637993670310889
2007-10-29,2,2,0,0,1.0,0.0,0.0,2,1.0,0.005826115384017923,0.18103339975884075,0.8131404848571415
2007-10-30,3,3,0,0,1.0,0.0,0.0,3,1.0,0.006922477874612608,0.1896962242003357,0.8033812979250524
2007-11-01,1,1,0,0,1.0,0.0,0.0,1,1.0,0.008346608762377285,0.3585522714204401,0.6331011198171834
2007-11-06,1,1,0,0,1.0,0.0,0.0,1,1.0,0.012794313206375802,0.37872492215704956,0.6084807646365755
2007-11-07,2,2,0,0,1.0,0.0,0.0,2,1.0,0.0013730552688247435,0.013361052178918212,0.9852658925522568
2007-11-08,1,1,0,0,1.0,0.0,0.0,1,1.0,0.003985435852032816,0.03239793093233518,0.9636166332156318
2007-11-09,1,1,0,0,1.0,0.0,0.0,1,1.0,0.011535528828181886,0.13256763496187965,0.8558968362099391
2007-11-10,1,1,0,0,1.0,0.0,0.0,1,1.0,0.005581919087267923,0.06590128817620128,0.9285167927365316
2007-11-12,1,1,0,0,1.0,0.0,0.0,1,1.0,0.0014456076765875145,0.013534550785718786,0.9850198415376946
2007-11-13,5,5,0,0,1.0,0.0,0.0,5,1.0,0.0061056794019738415,0.07675698455403224,0.9171373360439938
2007-11-14,5,5,0,0,1.0,0.0,0.0,5,1.0,0.006258192069031136,0.11421082658690414,0.8795309813440646
2007-11-15,1,1,0,0,1.0,0.0,0.0,1,1.0,0.006119101102229673,0.06417551777422874,0.9297053811235411
2007-11-20,1,1,0,0,1.0,0.0,0.0,1,1.0,0.011574019719233842,0.12971823140475117,0.8587077488760151
2007-11-21,2,2,0,0,1.0,0.0,0.0,2,1.0,0.006909082481731086,0.3550009839445119,0.6380899335737564
2007-11-26,3,3,0,0,1.0,0.0,0.0,3,1.0,0.006239792376563067,0.138651315579175,0.8551088920442625
2007-11-27,4,4,0,0,1.0,0.0,0.0,4,1.0,0.008440916499818686,0.16762826409641424,0.8239308194037669
2007-11-28,5,5,0,0,1.0,0.0,0.0,5,1.0,0.01067207711573039,0.21517555784620418,0.7741523650380657
2007-11-29,2,2,0,0,1.0,0.0,0.0,2,1.0,0.007257917443297466,0.06467908661140531,0.9280629959452978
2007-11-30,4,3,0,1,0.75,0.0,0.25,3,0.75,0.01066994190263823,0.27974400965011553,0.7095860484472468
2007-12-03,3,3,0,0,1.0,0.0,0.0,3,1.0,0.025653863409134354,0.1484051863425753,0.8259409502482903
2007-12-04,7,7,0,0,1.0,0.0,0.0,7,1.0,0.011880771317183054,0.20722602451999203,0.7808932041628248
2007-12-05,6,5,0,1,0.8333333333333334,0.0,0.16666666666666666,5,0.8333333333333334,0.005834158189803755,0.24556647252960415,0.7485993692805919
2007-12-06,8,8,0,0,1.0,0.0,0.0,8,1.0,0.007417024161292524,0.08784303675835577,0.9047399390803508
2007-12-07,6,4,0,2,0.6666666666666666,0.0,0.3333333333333333,4,0.6666666666666666,0.013016971003776105,0.31408595320912097,0.6728970757871023
2007-12-08,1,1,0,0,1.0,0.0,0.0,1,1.0,0.005453045191091699,0.24569978267507592,0.7488471721338331
2007-12-09,1,1,0,0,1.0,0.0,0.0,1,1.0,0.011393755814296875,0.15633342661491315,0.8322728175707891
2007-12-10,1,1,0,0,1.0,0.0,0.0,1,1.0,0.005474918052435058,0.331029707802004,0.6634953741455621
2007-12-11,3,0,0,3,0.0,0.0,1.0,0,0.0,0.0075733275112732324,0.7259522768970809,0.26647439559164576
2007-12-12,4,4,0,0,1.0,0.0,0.0,4,1.0,0.007796232557042402,0.09515117411723929,0.8970525933257189
2007-12-13,6,6,0,0,1.0,0.0,0.0,6,1.0,0.01820470010185859,0.16836495691916556,0.8134303429789767
2007-12-14,1,1,0,0,1.0,0.0,0.0,1,1.0,0.007391066102431709,0.2858392807008319,0.7067696531967351
2007-12-15,1,1,0,0,1.0,0.0,0.0,1,1.0,0.0042605982259542935,0.019556770421197328,0.976182631352847
2007-12-17,6,5,0,1,0.8333333333333334,0.0,0.16666666666666666,5,0.8333333333333334,0.0057395191129382996,0.21745054332596037,0.7768099375611014
2007-12-18,4,4,0,0,1.0,0.0,0.0,4,1.0,0.007014440450212715,0.12439442407800833,0.8685911354717786
2007-12-20,1,1,0,0,1.0,0.0,0.0,1,1.0,0.011955552745995144,0.10534279484224221,0.8827016524117626
2007-12-21,4,4,0,0,1.0,0.0,0.0,4,1.0,0.007864684964065817,0.11257347773573287,0.8795618373002014
2007-12-24,1,1,0,0,1.0,0.0,0.0,1,1.0,0.008366701389794211,0.41125198811188246,0.5803813104983244
2007-12-27,4,3,0,1,0.75,0.0,0.25,3,0.75,0.004447237259270199,0.37962666279681956,0.6159260999439116
2007-12-28,3,2,0,1,0.6666666666666666,0.0,0.3333333333333333,2,0.6666666666666666,0.003959063683350073,0.39858896541786476,0.5974519708987859
2007-12-29,1,1,0,0,1.0,0.0,0.0,1,1.0,0.003659153505373755,0.21949143372588775,0.7768494127687389
2007-12-30,1,1,0,0,1.0,0.0,0.0,1,1.0,0.003659153505373755,0.21949143372588775,0.7768494127687389
2007-12-31,1,1,0,0,1.0,0.0,0.0,1,1.0,0.003659153505373755,0.21949143372588775,0.7768494127687389
2008-01-03,2,2,0,0,1.0,0.0,0.0,2,1.0,0.010457196997679281,0.11769866894804756,0.8718441340542737
2008-01-04,1,1,0,0,1.0,0.0,0.0,1,1.0,0.007852632208693604,0.0823692023201697,0.9097781654711357
2008-01-05,2,2,0,0,1.0,0.0,0.0,2,1.0,0.005983512490257722,0.37464028296513396,0.6193762045446078
2008-01-07,4,4,0,0,1.0,0.0,0.0,4,1.0,0.003885390392739946,0.15813389918806856,0.8379807104191913
2008-01-08,10,9,0,1,0.9,0.0,0.1,9,0.9,0.009287798005359931,0.22250824150236567,0.7682039604922745
2008-01-09,6,6,0,0,1.0,0.0,0.0,6,1.0,0.00701221753099768,0.10249694107037532,0.8904908413986273
2008-01-10,3,3,0,0,1.0,0.0,0.0,3,1.0,0.010895464980621926,0.12830436833084038,0.8608001666885384
2008-01-11,2,2,0,0,1.0,0.0,0.0,2,1.0,0.008495968062333839,0.0805299923989096,0.9109740395387576
2008-01-14,7,5,0,2,0.7142857142857143,0.0,0.2857142857142857,5,0.7142857142857143,0.010178208181556918,0.31708054450851464,0.6727412473099285
2008-01-15,26,23,0,3,0.8846153846153846,0.0,0.11538461538461539,23,0.8846153846153846,0.008976384925851018,0.26330742247559896,0.72771619259855
2008-01-16,16,16,0,0,1.0,0.0,0.0,16,1.0,0.00745055868032815,0.180369018341392,0.8121804229782801
2008-01-17,4,3,0,1,0.75,0.0,0.25,3,0.75,0.005427803679024044,0.27745180311107714,0.7171203932098984
2008-01-18,2,2,0,0,1.0,0.0,0.0,2,1.0,0.014990836006301066,0.24264063608828257,0.7423685279054163
2008-01-21,4,4,0,0,1.0,0.0,0.0,4,1.0,0.007542873185871701,0.24496368186992779,0.747493444944201
2008-01-22,16,15,0,1,0.9375,0.0,0.0625,15,0.9375,0.008319312859164932,0.15181841533572332,0.8398622718051123
2008-01-23,10,9,0,1,0.9,0.0,0.1,9,0.9,0.009893713249645646,0.11599409001837983,0.874112196731974
2008-01-24,1,1,0,0,1.0,0.0,0.0,1,1.0,0.0002054570580351845,0.0489579648668732,0.9508365780750935
2008-01-25,1,0,0,1,0.0,0.0,1.0,0,0.0,0.003899279533158652,0.9084249741355075,0.08767574633133492
2008-01-28,2,1,0,1,0.5,0.0,0.5,1,0.5,0.0063450036897101615,0.3257732094253759,0.6678817868849124
2008-01-29,2,1,0,1,0.5,0.0,0.5,1,0.5,0.005131370692602963,0.4063801632912239,0.5884884660161724
2008-01-30,1,1,0,0,1.0,0.0,0.0,1,1.0,0.008710627186065164,0.34869201704755665,0.6425973557663771
2008-01-31,1,0,0,1,0.0,0.0,1.0,0,0.0,0.0064563748563857765,0.5254676475598464,0.46807597758376795
2008-02-04,1,1,0,0,1.0,0.0,0.0,1,1.0,0.0041799923240615,0.10979321860263719,0.8860267890733
2008-02-05,7,3,0,4,0.42857142857142855,0.0,0.5714285714285714,3,0.42857142857142855,0.010138546416922328,0.4869271263751177,0.5029343272079603
2008-02-06,3,1,0,2,0.3333333333333333,0.0,0.6666666666666666,1,0.3333333333333333,0.017199321768138175,0.607707050463003,0.37509362776885863
2008-02-07,2,2,0,0,1.0,0.0,0.0,2,1.0,0.012924201265902786,0.12859728100872336,0.8584785177253738
2008-02-08,3,3,0,0,1.0,0.0,0.0,3,1.0,0.005387837050368212,0.18790992626077982,0.8067022366888507
2008-02-10,1,1,0,0,1.0,0.0,0.0,1,1.0,0.00565616570916448,0.048158005966538506,0.9461858283242974
2008-02-11,8,8,0,0,1.0,0.0,0.0,8,1.0,0.008385300066413802,0.16994840420325213,0.8216662957303338
2008-02-12,5,5,0,0,1.0,0.0,0.0,5,1.0,0.0064318905835210795,0.10856618133685088,0.8850019280796282
2008-02-13,1,1,0,0,1.0,0.0,0.0,1,1.0,0.007479735180348724,0.1753025498273802,0.8172177149922695
2008-02-14,1,1,0,0,1.0,0.0,0.0,1,1.0,0.0034310354735807343,0.09172189750021834,0.9048470670262009
2008-02-15,4,4,0,0,1.0,0.0,0.0,4,1.0,0.005506455180090592,0.09074692663646873,0.9037466181834405
2008-02-19,4,3,0,1,0.75,0.0,0.25,3,0.75,0.011078967299473446,0.3508969611283292,0.6380240715721983
2008-02-20,2,1,0,1,0.5,0.0,0.5,1,0.5,0.004005404270880711,0.42362660589260576,0.572367989836513
2008-02-21,2,2,0,0,1.0,0.0,0.0,2,1.0,0.005542461323777814,0.13358293657825415,0.8608746020979677
2008-02-22,2,0,0,2,0.0,0.0,1.0,0,0.0,0.00775728177478199,0.7651756443770907,0.22706707384812622
2008-02-25,3,3,0,0,1.0,0.0,0.0,3,1.0,0.011765663391153315,0.12712065122347768,0.8611136853853693
2008-02-26,7,4,0,3,0.5714285714285714,0.0,0.42857142857142855,4,0.5714285714285714,0.010114033786082943,0.3605692050068154,0.6293167612071011
2008-02-27,9,7,0,2,0.7777777777777778,0.0,0.2222222222222222,7,0.7777777777777778,0.0061689257146793665,0.17639961616391092,0.8174314581214102
2008-02-28,4,4,0,0,1.0,0.0,0.0,4,1.0,0.005177875536015295,0.08739769875997272,0.9074244257040125
2008-02-29,2,1,0,1,0.5,0.0,0.5,1,0.5,0.006107565327781078,0.5012539842120601,0.49263845046015853
2008-03-03,5,4,0,1,0.8,0.0,0.2,4,0.8,0.00533079141345272,0.2266583017792839,0.7680109068072639
2008-03-04,10,10,0,0,1.0,0.0,0.0,10,1.0,0.005068981479666042,0.07461162413191472,0.9203193943884195
2008-03-05,3,2,0,1,0.6666666666666666,0.0,0.3333333333333333,2,0.6666666666666666,0.0036566005947066423,0.2199827221423443,0.7763606772629484
2008-03-06,10,9,0,1,0.9,0.0,0.1,9,0.9,0.006935192713344311,0.17136941719508975,0.8216953900915659
2008-03-07,4,3,0,1,0.75,0.0,0.25,3,0.75,0.006874790964331863,0.2970499088213377,0.6960753002143298
2008-03-10,3,3,0,0,1.0,0.0,0.0,3,1.0,0.01225691156444444,0.3137478025957853,0.6739952858397698
2008-03-11,5,5,0,0,1.0,0.0,0.0,5,1.0,0.009523285261794509,0.14608296108523466,0.844393753652971
2008-03-12,4,4,0,0,1.0,0.0,0.0,4,1.0,0.033101322224276766,0.159949478924423,0.8069491988513002
2008-03-13,3,2,0,1,0.6666666666666666,0.0,0.3333333333333333,2,0.6666666666666666,0.009359841524223722,0.24994144252697426,0.7406987159488022
2008-03-14,2,2,0,0,1.0,0.0,0.0,2,1.0,0.005373228337314595,0.24728706190279026,0.7473397097598953
2008-03-17,2,2,0,0,1.0,0.0,0.0,2,1.0,0.006202297986231713,0.07384192564737482,0.9199557763663944
2008-03-18,3,3,0,0,1.0,0.0,0.0,3,1.0,0.011457392872591522,0.17289374274466418,0.8156488643827432
2008-03-19,3,1,0,2,0.3333333333333333,0.0,0.6666666666666666,1,0.3333333333333333,0.00811104206728618,0.4483770591084039,0.5435118988243093
2008-03-20,2,1,0,1,0.5,0.0,0.5,1,0.5,0.009273993911622756,0.4901744382174219,0.5005515678709552
2008-03-23,1,1,0,0,1.0,0.0,0.0,1,1.0,0.004839125527678675,0.024631225058479117,0.9705296494138418
2008-03-24,2,2,0,0,1.0,0.0,0.0,2,1.0,0.005290940543458392,0.04164404828659453,0.953065011169947
2008-03-25,3,3,0,0,1.0,0.0,0.0,3,1.0,0.006048617680272054,0.1237582397575268,0.8701931425622021
2008-03-26,6,6,0,0,1.0,0.0,0.0,6,1.0,0.00541003668756429,0.15091976596976106,0.8436701973426738
2008-03-27,3,2,0,1,0.6666666666666666,0.0,0.3333333333333333,2,0.6666666666666666,0.010570348116480853,0.2544432823513772,0.7349863695321422
2008-03-28,5,5,0,0,1.0,0.0,0.0,5,1.0,0.01046649518547525,0.10506496269610932,0.8844685421184153
2008-03-31,9,8,0,1,0.8888888888888888,0.0,0.1111111111111111,8,0.8888888888888888,0.00932610101483855,0.25753802352507016,0.7331358754600907
2008-04-01,4,4,0,0,1.0,0.0,0.0,4,1.0,0.004279479908359498,0.08149677108550632,0.9142237490061336
2008-04-02,4,4,0,0,1.0,0.0,0.0,4,1.0,0.009165453791967131,0.2068222200004747,0.7840123262075589
2008-04-03,4,3,0,1,0.75,0.0,0.25,3,0.75,0.015223614994399951,0.37221051369264985,0.6125658713129508
2008-04-04,5,4,0,1,0.8,0.0,0.2,4,0.8,0.00998194900737619,0.2654193627190102,0.7245986882736138
2008-04-07,6,6,0,0,1.0,0.0,0.0,6,1.0,0.005158005371921599,0.09747880319162776,0.897363191436451
2008-04-08,5,5,0,0,1.0,0.0,0.0,5,1.0,0.013457425863427802,0.21520436453623476,0.7713382096003383
2008-04-09,4,3,0,1,0.75,0.0,0.25,3,0.75,0.013220540402790186,0.2720503011623228,0.7147291584348872
2008-04-10,3,3,0,0,1.0,0.0,0.0,3,1.0,0.008707217391414867,0.12114358221892557,0.8701492003896595
2008-04-11,2,2,0,0,1.0,0.0,0.0,2,1.0,0.013171461605123402,0.23023473212848838,0.7565938062663871
2008-04-14,3,3,0,0,1.0,0.0,0.0,3,1.0,0.005369584425829431,0.19338999113279845,0.8012404244413722
2008-04-15,3,2,0,1,0.6666666666666666,0.0,0.3333333333333333,2,0.6666666666666666,0.007383558352323602,0.2880854164001497,0.7045310252475274
2008-04-16,3,2,0,1,0.6666666666666666,0.0,0.3333333333333333,2,0.6666666666666666,0.009431200090804344,0.2483761020905646,0.7421926978186315
2008-04-17,3,3,0,0,1.0,0.0,0.0,3,1.0,0.01688577151429349,0.3423598331665729,0.6407543953191337
2008-04-18,2,2,0,0,1.0,0.0,0.0,2,1.0,0.0030987909639915547,0.16538873335799936,0.8315124756780086
2008-04-19,1,1,0,0,1.0,0.0,0.0,1,1.0,0.003625775022351437,0.15924216426233606,0.8371320607153122
2008-04-21,4,3,0,1,0.75,0.0,0.25,3,0.75,0.007752213510386125,0.26979619237823826,0.722451594111375
2008-04-22,5,5,0,0,1.0,0.0,0.0,5,1.0,0.006789135741173469,0.20353734581110175,0.7896735184477253
2008-04-23,18,17,0,1,0.9444444444444444,0.0,0.05555555555555555,17,0.9444444444444444,0.005981434592252436,0.11029255617827305,0.8837260092294748
2008-04-24,10,10,0,0,1.0,0.0,0.0,10,1.0,0.006379317240922673,0.10801281885919678,0.8856078638998802
2008-04-25,5,4,0,1,0.8,0.0,0.2,4,0.8,0.010172692802545742,0.3008507238552773,0.6889765833421762
2008-04-28,2,1,0,1,0.5,0.0,0.5,1,0.5,0.010878465968634995,0.5928597645964305,0.3962617694349343
2008-04-29,4,4,0,0,1.0,0.0,0.0,4,1.0,0.00886887072261666,0.3088231702680371,0.6823079590093463
2008-04-30,4,3,0,1,0.75,0.0,0.25,3,0.75,0.011378613457323503,0.32585353410495094,0.6627678524377257
2008-05-01,4,4,0,0,1.0,0.0,0.0,4,1.0,0.0051082518554224745,0.11918889501122523,0.8757028531333524
2008-05-02,2,2,0,0,1.0,0.0,0.0,2,1.0,0.007438683969746889,0.17929928003270412,0.8132620359975486
2008-05-03,2,2,0,0,1.0,0.0,0.0,2,1.0,0.010038844059900616,0.22423327855127323,0.7657278773888262
2008-05-04,2,2,0,0,1.0,0.0,0.0,2,1.0,0.007524773205502833,0.10037244963309473,0.8921027771614035
2008-05-05,3,3,0,0,1.0,0.0,0.0,3,1.0,0.0066755269540292985,0.097724334669613,0.8956001383763579
2008-05-06,5,5,0,0,1.0,0.0,0.0,5,1.0,0.013403846069390704,0.14564740410863167,0.8409487498219772
2008-05-07,1,1,0,0,1.0,0.0,0.0,1,1.0,0.00244097921695109,0.1041144021675396,0.8934446186155071
2008-05-08,2,2,0,0,1.0,0.0,0.0,2,1.0,0.0041569903206398464,0.14245353446728387,0.853389475212076
2008-05-11,1,1,0,0,1.0,0.0,0.0,1,1.0,0.01239422382641036,0.48404079492043334,0.5035649812531577
2008-05-12,6,5,0,1,0.8333333333333334,0.0,0.16666666666666666,5,0.8333333333333334,0.007279985259801122,0.27472636190845906,0.71799365283174
2008-05-13,8,7,0,1,0.875,0.0,0.125,7,0.875,0.009717969216619741,0.28326821746700526,0.7070138133163754
2008-05-14,8,7,0,1,0.875,0.0,0.125,7,0.875,0.005171755844821791,0.1860560947159265,0.8087721494392517
2008-05-15,5,4,0,1,0.8,0.0,0.2,4,0.8,0.00997156906640306,0.21989731826605308,0.7701311126675447
2008-05-16,2,1,0,1,0.5,0.0,0.5,1,0.5,0.004782503862005066,0.3795015327854437,0.6157159633525505
2008-05-19,2,2,0,0,1.0,0.0,0.0,2,1.0,0.01138958046168882,0.20407773535335372,0.7845326841849565
2008-05-20,3,3,0,0,1.0,0.0,0.0,3,1.0,0.0047077866227409814,0.2955801477159874,0.6997120656612722
2008-05-21,2,2,0,0,1.0,0.0,0.0,2,1.0,0.008187840497695298,0.26375096004475385,0.728061199457551
2008-05-23,4,4,0,0,1.0,0.0,0.0,4,1.0,0.0073466364643305785,0.09882478734630393,0.8938285761893658
2008-05-25,1,1,0,0,1.0,0.0,0.0,1,1.0,0.007893401382840108,0.06707764307667227,0.9250289555404878
2008-05-27,5,4,0,1,0.8,0.0,0.2,4,0.8,0.009475076479585372,0.3292754796517438,0.6612494438686707
2008-05-28,1,1,0,0,1.0,0.0,0.0,1,1.0,0.021611600031816672,0.06454034016659224,0.9138480598015898
2008-05-29,3,3,0,0,1.0,0.0,0.0,3,1.0,0.014286403149873977,0.109044657511344,0.8766689393387818
2008-05-30,4,3,0,1,0.75,0.0,0.25,3,0.75,0.007504226750938309,0.25719238107637526,0.7353033921726868
2008-05-31,1,1,0,0,1.0,0.0,0.0,1,1.0,0.0071837394637184315,0.04012170965411596,0.952694550882167
2008-06-02,7,4,0,3,0.5714285714285714,0.0,0.42857142857142855,4,0.5714285714285714,0.005440967020833339,0.3596983293458663,0.6348607036333007
2008-06-03,8,8,0,0,1.0,0.0,0.0,8,1.0,0.008126004278523323,0.18898732954240613,0.8028866661790695
2008-06-04,6,6,0,0,1.0,0.0,0.0,6,1.0,0.007986307337547719,0.24509437395790976,0.7469193187045416
2008-06-05,3,3,0,0,1.0,0.0,0.0,3,1.0,0.004188743165329971,0.09501093183954977,0.90080032499512
2008-06-06,4,2,0,2,0.5,0.0,0.5,2,0.5,0.010280752079547217,0.40345465196821556,0.5862645959522368
2008-06-07,2,2,0,0,1.0,0.0,0.0,2,1.0,0.008710593166947203,0.3344429226384024,0.6568464841946504
2008-06-09,44,37,0,7,0.8409090909090909,0.0,0.1590909090909091,37,0.8409090909090909,0.009414040249167288,0.3346854809318219,0.6559004788190106
2008-06-10,12,9,0,3,0.75,0.0,0.25,9,0.75,0.008867869079611977,0.30490442623164343,0.6862277046887443
2008-06-11,9,6,0,3,0.6666666666666666,0.0,0.3333333333333333,6,0.6666666666666666,0.008003296960218223,0.33254434932204835,0.6594523537177334
2008-06-12,6,3,0,3,0.5,0.0,0.5,3,0.5,0.009343156794021175,0.3766301613252334,0.6140266818807446
2008-06-13,3,3,0,0,1.0,0.0,0.0,3,1.0,0.009467948033190237,0.23533490544759963,0.7551971465192101
2008-06-16,6,5,0,1,0.8333333333333334,0.0,0.16666666666666666,5,0.8333333333333334,0.00918557611335768,0.2042945648143153,0.7865198590723269
2008-06-17,6,6,0,0,1.0,0.0,0.0,6,1.0,0.009237807485331312,0.13129729104991472,0.859464901464754
2008-06-18,5,3,0,2,0.6,0.0,0.4,3,0.6,0.006619437605130091,0.35638638539947687,0.6369941769953937
2008-06-19,5,3,0,2,0.6,0.0,0.4,3,0.6,0.005174337970117333,0.340979533959724,0.6538461280701592
2008-06-20,2,2,0,0,1.0,0.0,0.0,2,1.0,0.012873749235070614,0.10331821627656296,0.8838080344883661
2008-06-21,1,1,0,0,1.0,0.0,0.0,1,1.0,0.014251134184118995,0.15621066776279963,0.8295381980530805
2008-06-23,3,3,0,0,1.0,0.0,0.0,3,1.0,0.006390678363523029,0.2010043317147114,0.7926049899217663
2008-06-24,6,5,0,1,0.8333333333333334,0.0,0.16666666666666666,5,0.8333333333333334,0.014122528567661205,0.24544682298603118,0.7404306484463078
2008-06-25,6,5,0,1,0.8333333333333334,0.0,0.16666666666666666,5,0.8333333333333334,0.009176962463869969,0.18155831639339573,0.8092647211427342
2008-06-26,4,2,0,2,0.5,0.0,0.5,2,0.5,0.010384132528017544,0.3985287122368907,0.5910871552350916
2008-06-27,4,3,0,1,0.75,0.0,0.25,3,0.75,0.01017564784848035,0.30412144839101285,0.6857029037605072
2008-06-28,1,1,0,0,1.0,0.0,0.0,1,1.0,0.003991261777893254,0.0307808757623487,0.9652278624597576
2008-06-30,1,0,0,1,0.0,0.0,1.0,0,0.0,0.012923983057472065,0.6978330197154234,0.28924299722710417
2008-07-01,3,2,0,1,0.6666666666666666,0.0,0.3333333333333333,2,0.6666666666666666,0.006698701400058689,0.26917127615169306,0.724130022448248
2008-07-02,6,5,0,1,0.8333333333333334,0.0,0.16666666666666666,5,0.8333333333333334,0.007386076085393936,0.19401881635225202,0.7985951075623537
2008-07-03,2,1,0,1,0.5,0.0,0.5,1,0.5,0.005494271368083558,0.4293227024362294,0.5651830261956861
2008-07-04,1,1,0,0,1.0,0.0,0.0,1,1.0,0.00672901067341441,0.4117798403655844,0.5814911489610013
2008-07-07,6,5,0,1,0.8333333333333334,0.0,0.16666666666666666,5,0.8333333333333334,0.02736457110553696,0.307026925498878,0.6656085033955849
2008-07-08,6,6,0,0,1.0,0.0,0.0,6,1.0,0.009898933624301113,0.261232103113705,0.7288689632619949
2008-07-09,3,2,0,1,0.6666666666666666,0.0,0.3333333333333333,2,0.6666666666666666,0.007787082349116061,0.3513318195443422,0.6408810981065415
2008-07-10,46,28,0,18,0.6086956521739131,0.0,0.391304347826087,28,0.6086956521739131,0.008520263654115396,0.4117262222561211,0.5797535140897634
2008-07-11,18,15,0,3,0.8333333333333334,0.0,0.16666666666666666,15,0.8333333333333334,0.008634186356095364,0.2680814278070087,0.7232843858368957
2008-07-12,1,1,0,0,1.0,0.0,0.0,1,1.0,0.010630243561319563,0.12689436102649493,0.8624753954121839
2008-07-14,11,8,0,3,0.7272727272727273,0.0,0.2727272727272727,8,0.7272727272727273,0.009247042059061695,0.31064140753011854,0.6801115504108197
2008-07-15,7,5,0,2,0.7142857142857143,0.0,0.2857142857142857,5,0.7142857142857143,0.006402280018872842,0.33729552792048556,0.656302192060642
2008-07-16,4,3,0,1,0.75,0.0,0.25,3,0.75,0.008252273941117183,0.24912808585692095,0.742619640201962
2008-07-17,4,4,0,0,1.0,0.0,0.0,4,1.0,0.007746759525507103,0.1849735275143177,0.8072797129601756
2008-07-18,2,2,0,0,1.0,0.0,0.0,2,1.0,0.006099273685579061,0.16742313576162776,0.8264775905527928
2008-07-21,13,13,0,0,1.0,0.0,0.0,13,1.0,0.0075127157430767404,0.12241208988040558,0.8700751943765179
2008-07-22,14,11,0,3,0.7857142857142857,0.0,0.21428571428571427,11,0.7857142857142857,0.005375068279712058,0.22097398079482514,0.7736509509254631
2008-07-23,5,3,0,2,0.6,0.0,0.4,3,0.6,0.01019641232704446,0.3201071202264635,0.6696964674464919
2008-07-24,1,1,0,0,1.0,0.0,0.0,1,1.0,0.0032694104904975505,0.04888789649859513,0.9478426930109077
2008-07-25,2,1,0,1,0.5,0.0,0.5,1,0.5,0.008033004422687928,0.2996116244972005,0.6923553710801116
2008-07-26,1,1,0,0,1.0,0.0,0.0,1,1.0,0.008143865150950403,0.1067720024858105,0.8850841323632399
2008-07-27,1,1,0,0,1.0,0.0,0.0,1,1.0,0.008143865150950403,0.1067720024858105,0.8850841323632399
2008-07-28,5,4,0,1,0.8,0.0,0.2,4,0.8,0.008862442875312179,0.242274283912097,0.7488632732125915
2008-07-29,3,2,0,1,0.6666666666666666,0.0,0.3333333333333333,2,0.6666666666666666,0.00893039393131067,0.3636079462150741,0.627461659853615
2008-07-30,2,1,0,1,0.5,0.0,0.5,1,0.5,0.006314023329086097,0.3657962171760723,0.6278897594948423
2008-07-31,7,4,0,3,0.5714285714285714,0.0,0.42857142857142855,4,0.5714285714285714,0.009143399467206876,0.31668686309756955,0.6741697374352237
2008-08-01,1,1,0,0,1.0,0.0,0.0,1,1.0,0.0141792861119365,0.18952810700989342,0.7962926068781697
2008-08-04,2,0,0,2,0.0,0.0,1.0,0,0.0,0.0069930270083003124,0.778977178352255,0.21402979463944413
2008-08-05,10,8,0,2,0.8,0.0,0.2,8,0.8,0.009919503195734371,0.3097763111656161,0.6803041856386497
2008-08-06,3,2,0,1,0.6666666666666666,0.0,0.3333333333333333,2,0.6666666666666666,0.008095858980477504,0.2377155211892363,0.7541886198302862
2008-08-07,3,2,0,1,0.6666666666666666,0.0,0.3333333333333333,2,0.6666666666666666,0.008087415757946618,0.3667911322007125,0.6251214520413418
2008-08-08,2,1,0,1,0.5,0.0,0.5,1,0.5,0.005747578405727279,0.37471682598541317,0.6195355956088605
2008-08-11,7,4,0,3,0.5714285714285714,0.0,0.42857142857142855,4,0.5714285714285714,0.007383260689682615,0.4061916471755746,0.5864250921347419
2008-08-12,8,6,0,2,0.75,0.0,0.25,6,0.75,0.008122198189636515,0.28883345074823075,0.7030443510621334
2008-08-13,5,4,0,1,0.8,0.0,0.2,4,0.8,0.0077981770936930385,0.21010348969311748,0.7820983332131893
2008-08-14,6,6,0,0,1.0,0.0,0.0,6,1.0,0.006619612695138926,0.18704716481625924,0.8063332224886014
2008-08-15,4,3,0,1,0.75,0.0,0.25,3,0.75,0.011221353958568863,0.3560309650635133,0.6327476809779179
2008-08-18,3,2,0,1,0.6666666666666666,0.0,0.3333333333333333,2,0.6666666666666666,0.014202666898362875,0.3334015045864392,0.6523958285151977
2008-08-19,7,6,0,1,0.8571428571428571,0.0,0.14285714285714285,6,0.8571428571428571,0.00730985444777122,0.27629692226716507,0.716393223285064
2008-08-20,3,2,0,1,0.6666666666666666,0.0,0.3333333333333333,2,0.6666666666666666,0.009254582155458256,0.40915539984297294,0.5815900180015695
2008-08-21,4,2,0,2,0.5,0.0,0.5,2,0.5,0.01144291291207302,0.3565846786234425,0.6319724084644842
2008-08-22,4,2,0,2,0.5,0.0,0.5,2,0.5,0.013629527278323415,0.4966926226555896,0.4896778500660871
2008-08-25,5,4,0,1,0.8,0.0,0.2,4,0.8,0.007763560953279919,0.4490909580348733,0.5431454810118466
2008-08-26,7,6,0,1,0.8571428571428571,0.0,0.14285714285714285,6,0.8571428571428571,0.008590609784892895,0.22730260138154149,0.7641067888335653
2008-08-27,7,5,0,2,0.7142857142857143,0.0,0.2857142857142857,5,0.7142857142857143,0.009228372584382945,0.26447862259864086,0.7262930048169752
2008-08-28,4,2,0,2,0.5,0.0,0.5,2,0.5,0.007182493052241721,0.4936245382722335,0.4991929686755251
2008-08-29,2,1,0,1,0.5,0.0,0.5,1,0.5,0.006303550502798474,0.3639983356370782,0.6296981138601241
2008-09-01,2,1,0,1,0.5,0.0,0.5,1,0.5,0.0033328882648663563,0.33166433606456414,0.6650027756705685
2008-09-02,13,10,0,3,0.7692307692307693,0.0,0.23076923076923078,10,0.7692307692307693,0.009606160704707664,0.3054335821537837,0.6849602571415089
2008-09-03,10,5,0,5,0.5,0.0,0.5,5,0.5,0.010533644864796667,0.4156741770139968,0.5737921781212064
2008-09-04,3,2,0,1,0.6666666666666666,0.0,0.3333333333333333,2,0.6666666666666666,0.00842449469184825,0.4211416911794856,0.5704338141286662
2008-09-05,6,3,0,3,0.5,0.0,0.5,3,0.5,0.015190504355960565,0.4125475548402379,0.5722619408038013
2008-09-08,7,7,0,0,1.0,0.0,0.0,7,1.0,0.0071340366679830325,0.151560698554751,0.8413052647772655
2008-09-09,12,11,0,1,0.9166666666666666,0.0,0.08333333333333333,11,0.9166666666666666,0.008497635784645598,0.2489577126073511,0.7425446516080036
2008-09-10,7,4,0,3,0.5714285714285714,0.0,0.42857142857142855,4,0.5714285714285714,0.014065334695383422,0.3211253016677092,0.6648093636369072
2008-09-11,10,9,0,1,0.9,0.0,0.1,9,0.9,0.011704131187379778,0.2165398648818268,0.7717560039307934
2008-09-12,3,2,0,1,0.6666666666666666,0.0,0.3333333333333333,2,0.6666666666666666,0.00644469686066498,0.23154477435338408,0.7620105287859503
2008-09-15,4,4,0,0,1.0,0.0,0.0,4,1.0,0.00850996092560974,0.16006196485076926,0.8314280742236212
2008-09-16,7,6,0,1,0.8571428571428571,0.0,0.14285714285714285,6,0.8571428571428571,0.00477140592448063,0.21930568132588563,0.7759229127496335
2008-09-17,1,1,0,0,1.0,0.0,0.0,1,1.0,0.002877914185611747,0.022826735009113825,0.9742953508052736
2008-09-18,8,4,0,4,0.5,0.0,0.5,4,0.5,0.007757385319743666,0.40163417241737964,0.5906084422628759
2008-09-19,2,2,0,0,1.0,0.0,0.0,2,1.0,0.004833558728247207,0.048968692020598406,0.9461977492511537
2008-09-20,2,1,0,1,0.5,0.0,0.5,1,0.5,0.011337179443345976,0.3319792173206671,0.6566836032359868
2008-09-22,2,1,0,1,0.5,0.0,0.5,1,0.5,0.006584054547901458,0.40283159387712403,0.5905843515749736
2008-09-23,4,4,0,0,1.0,0.0,0.0,4,1.0,0.00960063797964856,0.22155579518081078,0.76884356683954
2008-09-24,1,1,0,0,1.0,0.0,0.0,1,1.0,0.020063252028600417,0.06338146779781235,0.9165552801735876
2008-09-25,2,1,0,1,0.5,0.0,0.5,1,0.5,0.011498805835475903,0.4967300296444177,0.49177116452010644
2008-09-26,6,6,0,0,1.0,0.0,0.0,6,1.0,0.012078871682653694,0.19364154996904004,0.7942795783483066
2008-09-27,1,0,0,1,0.0,0.0,1.0,0,0.0,0.010759983827666622,0.5327387598091675,0.45650125636316585
2008-09-29,10,9,0,1,0.9,0.0,0.1,9,0.9,0.008600737954673598,0.2141805814211764,0.77721868062415
2008-09-30,9,8,0,1,0.8888888888888888,0.0,0.1111111111111111,8,0.8888888888888888,0.009089706052673159,0.29673221481598594,0.6941780791313408
2008-10-01,6,4,0,2,0.6666666666666666,0.0,0.3333333333333333,4,0.6666666666666666,0.00920628587542579,0.4655628426612641,0.5252308714633097
2008-10-02,13,12,0,1,0.9230769230769231,0.0,0.07692307692307693,12,0.9230769230769231,0.010757322559264771,0.24986482944709168,0.7393778479936436
2008-10-03,8,4,0,4,0.5,0.0,0.5,4,0.5,0.015809011754047784,0.3903056886851516,0.5938852995608005
2008-10-04,1,0,0,1,0.0,0.0,1.0,0,0.0,0.01923140529561889,0.6255798179086012,0.3551887767957792
2008-10-05,2,1,0,1,0.5,0.0,0.5,1,0.5,0.009681132907878138,0.4659036454716229,0.524415221620499
2008-10-06,4,3,0,1,0.75,0.0,0.25,3,0.75,0.008899229904237515,0.3079796002945039,0.6831211698012581
2008-10-08,3,2,0,1,0.6666666666666666,0.0,0.3333333333333333,2,0.6666666666666666,0.008764265919760431,0.30222264440416136,0.6890130896760774
2008-10-09,8,5,0,3,0.625,0.0,0.375,5,0.625,0.010883187965603662,0.4080700824015644,0.5810467296328315
2008-10-10,6,5,0,1,0.8333333333333334,0.0,0.16666666666666666,5,0.8333333333333334,0.006346584034443682,0.20464313856567573,0.7890102773998802
2008-10-11,1,1,0,0,1.0,0.0,0.0,1,1.0,0.0044359643037116,0.026546768716025907,0.9690172669802631
2008-10-13,6,5,0,1,0.8333333333333334,0.0,0.16666666666666666,5,0.8333333333333334,0.008353606037228402,0.3442312105586068,0.6474151834041645
2008-10-14,14,13,0,1,0.9285714285714286,0.0,0.07142857142857142,13,0.9285714285714286,0.010074177737052718,0.2464060617468711,0.7435197605160763
2008-10-15,7,7,0,0,1.0,0.0,0.0,7,1.0,0.013995425108043533,0.2614683199520512,0.7245362549399051
2008-10-16,5,5,0,0,1.0,0.0,0.0,5,1.0,0.009909115475490369,0.14520555003068097,0.844885334493829
2008-10-17,5,5,0,0,1.0,0.0,0.0,5,1.0,0.00398908676457048,0.10320165563816064,0.8928092575972686
2008-10-20,7,7,0,0,1.0,0.0,0.0,7,1.0,0.004707597204635421,0.160945629640791,0.8343467731545741
2008-10-21,8,8,0,0,1.0,0.0,0.0,8,1.0,0.006989147623520023,0.11144718119202723,0.8815636711844528
2008-10-22,5,3,0,2,0.6,0.0,0.4,3,0.6,0.007080717171404949,0.3500292176407026,0.6428900651878923
2008-10-23,2,2,0,0,1.0,0.0,0.0,2,1.0,0.0015330717758839276,0.06868295450618331,0.9297839737179339
2008-10-24,2,2,0,0,1.0,0.0,0.0,2,1.0,0.010709673457244037,0.31394930399969884,0.6753410225430574
2008-10-27,4,3,0,1,0.75,0.0,0.25,3,0.75,0.007347909944034466,0.32651791610260655,0.6661341739533587
2008-10-28,1,1,0,0,1.0,0.0,0.0,1,1.0,0.0029829488811934134,0.018955858418491126,0.9780611927003154
2008-10-29,7,7,0,0,1.0,0.0,0.0,7,1.0,0.005366132460425348,0.11483732581014959,0.8797965417294248
2008-10-30,3,3,0,0,1.0,0.0,0.0,3,1.0,0.005183164483478297,0.06976834411632221,0.9250484914001996
2008-10-31,5,3,0,2,0.6,0.0,0.4,3,0.6,0.009182934093333895,0.29764184058112286,0.6931752253255419
2008-11-03,3,3,0,0,1.0,0.0,0.0,3,1.0,0.015128551040964394,0.13016202820534117,0.8547094207536944
2008-11-04,8,7,0,1,0.875,0.0,0.125,7,0.875,0.0070484106149736585,0.13886337209695956,0.854088217288067
2008-11-05,2,0,0,2,0.0,0.0,1.0,0,0.0,0.015021117570854201,0.548922214023072,0.4360566684060724
2008-11-06,4,4,0,0,1.0,0.0,0.0,4,1.0,0.004727400369444476,0.03782786636997273,0.9574447332605833
2008-11-07,6,5,0,1,0.8333333333333334,0.0,0.16666666666666666,5,0.8333333333333334,0.0062828915722756675,0.22595130666554883,0.767765801762175
2008-11-08,2,2,0,0,1.0,0.0,0.0,2,1.0,0.007637568437799762,0.029915400167410868,0.9624470313947884
2008-11-10,6,5,0,1,0.8333333333333334,0.0,0.16666666666666666,5,0.8333333333333334,0.007717178209750621,0.43347844778800937,0.5588043740022397
2008-11-11,2,1,0,1,0.5,0.0,0.5,1,0.5,0.010269749162462925,0.3455610791834837,0.6441691716540543
2008-11-12,2,2,0,0,1.0,0.0,0.0,2,1.0,0.006262414988236152,0.3268030898801987,0.6669344951315648
2008-11-13,8,7,0,1,0.875,0.0,0.125,7,0.875,0.009048688650856776,0.3264860316404463,0.6644652797086964
2008-11-14,3,2,0,1,0.6666666666666666,0.0,0.3333333333333333,2,0.6666666666666666,0.008050239328357705,0.43147589502825107,0.5604738656433915
2008-11-18,5,4,0,1,0.8,0.0,0.2,4,0.8,0.0072440569873690715,0.33221664681099694,0.660539296201634
2008-11-19,5,5,0,0,1.0,0.0,0.0,5,1.0,0.010594448966311096,0.337414862831923,0.6519906882017663
2008-11-20,4,3,0,1,0.75,0.0,0.25,3,0.75,0.00953603296918823,0.2964219487734132,0.694042018257399
2008-11-21,2,1,0,1,0.5,0.0,0.5,1,0.5,0.007560426360636401,0.5262498381367624,0.46618973550260123
2008-11-24,5,5,0,0,1.0,0.0,0.0,5,1.0,0.022836857403006457,0.15744114752244728,0.8197219950745467
2008-11-25,2,2,0,0,1.0,0.0,0.0,2,1.0,0.005676629481635217,0.21687869130744214,0.7774446792109238
2008-11-26,5,3,0,2,0.6,0.0,0.4,3,0.6,0.01024761394133735,0.42090210905389097,0.5688502770047711
2008-11-27,3,2,0,1,0.6666666666666666,0.0,0.3333333333333333,2,0.6666666666666666,0.009062152350326442,0.5005299918308707,0.4904078558188035
2008-11-28,4,4,0,0,1.0,0.0,0.0,4,1.0,0.010124507132154948,0.13295352558285883,0.8569219672849862
2008-12-01,4,3,0,1,0.75,0.0,0.25,3,0.75,0.007807785362623361,0.30436980901567223,0.6878224056217037
2008-12-02,3,2,0,1,0.6666666666666666,0.0,0.3333333333333333,2,0.6666666666666666,0.014102620365531206,0.3008310709093929,0.6850663087250753
2008-12-03,9,6,0,3,0.6666666666666666,0.0,0.3333333333333333,6,0.6666666666666666,0.010155626431927208,0.3830520149615427,0.60679235860653
2008-12-04,5,4,0,1,0.8,0.0,0.2,4,0.8,0.007254270682474906,0.27073495902254513,0.7220107702949802
2008-12-05,3,2,0,1,0.6666666666666666,0.0,0.3333333333333333,2,0.6666666666666666,0.028921497917031875,0.4360179573697345,0.5350605447132337
2008-12-08,4,3,0,1,0.75,0.0,0.25,3,0.75,0.006905753788157899,0.358103002867458,0.6349912433443841
2008-12-09,3,3,0,0,1.0,0.0,0.0,3,1.0,0.005090838572009468,0.24895777975847824,0.7459513816695106
2008-12-10,8,7,0,1,0.875,0.0,0.125,7,0.875,0.006715959060142333,0.20545769562159238,0.7878263453182651
2008-12-11,3,2,0,1,0.6666666666666666,0.0,0.3333333333333333,2,0.6666666666666666,0.009933999240572623,0.49796235678456613,0.49210364397486134
2008-12-12,3,3,0,0,1.0,0.0,0.0,3,1.0,0.016079270376491903,0.24740224981292933,0.7365184798105787
2008-12-15,11,8,0,3,0.7272727272727273,0.0,0.2727272727272727,8,0.7272727272727273,0.006995838706859517,0.2741485562228065,0.7188556050703343
2008-12-16,11,9,0,2,0.8181818181818182,0.0,0.18181818181818182,9,0.8181818181818182,0.007571122865533867,0.2720033794740297,0.7204254976604363
2008-12-17,10,7,0,3,0.7,0.0,0.3,7,0.7,0.01002870792675573,0.3310903549400698,0.6588809371331747
2008-12-18,8,8,0,0,1.0,0.0,0.0,8,1.0,0.009796619608741348,0.17495226211661907,0.8152511182746395
2008-12-19,1,0,0,1,0.0,0.0,1.0,0,0.0,0.01846505742354641,0.760572986889614,0.22096195568683907
2008-12-22,4,2,0,2,0.5,0.0,0.5,2,0.5,0.007384450865967564,0.42901916656689343,0.5635963825671393
2008-12-23,4,3,0,1,0.75,0.0,0.25,3,0.75,0.010136744862832382,0.48131283124288027,0.5085504238942872
2008-12-24,1,1,0,0,1.0,0.0,0.0,1,1.0,0.02020685301191222,0.4091596477827742,0.5706334992053144
2008-12-25,2,2,0,0,1.0,0.0,0.0,2,1.0,0.0043215383696952065,0.2321343083988656,0.7635441532314391
2008-12-26,2,2,0,0,1.0,0.0,0.0,2,1.0,0.008721683104258965,0.18093910196187446,0.8103392149338658
2008-12-29,1,0,0,1,0.0,0.0,1.0,0,0.0,0.008069250802177293,0.5570291376244499,0.4349016115733721
2008-12-30,3,3,0,0,1.0,0.0,0.0,3,1.0,0.013396808235800887,0.06910951483593472,0.9174936769282637
2009-01-05,19,18,0,1,0.9473684210526315,0.0,0.05263157894736842,18,0.9473684210526315,0.008297863673848155,0.12463396717959178,0.8670681691465598
2009-01-06,23,21,0,2,0.9130434782608695,0.0,0.08695652173913043,21,0.9130434782608695,0.008851052583193422,0.21371551701654468,0.7774334304002619
2009-01-07,5,4,0,1,0.8,0.0,0.2,4,0.8,0.008334834882206559,0.19551039708106788,0.7961547680367259
2009-01-08,4,4,0,0,1.0,0.0,0.0,4,1.0,0.007994517923725256,0.08806790715895414,0.903937574917321
2009-01-09,6,6,0,0,1.0,0.0,0.0,6,1.0,0.012265561186855164,0.13551746520279392,0.852216973610351
2009-01-10,2,1,0,1,0.5,0.0,0.5,1,0.5,0.014092649016553313,0.5820550916930285,0.40385225929041835
2009-01-11,1,1,0,0,1.0,0.0,0.0,1,1.0,0.010676338351922832,0.22419175846601175,0.765131903182064
2009-01-12,7,7,0,0,1.0,0.0,0.0,7,1.0,0.007622419932744534,0.15289419731525605,0.839483382752
2009-01-13,3,3,0,0,1.0,0.0,0.0,3,1.0,0.006346479834234082,0.29491360226370855,0.6987399179020571
2009-01-14,16,15,0,1,0.9375,0.0,0.0625,15,0.9375,0.013924720006078462,0.19447246680649977,0.791602813187422
2009-01-15,26,25,0,1,0.9615384615384616,0.0,0.038461538461538464,25,0.9615384615384616,0.01883404446760339,0.14154939623089402,0.8396165593015025
2009-01-16,4,4,0,0,1.0,0.0,0.0,4,1.0,0.013035222865480648,0.17910605021617781,0.807858726918341
2009-01-19,1,1,0,0,1.0,0.0,0.0,1,1.0,0.005735656457643127,0.2854219100170878,0.7088424335252697
2009-01-20,9,8,0,1,0.8888888888888888,0.0,0.1111111111111111,8,0.8888888888888888,0.003871944665091296,0.16009658982992553,0.8360314655049836
2009-01-21,23,22,0,1,0.9565217391304348,0.0,0.043478260869565216,22,0.9565217391304348,0.004344008250556581,0.12026953797469507,0.8753864537747482
2009-01-22,13,12,0,1,0.9230769230769231,0.0,0.07692307692307693,12,0.9230769230769231,0.009930005061151872,0.1903137858693832,0.799756209069465
2009-01-23,5,4,0,1,0.8,0.0,0.2,4,0.8,0.006053103786589197,0.2500463844279345,0.7439005117854762
2009-01-25,2,2,0,0,1.0,0.0,0.0,2,1.0,0.012814711204567506,0.13001874613465617,0.8571665426607755
2009-01-26,5,3,0,2,0.6,0.0,0.4,3,0.6,0.011018577013245214,0.3519191365951652,0.63706228639159
2009-01-27,9,8,0,1,0.8888888888888888,0.0,0.1111111111111111,8,0.8888888888888888,0.009441333467595674,0.23227495096772582,0.7582837155646782
2009-01-28,4,4,0,0,1.0,0.0,0.0,4,1.0,0.005999281288687512,0.14273050561435652,0.8512702130969562
2009-01-29,2,2,0,0,1.0,0.0,0.0,2,1.0,0.005118610588566198,0.11034438891630743,0.884537000495125
2009-01-30,3,3,0,0,1.0,0.0,0.0,3,1.0,0.009269418244636653,0.07461943493727,0.9161111468180939
2009-02-02,4,4,0,0,1.0,0.0,0.0,4,1.0,0.00770762792960744,0.09485767122295494,0.8974347008474386
2009-02-03,1,1,0,0,1.0,0.0,0.0,1,1.0,0.010288377574809934,0.10301327539605076,0.886698347029138
2009-02-04,4,4,0,0,1.0,0.0,0.0,4,1.0,0.006128058963938763,0.14266506678969892,0.8512068742463628
2009-02-05,8,7,0,1,0.875,0.0,0.125,7,0.875,0.005562306526103502,0.2148696386647682,0.7795680548091286
2009-02-06,6,5,0,1,0.8333333333333334,0.0,0.16666666666666666,5,0.8333333333333334,0.0064936489198014905,0.13919619872442834,0.8543101523557711
2009-02-09,6,5,0,1,0.8333333333333334,0.0,0.16666666666666666,5,0.8333333333333334,0.007567703166129596,0.306494181786265,0.6859381150476054
2009-02-10,2,2,0,0,1.0,0.0,0.0,2,1.0,0.0068775939768331166,0.16567556032311076,0.827446845700056
2009-02-11,2,2,0,0,1.0,0.0,0.0,2,1.0,0.006729459985560113,0.110245311362082,0.883025228652359
2009-02-12,8,8,0,0,1.0,0.0,0.0,8,1.0,0.0064229733757000945,0.20515006253947127,0.7884269640848283
2009-02-13,8,8,0,0,1.0,0.0,0.0,8,1.0,0.006018859908000896,0.12031048813087433,0.8736706519611248
2009-02-14,1,1,0,0,1.0,0.0,0.0,1,1.0,0.001627080689776906,0.018117594936059644,0.9802553243741626
2009-02-16,2,2,0,0,1.0,0.0,0.0,2,1.0,0.010753490548918035,0.2444466907861278,0.744799818664954
2009-02-17,6,6,0,0,1.0,0.0,0.0,6,1.0,0.0064488207920677075,0.17687207695582685,0.8166791022521052
2009-02-18,7,5,0,2,0.7142857142857143,0.0,0.2857142857142857,5,0.7142857142857143,0.004633163549434734,0.33990981420748945,0.6554570222430749
2009-02-19,5,3,0,2,0.6,0.0,0.4,3,0.6,0.010694226074200031,0.3255437981773436,0.6637619757484561
2009-02-20,4,4,0,0,1.0,0.0,0.0,4,1.0,0.009419580464305848,0.3272270902491148,0.6633533292865788
2009-02-23,7,6,0,1,0.8571428571428571,0.0,0.14285714285714285,6,0.8571428571428571,0.008430073195413975,0.32032439944758967,0.6712455273569964
2009-02-24,6,6,0,0,1.0,0.0,0.0,6,1.0,0.00661984929823296,0.1958024738663716,0.7975776768353956
2009-02-25,4,4,0,0,1.0,0.0,0.0,4,1.0,0.03086996921776823,0.11832684597057033,0.8508031848116612
2009-02-26,10,9,0,1,0.9,0.0,0.1,9,0.9,0.00800196485828169,0.23263113171152278,0.7593669034301954
2009-02-27,4,3,0,1,0.75,0.0,0.25,3,0.75,0.007053172327724155,0.2465476332725964,0.7463991943996799
2009-03-02,5,5,0,0,1.0,0.0,0.0,5,1.0,0.006054629073065419,0.11325091934479534,0.8806944515821395
2009-03-03,13,13,0,0,1.0,0.0,0.0,13,1.0,0.009329330552771412,0.1854286793893229,0.8052419900579053
2009-03-04,10,8,0,2,0.8,0.0,0.2,8,0.8,0.007407106796349124,0.296842128064225,0.6957507651394262
2009-03-05,4,4,0,0,1.0,0.0,0.0,4,1.0,0.005255085245458021,0.15654282215301404,0.8382020926015272
2009-03-06,9,9,0,0,1.0,0.0,0.0,9,1.0,0.011410129420877858,0.09577781200214414,0.8928120585769784
2009-03-07,1,1,0,0,1.0,0.0,0.0,1,1.0,0.008058836493990279,0.20350459055949527,0.7884365729465141
2009-03-09,4,4,0,0,1.0,0.0,0.0,4,1.0,0.00494149006151896,0.21552083343624678,0.7795376765022339
2009-03-10,5,4,0,1,0.8,0.0,0.2,4,0.8,0.0079055594744895,0.35588159081993054,0.6362128497055795
2009-03-11,13,11,0,2,0.8461538461538461,0.0,0.15384615384615385,11,0.8461538461538461,0.00837604877324349,0.2891158534914575,0.7025080977352991
2009-03-12,11,9,0,2,0.8181818181818182,0.0,0.18181818181818182,9,0.8181818181818182,0.007643273472103505,0.28872899734318797,0.7036277291847086
2009-03-13,11,8,0,3,0.7272727272727273,0.0,0.2727272727272727,8,0.7272727272727273,0.009369021878627638,0.3376328436746167,0.652998134446756
2009-03-14,2,2,0,0,1.0,0.0,0.0,2,1.0,0.006522773852058966,0.3658088834552521,0.6276683426926893
2009-03-16,6,5,0,1,0.8333333333333334,0.0,0.16666666666666666,5,0.8333333333333334,0.00875223573533859,0.22540320221447482,0.765844562050186
2009-03-17,11,6,0,5,0.5454545454545454,0.0,0.45454545454545453,6,0.5454545454545454,0.006927916172660454,0.4723786168540994,0.5206934669732398
2009-03-18,3,3,0,0,1.0,0.0,0.0,3,1.0,0.007016952235883635,0.36326476103126754,0.6297182867328487
2009-03-19,9,8,0,1,0.8888888888888888,0.0,0.1111111111111111,8,0.8888888888888888,0.007642464913839558,0.30305680933481316,0.6893007257513474
2009-03-20,3,2,0,1,0.6666666666666666,0.0,0.3333333333333333,2,0.6666666666666666,0.007207327780511398,0.5352968552139414,0.457495817005547
2009-03-23,1,0,0,1,0.0,0.0,1.0,0,0.0,0.011431611822445424,0.6505775548768545,0.3379908333006997
2009-03-24,6,6,0,0,1.0,0.0,0.0,6,1.0,0.009366601297908929,0.20997706484706213,0.7806563338550285
2009-03-25,5,5,0,0,1.0,0.0,0.0,5,1.0,0.00610153022038115,0.13955744501459283,0.854341024765026
2009-03-26,7,7,0,0,1.0,0.0,0.0,7,1.0,0.0061831108328400455,0.16313923893187238,0.8306776502352873
2009-03-27,4,4,0,0,1.0,0.0,0.0,4,1.0,0.003289950750757467,0.11633817292696368,0.880371876322279
2009-03-30,4,2,0,2,0.5,0.0,0.5,2,0.5,0.006605638959386599,0.44310718848004493,0.5502871725605676
2009-03-31,16,12,0,4,0.75,0.0,0.25,12,0.75,0.010779209378796348,0.2725054676420445,0.7167153229791593
2009-04-01,5,5,0,0,1.0,0.0,0.0,5,1.0,0.005695326669848748,0.19899877484780712,0.7953058984823441
2009-04-02,4,4,0,0,1.0,0.0,0.0,4,1.0,0.004938854779844185,0.19890411495079252,0.796157030269364
2009-04-03,1,1,0,0,1.0,0.0,0.0,1,1.0,0.004966483976335213,0.05130346344729164,0.9437300525763714
2009-04-04,1,1,0,0,1.0,0.0,0.0,1,1.0,0.1416142003466968,0.23681311293659912,0.6215726867167025
2009-04-06,3,3,0,0,1.0,0.0,0.0,3,1.0,0.017350739746655526,0.17837640706068628,0.8042728531926576
2009-04-07,6,5,0,1,0.8333333333333334,0.0,0.16666666666666666,5,0.8333333333333334,0.005163441360461678,0.18825496300541789,0.8065815956341199
2009-04-08,12,12,0,0,1.0,0.0,0.0,12,1.0,0.004808812964934679,0.12111017610845219,0.8740810109266133
2009-04-09,3,2,0,1,0.6666666666666666,0.0,0.3333333333333333,2,0.6666666666666666,0.006559585344706002,0.20593461168578078,0.787505802969514
2009-04-10,1,1,0,0,1.0,0.0,0.0,1,1.0,0.008976859732229931,0.4850146890288043,0.5060084512389643
2009-04-11,2,2,0,0,1.0,0.0,0.0,2,1.0,0.02014557908759786,0.3258256754494159,0.6540287454629864
2009-04-13,4,3,0,1,0.75,0.0,0.25,3,0.75,0.006535400517951666,0.37514448053120264,0.6183201189508459
2009-04-14,3,2,0,1,0.6666666666666666,0.0,0.3333333333333333,2,0.6666666666666666,0.008957216928572575,0.3262400790681608,0.664802704003267
2009-04-15,4,3,0,1,0.75,0.0,0.25,3,0.75,0.006834685996981361,0.4912457862332061,0.5019195277698123
2009-04-16,4,4,0,0,1.0,0.0,0.0,4,1.0,0.005189179855884686,0.1366379741081121,0.8581728460360041
2009-04-17,3,2,0,1,0.6666666666666666,0.0,0.3333333333333333,2,0.6666666666666666,0.01628305596784325,0.4476950678879689,0.5360218761441887
2009-04-20,9,6,0,3,0.6666666666666666,0.0,0.3333333333333333,6,0.6666666666666666,0.009209766855413725,0.2950110114046122,0.695779221739974
2009-04-21,9,7,0,2,0.7777777777777778,0.0,0.2222222222222222,7,0.7777777777777778,0.00620564015538059,0.3082893395762921,0.6855050202683276
2009-04-22,16,15,0,1,0.9375,0.0,0.0625,15,0.9375,0.006377472073563644,0.12559921810593344,0.8680233098205025
2009-04-23,18,17,0,1,0.9444444444444444,0.0,0.05555555555555555,17,0.9444444444444444,0.0111456362824445,0.12344187342788301,0.8654124902896725
2009-04-24,3,1,0,2,0.3333333333333333,0.0,0.6666666666666666,1,0.3333333333333333,0.005808119507240715,0.6033780301982782,0.3908138502944803
2009-04-27,7,6,0,1,0.8571428571428571,0.0,0.14285714285714285,6,0.8571428571428571,0.0071646852234094945,0.21419477860933261,0.7786405361672583
2009-04-28,6,6,0,0,1.0,0.0,0.0,6,1.0,0.008113873874613972,0.1399216875881654,0.8519644385372206
2009-04-29,5,5,0,0,1.0,0.0,0.0,5,1.0,0.0035241762935550093,0.1415431966428508,0.8549326270635935
2009-04-30,11,7,0,4,0.6363636363636364,0.0,0.36363636363636365,7,0.6363636363636364,0.006016453229581751,0.3074288726050521,0.6865546741653673
2009-05-01,3,3,0,0,1.0,0.0,0.0,3,1.0,0.0018629517568871032,0.06236003775593449,0.9357770104871782
2009-05-04,11,8,0,3,0.7272727272727273,0.0,0.2727272727272727,8,0.7272727272727273,0.005906437997771544,0.3111240165821726,0.6829695454200562
2009-05-05,17,14,0,3,0.8235294117647058,0.0,0.17647058823529413,14,0.8235294117647058,0.007217958832664053,0.2662969629223932,0.7264850782449425
2009-05-06,6,5,0,1,0.8333333333333334,0.0,0.16666666666666666,5,0.8333333333333334,0.012215432162733445,0.3252435207074222,0.6625410471298447
2009-05-07,3,2,0,1,0.6666666666666666,0.0,0.3333333333333333,2,0.6666666666666666,0.0036982903272821826,0.216058051426093,0.7802436582466252
2009-05-08,2,1,0,1,0.5,0.0,0.5,1,0.5,0.01142452550582456,0.41607932563343525,0.5724961488607393
2009-05-11,1,1,0,0,1.0,0.0,0.0,1,1.0,0.004383893237958977,0.11648974495549072,0.8791263618065497
2009-05-12,5,3,0,2,0.6,0.0,0.4,3,0.6,0.007214298658736259,0.356695986208295,0.6360897151329683
2009-05-13,5,5,0,0,1.0,0.0,0.0,5,1.0,0.0024637656584660774,0.11493066082846033,0.8826055735130728
2009-05-14,5,4,0,1,0.8,0.0,0.2,4,0.8,0.005086541720006811,0.2721534680238965,0.7227599902560964
2009-05-15,6,5,0,1,0.8333333333333334,0.0,0.16666666666666666,5,0.8333333333333334,0.0035302742382104465,0.1861105071792557,0.8103592185825339
2009-05-18,9,7,0,2,0.7777777777777778,0.0,0.2222222222222222,7,0.7777777777777778,0.006006805691544031,0.27916082856475594,0.7148323657437002
2009-05-19,3,3,0,0,1.0,0.0,0.0,3,1.0,0.017717790440474973,0.2647455483972381,0.717536661162287
2009-05-20,7,7,0,0,1.0,0.0,0.0,7,1.0,0.009261588217896218,0.26657144516493914,0.7241669666171658
2009-05-21,5,4,0,1,0.8,0.0,0.2,4,0.8,0.008222683595354906,0.3353768316618152,0.6564004847428303
2009-05-22,6,6,0,0,1.0,0.0,0.0,6,1.0,0.009730671632166668,0.15618974072777578,0.8340795876400579
2009-05-25,4,3,0,1,0.75,0.0,0.25,3,0.75,0.009100101188096676,0.40470225581481567,0.5861976429970879
2009-05-26,14,13,0,1,0.9285714285714286,0.0,0.07142857142857142,13,0.9285714285714286,0.009234847873557692,0.17814285694898643,0.8126222951774562
2009-05-27,8,8,0,0,1.0,0.0,0.0,8,1.0,0.006154618536370557,0.16438198710160112,0.829463394362028
2009-05-28,8,6,0,2,0.75,0.0,0.25,6,0.75,0.00894710274673078,0.31628846701749225,0.6747644302357767
2009-05-29,5,4,0,1,0.8,0.0,0.2,4,0.8,0.0068594750927398335,0.21607099235977847,0.7770695325474823
2009-06-01,6,6,0,0,1.0,0.0,0.0,6,1.0,0.00840656240460949,0.1990310754060777,0.7925623621893122
2009-06-02,5,5,0,0,1.0,0.0,0.0,5,1.0,0.0056533863294380435,0.08104274804549676,0.9133038656250647
2009-06-03,2,2,0,0,1.0,0.0,0.0,2,1.0,0.007954020590798035,0.20333551758839902,0.7887104618208018
2009-06-04,12,12,0,0,1.0,0.0,0.0,12,1.0,0.006545027083834338,0.14058236182212647,0.8528726110940393
2009-06-05,12,12,0,0,1.0,0.0,0.0,12,1.0,0.006370216035522525,0.18096660014278984,0.812663183821687
2009-06-06,4,4,0,0,1.0,0.0,0.0,4,1.0,0.010480140108382757,0.07340963524052539,0.9161102246510917
2009-06-08,27,23,0,4,0.8518518518518519,0.0,0.14814814814814814,23,0.8518518518518519,0.007183101604194009,0.20908300773550598,0.7837338906602996
2009-06-09,12,12,0,0,1.0,0.0,0.0,12,1.0,0.005349670871838235,0.09381461696842529,0.9008357121597365
2009-06-10,7,6,0,1,0.8571428571428571,0.0,0.14285714285714285,6,0.8571428571428571,0.008064850342482176,0.2224949040906284,0.7694402455668895
2009-06-11,4,3,0,1,0.75,0.0,0.25,3,0.75,0.008421708160154417,0.2601306886146785,0.7314476032251671
2009-06-12,5,4,0,1,0.8,0.0,0.2,4,0.8,0.006582075246736424,0.3043959128289546,0.6890220119243088
2009-06-15,5,5,0,0,1.0,0.0,0.0,5,1.0,0.0071883700682027875,0.15783954618941504,0.8349720837423826
2009-06-16,5,5,0,0,1.0,0.0,0.0,5,1.0,0.007406238798313432,0.19723266949656698,0.7953610917051195
2009-06-17,14,9,0,5,0.6428571428571429,0.0,0.35714285714285715,9,0.6428571428571429,0.009496820248348746,0.367116753221314,0.6233864265303374
2009-06-18,11,8,0,3,0.7272727272727273,0.0,0.2727272727272727,8,0.7272727272727273,0.005318393117061519,0.2860904470980512,0.708591159784887
2009-06-19,8,7,0,1,0.875,0.0,0.125,7,0.875,0.009093650751446712,0.31396562871630984,0.6769407205322434
2009-06-20,5,5,0,0,1.0,0.0,0.0,5,1.0,0.010901848706167944,0.14285255838048355,0.8462455929133486
2009-06-22,15,13,0,2,0.8666666666666667,0.0,0.13333333333333333,13,0.8666666666666667,0.007518719175514417,0.18217010366616546,0.8103111771583199
2009-06-23,10,9,0,1,0.9,0.0,0.1,9,0.9,0.012261664501085375,0.20995896643610307,0.7777793690628116
2009-06-24,9,8,0,1,0.8888888888888888,0.0,0.1111111111111111,8,0.8888888888888888,0.01267595152295927,0.23908329132529474,0.7482407571517461
2009-06-25,2,1,0,1,0.5,0.0,0.5,1,0.5,0.009930632765079661,0.3379429675912834,0.6521263996436382
2009-06-26,7,5,0,2,0.7142857142857143,0.0,0.2857142857142857,5,0.7142857142857143,0.01181515735669254,0.35204799907228923,0.6361368435710186
2009-06-27,1,1,0,0,1.0,0.0,0.0,1,1.0,0.008185579288279699,0.09164072012276059,0.9001737005889594
2009-06-29,14,11,0,3,0.7857142857142857,0.0,0.21428571428571427,11,0.7857142857142857,0.01092368340674393,0.31720838272248436,0.6718679338707717
2009-06-30,4,4,0,0,1.0,0.0,0.0,4,1.0,0.02301343000335094,0.3794158111138568,0.5975707588827912
2009-07-01,4,4,0,0,1.0,0.0,0.0,4,1.0,0.0045198784975038035,0.19462462529323804,0.8008554962092582
2009-07-02,5,5,0,0,1.0,0.0,0.0,5,1.0,0.011258834407069693,0.32568438943270644,0.6630567761602244
2009-07-03,2,2,0,0,1.0,0.0,0.0,2,1.0,0.003607104595192263,0.22212984721434825,0.7742630481904591
2009-07-06,5,4,0,1,0.8,0.0,0.2,4,0.8,0.005313408287143102,0.302344656507548,0.6923419352053093
2009-07-07,3,3,0,0,1.0,0.0,0.0,3,1.0,0.010548269048100365,0.28092561728367427,0.708526113668226
2009-07-08,4,4,0,0,1.0,0.0,0.0,4,1.0,0.008519843624967839,0.23310290897720112,0.758377247397831
2009-07-09,3,3,0,0,1.0,0.0,0.0,3,1.0,0.005672805793621006,0.13981836596880137,0.8545088282375773
2009-07-10,6,6,0,0,1.0,0.0,0.0,6,1.0,0.00606290662851858,0.11655088029085453,0.8773862130806268
2009-07-13,4,4,0,0,1.0,0.0,0.0,4,1.0,0.005896141996333095,0.20761597045438146,0.7864878875492851
2009-07-14,4,4,0,0,1.0,0.0,0.0,4,1.0,0.007940376462480638,0.16462626240691203,0.827433361130608
2009-07-15,7,7,0,0,1.0,0.0,0.0,7,1.0,0.006904984366229103,0.11939415118679964,0.8737008644469714
2009-07-16,8,7,0,1,0.875,0.0,0.125,7,0.875,0.010901328940609727,0.2903153979042345,0.6987832731551555
2009-07-17,6,6,0,0,1.0,0.0,0.0,6,1.0,0.006277135486559056,0.10791989880900167,0.8858029657044398
2009-07-20,7,7,0,0,1.0,0.0,0.0,7,1.0,0.005694507046665963,0.1751954597855978,0.8191100331677367
2009-07-21,12,12,0,0,1.0,0.0,0.0,12,1.0,0.005596562517390592,0.10962437128175055,0.8847790662008591
2009-07-22,21,20,0,1,0.9523809523809523,0.0,0.047619047619047616,20,0.9523809523809523,0.0066438682968862,0.155987694166894,0.8373684375362197
2009-07-23,5,5,0,0,1.0,0.0,0.0,5,1.0,0.003259949108030781,0.05200534845425099,0.944734702437718
2009-07-24,5,3,0,2,0.6,0.0,0.4,3,0.6,0.011918781193943111,0.28612246899224547,0.701958749813811
2009-07-27,9,8,0,1,0.8888888888888888,0.0,0.1111111111111111,8,0.8888888888888888,0.004555271976897589,0.1935444872394352,0.8019002407836671
2009-07-28,7,5,0,2,0.7142857142857143,0.0,0.2857142857142857,5,0.7142857142857143,0.01129845532425664,0.3202945611667189,0.6684069835090239
2009-07-29,3,2,0,1,0.6666666666666666,0.0,0.3333333333333333,2,0.6666666666666666,0.007753750865194046,0.3112672049705034,0.6809790441643021
2009-07-30,3,2,0,1,0.6666666666666666,0.0,0.3333333333333333,2,0.6666666666666666,0.017840332498982158,0.31528145485041653,0.6668782126506009
2009-07-31,4,4,0,0,1.0,0.0,0.0,4,1.0,0.03743977938296218,0.25453165917256537,0.708028561444473
2009-08-01,2,2,0,0,1.0,0.0,0.0,2,1.0,0.008150182504802417,0.17318360360455592,0.8186662138906416
2009-08-03,15,14,0,1,0.9333333333333333,0.0,0.06666666666666667,14,0.9333333333333333,0.005599580801878083,0.14055157500237886,0.8538488441957423
2009-08-04,4,4,0,0,1.0,0.0,0.0,4,1.0,0.007177718405491171,0.22483346949825223,0.7679888120962557
2009-08-05,4,3,0,1,0.75,0.0,0.25,3,0.75,0.005410376409895744,0.373402295321974,0.6211873282681304
2009-08-06,8,3,0,5,0.375,0.0,0.625,3,0.375,0.011420629699133024,0.4368003715904091,0.5517789987104583
2009-08-07,2,2,0,0,1.0,0.0,0.0,2,1.0,0.01794700707733847,0.2411780795714702,0.7408749133511907
2009-08-10,5,5,0,0,1.0,0.0,0.0,5,1.0,0.003836820477142261,0.08458808808052387,0.9115750914423346
2009-08-11,4,4,0,0,1.0,0.0,0.0,4,1.0,0.0045064948101650425,0.2264802956657621,0.7690132095240727
2009-08-12,3,3,0,0,1.0,0.0,0.0,3,1.0,0.006410514347259154,0.26145784059901844,0.7321316450537229
2009-08-13,7,6,0,1,0.8571428571428571,0.0,0.14285714285714285,6,0.8571428571428571,0.007539976822634521,0.25461498020607426,0.7378450429712917
2009-08-14,5,3,0,2,0.6,0.0,0.4,3,0.6,0.005716366879539075,0.3601494664892363,0.6341341666312246
2009-08-16,1,1,0,0,1.0,0.0,0.0,1,1.0,0.011434577861391156,0.0930851554423144,0.8954802666962933
2009-08-17,3,1,0,2,0.3333333333333333,0.0,0.6666666666666666,1,0.3333333333333333,0.009794367021006545,0.46228936799256193,0.5279162649864307
2009-08-18,7,6,0,1,0.8571428571428571,0.0,0.14285714285714285,6,0.8571428571428571,0.009932246211868086,0.2942371686385946,0.6958305851495374
2009-08-19,4,4,0,0,1.0,0.0,0.0,4,1.0,0.008931560158726417,0.0993017128748976,0.8917667269663763
2009-08-20,2,2,0,0,1.0,0.0,0.0,2,1.0,0.013987348535228296,0.12380066269301881,0.8622119887717523
2009-08-21,3,2,0,1,0.6666666666666666,0.0,0.3333333333333333,2,0.6666666666666666,0.014461470679216193,0.3370912262886215,0.6484473030321624
2009-08-23,1,1,0,0,1.0,0.0,0.0,1,1.0,0.0127269176441644,0.1712249363001761,0.8160481460556596
2009-08-24,7,7,0,0,1.0,0.0,0.0,7,1.0,0.009684361631368288,0.3005011433611369,0.689814495007495
2009-08-25,6,5,0,1,0.8333333333333334,0.0,0.16666666666666666,5,0.8333333333333334,0.006725878995599836,0.2573201098254923,0.7359540111789076
2009-08-26,7,7,0,0,1.0,0.0,0.0,7,1.0,0.013212778291875754,0.14172191237027887,0.8450653093378456
2009-08-27,16,14,0,2,0.875,0.0,0.125,14,0.875,0.01002394471252767,0.20665517038451744,0.7833208849029549
2009-08-28,11,10,0,1,0.9090909090909091,0.0,0.09090909090909091,10,0.9090909090909091,0.010408142280652281,0.3588252216236616,0.6307666360956864
2009-08-31,6,6,0,0,1.0,0.0,0.0,6,1.0,0.0037175011358919386,0.08869474155511138,0.9075877573089971
2009-09-01,6,5,0,1,0.8333333333333334,0.0,0.16666666666666666,5,0.8333333333333334,0.010995376545785638,0.34163392409894405,0.6473706993552697
2009-09-02,3,3,0,0,1.0,0.0,0.0,3,1.0,0.005792968326036862,0.1515974697079929,0.8426095619659693
2009-09-03,6,6,0,0,1.0,0.0,0.0,6,1.0,0.01089457905772114,0.22636877773969374,0.7627366432025856
2009-09-04,3,2,0,1,0.6666666666666666,0.0,0.3333333333333333,2,0.6666666666666666,0.010763243992583563,0.4542742319144541,0.5349625240929613
2009-09-08,5,5,0,0,1.0,0.0,0.0,5,1.0,0.008222537306049073,0.12942236544560792,0.8623550972483429
2009-09-09,17,12,0,5,0.7058823529411765,0.0,0.29411764705882354,12,0.7058823529411765,0.009031217533489832,0.29237267743313755,0.6985961050333725
2009-09-10,7,6,0,1,0.8571428571428571,0.0,0.14285714285714285,6,0.8571428571428571,0.014036155357681672,0.3381242018430964,0.6478396427992225
2009-09-11,6,5,0,1,0.8333333333333334,0.0,0.16666666666666666,5,0.8333333333333334,0.007507907589685112,0.20776590856247315,0.7847261838478424
2009-09-14,3,3,0,0,1.0,0.0,0.0,3,1.0,0.00995607550628744,0.263654590348155,0.726389334145556
2009-09-15,9,9,0,0,1.0,0.0,0.0,9,1.0,0.008875505315766497,0.2585648485886208,0.7325596460956123
2009-09-16,5,5,0,0,1.0,0.0,0.0,5,1.0,0.004924378934797443,0.18544866324620307,0.8096269578189996
2009-09-17,7,7,0,0,1.0,0.0,0.0,7,1.0,0.007733594997204898,0.1647436707075585,0.8275227342952364
2009-09-18,6,6,0,0,1.0,0.0,0.0,6,1.0,0.02062551741148104,0.15511125073209173,0.824263231856428
2009-09-21,5,5,0,0,1.0,0.0,0.0,5,1.0,0.014294724869204967,0.15235304233822594,0.8333522327925692
2009-09-22,9,8,0,1,0.8888888888888888,0.0,0.1111111111111111,8,0.8888888888888888,0.007083174242990473,0.19029540850607118,0.8026214172509385
2009-09-23,11,9,0,2,0.8181818181818182,0.0,0.18181818181818182,9,0.8181818181818182,0.009084999448390136,0.2061665941509154,0.7847484064006949
2009-09-24,3,3,0,0,1.0,0.0,0.0,3,1.0,0.00362915475917676,0.2501180604691669,0.7462527847716571
2009-09-25,2,2,0,0,1.0,0.0,0.0,2,1.0,0.003913359439667546,0.050414007439338784,0.9456726331209946
2009-09-28,11,9,0,2,0.8181818181818182,0.0,0.18181818181818182,9,0.8181818181818182,0.00919808601180814,0.2987637847807338,0.6920381292074577
2009-09-29,9,9,0,0,1.0,0.0,0.0,9,1.0,0.008159387128836598,0.1374242677735114,0.8544163450976511
2009-09-30,3,1,0,2,0.3333333333333333,0.0,0.6666666666666666,1,0.3333333333333333,0.005609016164042107,0.5709464431139675,0.4234445407219905
2009-10-01,6,6,0,0,1.0,0.0,0.0,6,1.0,0.0069313488093013876,0.1564053591446034,0.8366632920460955
2009-10-02,7,7,0,0,1.0,0.0,0.0,7,1.0,0.00675029609692823,0.10740039704258389,0.8858493068604878
2009-10-04,1,0,0,1,0.0,0.0,1.0,0,0.0,0.02200808775527048,0.6496450429914215,0.32834686925330936
2009-10-05,11,10,0,1,0.9090909090909091,0.0,0.09090909090909091,10,0.9090909090909091,0.008016023826586359,0.1676483900177449,0.8243355861556683
2009-10-06,9,9,0,0,1.0,0.0,0.0,9,1.0,0.009791748203285126,0.17964618531984927,0.8105620664768656
2009-10-07,7,7,0,0,1.0,0.0,0.0,7,1.0,0.007066355618774924,0.13565468338993983,0.8572789609912846
2009-10-08,4,4,0,0,1.0,0.0,0.0,4,1.0,0.00664898951003695,0.2619902684433424,0.7313607420466207
2009-10-09,1,1,0,0,1.0,0.0,0.0,1,1.0,0.006919933703718618,0.2260570292129965,0.7670230370832866
2009-10-10,1,1,0,0,1.0,0.0,0.0,1,1.0,0.01721538260073733,0.1274023866627983,0.8553822307364661
2009-10-12,7,7,0,0,1.0,0.0,0.0,7,1.0,0.00636781182770282,0.20039733799191595,0.7932348501803806
2009-10-13,5,5,0,0,1.0,0.0,0.0,5,1.0,0.009418552436129539,0.15940385045034572,0.8311775971135249
2009-10-14,6,5,0,1,0.8333333333333334,0.0,0.16666666666666666,5,0.8333333333333334,0.00879931689478327,0.22121165057273526,0.7699890325324819
2009-10-15,4,4,0,0,1.0,0.0,0.0,4,1.0,0.004869523273062005,0.07300480883169622,0.9221256678952415
2009-10-16,7,6,0,1,0.8571428571428571,0.0,0.14285714285714285,6,0.8571428571428571,0.008257007783741447,0.3118757137581234,0.6798672784581353
2009-10-19,17,17,0,0,1.0,0.0,0.0,17,1.0,0.005184824813496827,0.08957561662629224,0.905239558560211
2009-10-20,30,28,0,2,0.9333333333333333,0.0,0.06666666666666667,28,0.9333333333333333,0.00824943416704924,0.1576758558137409,0.8340747100192102
2009-10-21,13,12,0,1,0.9230769230769231,0.0,0.07692307692307693,12,0.9230769230769231,0.006467785970076737,0.1290586388516368,0.8644735751782867
2009-10-22,10,10,0,0,1.0,0.0,0.0,10,1.0,0.022110833561787894,0.21784898862583013,0.7600401778123819
2009-10-23,5,5,0,0,1.0,0.0,0.0,5,1.0,0.01709259256960957,0.10963278929339622,0.873274618136994
2009-10-26,3,3,0,0,1.0,0.0,0.0,3,1.0,0.008901704431076228,0.15271959363046586,0.8383787019384582
2009-10-27,10,10,0,0,1.0,0.0,0.0,10,1.0,0.0075636577910263725,0.11155306743363465,0.8808832747753392
2009-10-28,5,3,0,2,0.6,0.0,0.4,3,0.6,0.01740110496728505,0.3829944752875513,0.599604419745164
2009-10-29,6,6,0,0,1.0,0.0,0.0,6,1.0,0.006207657529319324,0.18747309157099815,0.8063192508996826
2009-10-30,3,3,0,0,1.0,0.0,0.0,3,1.0,0.006303974725861704,0.15179303904634198,0.8419029862277957
2009-11-01,1,1,0,0,1.0,0.0,0.0,1,1.0,0.013669492588417185,0.35538072885602107,0.6309497785555619
2009-11-02,5,5,0,0,1.0,0.0,0.0,5,1.0,0.013018492991418221,0.14555386348300917,0.8414276435255731
2009-11-03,8,7,0,1,0.875,0.0,0.125,7,0.875,0.008156427116094368,0.21795939047506296,0.7738841824088423
2009-11-04,8,8,0,0,1.0,0.0,0.0,8,1.0,0.007273530213008321,0.2321601290418787,0.7605663407451131
2009-11-05,4,3,0,1,0.75,0.0,0.25,3,0.75,0.0028066881791813814,0.1480950191040144,0.8490982927168031
2009-11-06,5,5,0,0,1.0,0.0,0.0,5,1.0,0.011100134688856896,0.17890256700267076,0.8099972983084733
2009-11-09,7,6,0,1,0.8571428571428571,0.0,0.14285714285714285,6,0.8571428571428571,0.006126998371336484,0.19356236767777385,0.8003106339508897
2009-11-10,10,10,0,0,1.0,0.0,0.0,10,1.0,0.006684220485879769,0.0806455255853068,0.9126702539288137
2009-11-11,5,4,0,1,0.8,0.0,0.2,4,0.8,0.007456596852089876,0.22554585331862462,0.7669975498292857
2009-11-12,9,9,0,0,1.0,0.0,0.0,9,1.0,0.009018606389656578,0.15636865627964255,0.8346127373307007
2009-11-13,7,6,0,1,0.8571428571428571,0.0,0.14285714285714285,6,0.8571428571428571,0.009404132721582508,0.20137202794170975,0.7892238393367077
2009-11-14,1,1,0,0,1.0,0.0,0.0,1,1.0,0.01024324396175228,0.14995803394799423,0.8397987220902533
2009-11-16,5,5,0,0,1.0,0.0,0.0,5,1.0,0.005992872291256014,0.15288693786778543,0.841120189840959
2009-11-17,6,6,0,0,1.0,0.0,0.0,6,1.0,0.004150591669996528,0.12062765921082336,0.8752217491191799
2009-11-18,5,4,0,1,0.8,0.0,0.2,4,0.8,0.005089510288606699,0.19393447607014402,0.8009760136412492
2009-11-19,5,4,0,1,0.8,0.0,0.2,4,0.8,0.005522265035664291,0.16809300845195455,0.8263847265123807
2009-11-20,4,4,0,0,1.0,0.0,0.0,4,1.0,0.005442328212032263,0.10271630632498957,0.8918413654629773
2009-11-23,3,3,0,0,1.0,0.0,0.0,3,1.0,0.0026580069501233017,0.027858939573581404,0.9694830534762952
2009-11-24,7,6,0,1,0.8571428571428571,0.0,0.14285714285714285,6,0.8571428571428571,0.008252141770778229,0.17030599765060353,0.8214418605786186
2009-11-25,2,2,0,0,1.0,0.0,0.0,2,1.0,0.003731193994859466,0.11275434337818538,0.883514462626955
2009-11-26,4,4,0,0,1.0,0.0,0.0,4,1.0,0.005040733067262457,0.26613113925220105,0.7288281276805374
2009-11-27,2,2,0,0,1.0,0.0,0.0,2,1.0,0.006370962049127635,0.13390669955267634,0.8597223383981955
2009-11-30,5,5,0,0,1.0,0.0,0.0,5,1.0,0.009656753335580331,0.13694049766323846,0.8534027490011823
2009-12-01,6,6,0,0,1.0,0.0,0.0,6,1.0,0.010575166619040476,0.16679751316472113,0.8226273202162377
2009-12-02,9,7,0,2,0.7777777777777778,0.0,0.2222222222222222,7,0.7777777777777778,0.015742987594903377,0.2615167673096287,0.7227402450954681
2009-12-03,6,4,0,2,0.6666666666666666,0.0,0.3333333333333333,4,0.6666666666666666,0.013307469865862745,0.2919051702222148,0.6947873599119229
2009-12-04,4,3,0,1,0.75,0.0,0.25,3,0.75,0.036786275157841344,0.2887780087102943,0.6744357161318637
2009-12-05,1,1,0,0,1.0,0.0,0.0,1,1.0,0.005068982885726281,0.07611045743230907,0.918820559681964
2009-12-06,1,1,0,0,1.0,0.0,0.0,1,1.0,6.457066814448292e-07,4.380131890106093e-05,0.9999555529744288
2009-12-07,6,6,0,0,1.0,0.0,0.0,6,1.0,0.015803260828545534,0.13240182921830917,0.8517949099531457
2009-12-08,7,4,0,3,0.5714285714285714,0.0,0.42857142857142855,4,0.5714285714285714,0.007700469422200906,0.3785986618674129,0.6137008687103852
2009-12-09,12,11,0,1,0.9166666666666666,0.0,0.08333333333333333,11,0.9166666666666666,0.005687406936074863,0.181839770807529,0.8124728222563958
2009-12-10,5,5,0,0,1.0,0.0,0.0,5,1.0,0.004573013045082525,0.07840188394817074,0.9170251030067467
2009-12-11,13,11,0,2,0.8461538461538461,0.0,0.15384615384615385,11,0.8461538461538461,0.009817389884881565,0.2250123129149023,0.7651702972002161
2009-12-14,16,14,0,2,0.875,0.0,0.125,14,0.875,0.009542484783231931,0.20700995741003086,0.783447557806737
2009-12-15,10,9,0,1,0.9,0.0,0.1,9,0.9,0.0069935374395283505,0.2490984933596554,0.7439079692008159
2009-12-16,2,2,0,0,1.0,0.0,0.0,2,1.0,0.005572289638795776,0.3253372398088146,0.6690904705523905
2009-12-17,11,11,0,0,1.0,0.0,0.0,11,1.0,0.007906368002567494,0.18072476976633373,0.8113688622310982
2009-12-18,6,5,0,1,0.8333333333333334,0.0,0.16666666666666666,5,0.8333333333333334,0.008407776092659207,0.22616138166692712,0.765430842240414
2009-12-21,5,5,0,0,1.0,0.0,0.0,5,1.0,0.005494950940734038,0.11442201665813805,0.8800830324011274
2009-12-22,9,9,0,0,1.0,0.0,0.0,9,1.0,0.004302711159798888,0.09830687425021195,0.8973904145899891
2009-12-23,5,4,0,1,0.8,0.0,0.2,4,0.8,0.009111147126413324,0.28713945594946283,0.7037493969241246
2009-12-24,9,8,0,1,0.8888888888888888,0.0,0.1111111111111111,8,0.8888888888888888,0.010297790581415042,0.20417359342466865,0.7855286159939158
2009-12-25,3,2,0,1,0.6666666666666666,0.0,0.3333333333333333,2,0.6666666666666666,0.009222090645174449,0.4566481715365264,0.5341297378182983
2009-12-28,6,6,0,0,1.0,0.0,0.0,6,1.0,0.005743983805657997,0.1282470316548102,0.8660089845395319
2009-12-29,8,8,0,0,1.0,0.0,0.0,8,1.0,0.045004508747277974,0.23246098206208454,0.7225345091906371
2009-12-30,9,9,0,0,1.0,0.0,0.0,9,1.0,0.01226783913616392,0.06459615333182124,0.9231360075320152
2009-12-31,7,7,0,0,1.0,0.0,0.0,7,1.0,0.009951309311990302,0.07260169434746092,0.917446996340549
2010-01-04,10,9,0,1,0.9,0.0,0.1,9,0.9,0.008203028112577466,0.13342317441163004,0.8583737974757923
2010-01-05,22,21,0,1,0.9545454545454546,0.0,0.045454545454545456,21,0.9545454545454546,0.011311378323321897,0.16736482086989618,0.8213238008067821
2010-01-06,9,7,0,2,0.7777777777777778,0.0,0.2222222222222222,7,0.7777777777777778,0.0050144959086810105,0.22788200010980506,0.7671035039815141
2010-01-07,10,10,0,0,1.0,0.0,0.0,10,1.0,0.010718047049003582,0.21173580628780156,0.7775461466631949
2010-01-08,8,7,0,1,0.875,0.0,0.125,7,0.875,0.00891032474866759,0.22721839161958846,0.7638712836317443
2010-01-09,1,1,0,0,1.0,0.0,0.0,1,1.0,0.0029465889422231975,0.43399570570398827,0.5630577053537853
2010-01-11,7,5,0,2,0.7142857142857143,0.0,0.2857142857142857,5,0.7142857142857143,0.009197213252533051,0.3170121995064875,0.673790587240979
2010-01-12,4,4,0,0,1.0,0.0,0.0,4,1.0,0.0068993443602779975,0.0682150619457618,0.9248855936939603
2010-01-13,6,6,0,0,1.0,0.0,0.0,6,1.0,0.011288785997854473,0.12972054476316583,0.8589906692389789
2010-01-14,17,15,0,2,0.8823529411764706,0.0,0.11764705882352941,15,0.8823529411764706,0.0170884843873234,0.2186360018302287,0.764275513782448
2010-01-15,6,6,0,0,1.0,0.0,0.0,6,1.0,0.013684986877922793,0.20230442056203327,0.7840105925600444
2010-01-16,3,3,0,0,1.0,0.0,0.0,3,1.0,0.07653528628507282,0.20971487469894926,0.7137498390159784
2010-01-17,3,3,0,0,1.0,0.0,0.0,3,1.0,0.03385391505133294,0.15243035140870378,0.8137157335399631
2010-01-18,11,10,0,1,0.9090909090909091,0.0,0.09090909090909091,10,0.9090909090909091,0.010319476196201372,0.18308982248303235,0.806590701320766
2010-01-19,9,8,0,1,0.8888888888888888,0.0,0.1111111111111111,8,0.8888888888888888,0.006838843311726569,0.1547755369406758,0.8383856197475975
2010-01-20,11,11,0,0,1.0,0.0,0.0,11,1.0,0.00876370715081881,0.20203361962494837,0.7892026732242325
2010-01-21,5,5,0,0,1.0,0.0,0.0,5,1.0,0.0036931083911127143,0.04809863031468688,0.9482082612941991
2010-01-22,3,3,0,0,1.0,0.0,0.0,3,1.0,0.0018097596834945964,0.03738155601000919,0.960808684306497
2010-01-25,23,23,0,0,1.0,0.0,0.0,23,1.0,0.007590255961467821,0.0986522237964982,0.893757520242034
2010-01-26,19,17,0,2,0.8947368421052632,0.0,0.10526315789473684,17,0.8947368421052632,0.007119762261232151,0.1406084399949225,0.8522717977438453
2010-01-27,56,55,0,1,0.9821428571428571,0.0,0.017857142857142856,55,0.9821428571428571,0.00636305116372438,0.11195161412661858,0.8816853347096573
2010-01-28,25,25,0,0,1.0,0.0,0.0,25,1.0,0.005667832151018337,0.1047201078032785,0.8896120600457037
2010-01-29,15,15,0,0,1.0,0.0,0.0,15,1.0,0.006719978116673286,0.06947110873981203,0.9238089131435141
2010-01-30,4,3,0,1,0.75,0.0,0.25,3,0.75,0.007081614190178765,0.23807189475851578,0.7548464910513055
2010-01-31,1,1,0,0,1.0,0.0,0.0,1,1.0,0.0022976069046727137,0.1701157111933571,0.8275866819019694
2010-02-01,8,8,0,0,1.0,0.0,0.0,8,1.0,0.004675219191135759,0.12671071351321764,0.8686140672956453
2010-02-02,14,13,0,1,0.9285714285714286,0.0,0.07142857142857142,13,0.9285714285714286,0.006196071719571204,0.14231808042065502,0.8514858478597738
2010-02-03,5,5,0,0,1.0,0.0,0.0,5,1.0,0.0034673496136942497,0.09360346537373924,0.9029291850125674
2010-02-04,10,8,0,2,0.8,0.0,0.2,8,0.8,0.00687819882685438,0.21110533142688884,0.7820164697462568
2010-02-05,8,8,0,0,1.0,0.0,0.0,8,1.0,0.005866831730474356,0.116650889093802,0.8774822791757236
2010-02-08,3,2,0,1,0.6666666666666666,0.0,0.3333333333333333,2,0.6666666666666666,0.009988593442807434,0.2125895894503013,0.7774218171068914
2010-02-09,8,8,0,0,1.0,0.0,0.0,8,1.0,0.006413736791206745,0.14095950586061257,0.8526267573481798
2010-02-10,11,10,0,1,0.9090909090909091,0.0,0.09090909090909091,10,0.9090909090909091,0.009371186695805774,0.18221325375687591,0.8084155595473184
2010-02-11,12,10,0,2,0.8333333333333334,0.0,0.16666666666666666,10,0.8333333333333334,0.005072828240926996,0.17567973256992478,0.8192474391891479
2010-02-12,6,6,0,0,1.0,0.0,0.0,6,1.0,0.010873975120454932,0.08423655905369191,0.9048894658258536
2010-02-14,2,2,0,0,1.0,0.0,0.0,2,1.0,0.015046276660288311,0.05946079175405859,0.9254929315856535
2010-02-15,10,9,0,1,0.9,0.0,0.1,9,0.9,0.0049742534119450715,0.14332153499102782,0.8517042115970261
2010-02-16,7,6,0,1,0.8571428571428571,0.0,0.14285714285714285,6,0.8571428571428571,0.009338778745543027,0.23297182847955947,0.7576893927748969
2010-02-17,16,16,0,0,1.0,0.0,0.0,16,1.0,0.011468496945092317,0.10518635667162098,0.8833451463832865
2010-02-18,7,6,0,1,0.8571428571428571,0.0,0.14285714285714285,6,0.8571428571428571,0.0038322477372999563,0.1573944818460671,0.838773270416633
2010-02-19,6,6,0,0,1.0,0.0,0.0,6,1.0,0.020878630909101054,0.09785438400354877,0.8812669850873499
2010-02-22,9,9,0,0,1.0,0.0,0.0,9,1.0,0.009160324173271289,0.10812732851917746,0.8827123473075492
2010-02-23,7,6,0,1,0.8571428571428571,0.0,0.14285714285714285,6,0.8571428571428571,0.006172009861474049,0.14077896435754467,0.8530490257809833
2010-02-24,9,9,0,0,1.0,0.0,0.0,9,1.0,0.008723178299827213,0.16714691994238434,0.824129901757789
2010-02-25,17,17,0,0,1.0,0.0,0.0,17,1.0,0.0070145002151029085,0.10696901019183083,0.8860164895930664
2010-02-26,7,6,0,1,0.8571428571428571,0.0,0.14285714285714285,6,0.8571428571428571,0.005499041948866694,0.1519197610006095,0.8425811970505256
2010-03-01,7,7,0,0,1.0,0.0,0.0,7,1.0,0.0035724529334833733,0.10293160981639918,0.8934959372501172
2010-03-02,18,17,0,1,0.9444444444444444,0.0,0.05555555555555555,17,0.9444444444444444,0.018596214154399535,0.21329132930306532,0.7681124565425351
2010-03-03,9,9,0,0,1.0,0.0,0.0,9,1.0,0.01050647270145241,0.24805305292435376,0.7414404743741945
2010-03-04,4,4,0,0,1.0,0.0,0.0,4,1.0,0.010000660399957572,0.06104684373975999,0.928952495860282
2010-03-05,19,19,0,0,1.0,0.0,0.0,19,1.0,0.00640343075502266,0.11496998683063323,0.8786265824143449
2010-03-07,1,1,0,0,1.0,0.0,0.0,1,1.0,0.005223060201772969,0.09646751121605615,0.8983094285821704
2010-03-08,7,7,0,0,1.0,0.0,0.0,7,1.0,0.005407419111969908,0.07868769773606697,0.9159048831519642
2010-03-09,6,5,0,1,0.8333333333333334,0.0,0.16666666666666666,5,0.8333333333333334,0.006772469148732437,0.23265747292497188,0.7605700579262956
2010-03-10,7,6,0,1,0.8571428571428571,0.0,0.14285714285714285,6,0.8571428571428571,0.007390801653539376,0.17661563593999954,0.8159935624064613
2010-03-11,6,4,0,2,0.6666666666666666,0.0,0.3333333333333333,4,0.6666666666666666,0.007088498944821981,0.25934045069819106,0.7335710503569874
2010-03-12,14,13,0,1,0.9285714285714286,0.0,0.07142857142857142,13,0.9285714285714286,0.01023430900255288,0.14791380134507612,0.8418518896523711
2010-03-14,1,1,0,0,1.0,0.0,0.0,1,1.0,0.024113812859411686,0.124699751231141,0.8511864359094473
2010-03-15,8,7,0,1,0.875,0.0,0.125,7,0.875,0.007582396042533449,0.17923994482998595,0.8131776591274795
2010-03-16,8,8,0,0,1.0,0.0,0.0,8,1.0,0.010546694529501927,0.10454416381902137,0.8849091416514774
2010-03-17,8,7,0,1,0.875,0.0,0.125,7,0.875,0.004927579659398657,0.20411871591787586,0.7909537044227257
2010-03-18,11,10,0,1,0.9090909090909091,0.0,0.09090909090909091,10,0.9090909090909091,0.012639523908274296,0.18260864129910684,0.8047518347926189
2010-03-19,10,10,0,0,1.0,0.0,0.0,10,1.0,0.005440278507296253,0.11014844004212951,0.8844112814505756
2010-03-22,8,8,0,0,1.0,0.0,0.0,8,1.0,0.006214481444343023,0.14648992552313506,0.847295593032521
2010-03-23,8,8,0,0,1.0,0.0,0.0,8,1.0,0.009225255765366645,0.13259897098530574,0.8581757732493273
2010-03-24,7,6,0,1,0.8571428571428571,0.0,0.14285714285714285,6,0.8571428571428571,0.0030740926137968016,0.25323899117682735,0.7436869162093757
2010-03-25,8,8,0,0,1.0,0.0,0.0,8,1.0,0.0075706408841834175,0.06214085367266295,0.9302885054431536
2010-03-26,8,8,0,0,1.0,0.0,0.0,8,1.0,0.004285998019155242,0.09165755094667671,0.9040564510341675
2010-03-27,2,2,0,0,1.0,0.0,0.0,2,1.0,0.005631864990190348,0.20959619494924608,0.7847719400605632
2010-03-28,1,1,0,0,1.0,0.0,0.0,1,1.0,0.004905166507115228,0.04292936170739318,0.9521654717854912
2010-03-29,18,16,0,2,0.8888888888888888,0.0,0.1111111111111111,16,0.8888888888888888,0.005145206539170919,0.1549275088771425,0.8399272845836867
2010-03-30,28,28,0,0,1.0,0.0,0.0,28,1.0,0.007570024139143267,0.10627544394922085,0.886154531911636
2010-03-31,8,7,0,1,0.875,0.0,0.125,7,0.875,0.011227701077602972,0.16121793319264904,0.8275543657297476
2010-04-01,16,16,0,0,1.0,0.0,0.0,16,1.0,0.009331909057667306,0.09154585573517093,0.8991222352071617
2010-04-02,13,12,0,1,0.9230769230769231,0.0,0.07692307692307693,12,0.9230769230769231,0.009597466010250529,0.20121347835204648,0.7891890556377034
2010-04-03,11,11,0,0,1.0,0.0,0.0,11,1.0,0.009694297616517572,0.1704442632002046,0.8198614391832778
2010-04-04,3,3,0,0,1.0,0.0,0.0,3,1.0,0.010084154038999366,0.12807326342399925,0.8618425825370021
2010-04-05,26,26,0,0,1.0,0.0,0.0,26,1.0,0.006537498588457062,0.11526139666370193,0.8782011047478409
2010-04-06,26,22,0,4,0.8461538461538461,0.0,0.15384615384615385,22,0.8461538461538461,0.006010252086491278,0.18985832062006808,0.8041314272934407
2010-04-07,13,13,0,0,1.0,0.0,0.0,13,1.0,0.006145232912888908,0.15117342185065835,0.8426813452364533
2010-04-08,18,14,0,4,0.7777777777777778,0.0,0.2222222222222222,14,0.7777777777777778,0.008480746824089296,0.251153044132311,0.7403662090436001
2010-04-09,6,6,0,0,1.0,0.0,0.0,6,1.0,0.007737886217517594,0.22065014306504457,0.7716119707174384
2010-04-11,1,1,0,0,1.0,0.0,0.0,1,1.0,0.0032195552113646365,0.06972121900739561,0.9270592257812399
2010-04-12,12,12,0,0,1.0,0.0,0.0,12,1.0,0.00924880693814398,0.16346019713427437,0.8272909959275814
2010-04-13,12,11,0,1,0.9166666666666666,0.0,0.08333333333333333,11,0.9166666666666666,0.0072381741308502065,0.22268309466120292,0.7700787312079473
2010-04-14,12,12,0,0,1.0,0.0,0.0,12,1.0,0.005619546216471129,0.12514813981731202,0.8692323139662176
2010-04-15,7,7,0,0,1.0,0.0,0.0,7,1.0,0.003662497923848374,0.10794811361817795,0.8883893884579717
2010-04-16,6,6,0,0,1.0,0.0,0.0,6,1.0,0.006204853097374025,0.09754056032520546,0.8962545865774197
2010-04-18,1,1,0,0,1.0,0.0,0.0,1,1.0,3.7347357513803684e-05,0.0008781200557055687,0.9990845325867775
2010-04-19,7,6,0,1,0.8571428571428571,0.0,0.14285714285714285,6,0.8571428571428571,0.008045647716334339,0.32815958884802626,0.6637947634356397
2010-04-20,36,35,0,1,0.9722222222222222,0.0,0.027777777777777776,35,0.9722222222222222,0.004688135994210478,0.09382209703393439,0.9014897669718551
2010-04-21,37,37,0,0,1.0,0.0,0.0,37,1.0,0.0034268192290435617,0.06692421974534,0.9296489610256163
2010-04-22,7,7,0,0,1.0,0.0,0.0,7,1.0,0.001999727991546083,0.02417834095114121,0.9738219310573138
2010-04-23,15,15,0,0,1.0,0.0,0.0,15,1.0,0.003393523268510312,0.06262122432235796,0.9339852524091312
2010-04-25,5,5,0,0,1.0,0.0,0.0,5,1.0,0.006351415261086166,0.10471741842462134,0.8889311663142904
2010-04-26,14,14,0,0,1.0,0.0,0.0,14,1.0,0.008647443697044963,0.08228331475424723,0.9090692415487068
2010-04-27,14,14,0,0,1.0,0.0,0.0,14,1.0,0.0051749993894044345,0.09404618335399004,0.9007788172566056
2010-04-28,15,14,0,1,0.9333333333333333,0.0,0.06666666666666667,14,0.9333333333333333,0.006130836285543642,0.1408546415817643,0.8530145221326919
2010-04-29,13,13,0,0,1.0,0.0,0.0,13,1.0,0.007640507241136409,0.10663793195703936,0.8857215608018236
2010-04-30,19,19,0,0,1.0,0.0,0.0,19,1.0,0.00695886660975021,0.20150007318109164,0.7915410602091587
2010-05-01,1,0,0,1,0.0,0.0,1.0,0,0.0,0.011486073159993223,0.5076912411945932,0.48082268564541425
2010-05-03,14,14,0,0,1.0,0.0,0.0,14,1.0,0.00468333380903657,0.0828332679371876,0.9124833982537747
2010-05-04,13,12,0,1,0.9230769230769231,0.0,0.07692307692307693,12,0.9230769230769231,0.007567420600363746,0.17316559178758384,0.8192669876120529
2010-05-05,11,11,0,0,1.0,0.0,0.0,11,1.0,0.004378826612161621,0.07358122368787613,0.9220399496999618
2010-05-06,5,4,0,1,0.8,0.0,0.2,4,0.8,0.006466561052516785,0.27332371354119517,0.7202097254062878
2010-05-07,13,13,0,0,1.0,0.0,0.0,13,1.0,0.013155102790156878,0.19151936432625405,0.7953255328835885
2010-05-10,9,8,0,1,0.8888888888888888,0.0,0.1111111111111111,8,0.8888888888888888,0.00460796348114861,0.1304876381783543,0.8649043983404964
2010-05-11,17,17,0,0,1.0,0.0,0.0,17,1.0,0.008487458821377147,0.09490547929526581,0.8966070618833574
2010-05-12,15,15,0,0,1.0,0.0,0.0,15,1.0,0.011824938022508346,0.11463036289399262,0.8735446990834981
2010-05-13,12,12,0,0,1.0,0.0,0.0,12,1.0,0.020258179384598254,0.1864633640558627,0.793278456559539
2010-05-14,11,11,0,0,1.0,0.0,0.0,11,1.0,0.007859016060231054,0.0814361850039833,0.9107047989357853
2010-05-16,1,1,0,0,1.0,0.0,0.0,1,1.0,0.018440972097421432,0.09265543758886756,0.8889035903137094
2010-05-17,8,8,0,0,1.0,0.0,0.0,8,1.0,0.012204050856744825,0.23687323652417505,0.7509227126190807
2010-05-18,11,10,0,1,0.9090909090909091,0.0,0.09090909090909091,10,0.9090909090909091,0.012373790564048533,0.19795789460978613,0.7896683148261651
2010-05-19,11,11,0,0,1.0,0.0,0.0,11,1.0,0.012734167421302485,0.11690764284896543,0.8703581897297322
2010-05-20,13,13,0,0,1.0,0.0,0.0,13,1.0,0.008585417709884401,0.13182079270540284,0.8595937895847136
2010-05-21,5,5,0,0,1.0,0.0,0.0,5,1.0,0.010437367269742197,0.1530124942913956,0.8365501384388624
2010-05-24,8,7,0,1,0.875,0.0,0.125,7,0.875,0.005151760234023663,0.1965431579068646,0.7983050818591113
2010-05-25,13,12,0,1,0.9230769230769231,0.0,0.07692307692307693,12,0.9230769230769231,0.004995507867240028,0.10556096577521543,0.8894435263575448
2010-05-26,17,17,0,0,1.0,0.0,0.0,17,1.0,0.007097567673265155,0.11080396253068979,0.8820984697960457
2010-05-27,15,15,0,0,1.0,0.0,0.0,15,1.0,0.0060245470097292165,0.11873957516957431,0.8752358778206965
2010-05-28,17,16,0,1,0.9411764705882353,0.0,0.058823529411764705,16,0.9411764705882353,0.008024296798678303,0.13387918724258957,0.8580965159587318
2010-05-29,2,2,0,0,1.0,0.0,0.0,2,1.0,0.00584887043196241,0.0681067096623572,0.9260444199056803
2010-05-31,6,6,0,0,1.0,0.0,0.0,6,1.0,0.007550972429188123,0.17874443427611034,0.8137045932947018
2010-06-01,10,10,0,0,1.0,0.0,0.0,10,1.0,0.005207961011864668,0.07630909169993352,0.9184829472882015
2010-06-02,6,6,0,0,1.0,0.0,0.0,6,1.0,0.023802912166756094,0.2290554690216637,0.7471416188115808
2010-06-03,7,6,0,1,0.8571428571428571,0.0,0.14285714285714285,6,0.8571428571428571,0.0056123363150475825,0.1687087165310439,0.8256789471539084
2010-06-04,8,8,0,0,1.0,0.0,0.0,8,1.0,0.008284074157013419,0.14337653645407253,0.8483393893889135
2010-06-05,1,1,0,0,1.0,0.0,0.0,1,1.0,0.008006882965291317,0.1377319377677887,0.8542611792669184
2010-06-06,1,1,0,0,1.0,0.0,0.0,1,1.0,0.0033060925365885514,0.04017078340566924,0.9565231240577433
2010-06-07,33,33,0,0,1.0,0.0,0.0,33,1.0,0.00793859517047053,0.1807946909184923,0.8112667139110372
2010-06-08,11,9,0,2,0.8181818181818182,0.0,0.18181818181818182,9,0.8181818181818182,0.008042937039563132,0.23185889009276667,0.7600981728676703
2010-06-09,18,18,0,0,1.0,0.0,0.0,18,1.0,0.005057488058760717,0.09777425083729291,0.897168261103946
2010-06-10,13,13,0,0,1.0,0.0,0.0,13,1.0,0.007260193548292094,0.10488566903334437,0.8878541374183625
2010-06-11,9,9,0,0,1.0,0.0,0.0,9,1.0,0.04333762199689117,0.17517870505732397,0.7814836729457851
2010-06-13,3,3,0,0,1.0,0.0,0.0,3,1.0,0.0004398710564470696,0.01095899206999183,0.9886011368735635
2010-06-14,21,21,0,0,1.0,0.0,0.0,21,1.0,0.003978845485440466,0.06465355509499297,0.9313675994195659
2010-06-15,23,22,0,1,0.9565217391304348,0.0,0.043478260869565216,22,0.9565217391304348,0.005222629241794746,0.128748745621888,0.8660286251363167
2010-06-16,25,25,0,0,1.0,0.0,0.0,25,1.0,0.0029789965401634155,0.05229594265355595,0.9447250608062813
2010-06-17,17,16,0,1,0.9411764705882353,0.0,0.058823529411764705,16,0.9411764705882353,0.004390619984445302,0.11300771307325778,0.8826016669422967
2010-06-18,19,19,0,0,1.0,0.0,0.0,19,1.0,0.0038215240680885307,0.039286796282221745,0.95689167964969
2010-06-19,2,2,0,0,1.0,0.0,0.0,2,1.0,0.0007128135605885084,0.014277944198011176,0.985009242241407
2010-06-20,4,4,0,0,1.0,0.0,0.0,4,1.0,0.0007544447860033361,0.009860123155653076,0.9893854320583415
2010-06-21,16,16,0,0,1.0,0.0,0.0,16,1.0,0.002905024019209172,0.08415621984229538,0.9129387561384963
2010-06-22,41,40,0,1,0.975609756097561,0.0,0.024390243902439025,40,0.975609756097561,0.0054653859740410385,0.09231393805404509,0.9022206759719148
2010-06-23,21,21,0,0,1.0,0.0,0.0,21,1.0,0.004130871203532374,0.08270113915497028,0.9131679896414969
2010-06-24,29,28,0,1,0.9655172413793104,0.0,0.034482758620689655,28,0.9655172413793104,0.0044731527130095336,0.07984684597917863,0.9156800013078114
2010-06-25,18,18,0,0,1.0,0.0,0.0,18,1.0,0.0057776122416696475,0.08305237196266733,0.9111700157956639
2010-06-26,4,4,0,0,1.0,0.0,0.0,4,1.0,0.01599262888982959,0.06095662314446762,0.9230507479657015
2010-06-27,2,2,0,0,1.0,0.0,0.0,2,1.0,0.0008480583153606717,0.010391924726036936,0.9887600169586064
2010-06-28,28,28,0,0,1.0,0.0,0.0,28,1.0,0.006058387301848807,0.07982485893422843,0.9141167537639233
2010-06-29,13,12,0,1,0.9230769230769231,0.0,0.07692307692307693,12,0.9230769230769231,0.0032511562759680156,0.1336444275389027,0.8631044161851287
2010-06-30,15,14,0,1,0.9333333333333333,0.0,0.06666666666666667,14,0.9333333333333333,0.0033935780558099287,0.0804571329208108,0.9161492890233794
2010-07-01,25,25,0,0,1.0,0.0,0.0,25,1.0,0.005321823097070983,0.0586180198790215,0.9360601570239077
2010-07-02,14,13,0,1,0.9285714285714286,0.0,0.07142857142857142,13,0.9285714285714286,0.006310298642098624,0.15677255045430352,0.8369171509035975
2010-07-03,3,3,0,0,1.0,0.0,0.0,3,1.0,0.0013932473101199326,0.019055621696830605,0.9795511309930475
2010-07-04,4,4,0,0,1.0,0.0,0.0,4,1.0,0.004308492156792169,0.05225119811490561,0.9434403097283018
2010-07-05,6,5,0,1,0.8333333333333334,0.0,0.16666666666666666,5,0.8333333333333334,0.002933336010169129,0.09856296302797042,0.8985037009618594
2010-07-06,23,23,0,0,1.0,0.0,0.0,23,1.0,0.004390306501359223,0.05093785177345321,0.9446718417251888
2010-07-07,24,24,0,0,1.0,0.0,0.0,24,1.0,0.005134090650919394,0.09587855520564437,0.8989873541434358
2010-07-08,14,14,0,0,1.0,0.0,0.0,14,1.0,0.0023358485466824534,0.03584027517977834,0.9618238762735402
2010-07-09,17,16,0,1,0.9411764705882353,0.0,0.058823529411764705,16,0.9411764705882353,0.005643733250883755,0.11869980858913405,0.8756564581599813
2010-07-10,2,2,0,0,1.0,0.0,0.0,2,1.0,0.0014955686944411412,0.03642101445947808,0.9620834168460781
2010-07-11,3,3,0,0,1.0,0.0,0.0,3,1.0,0.0008544693343227341,0.00422342203145273,0.994922108634228
2010-07-12,19,19,0,0,1.0,0.0,0.0,19,1.0,0.005828181621508447,0.06376439231030337,0.9304074260681873
2010-07-13,18,18,0,0,1.0,0.0,0.0,18,1.0,0.005879348491931027,0.0677346733990636,0.9263859781090054
2010-07-14,19,19,0,0,1.0,0.0,0.0,19,1.0,0.0027584329356008636,0.060179212680556086,0.9370623543838432
2010-07-15,23,22,0,1,0.9565217391304348,0.0,0.043478260869565216,22,0.9565217391304348,0.004194114094635223,0.08825426181081239,0.9075516240945525
2010-07-16,21,21,0,0,1.0,0.0,0.0,21,1.0,0.005692582508009199,0.11662785764761543,0.8776795598443757
2010-07-17,2,2,0,0,1.0,0.0,0.0,2,1.0,0.00012924232195655485,0.003497496384042372,0.9963732612939988
2010-07-18,4,4,0,0,1.0,0.0,0.0,4,1.0,0.010211366706719823,0.09479587777863756,0.8949927555146421
2010-07-19,26,26,0,0,1.0,0.0,0.0,26,1.0,0.006419930398201979,0.07430011590663997,0.9192799536951586
2010-07-20,49,49,0,0,1.0,0.0,0.0,49,1.0,0.003714942650715341,0.06535118792875312,0.9309338694205314
2010-07-21,51,51,0,0,1.0,0.0,0.0,51,1.0,0.0026512085939981193,0.05228521071609166,0.9450635806899097
2010-07-22,27,27,0,0,1.0,0.0,0.0,27,1.0,0.001923322047405734,0.03502319591652999,0.9630534820360628
2010-07-23,18,18,0,0,1.0,0.0,0.0,18,1.0,0.0026065980240367725,0.06027624773071177,0.9371171542452511
2010-07-24,3,3,0,0,1.0,0.0,0.0,3,1.0,0.0001156195361357408,0.0044917303815067795,0.9953926500823526
2010-07-25,5,5,0,0,1.0,0.0,0.0,5,1.0,0.002718674624792267,0.039253258823088034,0.9580280665521205
2010-07-26,16,16,0,0,1.0,0.0,0.0,16,1.0,0.0029371019709334093,0.04399418897270888,0.9530687090563568
2010-07-27,26,24,0,2,0.9230769230769231,0.0,0.07692307692307693,24,0.9230769230769231,0.006209648367111646,0.13798684200969924,0.8558035096231881
2010-07-28,20,20,0,0,1.0,0.0,0.0,20,1.0,0.005963016651302778,0.0891325292265715,0.9049044541221252
2010-07-29,30,30,0,0,1.0,0.0,0.0,30,1.0,0.0029076814475878236,0.05148100637607296,0.9456113121763393
2010-07-30,10,10,0,0,1.0,0.0,0.0,10,1.0,0.0014131500941595729,0.018697050185582792,0.9798897997202582
2010-07-31,1,1,0,0,1.0,0.0,0.0,1,1.0,9.633186131671788e-06,0.0006918061287043739,0.999298560685171
2010-08-02,15,14,0,1,0.9333333333333333,0.0,0.06666666666666667,14,0.9333333333333333,0.003438719195732021,0.0712490428336001,0.9253122379706679
2010-08-03,9,9,0,0,1.0,0.0,0.0,9,1.0,0.007030746321931753,0.14896717674889423,0.8440020769291743
2010-08-04,11,10,0,1,0.9090909090909091,0.0,0.09090909090909091,10,0.9090909090909091,0.005561948650016644,0.18801650436743575,0.8064215469825484
2010-08-05,12,11,0,1,0.9166666666666666,0.0,0.08333333333333333,11,0.9166666666666666,0.007163420593304105,0.13536468816525685,0.8574718912414377
2010-08-06,14,14,0,0,1.0,0.0,0.0,14,1.0,0.006985673149457303,0.11000492550140017,0.883009401349142
2010-08-07,2,2,0,0,1.0,0.0,0.0,2,1.0,0.010103285020721777,0.1697352568431204,0.8201614581361583
2010-08-09,14,13,0,1,0.9285714285714286,0.0,0.07142857142857142,13,0.9285714285714286,0.007001915551566594,0.14694106191770845,0.8460570225307249
2010-08-10,5,5,0,0,1.0,0.0,0.0,5,1.0,0.014643791080807194,0.08614474982937317,0.8992114590898206
2010-08-11,7,7,0,0,1.0,0.0,0.0,7,1.0,0.007365468499262841,0.10368692886751965,0.8889476026332174
2010-08-12,11,9,0,2,0.8181818181818182,0.0,0.18181818181818182,9,0.8181818181818182,0.0053274396663641034,0.15470623094529376,0.8399663293883424
2010-08-13,6,6,0,0,1.0,0.0,0.0,6,1.0,0.0038254681168586727,0.08096045560594374,0.9152140762771991
2010-08-14,3,3,0,0,1.0,0.0,0.0,3,1.0,0.026345816399412848,0.09627657141917971,0.8773776121814064
2010-08-15,2,2,0,0,1.0,0.0,0.0,2,1.0,0.013880133397824198,0.05550623406063537,0.9306136325415408
2010-08-16,22,20,0,2,0.9090909090909091,0.0,0.09090909090909091,20,0.9090909090909091,0.008376318148475307,0.12845867201716726,0.8631650098343566
2010-08-17,13,12,0,1,0.9230769230769231,0.0,0.07692307692307693,12,0.9230769230769231,0.013985199053904447,0.12165101006345035,0.864363790882644
2010-08-18,9,9,0,0,1.0,0.0,0.0,9,1.0,0.008148189067551317,0.08454786100558342,0.9073039499268649
2010-08-19,16,16,0,0,1.0,0.0,0.0,16,1.0,0.004909559285377235,0.10716652512858743,0.8879239155860352
2010-08-20,8,7,0,1,0.875,0.0,0.125,7,0.875,0.00369779408528752,0.10467498713848952,0.8916272187762244
2010-08-23,6,5,0,1,0.8333333333333334,0.0,0.16666666666666666,5,0.8333333333333334,0.009655580752966514,0.2189827015709133,0.77136171767612
2010-08-24,18,17,0,1,0.9444444444444444,0.0,0.05555555555555555,17,0.9444444444444444,0.00677074883457634,0.14120156458516844,0.8520276865802553
2010-08-25,16,16,0,0,1.0,0.0,0.0,16,1.0,0.005451514353625815,0.10171701707714344,0.8928314685692311
2010-08-26,10,10,0,0,1.0,0.0,0.0,10,1.0,0.00445482735527223,0.06537734063443082,0.9301678320102955
2010-08-27,11,11,0,0,1.0,0.0,0.0,11,1.0,0.007972071933086184,0.08549683130103351,0.9065310967658806
2010-08-28,1,1,0,0,1.0,0.0,0.0,1,1.0,0.0021126937389305883,0.07544734098887737,0.9224399652721903
2010-08-30,8,8,0,0,1.0,0.0,0.0,8,1.0,0.005644018105651592,0.08246581877229034,0.9118901631220587
2010-08-31,16,16,0,0,1.0,0.0,0.0,16,1.0,0.006034075142636601,0.11939822679935627,0.874567698058007
2010-09-01,35,32,0,3,0.9142857142857143,0.0,0.08571428571428572,32,0.9142857142857143,0.005891713533708834,0.2335499962687201,0.760558290197571
2010-09-02,27,27,0,0,1.0,0.0,0.0,27,1.0,0.008259170682094717,0.12537412692154962,0.8663667023963563
2010-09-03,8,8,0,0,1.0,0.0,0.0,8,1.0,0.004814184180100863,0.03949599906074092,0.9556898167591588
2010-09-06,8,7,0,1,0.875,0.0,0.125,7,0.875,0.008509889365128906,0.23200254964984104,0.7594875609850296
2010-09-07,13,13,0,0,1.0,0.0,0.0,13,1.0,0.004112947831345158,0.13293091814229513,0.8629561340263578
2010-09-08,9,9,0,0,1.0,0.0,0.0,9,1.0,0.0055147201701785855,0.10254609436016361,0.8919391854696571
2010-09-09,20,19,0,1,0.95,0.0,0.05,19,0.95,0.005948922208306502,0.15294429517651917,0.8411067826151741
2010-09-10,13,13,0,0,1.0,0.0,0.0,13,1.0,0.005442209730016713,0.07200040835383406,0.9225573819161502
2010-09-11,2,2,0,0,1.0,0.0,0.0,2,1.0,0.0036182425924088353,0.03765067728818282,0.9587310801194084
2010-09-13,8,8,0,0,1.0,0.0,0.0,8,1.0,0.005477028690855649,0.1708694231656983,0.8236535481434466
2010-09-14,7,7,0,0,1.0,0.0,0.0,7,1.0,0.0029072837264754957,0.03690392353840742,0.9601887927351183
2010-09-15,6,5,0,1,0.8333333333333334,0.0,0.16666666666666666,5,0.8333333333333334,0.004588998543329764,0.15919185730248722,0.8362191441541826
2010-09-16,6,6,0,0,1.0,0.0,0.0,6,1.0,0.0054088079892903596,0.06655430177679413,0.9280368902339151
2010-09-17,8,8,0,0,1.0,0.0,0.0,8,1.0,0.004711255871436112,0.08636555191509829,0.9089231922134662
2010-09-19,1,1,0,0,1.0,0.0,0.0,1,1.0,0.0017782675856790077,0.036697258379321945,0.961524474034999
2010-09-20,15,15,0,0,1.0,0.0,0.0,15,1.0,0.0033244184231772307,0.06053525357629505,0.9361403280005263
2010-09-21,28,28,0,0,1.0,0.0,0.0,28,1.0,0.0039823724432572994,0.06462594345964522,0.9313916840970986
2010-09-22,17,17,0,0,1.0,0.0,0.0,17,1.0,0.006886790579559979,0.10141433769679184,0.8916988717236481
2010-09-23,23,23,0,0,1.0,0.0,0.0,23,1.0,0.003227702476573315,0.04232608757806719,0.95444620994536
2010-09-24,17,17,0,0,1.0,0.0,0.0,17,1.0,0.0025585088729639044,0.052215287511567086,0.9452262036154688
2010-09-25,8,8,0,0,1.0,0.0,0.0,8,1.0,0.0018014695912930703,0.013352530439224776,0.9848459999694814
2010-09-26,5,5,0,0,1.0,0.0,0.0,5,1.0,0.0013657414841544706,0.034744800828101344,0.9638894576877431
2010-09-27,17,17,0,0,1.0,0.0,0.0,17,1.0,0.003805130285080909,0.03743151646112454,0.958763353253794
2010-09-28,24,23,0,1,0.9583333333333334,0.0,0.041666666666666664,23,0.9583333333333334,0.011009850490967102,0.11553321667046568,0.8734569328385667
2010-09-29,12,11,0,1,0.9166666666666666,0.0,0.08333333333333333,11,0.9166666666666666,0.0031452327424248126,0.09985763320096804,0.8969971340566053
2010-09-30,9,9,0,0,1.0,0.0,0.0,9,1.0,0.007355012298253616,0.06864022071866961,0.9240047669830805
2010-10-01,15,15,0,0,1.0,0.0,0.0,15,1.0,0.001447658092737948,0.03285862208875726,0.965693719818504
2010-10-02,2,2,0,0,1.0,0.0,0.0,2,1.0,0.002860060039307405,0.16509533961436362,0.8320446003463318
2010-10-03,1,1,0,0,1.0,0.0,0.0,1,1.0,0.0011606732720146245,0.05243207700233191,0.9464072497256495
2010-10-04,16,15,0,1,0.9375,0.0,0.0625,15,0.9375,0.003013224610087406,0.07456131243947318,0.9224254629504394
2010-10-05,21,21,0,0,1.0,0.0,0.0,21,1.0,0.007623174824646861,0.07456723368778127,0.9178095914875706
2010-10-06,23,23,0,0,1.0,0.0,0.0,23,1.0,0.009114268793207229,0.06919422195738678,0.9216915092494066
2010-10-07,16,16,0,0,1.0,0.0,0.0,16,1.0,0.004368916732922544,0.05485251678475365,0.9407785664823249
2010-10-08,19,17,0,2,0.8947368421052632,0.0,0.10526315789473684,17,0.8947368421052632,0.004288437050007176,0.10417186791689004,0.8915396950331029
2010-10-09,1,1,0,0,1.0,0.0,0.0,1,1.0,1.0611567226077671e-05,0.00012719406534447992,0.9998621943674297
2010-10-10,1,1,0,0,1.0,0.0,0.0,1,1.0,0.010230821562330229,0.10077681127754448,0.888992367160125
2010-10-11,13,13,0,0,1.0,0.0,0.0,13,1.0,0.0022657563776817343,0.03125618122838077,0.9664780623939375
2010-10-12,33,32,0,1,0.9696969696969697,0.0,0.030303030303030304,32,0.9696969696969697,0.004285186141992706,0.08897214313688183,0.9067426707211254
2010-10-13,28,28,0,0,1.0,0.0,0.0,28,1.0,0.0023317996276605826,0.04266245034965925,0.9550057500226806
2010-10-14,22,22,0,0,1.0,0.0,0.0,22,1.0,0.0037341311218551066,0.06940453415585882,0.9268613347222864
2010-10-15,19,19,0,0,1.0,0.0,0.0,19,1.0,0.00295995981024531,0.07175453593079158,0.9252855042589628
2010-10-16,1,1,0,0,1.0,0.0,0.0,1,1.0,0.002572255423586216,0.039708902595986466,0.9577188419804273
2010-10-17,3,3,0,0,1.0,0.0,0.0,3,1.0,0.0005406745150859671,0.009910519018321358,0.9895488064665895
2010-10-18,50,50,0,0,1.0,0.0,0.0,50,1.0,0.0049034489630696565,0.05807919076198227,0.9370173602749473
2010-10-19,55,55,0,0,1.0,0.0,0.0,55,1.0,0.003713246576521723,0.04949192284193837,0.9467948305815398
2010-10-20,33,33,0,0,1.0,0.0,0.0,33,1.0,0.005723101918417492,0.09677822773674617,0.8974986703448377
2010-10-21,31,28,0,3,0.9032258064516129,0.0,0.0967741935483871,28,0.9032258064516129,0.004902118167842082,0.1060217247195263,0.8890761571126314
2010-10-22,20,20,0,0,1.0,0.0,0.0,20,1.0,0.0034646815894105324,0.049078488189067446,0.9474568302215218
2010-10-23,1,1,0,0,1.0,0.0,0.0,1,1.0,0.00015820330311027726,0.005776655435293626,0.9940651412615985
2010-10-24,5,5,0,0,1.0,0.0,0.0,5,1.0,0.0002311886806867454,0.004089630997159308,0.9956791803221556
2010-10-25,18,17,0,1,0.9444444444444444,0.0,0.05555555555555555,17,0.9444444444444444,0.0032478508134958315,0.08291649804208652,0.9138356511444172
2010-10-26,25,25,0,0,1.0,0.0,0.0,25,1.0,0.004638261070865686,0.07701068026812902,0.9183510586610051
2010-10-27,23,22,0,1,0.9565217391304348,0.0,0.043478260869565216,22,0.9565217391304348,0.005755602992953915,0.09652548232295727,0.8977189146840879
2010-10-28,30,30,0,0,1.0,0.0,0.0,30,1.0,0.002180205606793081,0.05681869978264,0.9410010946105684
2010-10-29,18,18,0,0,1.0,0.0,0.0,18,1.0,0.003554436977183397,0.0562825129262056,0.9401630500966098
2010-10-30,4,4,0,0,1.0,0.0,0.0,4,1.0,0.0010660747659150575,0.018720767795708432,0.9802131574383744
2010-10-31,4,4,0,0,1.0,0.0,0.0,4,1.0,0.02840210700096771,0.05808402344437491,0.9135138695546584
2010-11-01,17,17,0,0,1.0,0.0,0.0,17,1.0,0.005688923264783131,0.06285007879810438,0.9314609979371131
2010-11-02,26,26,0,0,1.0,0.0,0.0,26,1.0,0.003710633945308588,0.08157933171119894,0.9147100343434913
2010-11-03,15,15,0,0,1.0,0.0,0.0,15,1.0,0.008663228954297043,0.06390323228857528,0.9274335387571279
2010-11-04,16,16,0,0,1.0,0.0,0.0,16,1.0,0.005613216612660596,0.06263128407282226,0.9317554993145175
2010-11-05,17,17,0,0,1.0,0.0,0.0,17,1.0,0.004053243557817464,0.03203804744986062,0.9639087089923206
2010-11-06,2,2,0,0,1.0,0.0,0.0,2,1.0,0.0016007334343802078,0.010661742304742459,0.9877375242608778
2010-11-07,1,1,0,0,1.0,0.0,0.0,1,1.0,0.004270200409698214,0.021548561045525952,0.9741812385447803
2010-11-08,10,10,0,0,1.0,0.0,0.0,10,1.0,0.005469369730489534,0.06438440344289614,0.9301462268266132
2010-11-09,13,13,0,0,1.0,0.0,0.0,13,1.0,0.0030673623628318233,0.07552745965172604,0.921405177985442
2010-11-10,15,14,0,1,0.9333333333333333,0.0,0.06666666666666667,14,0.9333333333333333,0.006134464816107326,0.10550950795551996,0.8883560272283713
2010-11-11,24,24,0,0,1.0,0.0,0.0,24,1.0,0.003506987242971917,0.07718077622965624,0.919312236527373
2010-11-12,17,17,0,0,1.0,0.0,0.0,17,1.0,0.004492728847492484,0.06160980167193418,0.9338974694805728
2010-11-15,20,19,0,1,0.95,0.0,0.05,19,0.95,0.005442475898700569,0.09958089486036768,0.8949766292409322
2010-11-16,33,33,0,0,1.0,0.0,0.0,33,1.0,0.004951432366657839,0.0894299312761391,0.9056186363572037
2010-11-17,13,13,0,0,1.0,0.0,0.0,13,1.0,0.003471464283340779,0.05243852952085023,0.9440900061958087
2010-11-18,20,20,0,0,1.0,0.0,0.0,20,1.0,0.002832914217224464,0.07431875243846374,0.9228483333443114
2010-11-19,10,10,0,0,1.0,0.0,0.0,10,1.0,0.003291044786960411,0.048983769937249615,0.9477251852757893
2010-11-21,2,2,0,0,1.0,0.0,0.0,2,1.0,0.0006011355028482403,0.004827995788276423,0.9945708687088761
2010-11-22,15,14,0,1,0.9333333333333333,0.0,0.06666666666666667,14,0.9333333333333333,0.004837052577052068,0.13587782918664607,0.8592851182363037
2010-11-23,19,19,0,0,1.0,0.0,0.0,19,1.0,0.003339337776518595,0.04460337575131362,0.9520572864721686
2010-11-24,12,12,0,0,1.0,0.0,0.0,12,1.0,0.006161952349350966,0.10826128680563339,0.8855767608450161
2010-11-25,11,11,0,0,1.0,0.0,0.0,11,1.0,0.0024055354001907493,0.04526885468083531,0.9523256099189741
2010-11-26,9,9,0,0,1.0,0.0,0.0,9,1.0,0.0026341274595013666,0.03923937186117399,0.958126500679324
2010-11-28,4,4,0,0,1.0,0.0,0.0,4,1.0,0.0006703604141972091,0.0113209490082153,0.9880086905775909
2010-11-29,15,15,0,0,1.0,0.0,0.0,15,1.0,0.00388563131554777,0.04581585184401192,0.9502985168404421
2010-11-30,15,15,0,0,1.0,0.0,0.0,15,1.0,0.003078469676758539,0.037531430501639526,0.9593900998216012
2010-12-01,16,15,0,1,0.9375,0.0,0.0625,15,0.9375,0.0031587763588745007,0.07568829819046773,0.9211529254506573
2010-12-02,17,17,0,0,1.0,0.0,0.0,17,1.0,0.004168075213398538,0.07092631788972231,0.9249056068968798
2010-12-03,5,5,0,0,1.0,0.0,0.0,5,1.0,0.002851398640822879,0.03220424362678586,0.9649443577323925
2010-12-04,2,2,0,0,1.0,0.0,0.0,2,1.0,4.687444232860143e-05,0.0009260345674987652,0.9990270909901687
2010-12-06,16,16,0,0,1.0,0.0,0.0,16,1.0,0.0036522259180377372,0.04763608017817278,0.9487116939037894
2010-12-07,12,12,0,0,1.0,0.0,0.0,12,1.0,0.0020692244673856794,0.06386366334060324,0.9340671121920104
2010-12-08,15,15,0,0,1.0,0.0,0.0,15,1.0,0.005672488724895408,0.10718874006760125,0.8871387712075051
2010-12-09,20,20,0,0,1.0,0.0,0.0,20,1.0,0.005580887082113041,0.09735168414609041,0.8970674287717977
2010-12-10,17,17,0,0,1.0,0.0,0.0,17,1.0,0.006411598857986494,0.0800244911124637,0.9135639100295506
2010-12-11,3,3,0,0,1.0,0.0,0.0,3,1.0,0.004463840701718229,0.025173030326504305,0.970363128971778
2010-12-12,1,1,0,0,1.0,0.0,0.0,1,1.0,0.0035615987599256983,0.0845060942922064,0.9119323069478688
2010-12-13,19,17,0,2,0.8947368421052632,0.0,0.10526315789473684,17,0.8947368421052632,0.007291038172609165,0.20043423501299606,0.7922747268143944
2010-12-14,15,15,0,0,1.0,0.0,0.0,15,1.0,0.0016022472558478412,0.02173947040726684,0.9766582823368842
2010-12-15,15,15,0,0,1.0,0.0,0.0,15,1.0,0.004106282261645018,0.06025007433598819,0.935643643402369
2010-12-16,38,36,0,2,0.9473684210526315,0.0,0.05263157894736842,36,0.9473684210526315,0.009603324660483678,0.1108258689306509,0.8795708064088668
2010-12-17,20,20,0,0,1.0,0.0,0.0,20,1.0,0.0032884353726899,0.04595166388871645,0.9507599007385945
2010-12-18,2,2,0,0,1.0,0.0,0.0,2,1.0,0.0002526299385978932,0.0030833255465468976,0.9966640445148582
2010-12-19,2,2,0,0,1.0,0.0,0.0,2,1.0,0.0005035154109313022,0.0035476494170043147,0.9959488351720711
2010-12-20,15,15,0,0,1.0,0.0,0.0,15,1.0,0.0036897008220315467,0.056661025685639396,0.93964927349233
2010-12-21,27,27,0,0,1.0,0.0,0.0,27,1.0,0.0036712067341577318,0.09132917627155873,0.9049996169942834
2010-12-22,12,10,0,2,0.8333333333333334,0.0,0.16666666666666666,10,0.8333333333333334,0.007344173795783394,0.16220096197036363,0.8304548642338525
2010-12-23,10,10,0,0,1.0,0.0,0.0,10,1.0,0.0020615120612468693,0.020503021563639375,0.9774354663751147
2010-12-24,3,3,0,0,1.0,0.0,0.0,3,1.0,0.004309141500792661,0.022679109034043948,0.9730117494651678
2010-12-26,3,3,0,0,1.0,0.0,0.0,3,1.0,0.0008012458760124977,0.014378916570547629,0.9848198375534438
2010-12-27,8,8,0,0,1.0,0.0,0.0,8,1.0,0.0013874793275543448,0.02453240250059727,0.9740801181718488
2010-12-28,16,16,0,0,1.0,0.0,0.0,16,1.0,0.0039000415110928104,0.06102427427360463,0.9350756842153035
2010-12-29,9,9,0,0,1.0,0.0,0.0,9,1.0,0.0046575019940130755,0.06604671526785633,0.9292957827381324
2010-12-30,7,7,0,0,1.0,0.0,0.0,7,1.0,0.0016577009761807823,0.04244335544301649,0.9558989435808034
2010-12-31,1,0,0,1,0.0,0.0,1.0,0,0.0,0.027433206523621165,0.5161717032628979,0.4563950902134806
2011-01-01,3,3,0,0,1.0,0.0,0.0,3,1.0,0.0008479514433973922,0.010684986021397605,0.9884670625352033
2011-01-02,2,2,0,0,1.0,0.0,0.0,2,1.0,0.007351579642884159,0.060920616606424935,0.9317278037506915
2011-01-03,7,7,0,0,1.0,0.0,0.0,7,1.0,0.006869404637478476,0.14466924563485545,0.8484613497276664
2011-01-04,8,8,0,0,1.0,0.0,0.0,8,1.0,0.0022153285409006276,0.03808290358000334,0.9597017678790974
2011-01-05,9,9,0,0,1.0,0.0,0.0,9,1.0,0.0055474558435151386,0.07132337026259887,0.9231291738938862
2011-01-06,17,17,0,0,1.0,0.0,0.0,17,1.0,0.006789616270896008,0.1697066292890089,0.8235037544400957
2011-01-07,8,8,0,0,1.0,0.0,0.0,8,1.0,0.0017955978194862197,0.014021604806902212,0.9841827973736132
2011-01-08,4,4,0,0,1.0,0.0,0.0,4,1.0,0.01072007132206053,0.17029644479827008,0.818983483879669
2011-01-10,16,15,0,1,0.9375,0.0,0.0625,15,0.9375,0.005367680081852538,0.09169522191040694,0.9029370980077402
2011-01-11,9,9,0,0,1.0,0.0,0.0,9,1.0,0.003254642818627327,0.087325825425336,0.9094195317560353
2011-01-12,11,10,0,1,0.9090909090909091,0.0,0.09090909090909091,10,0.9090909090909091,0.0029593798194335772,0.1333587005934255,0.8636819195871386
2011-01-13,14,13,0,1,0.9285714285714286,0.0,0.07142857142857142,13,0.9285714285714286,0.004834332939121823,0.13119413513250025,0.8639715319283772
2011-01-14,15,15,0,0,1.0,0.0,0.0,15,1.0,0.00468967161978041,0.08774434655183366,0.9075659818283859
2011-01-15,1,1,0,0,1.0,0.0,0.0,1,1.0,0.00023520201346756715,0.004529035285123439,0.9952357627014063
2011-01-16,1,1,0,0,1.0,0.0,0.0,1,1.0,0.008046406832186848,0.17640756284493136,0.8155460303228812
2011-01-17,33,30,0,3,0.9090909090909091,0.0,0.09090909090909091,30,0.9090909090909091,0.010964851997993578,0.21016943943733649,0.7788657085646703
2011-01-18,73,71,0,2,0.9726027397260274,0.0,0.0273972602739726,71,0.9726027397260274,0.005597812557039273,0.07478264724102537,0.9196195402019356
2011-01-19,23,22,0,1,0.9565217391304348,0.0,0.043478260869565216,22,0.9565217391304348,0.0052835821211600145,0.0966918874020974,0.8980245304767421
2011-01-20,12,12,0,0,1.0,0.0,0.0,12,1.0,0.004450784606515267,0.09573319365490808,0.8998160217385759
2011-01-21,10,10,0,0,1.0,0.0,0.0,10,1.0,0.00488036967883528,0.07575343419211435,0.9193661961290518
2011-01-22,4,4,0,0,1.0,0.0,0.0,4,1.0,0.007746038069074486,0.23283694121312498,0.7594170207178019
2011-01-23,1,0,0,1,0.0,0.0,1.0,0,0.0,0.00534619470770856,0.7396577391929623,0.2549960660993297
2011-01-24,13,13,0,0,1.0,0.0,0.0,13,1.0,0.01007716556047453,0.08441768017795258,0.9055051542615727
2011-01-25,19,19,0,0,1.0,0.0,0.0,19,1.0,0.005235252822270509,0.05796740092796597,0.9367973462497614
2011-01-26,11,11,0,0,1.0,0.0,0.0,11,1.0,0.0041700828937153355,0.06005341552383259,0.9357765015824527
2011-01-27,12,11,0,1,0.9166666666666666,0.0,0.08333333333333333,11,0.9166666666666666,0.007032173097077343,0.14021824658849993,0.8527495803144229
2011-01-28,17,17,0,0,1.0,0.0,0.0,17,1.0,0.006271441420912732,0.1054929083401936,0.8882356502388941
2011-01-29,2,2,0,0,1.0,0.0,0.0,2,1.0,0.0005777837712254662,0.010932341576737897,0.9884898746520334
2011-01-31,10,10,0,0,1.0,0.0,0.0,10,1.0,0.004634139108852624,0.10637302944901036,0.8889928314421365
2011-02-01,10,9,0,1,0.9,0.0,0.1,9,0.9,0.006053302743645857,0.1511293795320849,0.8428173177242686
2011-02-02,18,18,0,0,1.0,0.0,0.0,18,1.0,0.004282541294030475,0.04737676961254889,0.9483406890934197
2011-02-03,32,32,0,0,1.0,0.0,0.0,32,1.0,0.002952102252773029,0.055014657966656916,0.9420332397805702
2011-02-04,11,11,0,0,1.0,0.0,0.0,11,1.0,0.00135007896874159,0.025138576771561706,0.9735113442596965
2011-02-05,4,4,0,0,1.0,0.0,0.0,4,1.0,0.0007278842611708037,0.0054378267277368246,0.9938342890110932
2011-02-06,1,1,0,0,1.0,0.0,0.0,1,1.0,2.1716907744847195e-05,0.000664429171908017,0.9993138539203459
2011-02-07,12,12,0,0,1.0,0.0,0.0,12,1.0,0.004194100926314805,0.0434791558294679,0.9523267432442162
2011-02-08,12,12,0,0,1.0,0.0,0.0,12,1.0,0.0019965377940763494,0.016881138520335372,0.9811223236855883
2011-02-09,30,30,0,0,1.0,0.0,0.0,30,1.0,0.002676008565817165,0.06496201216557315,0.932361979268609
2011-02-10,27,26,0,1,0.9629629629629629,0.0,0.037037037037037035,26,0.9629629629629629,0.0028749031065421404,0.07021553581026654,0.926909561083191
2011-02-11,16,16,0,0,1.0,0.0,0.0,16,1.0,0.004259037595244352,0.048830211430932885,0.946910750973824
2011-02-12,2,2,0,0,1.0,0.0,0.0,2,1.0,4.6023551883882055e-05,0.001046263888843477,0.9989077125592705
2011-02-13,6,6,0,0,1.0,0.0,0.0,6,1.0,0.0037001988851936072,0.0548038703387388,0.9414959307760684
2011-02-14,28,28,0,0,1.0,0.0,0.0,28,1.0,0.0018778657821295521,0.024461087463718185,0.9736610467541513
2011-02-15,33,33,0,0,1.0,0.0,0.0,33,1.0,0.0029078682950772618,0.05690823146873891,0.940183900236183
2011-02-16,20,20,0,0,1.0,0.0,0.0,20,1.0,0.0025543461538745475,0.06705479429572961,0.9303908595503971
2011-02-17,25,25,0,0,1.0,0.0,0.0,25,1.0,0.004979423850770912,0.08719903181642101,0.9078215443328085
2011-02-18,38,38,0,0,1.0,0.0,0.0,38,1.0,0.00595540434361011,0.06447784233542453,0.9295667533209663
2011-02-19,5,5,0,0,1.0,0.0,0.0,5,1.0,0.0032148658917265324,0.014519124578867485,0.9822660095294076
2011-02-20,2,2,0,0,1.0,0.0,0.0,2,1.0,0.000345531694390855,0.004565958042636363,0.9950885102629712
2011-02-21,7,7,0,0,1.0,0.0,0.0,7,1.0,0.003584249841212117,0.0946536237238819,0.9017621264349073
2011-02-22,35,34,0,1,0.9714285714285714,0.0,0.02857142857142857,34,0.9714285714285714,0.005513785529885499,0.08066752802290503,0.9138186864472093
2011-02-23,40,40,0,0,1.0,0.0,0.0,40,1.0,0.00790280323325114,0.07882147767241818,0.9132757190943301
2011-02-24,30,28,0,2,0.9333333333333333,0.0,0.06666666666666667,28,0.9333333333333333,0.00693714723224215,0.1535898490249902,0.8394730037427675
2011-02-25,13,13,0,0,1.0,0.0,0.0,13,1.0,0.00268472907465728,0.06023701182804838,0.9370782590972945
2011-02-26,2,2,0,0,1.0,0.0,0.0,2,1.0,0.0003824325133946841,0.011059894513137589,0.9885576729734703
2011-02-27,1,1,0,0,1.0,0.0,0.0,1,1.0,0.0042622186191071075,0.2480066442533139,0.7477311371275791
2011-02-28,12,12,0,0,1.0,0.0,0.0,12,1.0,0.006606693874992444,0.05384642658766647,0.9395468795373415
2011-03-01,15,14,0,1,0.9333333333333333,0.0,0.06666666666666667,14,0.9333333333333333,0.00284504095500841,0.09803019198679568,0.8991247670581959
2011-03-02,41,40,0,1,0.975609756097561,0.0,0.024390243902439025,40,0.975609756097561,0.004763601194426712,0.08341767486477937,0.9118187239407949
2011-03-03,21,21,0,0,1.0,0.0,0.0,21,1.0,0.0033030426143738365,0.06627082803187959,0.9304261293537464
2011-03-04,22,22,0,0,1.0,0.0,0.0,22,1.0,0.0050277723781937365,0.05839638157988733,0.936575846041919
2011-03-05,4,4,0,0,1.0,0.0,0.0,4,1.0,0.0008865671386879114,0.01505332011893071,0.9840601127423854
2011-03-06,2,2,0,0,1.0,0.0,0.0,2,1.0,9.46382378751708e-05,0.0020493314364931816,0.9978560303256299
2011-03-07,18,18,0,0,1.0,0.0,0.0,18,1.0,0.0027074072392844063,0.050752587662962964,0.9465400050977535
2011-03-08,11,11,0,0,1.0,0.0,0.0,11,1.0,0.0033256861606463075,0.05897661269167809,0.9376977011476761
2011-03-09,30,30,0,0,1.0,0.0,0.0,30,1.0,0.002940172239761941,0.06019609403993942,0.9368637337202991
2011-03-10,23,22,0,1,0.9565217391304348,0.0,0.043478260869565216,22,0.9565217391304348,0.00223997821525952,0.07154272569986835,0.9262172960848724
2011-03-11,18,18,0,0,1.0,0.0,0.0,18,1.0,0.0033323201777875917,0.088442849232339,0.908224830589873
2011-03-12,1,1,0,0,1.0,0.0,0.0,1,1.0,0.00531428806141396,0.12578592160880586,0.8688997903297795
2011-03-13,5,5,0,0,1.0,0.0,0.0,5,1.0,0.0026127844422783263,0.0529192863981177,0.9444679291596053
2011-03-14,21,21,0,0,1.0,0.0,0.0,21,1.0,0.003901230480807295,0.06302056279124438,0.9330782067279483
2011-03-15,27,27,0,0,1.0,0.0,0.0,27,1.0,0.004109274864958682,0.06432684349610256,0.9315638816389383
2011-03-16,25,25,0,0,1.0,0.0,0.0,25,1.0,0.00508790817111547,0.05475700888440187,0.9401550829444814
2011-03-17,24,23,0,1,0.9583333333333334,0.0,0.041666666666666664,23,0.9583333333333334,0.0028725499251510225,0.08022943119216726,0.916898018882681
2011-03-18,16,15,0,1,0.9375,0.0,0.0625,15,0.9375,0.003869584664950737,0.09046456129037915,0.9056658540446693
2011-03-19,3,3,0,0,1.0,0.0,0.0,3,1.0,5.187661438261118e-05,0.0019521108903248756,0.9979960124952902
2011-03-20,1,1,0,0,1.0,0.0,0.0,1,1.0,0.00016734544367510998,0.006892121053072885,0.9929405335032541
2011-03-21,22,22,0,0,1.0,0.0,0.0,22,1.0,0.0034700034925250075,0.060243065416513454,0.9362869310909626
2011-03-22,41,40,0,1,0.975609756097561,0.0,0.024390243902439025,40,0.975609756097561,0.006895026190526116,0.10802123236937189,0.8850837414401025
2011-03-23,30,30,0,0,1.0,0.0,0.0,30,1.0,0.004526740969131241,0.07145913284094693,0.9240141261899224
2011-03-24,18,18,0,0,1.0,0.0,0.0,18,1.0,0.005834731098431717,0.10400909405708862,0.89015617484448
2011-03-25,34,34,0,0,1.0,0.0,0.0,34,1.0,0.008931789667203935,0.07896533464799334,0.9121028756848034
2011-03-26,3,3,0,0,1.0,0.0,0.0,3,1.0,0.005362595593615047,0.06395084681521496,0.9306865575911724
2011-03-27,4,4,0,0,1.0,0.0,0.0,4,1.0,0.0009049728645342181,0.013340023135892085,0.9857550039995733
2011-03-28,24,24,0,0,1.0,0.0,0.0,24,1.0,0.0074214136434107335,0.08089025926804229,0.9116883270885481
2011-03-29,27,25,0,2,0.9259259259259259,0.0,0.07407407407407407,25,0.9259259259259259,0.011457664171506867,0.12566102537379734,0.8628813104546956
2011-03-30,24,23,0,1,0.9583333333333334,0.0,0.041666666666666664,23,0.9583333333333334,0.003241239519639986,0.057594816335041564,0.9391639441453182
2011-03-31,16,15,0,1,0.9375,0.0,0.0625,15,0.9375,0.002488739278745898,0.09278324262467619,0.9047280180965787
2011-04-01,11,11,0,0,1.0,0.0,0.0,11,1.0,0.0018895858521197602,0.047172389046028274,0.9509380251018527
2011-04-02,6,6,0,0,1.0,0.0,0.0,6,1.0,0.0013638092285489236,0.022183547077366497,0.9764526436940845
2011-04-03,4,4,0,0,1.0,0.0,0.0,4,1.0,0.00012683316555844553,0.0023180960995098673,0.9975550707349341
2011-04-04,24,24,0,0,1.0,0.0,0.0,24,1.0,0.0035812724642098697,0.05841350167934414,0.9380052258564465
2011-04-05,31,31,0,0,1.0,0.0,0.0,31,1.0,0.004780933844668789,0.045058876758259724,0.9501601893970715
2011-04-06,19,19,0,0,1.0,0.0,0.0,19,1.0,0.003973361023012697,0.03724846346845388,0.9587781755085336
2011-04-07,18,18,0,0,1.0,0.0,0.0,18,1.0,0.0033879536091865723,0.04888171577079012,0.9477303306200224
2011-04-08,19,19,0,0,1.0,0.0,0.0,19,1.0,0.0017993979715457866,0.028043099422449466,0.970157502606007
2011-04-09,1,1,0,0,1.0,0.0,0.0,1,1.0,9.462791123652348e-05,0.002635604601868271,0.9972697674868934
2011-04-10,3,3,0,0,1.0,0.0,0.0,3,1.0,0.0001027703954900882,0.0015843552468004206,0.9983128743577102
2011-04-11,32,31,0,1,0.96875,0.0,0.03125,31,0.96875,0.005524988990237056,0.1308204289654277,0.8636545820443341
2011-04-12,25,24,0,1,0.96,0.0,0.04,24,0.96,0.005606882659399712,0.08638267250403427,0.9080104448365666
2011-04-13,22,22,0,0,1.0,0.0,0.0,22,1.0,0.002867215960260175,0.03748119451988509,0.9596515895198553
2011-04-14,13,13,0,0,1.0,0.0,0.0,13,1.0,0.0020692276125547668,0.050652595269908285,0.9472781771175371
2011-04-15,11,11,0,0,1.0,0.0,0.0,11,1.0,0.0024540350084872164,0.033311785562382436,0.9642341794291306
2011-04-16,2,2,0,0,1.0,0.0,0.0,2,1.0,0.0024692480069523626,0.05994749633177665,0.9375832556612687
2011-04-17,2,2,0,0,1.0,0.0,0.0,2,1.0,1.7900905633328117e-05,0.00026691674378316425,0.9997151823505783
2011-04-18,27,27,0,0,1.0,0.0,0.0,27,1.0,0.007164233041289897,0.060760117505651676,0.9320756494530579
2011-04-19,45,44,0,1,0.9777777777777777,0.0,0.022222222222222223,44,0.9777777777777777,0.005751467188564235,0.07300355130845303,0.9212449815029826
2011-04-20,50,49,0,1,0.98,0.0,0.02,49,0.98,0.002672302034080591,0.0601869659138982,0.9371407320520205
2011-04-21,69,68,0,1,0.9855072463768116,0.0,0.014492753623188406,68,0.9855072463768116,0.003492129991474719,0.046740377009951546,0.9497674929985734
2011-04-22,20,20,0,0,1.0,0.0,0.0,20,1.0,0.004378685388347658,0.08274993171311272,0.912871382898539
2011-04-24,6,6,0,0,1.0,0.0,0.0,6,1.0,0.0017187151468238259,0.019538035994686318,0.9787432488584894
2011-04-25,19,18,0,1,0.9473684210526315,0.0,0.05263157894736842,18,0.9473684210526315,0.003381997658022521,0.06832411059160184,0.928293891750374
2011-04-26,32,32,0,0,1.0,0.0,0.0,32,1.0,0.005178535629383895,0.056005714186101896,0.9388157501845147
2011-04-27,41,39,0,2,0.9512195121951219,0.0,0.04878048780487805,39,0.9512195121951219,0.003828021054515874,0.08376385000241626,0.9124081289430684
2011-04-28,35,35,0,0,1.0,0.0,0.0,35,1.0,0.0043988889856875005,0.037713579851465055,0.9578875311628461
2011-04-29,30,30,0,0,1.0,0.0,0.0,30,1.0,0.006701319827741254,0.07241234033038045,0.9208863398418787
2011-04-30,2,2,0,0,1.0,0.0,0.0,2,1.0,0.003049059632315028,0.06405993574640681,0.9328910046212786
2011-05-01,4,4,0,0,1.0,0.0,0.0,4,1.0,0.0008939836505385702,0.023957402520834493,0.9751486138286274
2011-05-02,13,13,0,0,1.0,0.0,0.0,13,1.0,0.0072812340271523135,0.05719520513082883,0.9355235608420186
2011-05-03,24,24,0,0,1.0,0.0,0.0,24,1.0,0.004971252050109815,0.09611695680858501,0.8989117911413044
2011-05-04,26,26,0,0,1.0,0.0,0.0,26,1.0,0.003146998986818265,0.05940125686195285,0.9374517441512287
2011-05-05,23,22,0,1,0.9565217391304348,0.0,0.043478260869565216,22,0.9565217391304348,0.0038508634198743978,0.09947730709536462,0.8966718294847612
2011-05-06,20,20,0,0,1.0,0.0,0.0,20,1.0,0.0024493754548776748,0.030692331740984465,0.9668582928041379
2011-05-08,6,6,0,0,1.0,0.0,0.0,6,1.0,0.0027177722264926534,0.017216671756064582,0.9800655560174428
2011-05-09,38,38,0,0,1.0,0.0,0.0,38,1.0,0.0036748637613163073,0.0611831676961901,0.9351419685424939
2011-05-10,25,25,0,0,1.0,0.0,0.0,25,1.0,0.004526504709922016,0.06154323767309075,0.9339302576169873
2011-05-11,25,24,0,1,0.96,0.0,0.04,24,0.96,0.0032989599329117064,0.08385648523883382,0.9128445548282552
2011-05-12,19,19,0,0,1.0,0.0,0.0,19,1.0,0.009038494125885125,0.05102812299946082,0.939933382874653
2011-05-13,14,13,0,1,0.9285714285714286,0.0,0.07142857142857142,13,0.9285714285714286,0.007263092411176783,0.11233045107200124,0.8804064565168215
2011-05-15,4,4,0,0,1.0,0.0,0.0,4,1.0,0.0010515129391312212,0.012472973064955352,0.9864755139959126
2011-05-16,18,16,0,2,0.8888888888888888,0.0,0.1111111111111111,16,0.8888888888888888,0.002580654106056674,0.10043562865936462,0.8969837172345786
2011-05-17,32,32,0,0,1.0,0.0,0.0,32,1.0,0.005733142876442764,0.046278634174175354,0.9479882229493826
2011-05-18,20,20,0,0,1.0,0.0,0.0,20,1.0,0.004518549155334315,0.057351099978789136,0.9381303508658767
2011-05-19,28,28,0,0,1.0,0.0,0.0,28,1.0,0.004454535719640618,0.05964404742040335,0.9359014168599575
2011-05-20,27,27,0,0,1.0,0.0,0.0,27,1.0,0.006438935793070661,0.07479414176828679,0.9187669224386424
2011-05-21,6,6,0,0,1.0,0.0,0.0,6,1.0,0.02426522879548443,0.058524574904225586,0.9172101963002904
2011-05-22,1,1,0,0,1.0,0.0,0.0,1,1.0,0.023010504534726944,0.03788140287731035,0.9391080925879675
2011-05-23,16,16,0,0,1.0,0.0,0.0,16,1.0,0.00426110604099265,0.05494401594586056,0.9407948780131457
2011-05-24,10,10,0,0,1.0,0.0,0.0,10,1.0,0.0016517441459208454,0.03778780275839959,0.9605604530956793
2011-05-25,17,17,0,0,1.0,0.0,0.0,17,1.0,0.008910668657185905,0.07867952990930993,0.912409801433503
2011-05-26,18,18,0,0,1.0,0.0,0.0,18,1.0,0.004701593083985524,0.0533990295093509,0.9418993774066645
2011-05-27,9,9,0,0,1.0,0.0,0.0,9,1.0,0.005279116686014992,0.08445029980164559,0.9102705835123385
2011-05-29,2,2,0,0,1.0,0.0,0.0,2,1.0,8.728202916138297e-05,0.004603428389738241,0.9953092895811009
2011-05-30,11,11,0,0,1.0,0.0,0.0,11,1.0,0.004131920192993648,0.05655816445803632,0.9393099153489689
2011-05-31,34,31,0,3,0.9117647058823529,0.0,0.08823529411764706,31,0.9117647058823529,0.0038737274355526586,0.10158891510434599,0.8945373574601012
2011-06-01,28,27,0,1,0.9642857142857143,0.0,0.03571428571428571,27,0.9642857142857143,0.0035765469016668617,0.08111984379600652,0.9153036093023276
2011-06-02,24,24,0,0,1.0,0.0,0.0,24,1.0,0.004388741321602129,0.06689305462783317,0.9287182040505654
2011-06-03,19,18,0,1,0.9473684210526315,0.0,0.05263157894736842,18,0.9473684210526315,0.004000038771778453,0.07835766734329992,0.9176422938849237
2011-06-05,3,3,0,0,1.0,0.0,0.0,3,1.0,0.01140233451372065,0.1390178076966213,0.8495798577896578
2011-06-06,37,36,0,1,0.972972972972973,0.0,0.02702702702702703,36,0.972972972972973,0.004465496827316425,0.07950182229306992,0.9160326808796126
2011-06-07,21,21,0,0,1.0,0.0,0.0,21,1.0,0.0016710979718247226,0.02136024051534767,0.9769686615128277
2011-06-08,29,29,0,0,1.0,0.0,0.0,29,1.0,0.004925656949237121,0.07900289573457143,0.9160714473161916
2011-06-09,25,24,0,1,0.96,0.0,0.04,24,0.96,0.003941476191682054,0.06796469505856438,0.9280938287497542
2011-06-10,11,10,0,1,0.9090909090909091,0.0,0.09090909090909091,10,0.9090909090909091,0.004540431772167707,0.07628034206155837,0.9191792261662738
2011-06-11,1,1,0,0,1.0,0.0,0.0,1,1.0,0.0109135296553074,0.11321922749735873,0.875867242847333
2011-06-12,4,4,0,0,1.0,0.0,0.0,4,1.0,0.04263686190092221,0.07747121146423813,0.8798919266348397
2011-06-13,20,20,0,0,1.0,0.0,0.0,20,1.0,0.006912522619403258,0.05963413125657461,0.9334533461240223
2011-06-14,44,44,0,0,1.0,0.0,0.0,44,1.0,0.006093725136825156,0.06314607064239468,0.9307602042207798
2011-06-15,20,20,0,0,1.0,0.0,0.0,20,1.0,0.002224946868504254,0.04332786887184014,0.9544471842596562
2011-06-16,17,16,0,1,0.9411764705882353,0.0,0.058823529411764705,16,0.9411764705882353,0.004511705997920788,0.09660186546386011,0.898886428538219
2011-06-17,21,21,0,0,1.0,0.0,0.0,21,1.0,0.004361521865735814,0.03003476464446236,0.9656037134898023
2011-06-18,3,3,0,0,1.0,0.0,0.0,3,1.0,0.0022711412009143394,0.10589102889498063,0.8918378299041029
2011-06-19,3,3,0,0,1.0,0.0,0.0,3,1.0,0.0003158400705614775,0.01266018394354411,0.9870239759858928
2011-06-20,20,20,0,0,1.0,0.0,0.0,20,1.0,0.005701815082101227,0.05089733380304402,0.9434008511148544
2011-06-21,25,24,0,1,0.96,0.0,0.04,24,0.96,0.002882228297110902,0.05476738229223068,0.9423503894106596
2011-06-22,24,24,0,0,1.0,0.0,0.0,24,1.0,0.006187289108876167,0.05608398031631772,0.9377287305748064
2011-06-23,30,29,0,1,0.9666666666666667,0.0,0.03333333333333333,29,0.9666666666666667,0.005295895973439163,0.05336504768685005,0.9413390563397108
2011-06-24,20,20,0,0,1.0,0.0,0.0,20,1.0,0.006862288260492818,0.08156299156737926,0.9115747201721274
2011-06-26,4,4,0,0,1.0,0.0,0.0,4,1.0,0.0015522176739332493,0.06527506148067927,0.9331727208453858
2011-06-27,12,12,0,0,1.0,0.0,0.0,12,1.0,0.0019094988447986916,0.030887569168608225,0.9672029319865919
2011-06-28,19,18,0,1,0.9473684210526315,0.0,0.05263157894736842,18,0.9473684210526315,0.004172053871315354,0.09206093404740155,0.9037670120812827
2011-06-29,17,17,0,0,1.0,0.0,0.0,17,1.0,0.006717443669236549,0.06828603099430886,0.9249965253364539
2011-06-30,22,22,0,0,1.0,0.0,0.0,22,1.0,0.006087725270144071,0.06523215073409373,0.9286801239957633
2011-07-01,24,24,0,0,1.0,0.0,0.0,24,1.0,0.006637806255770827,0.06664281154882092,0.9267193821954085
2011-07-02,3,3,0,0,1.0,0.0,0.0,3,1.0,0.0159330318992751,0.09359090657148156,0.890476061529243
2011-07-03,1,1,0,0,1.0,0.0,0.0,1,1.0,0.0005845277218273857,0.006015496065464864,0.9933999762127095
2011-07-04,9,9,0,0,1.0,0.0,0.0,9,1.0,0.006540988488160979,0.13665232717499348,0.8568066843368444
2011-07-05,20,20,0,0,1.0,0.0,0.0,20,1.0,0.002659409978781838,0.03807670442317025,0.959263885598047
2011-07-06,30,30,0,0,1.0,0.0,0.0,30,1.0,0.00978188343111298,0.06393125660664482,0.9262868599622414
2011-07-07,28,27,0,1,0.9642857142857143,0.0,0.03571428571428571,27,0.9642857142857143,0.003648298428502474,0.10215041259438404,0.8942012889771135
2011-07-08,12,12,0,0,1.0,0.0,0.0,12,1.0,0.003223042672678067,0.0696919320846378,0.9270850252426827
2011-07-09,1,1,0,0,1.0,0.0,0.0,1,1.0,0.0004718116944135093,0.00341490256762608,0.9961132857379639
2011-07-11,29,29,0,0,1.0,0.0,0.0,29,1.0,0.010226850624820389,0.07624332099696111,0.9135298283782176
2011-07-12,21,21,0,0,1.0,0.0,0.0,21,1.0,0.006275708897557355,0.05426551327013688,0.9394587778323068
2011-07-13,18,18,0,0,1.0,0.0,0.0,18,1.0,0.0024255106799996396,0.033128281638085864,0.9644462076819124
2011-07-14,24,24,0,0,1.0,0.0,0.0,24,1.0,0.0043112242298747735,0.06983210362901829,0.9258566721411073
2011-07-15,25,25,0,0,1.0,0.0,0.0,25,1.0,0.005058599812883064,0.04843227675395214,0.9465091234331645
2011-07-16,1,1,0,0,1.0,0.0,0.0,1,1.0,0.027363582160424012,0.2223336161258746,0.7503028017137027
2011-07-17,6,6,0,0,1.0,0.0,0.0,6,1.0,0.010919519438113956,0.08663507533655425,0.9024454052253307
2011-07-18,31,31,0,0,1.0,0.0,0.0,31,1.0,0.005995159101607265,0.059292485276268174,0.9347123556221244
2011-07-19,61,60,0,1,0.9836065573770492,0.0,0.01639344262295082,60,0.9836065573770492,0.0032853790349131186,0.041189339124409904,0.9555252818406783
2011-07-20,78,74,0,4,0.9487179487179487,0.0,0.05128205128205128,74,0.9487179487179487,0.0035724735135439045,0.08757645581055117,0.9088510706759053
2011-07-21,43,43,0,0,1.0,0.0,0.0,43,1.0,0.006249588862275309,0.05582909791723462,0.937921313220491
2011-07-22,39,39,0,0,1.0,0.0,0.0,39,1.0,0.005441936472696169,0.0697698254534947,0.9247882380738088
2011-07-23,4,4,0,0,1.0,0.0,0.0,4,1.0,0.003793940077374184,0.020632122978116337,0.9755739369445067
2011-07-24,6,6,0,0,1.0,0.0,0.0,6,1.0,0.00019603195882475282,0.005832188318829096,0.9939717797223467
2011-07-25,29,29,0,0,1.0,0.0,0.0,29,1.0,0.004287161932039525,0.047405074986192314,0.9483077630817692
2011-07-26,33,33,0,0,1.0,0.0,0.0,33,1.0,0.0036117532754126416,0.04529444881062984,0.9510937979139579
2011-07-27,18,18,0,0,1.0,0.0,0.0,18,1.0,0.005785197058812141,0.07489886319927493,0.9193159397419112
2011-07-28,23,23,0,0,1.0,0.0,0.0,23,1.0,0.002782917375141972,0.04686601291184254,0.9503510697130146
2011-07-29,18,18,0,0,1.0,0.0,0.0,18,1.0,0.003366190040555229,0.04179215601045509,0.9548416539489906
2011-08-01,17,17,0,0,1.0,0.0,0.0,17,1.0,0.007378289694967133,0.08369003904140773,0.9089316712636256
2011-08-02,33,32,0,1,0.9696969696969697,0.0,0.030303030303030304,32,0.9696969696969697,0.004978999468929199,0.0885413277474918,0.9064796727835785
2011-08-03,28,28,0,0,1.0,0.0,0.0,28,1.0,0.005495410094777014,0.0579302073961946,0.9365743825090282
2011-08-04,21,21,0,0,1.0,0.0,0.0,21,1.0,0.0024822853656539623,0.043777718636070564,0.9537399959982751
2011-08-05,12,12,0,0,1.0,0.0,0.0,12,1.0,0.006305610137426858,0.03976022002126098,0.9539341698413121
2011-08-07,1,1,0,0,1.0,0.0,0.0,1,1.0,0.0009144832231897066,0.012321640043679269,0.9867638767331326
2011-08-08,14,14,0,0,1.0,0.0,0.0,14,1.0,0.006685983795734297,0.05941303962589264,0.9339009765783731
2011-08-09,32,32,0,0,1.0,0.0,0.0,32,1.0,0.007210954718264892,0.07833791402126943,0.9144511312604657
2011-08-10,25,25,0,0,1.0,0.0,0.0,25,1.0,0.00726028576856369,0.06491941676550367,0.9278202974659341
2011-08-11,27,27,0,0,1.0,0.0,0.0,27,1.0,0.006642005542268835,0.07126828025970136,0.9220897141980304
2011-08-12,19,19,0,0,1.0,0.0,0.0,19,1.0,0.005745407528789043,0.06459847870553533,0.9296561137656759
2011-08-15,31,31,0,0,1.0,0.0,0.0,31,1.0,0.003463841735086615,0.04561424311621765,0.9509219151486958
2011-08-16,27,27,0,0,1.0,0.0,0.0,27,1.0,0.008285035837057269,0.0852958914018585,0.906419072761083
2011-08-17,30,29,0,1,0.9666666666666667,0.0,0.03333333333333333,29,0.9666666666666667,0.00470817458571216,0.07825971810412377,0.9170321073101638
2011-08-18,24,24,0,0,1.0,0.0,0.0,24,1.0,0.004533016463581528,0.06364631876443437,0.9318206647719854
2011-08-19,19,19,0,0,1.0,0.0,0.0,19,1.0,0.002006014441189133,0.026371602696389794,0.9716223828624218
2011-08-21,3,3,0,0,1.0,0.0,0.0,3,1.0,0.011892186792917439,0.09539404444447175,0.892713768762612
2011-08-22,16,16,0,0,1.0,0.0,0.0,16,1.0,0.007055136916680761,0.06852447719731597,0.9244203858860023
2011-08-23,21,21,0,0,1.0,0.0,0.0,21,1.0,0.002707700666938745,0.05583944066275609,0.9414528586703051
2011-08-24,61,61,0,0,1.0,0.0,0.0,61,1.0,0.007278518880946452,0.08285949683730914,0.9098619842817441
2011-08-25,102,102,0,0,1.0,0.0,0.0,102,1.0,0.006960948787957842,0.06908720859664336,0.9239518426153992
2011-08-26,32,31,0,1,0.96875,0.0,0.03125,31,0.96875,0.005301329018879247,0.07750614602131084,0.9171925249598107
2011-08-28,2,2,0,0,1.0,0.0,0.0,2,1.0,3.6799301339824714e-05,0.0012277145332401144,0.9987354861654236
2011-08-29,18,18,0,0,1.0,0.0,0.0,18,1.0,0.0027394623603954533,0.05083313850411068,0.9464273991354933
2011-08-30,17,17,0,0,1.0,0.0,0.0,17,1.0,0.0046130497381284465,0.07664686968957657,0.9187400805722948
2011-08-31,31,31,0,0,1.0,0.0,0.0,31,1.0,0.004506763884985714,0.0573137565275951,0.9381794795874189
2011-09-01,26,26,0,0,1.0,0.0,0.0,26,1.0,0.003764649030862229,0.05987162962543592,0.9363637213437029
2011-09-02,13,13,0,0,1.0,0.0,0.0,13,1.0,0.006258042669362968,0.06101964342449376,0.932722313906143
2011-09-03,2,2,0,0,1.0,0.0,0.0,2,1.0,0.008938158878071208,0.07131963310519963,0.9197422080167302
2011-09-04,3,3,0,0,1.0,0.0,0.0,3,1.0,0.0019769092330130943,0.027332476582973886,0.97069061418401
2011-09-05,5,5,0,0,1.0,0.0,0.0,5,1.0,0.004757396514254866,0.0815897179217886,0.913652885563954
2011-09-06,11,11,0,0,1.0,0.0,0.0,11,1.0,0.003529243123400004,0.0535907823281293,0.942879974548472
2011-09-07,22,21,0,1,0.9545454545454546,0.0,0.045454545454545456,21,0.9545454545454546,0.002529324280431649,0.10338036557830915,0.8940903101412588
2011-09-08,22,22,0,0,1.0,0.0,0.0,22,1.0,0.005467006042381379,0.07481701922367323,0.9197159747339463
2011-09-09,16,16,0,0,1.0,0.0,0.0,16,1.0,0.005628328379646229,0.06095153194195331,0.9334201396784001
2011-09-11,3,3,0,0,1.0,0.0,0.0,3,1.0,0.0022127252026923725,0.02538675173786667,0.9724005230594389
2011-09-12,18,17,0,1,0.9444444444444444,0.0,0.05555555555555555,17,0.9444444444444444,0.0042820405513695,0.08560348991811013,0.9101144695305189
2011-09-13,20,20,0,0,1.0,0.0,0.0,20,1.0,0.005648115387402633,0.06915228295788055,0.9251996016547162
2011-09-14,23,22,0,1,0.9565217391304348,0.0,0.043478260869565216,22,0.9565217391304348,0.0046372358687137485,0.07883645897980975,0.9165263051514757
2011-09-15,24,23,0,1,0.9583333333333334,0.0,0.041666666666666664,23,0.9583333333333334,0.0038797298292343623,0.08331156178596842,0.9128087083847968
2011-09-16,14,14,0,0,1.0,0.0,0.0,14,1.0,0.002326498609081134,0.03892135535690945,0.9587521460340097
2011-09-17,1,1,0,0,1.0,0.0,0.0,1,1.0,0.007236436099968638,0.06967246413285266,0.9230910997671793
2011-09-18,2,2,0,0,1.0,0.0,0.0,2,1.0,0.00020947918352778264,0.001862879543057317,0.9979276412734143
2011-09-19,16,16,0,0,1.0,0.0,0.0,16,1.0,0.006719847017276112,0.06750691079751266,0.9257732421852105
2011-09-20,25,25,0,0,1.0,0.0,0.0,25,1.0,0.004881938351020198,0.07498354790550375,0.9201345137434765
2011-09-21,17,17,0,0,1.0,0.0,0.0,17,1.0,0.0041139227707713165,0.06445132767679779,0.9314347495524314
2011-09-22,24,23,0,1,0.9583333333333334,0.0,0.041666666666666664,23,0.9583333333333334,0.007549541962499827,0.07952739610353195,0.9129230619339689
2011-09-23,14,13,0,1,0.9285714285714286,0.0,0.07142857142857142,13,0.9285714285714286,0.0039407154313337205,0.08666149670769008,0.909397787860977
2011-09-24,2,2,0,0,1.0,0.0,0.0,2,1.0,0.0005400633076819576,0.010981056660913783,0.9884788800313986
2011-09-25,1,1,0,0,1.0,0.0,0.0,1,1.0,1.2931423905226165e-05,0.0002470814148598918,0.9997399871612468
2011-09-26,32,32,0,0,1.0,0.0,0.0,32,1.0,0.005266693418718274,0.0674058784921617,0.9273274280891207
2011-09-27,29,29,0,0,1.0,0.0,0.0,29,1.0,0.004065495327033493,0.08208102989251088,0.9138534747804571
2011-09-28,46,46,0,0,1.0,0.0,0.0,46,1.0,0.004412233595206121,0.07355718604216312,0.9220305803626307
2011-09-29,28,28,0,0,1.0,0.0,0.0,28,1.0,0.00333998664077872,0.04176404166848584,0.954895971690736
2011-09-30,12,12,0,0,1.0,0.0,0.0,12,1.0,0.0034298783295247048,0.049231101714043206,0.9473390199564321
2011-10-01,2,2,0,0,1.0,0.0,0.0,2,1.0,0.0012818120974199445,0.0123060863925095,0.9864121015100713
2011-10-02,5,5,0,0,1.0,0.0,0.0,5,1.0,0.004376230323747399,0.12299362535764702,0.8726301443186019
2011-10-03,25,25,0,0,1.0,0.0,0.0,25,1.0,0.004413517758030105,0.08435979462544525,0.9112266876165236
2011-10-04,71,70,0,1,0.9859154929577465,0.0,0.014084507042253521,70,0.9859154929577465,0.008668978459651613,0.12828533441369208,0.8630456871266564
2011-10-05,69,69,0,0,1.0,0.0,0.0,69,1.0,0.006959233493379933,0.07290669853108037,0.9201340679755399
2011-10-06,102,100,0,2,0.9803921568627451,0.0,0.0196078431372549,100,0.9803921568627451,0.008461560810537169,0.09179561557377708,0.8997428236156855
2011-10-07,34,34,0,0,1.0,0.0,0.0,34,1.0,0.006607581228871872,0.06961851158576775,0.923773907185361
2011-10-08,4,4,0,0,1.0,0.0,0.0,4,1.0,0.005708657635509921,0.1015622644484663,0.8927290779160244
2011-10-09,4,4,0,0,1.0,0.0,0.0,4,1.0,0.0006725477806140102,0.018457373127469777,0.9808700790919147
2011-10-10,25,25,0,0,1.0,0.0,0.0,25,1.0,0.005571884695731096,0.05896454278504552,0.9354635725192222
2011-10-11,29,29,0,0,1.0,0.0,0.0,29,1.0,0.002450951741472765,0.0413843307423755,0.9561647175161522
2011-10-12,31,31,0,0,1.0,0.0,0.0,31,1.0,0.002882078869458533,0.05434892543600149,0.9427689956945394
2011-10-13,54,54,0,0,1.0,0.0,0.0,54,1.0,0.005130850130983929,0.07765690305461949,0.9172122468143962
2011-10-14,48,48,0,0,1.0,0.0,0.0,48,1.0,0.005315723420408203,0.05509879893622024,0.9395854776433715
2011-10-15,6,6,0,0,1.0,0.0,0.0,6,1.0,0.004619332400977868,0.049654927303783826,0.9457257402952339
2011-10-16,4,4,0,0,1.0,0.0,0.0,4,1.0,0.0021192882638776237,0.022355630146430626,0.9755250815896911
2011-10-17,34,34,0,0,1.0,0.0,0.0,34,1.0,0.007286244736472777,0.08661506883151193,0.9060986864320172
2011-10-18,61,61,0,0,1.0,0.0,0.0,61,1.0,0.0048371596289913275,0.0597062547699891,0.9354565856010201
2011-10-19,78,78,0,0,1.0,0.0,0.0,78,1.0,0.0035432484449688037,0.04329912294572201,0.9531576286093093
2011-10-20,35,35,0,0,1.0,0.0,0.0,35,1.0,0.0025186938467035443,0.028794040903775395,0.9686872652495203
2011-10-21,24,24,0,0,1.0,0.0,0.0,24,1.0,0.0033868973164747837,0.04471463528636046,0.9518984673971657
2011-10-22,2,2,0,0,1.0,0.0,0.0,2,1.0,0.0003086781068943882,0.006276591232613001,0.9934147306604914
2011-10-23,4,4,0,0,1.0,0.0,0.0,4,1.0,0.006359167814088781,0.03424464975152989,0.9593961824343784
2011-10-24,16,16,0,0,1.0,0.0,0.0,16,1.0,0.005908288513742923,0.1466267221040619,0.8474649893821954
2011-10-25,17,16,0,1,0.9411764705882353,0.0,0.058823529411764705,16,0.9411764705882353,0.007805044881146469,0.1382825416441645,0.853912413474689
2011-10-26,15,15,0,0,1.0,0.0,0.0,15,1.0,0.007033106866636251,0.07302630546311079,0.9199405876702527
2011-10-27,6,6,0,0,1.0,0.0,0.0,6,1.0,0.006165352885705418,0.09988713040014285,0.8939475167141513
2011-10-28,10,10,0,0,1.0,0.0,0.0,10,1.0,0.00448719656466182,0.047587961254095076,0.9479248421812427
2011-10-31,6,6,0,0,1.0,0.0,0.0,6,1.0,0.0024998751400118705,0.08047199594081002,0.9170281289191804
2011-11-01,8,8,0,0,1.0,0.0,0.0,8,1.0,0.007663029295896594,0.1695984969019686,0.8227384738021355
2011-11-02,10,10,0,0,1.0,0.0,0.0,10,1.0,0.005804664207670801,0.05662858072472793,0.9375667550676028
2011-11-03,10,10,0,0,1.0,0.0,0.0,10,1.0,0.007185504300438228,0.09476831133882004,0.8980461843607432
2011-11-04,10,10,0,0,1.0,0.0,0.0,10,1.0,0.0066606309374498615,0.09508431905191035,0.8982550500106399
2011-11-07,18,18,0,0,1.0,0.0,0.0,18,1.0,0.011698965521972698,0.07869803887683274,0.9096029956011953
2011-11-08,8,8,0,0,1.0,0.0,0.0,8,1.0,0.007788690773330435,0.12291064143967051,0.8693006677869995
2011-11-09,9,9,0,0,1.0,0.0,0.0,9,1.0,0.007911625801786566,0.12145583033125261,0.8706325438669607
2011-11-10,14,14,0,0,1.0,0.0,0.0,14,1.0,0.006377480574113627,0.11523288803999487,0.8783896313858908
2011-11-11,10,10,0,0,1.0,0.0,0.0,10,1.0,0.007068091223331431,0.12863889601764633,0.8642930127590226
2011-11-12,1,1,0,0,1.0,0.0,0.0,1,1.0,0.003881285694620444,0.050391204865119756,0.945727509440259
2011-11-14,19,18,0,1,0.9473684210526315,0.0,0.05263157894736842,18,0.9473684210526315,0.004138780025408561,0.08066190978227512,0.9151993101923169
2011-11-15,25,25,0,0,1.0,0.0,0.0,25,1.0,0.005855103584392678,0.09221064830066185,0.9019342481149453
2011-11-16,10,8,0,2,0.8,0.0,0.2,8,0.8,0.007743674736226525,0.28109953891679673,0.711156786346977
2011-11-17,16,16,0,0,1.0,0.0,0.0,16,1.0,0.0049692686510515015,0.0806840951912618,0.9143466361576872
2011-11-18,9,9,0,0,1.0,0.0,0.0,9,1.0,0.007021720791059295,0.12091305892708237,0.8720652202818587
2011-11-20,1,1,0,0,1.0,0.0,0.0,1,1.0,0.002691975327598594,0.2037566013747144,0.7935514232976878
2011-11-21,11,11,0,0,1.0,0.0,0.0,11,1.0,0.0038883511540271543,0.07227056517424088,0.9238410836717331
2011-11-22,10,10,0,0,1.0,0.0,0.0,10,1.0,0.0031317988815881418,0.05994340116375676,0.9369247999546536
2011-11-23,7,7,0,0,1.0,0.0,0.0,7,1.0,0.0047427005467066945,0.13107146921073595,0.8641858302425577
2011-11-24,6,6,0,0,1.0,0.0,0.0,6,1.0,0.0032747813308051307,0.09517932491554228,0.901545893753652
2011-11-25,5,5,0,0,1.0,0.0,0.0,5,1.0,0.0059937722268680734,0.06900055192582334,0.9250056758473081
2011-11-27,1,1,0,0,1.0,0.0,0.0,1,1.0,0.0037407586026473906,0.11881759772828424,0.877441643669068
2011-11-28,13,13,0,0,1.0,0.0,0.0,13,1.0,0.0033978983739709335,0.03550649838851605,0.9610956032375125
2011-11-29,21,21,0,0,1.0,0.0,0.0,21,1.0,0.0024384786762040337,0.04353780812398886,0.9540237131998075
2011-11-30,32,32,0,0,1.0,0.0,0.0,32,1.0,0.005294299053965772,0.04900429846292564,0.9457014024831092
2011-12-01,32,32,0,0,1.0,0.0,0.0,32,1.0,0.005331783765729106,0.07835125394398879,0.9163169622902824
2011-12-02,21,21,0,0,1.0,0.0,0.0,21,1.0,0.007260784734905941,0.07559261349319353,0.9171466017719002
2011-12-03,4,4,0,0,1.0,0.0,0.0,4,1.0,0.017181745518993867,0.05750681232336754,0.925311442157639
2011-12-04,3,3,0,0,1.0,0.0,0.0,3,1.0,0.0010081450010087684,0.012267624763190993,0.9867242302357991
2011-12-05,27,27,0,0,1.0,0.0,0.0,27,1.0,0.004847452244531821,0.046307304107013635,0.9488452436484541
2011-12-06,28,28,0,0,1.0,0.0,0.0,28,1.0,0.00432235366230041,0.04467681387158595,0.9510008324661141
2011-12-07,23,22,0,1,0.9565217391304348,0.0,0.043478260869565216,22,0.9565217391304348,0.0047316209514971464,0.10179175501771176,0.8934766240307898
2011-12-08,18,17,0,1,0.9444444444444444,0.0,0.05555555555555555,17,0.9444444444444444,0.005339898985636693,0.07309847757217308,0.9215616234421893
2011-12-09,27,27,0,0,1.0,0.0,0.0,27,1.0,0.009427445719101021,0.061424324444763076,0.9291482298361353
2011-12-11,1,1,0,0,1.0,0.0,0.0,1,1.0,0.00017145854269875032,0.0025920505628273544,0.9972364908944655
2011-12-12,21,21,0,0,1.0,0.0,0.0,21,1.0,0.0035097426710062295,0.05368943265300417,0.9428008246759896
2011-12-13,29,28,0,1,0.9655172413793104,0.0,0.034482758620689655,28,0.9655172413793104,0.006256565909551245,0.08796817885266335,0.9057752552377851
2011-12-14,12,12,0,0,1.0,0.0,0.0,12,1.0,0.0013588339064819306,0.031764758654608614,0.966876407438911
2011-12-15,30,30,0,0,1.0,0.0,0.0,30,1.0,0.0024617499569778807,0.036310796464344125,0.9612274535786773
2011-12-16,15,15,0,0,1.0,0.0,0.0,15,1.0,0.0061109707583118815,0.07294966919769584,0.9209393600439921
2011-12-17,1,1,0,0,1.0,0.0,0.0,1,1.0,0.001219633521623604,0.03456411742997902,0.9642162490483992
2011-12-18,4,4,0,0,1.0,0.0,0.0,4,1.0,0.020248151627750902,0.07560915539984223,0.9041426929724057
2011-12-19,27,27,0,0,1.0,0.0,0.0,27,1.0,0.006990637990506838,0.060926123778488155,0.9320832382310041
2011-12-20,25,25,0,0,1.0,0.0,0.0,25,1.0,0.005892385267113188,0.052364156359101945,0.9417434583737865
2011-12-21,17,17,0,0,1.0,0.0,0.0,17,1.0,0.004080767748886023,0.06152313390013325,0.9343960983509815
2011-12-22,22,22,0,0,1.0,0.0,0.0,22,1.0,0.0053384655132828135,0.07684388485004984,0.9178176496366671
2011-12-23,13,13,0,0,1.0,0.0,0.0,13,1.0,0.0040479934548638555,0.06403328951760144,0.9319187170275361
2011-12-24,1,1,0,0,1.0,0.0,0.0,1,1.0,8.417133208054175e-05,0.002114358771678409,0.9978014698962461
2011-12-25,1,1,0,0,1.0,0.0,0.0,1,1.0,4.178929975790107e-05,0.0021338046299078993,0.9978244060703394
2011-12-26,3,3,0,0,1.0,0.0,0.0,3,1.0,0.0019977731604519473,0.037459626426519545,0.960542600413031
2011-12-27,14,13,0,1,0.9285714285714286,0.0,0.07142857142857142,13,0.9285714285714286,0.003390880303135477,0.07261740965650024,0.9239917100403633
2011-12-28,9,9,0,0,1.0,0.0,0.0,9,1.0,0.0032358144000142115,0.03002343625345102,0.9667407493465358
2011-12-29,11,11,0,0,1.0,0.0,0.0,11,1.0,0.001401106898794783,0.02061414207332566,0.9779847510278792
2011-12-30,18,18,0,0,1.0,0.0,0.0,18,1.0,0.004475392605805025,0.036447091552592334,0.959077515841602
2011-12-31,4,4,0,0,1.0,0.0,0.0,4,1.0,0.004977771188728621,0.018383474902769946,0.9766387539085026
2012-01-01,2,2,0,0,1.0,0.0,0.0,2,1.0,0.005350836976774236,0.0884843130779804,0.9061648499452444
2012-01-02,4,4,0,0,1.0,0.0,0.0,4,1.0,0.005555652257888196,0.02817257508870379,0.9662717726534074
2012-01-03,11,11,0,0,1.0,0.0,0.0,11,1.0,0.004110066097364535,0.05856017417102153,0.9373297597316124
2012-01-04,14,14,0,0,1.0,0.0,0.0,14,1.0,0.008054331046344477,0.051265861964613635,0.940679806989041
2012-01-05,23,22,0,1,0.9565217391304348,0.0,0.043478260869565216,22,0.9565217391304348,0.005603944288005754,0.054974151638657466,0.9394219040733363
2012-01-06,25,25,0,0,1.0,0.0,0.0,25,1.0,0.002483588031757677,0.02566665960473548,0.9718497523635086
2012-01-07,1,1,0,0,1.0,0.0,0.0,1,1.0,0.0012349748562569501,0.032199552686437434,0.9665654724572994
2012-01-08,2,2,0,0,1.0,0.0,0.0,2,1.0,0.00024054686476524464,0.005368174320036161,0.9943912788151925
2012-01-09,34,34,0,0,1.0,0.0,0.0,34,1.0,0.0034807022042262015,0.03384015010896629,0.9626791476868076
2012-01-10,22,22,0,0,1.0,0.0,0.0,22,1.0,0.006446468949565557,0.06677602343255064,0.926777507617884
2012-01-11,32,32,0,0,1.0,0.0,0.0,32,1.0,0.003716103484607418,0.04893367780920048,0.9473502187061922
2012-01-12,25,25,0,0,1.0,0.0,0.0,25,1.0,0.005816567949589873,0.04577383769121845,0.9484095943591924
2012-01-13,25,25,0,0,1.0,0.0,0.0,25,1.0,0.005889649104161372,0.05613006323957065,0.9379802876562678
2012-01-14,4,4,0,0,1.0,0.0,0.0,4,1.0,0.0011308514162381832,0.009584657440493236,0.9892844911432686
2012-01-15,5,5,0,0,1.0,0.0,0.0,5,1.0,0.0009547617070970384,0.008521616489206647,0.9905236218036974
2012-01-16,18,18,0,0,1.0,0.0,0.0,18,1.0,0.002281256822663496,0.04890666151573859,0.9488120816615996
2012-01-17,21,21,0,0,1.0,0.0,0.0,21,1.0,0.005928933454813597,0.058273244081395704,0.9357978224637913
2012-01-18,18,18,0,0,1.0,0.0,0.0,18,1.0,0.0019577061299609812,0.03585802948303732,0.9621842643870013
2012-01-19,37,36,0,1,0.972972972972973,0.0,0.02702702702702703,36,0.972972972972973,0.004259107746641869,0.07315908713919886,0.9225818051141598
2012-01-20,22,22,0,0,1.0,0.0,0.0,22,1.0,0.006057742207707503,0.047303689484266886,0.9466385683080251
2012-01-21,1,1,0,0,1.0,0.0,0.0,1,1.0,0.0037488955507280555,0.056282257223799856,0.9399688472254721
2012-01-22,6,6,0,0,1.0,0.0,0.0,6,1.0,0.0024397080492750455,0.023585344945053502,0.9739749470056734
2012-01-23,33,33,0,0,1.0,0.0,0.0,33,1.0,0.003003445555109961,0.036477181652819324,0.9605193727920717
2012-01-24,48,48,0,0,1.0,0.0,0.0,48,1.0,0.004182688410806025,0.03778219666039367,0.958035114928801
2012-01-25,62,62,0,0,1.0,0.0,0.0,62,1.0,0.0038010667903611906,0.04275853179705864,0.9534404014125805
2012-01-26,43,41,0,2,0.9534883720930233,0.0,0.046511627906976744,41,0.9534883720930233,0.003583281431457736,0.05735763243503697,0.9390590861335049
2012-01-27,25,25,0,0,1.0,0.0,0.0,25,1.0,0.0034579134393904185,0.04724679341050513,0.9492952931501049
2012-01-28,3,3,0,0,1.0,0.0,0.0,3,1.0,0.0027572997061217804,0.031104525961853303,0.9661381743320235
2012-01-29,3,3,0,0,1.0,0.0,0.0,3,1.0,0.0018388670022524295,0.018102762446444782,0.980058370551304
2012-01-30,24,23,0,1,0.9583333333333334,0.0,0.041666666666666664,23,0.9583333333333334,0.0027003599788919656,0.0473782509470024,0.9499213890741066
2012-01-31,46,46,0,0,1.0,0.0,0.0,46,1.0,0.002358495827302584,0.03721098852355998,0.9604305156491383
2012-02-01,40,39,0,1,0.975,0.0,0.025,39,0.975,0.002763834671902498,0.04032185766467132,0.9569143076634251
2012-02-02,17,17,0,0,1.0,0.0,0.0,17,1.0,0.004266820002750787,0.04363425513502243,0.9520989248622262
2012-02-03,13,13,0,0,1.0,0.0,0.0,13,1.0,0.0053467666785418,0.04401935952511868,0.9506338737963417
2012-02-05,1,1,0,0,1.0,0.0,0.0,1,1.0,8.682064781826234e-05,0.0021106957290548006,0.9978024836231234
2012-02-06,21,21,0,0,1.0,0.0,0.0,21,1.0,0.0038067091463914863,0.04087930689032996,0.9553139839632783
2012-02-07,22,22,0,0,1.0,0.0,0.0,22,1.0,0.003193177266656104,0.05718731560920285,0.9396195071241403
2012-02-08,22,20,0,2,0.9090909090909091,0.0,0.09090909090909091,20,0.9090909090909091,0.0030955270517424626,0.10648996344027907,0.890414509507978
2012-02-09,32,32,0,0,1.0,0.0,0.0,32,1.0,0.002852745388811196,0.04522644612818649,0.9519208084830026
2012-02-10,27,27,0,0,1.0,0.0,0.0,27,1.0,0.004351741109747446,0.0534865490309508,0.9421617098593015
2012-02-11,1,1,0,0,1.0,0.0,0.0,1,1.0,0.0007523515241553119,0.02250844574738512,0.9767392027284598
2012-02-12,4,4,0,0,1.0,0.0,0.0,4,1.0,0.015427739945552025,0.08430123637485083,0.9002710236795954
2012-02-13,49,49,0,0,1.0,0.0,0.0,49,1.0,0.0050728512296518615,0.048995848798761024,0.9459312999715871
2012-02-14,51,51,0,0,1.0,0.0,0.0,51,1.0,0.005748559537912969,0.054858990878568915,0.9393924495835182
2012-02-15,66,66,0,0,1.0,0.0,0.0,66,1.0,0.004817386208559497,0.04154272587832955,0.9536398879131118
2012-02-16,40,40,0,0,1.0,0.0,0.0,40,1.0,0.004217793430299173,0.04748537762212281,0.9482968289475775
2012-02-17,27,27,0,0,1.0,0.0,0.0,27,1.0,0.007693491257146284,0.07736013384097598,0.9149463749018774
2012-02-18,3,3,0,0,1.0,0.0,0.0,3,1.0,0.022519618964186545,0.11134846843264967,0.866131912603163
2012-02-19,4,4,0,0,1.0,0.0,0.0,4,1.0,0.00601905137632635,0.029518271530111398,0.9644626770935645
2012-02-20,12,12,0,0,1.0,0.0,0.0,12,1.0,0.003457569035335163,0.032967840552634055,0.9635745904120316
2012-02-21,42,42,0,0,1.0,0.0,0.0,42,1.0,0.004768581518135105,0.058066882764747016,0.9371645357171181
2012-02-22,32,32,0,0,1.0,0.0,0.0,32,1.0,0.004257344103595528,0.042011376475533255,0.9537312794208714
2012-02-23,40,40,0,0,1.0,0.0,0.0,40,1.0,0.0051385621905883135,0.03948299245627483,0.9553784453531378
2012-02-24,30,30,0,0,1.0,0.0,0.0,30,1.0,0.005734745069771148,0.05757350844918982,0.9366917464810378
2012-02-25,1,1,0,0,1.0,0.0,0.0,1,1.0,0.004538968772741443,0.022121697448975446,0.9733393337782842
2012-02-26,3,3,0,0,1.0,0.0,0.0,3,1.0,0.00044148020466416713,0.008569468724580913,0.9909890510707572
2012-02-27,37,37,0,0,1.0,0.0,0.0,37,1.0,0.006070477696751705,0.06548406423300521,0.9284454580702434
2012-02-28,36,36,0,0,1.0,0.0,0.0,36,1.0,0.0034255237943532223,0.038038144349972214,0.9585363318556746
2012-02-29,37,37,0,0,1.0,0.0,0.0,37,1.0,0.003365238786299983,0.042632919644653884,0.9540018415690454
2012-03-01,18,18,0,0,1.0,0.0,0.0,18,1.0,0.0034986024290869283,0.04093600211568244,0.9555653954552308
2012-03-02,22,22,0,0,1.0,0.0,0.0,22,1.0,0.005228511214472321,0.04025781860046893,0.9545136701850577
2012-03-03,4,4,0,0,1.0,0.0,0.0,4,1.0,0.007209362754112504,0.10727117299213015,0.8855194642537572
2012-03-04,3,3,0,0,1.0,0.0,0.0,3,1.0,0.01500432992175556,0.10287465534161257,0.8821210147366347
2012-03-05,30,30,0,0,1.0,0.0,0.0,30,1.0,0.004006208149811496,0.046218705033028225,0.9497750868171599
2012-03-06,40,40,0,0,1.0,0.0,0.0,40,1.0,0.005707917772515049,0.0669522448941235,0.927339837333362
2012-03-07,75,74,0,1,0.9866666666666667,0.0,0.013333333333333334,74,0.9866666666666667,0.005382584888682151,0.07239764512911204,0.9222197699822059
2012-03-08,58,58,0,0,1.0,0.0,0.0,58,1.0,0.0070097783035406565,0.04687341894481091,0.946116802751648
2012-03-09,32,32,0,0,1.0,0.0,0.0,32,1.0,0.004270977349131714,0.04845957871059203,0.9472694439402758
2012-03-10,2,2,0,0,1.0,0.0,0.0,2,1.0,0.021185363725316236,0.04433879891474755,0.9344758373599408
2012-03-11,3,3,0,0,1.0,0.0,0.0,3,1.0,0.006030504162084653,0.07752877624781443,0.9164407195901033
2012-03-12,37,37,0,0,1.0,0.0,0.0,37,1.0,0.003990447659893188,0.05031403585143061,0.9456955164886767
2012-03-13,34,34,0,0,1.0,0.0,0.0,34,1.0,0.003173233465841473,0.05944402682202507,0.9373827397121336
2012-03-14,41,41,0,0,1.0,0.0,0.0,41,1.0,0.0038621759727502825,0.053539526303394015,0.9425982977238554
2012-03-15,45,45,0,0,1.0,0.0,0.0,45,1.0,0.0028669609168305143,0.03722957216884558,0.9599034669143239
2012-03-16,54,54,0,0,1.0,0.0,0.0,54,1.0,0.004618749974001409,0.04598892845110977,0.9493923215748893
2012-03-17,4,4,0,0,1.0,0.0,0.0,4,1.0,0.007605881960189636,0.052806856735683416,0.9395872613041271
2012-03-18,11,11,0,0,1.0,0.0,0.0,11,1.0,0.005772316963422161,0.05943456649477094,0.9347931165418063
2012-03-19,92,91,0,1,0.9891304347826086,0.0,0.010869565217391304,91,0.9891304347826086,0.0031586737973460476,0.03629928663658553,0.9605420395660683
2012-03-20,49,49,0,0,1.0,0.0,0.0,49,1.0,0.0047143796919800075,0.05107087534416951,0.9442147449638508
2012-03-21,33,33,0,0,1.0,0.0,0.0,33,1.0,0.003242589377076102,0.051541615229529034,0.9452157953933951
2012-03-22,26,26,0,0,1.0,0.0,0.0,26,1.0,0.002759649719100519,0.033181545655362216,0.9640588046255382
2012-03-23,28,28,0,0,1.0,0.0,0.0,28,1.0,0.0018054680212506596,0.02099347699864206,0.977201054980107
2012-03-25,7,7,0,0,1.0,0.0,0.0,7,1.0,0.001314579696438932,0.009452747990470262,0.9892326723130909
2012-03-26,28,28,0,0,1.0,0.0,0.0,28,1.0,0.0019389579999924017,0.02746351965520965,0.9705975223447982
2012-03-27,34,34,0,0,1.0,0.0,0.0,34,1.0,0.006660489773083547,0.0712773728070341,0.9220621374198831
2012-03-28,29,29,0,0,1.0,0.0,0.0,29,1.0,0.005333899125635229,0.07049976516095748,0.9241663357134077
2012-03-29,46,46,0,0,1.0,0.0,0.0,46,1.0,0.0055107556160482905,0.04084069179282312,0.9536485525911285
2012-03-30,33,33,0,0,1.0,0.0,0.0,33,1.0,0.004217813492873075,0.05536473856338026,0.9404174479437467
2012-03-31,2,2,0,0,1.0,0.0,0.0,2,1.0,0.0002731850621398795,0.0016705261753558898,0.9980562887625066
2012-04-01,4,4,0,0,1.0,0.0,0.0,4,1.0,0.0026659922520833506,0.037665696212152794,0.959668311535764
2012-04-02,41,41,0,0,1.0,0.0,0.0,41,1.0,0.003635529766436081,0.046740895653428746,0.9496235745801354
2012-04-03,43,43,0,0,1.0,0.0,0.0,43,1.0,0.004914706651646772,0.06733619074468367,0.9277491026036695
2012-04-04,23,23,0,0,1.0,0.0,0.0,23,1.0,0.005338189732964665,0.048811654912822286,0.9458501553542134
2012-04-05,28,28,0,0,1.0,0.0,0.0,28,1.0,0.0035093113248106365,0.03639865406327703,0.9600920346119116
2012-04-06,18,18,0,0,1.0,0.0,0.0,18,1.0,0.0034734041710190863,0.02908047358305862,0.967446122245922
2012-04-07,3,3,0,0,1.0,0.0,0.0,3,1.0,0.004808239529894439,0.11275839937482818,0.8824333610952767
2012-04-08,1,1,0,0,1.0,0.0,0.0,1,1.0,0.0003290332969181459,0.007027472674317736,0.9926434940287624
2012-04-09,32,32,0,0,1.0,0.0,0.0,32,1.0,0.0036730172349193776,0.043137365017386575,0.9531896177476942
2012-04-10,40,40,0,0,1.0,0.0,0.0,40,1.0,0.002951943165576373,0.03260260475800699,0.9644454520764167
2012-04-11,55,55,0,0,1.0,0.0,0.0,55,1.0,0.0065505966737264875,0.05328930341854123,0.9401600999077325
2012-04-12,38,38,0,0,1.0,0.0,0.0,38,1.0,0.003705669394609102,0.038272588964159894,0.9580217416412311
2012-04-13,39,39,0,0,1.0,0.0,0.0,39,1.0,0.002762006280294333,0.030862138029130702,0.9663758556905754
2012-04-14,1,1,0,0,1.0,0.0,0.0,1,1.0,0.0038649674290900425,0.03564262302590449,0.9604924095450071
2012-04-15,11,11,0,0,1.0,0.0,0.0,11,1.0,0.001998429736030945,0.007822131713975826,0.9901794385499929
2012-04-16,40,40,0,0,1.0,0.0,0.0,40,1.0,0.0020560543382306335,0.03254976693071372,0.9653941787310562
2012-04-17,37,37,0,0,1.0,0.0,0.0,37,1.0,0.0036216582784206926,0.03688865065597079,0.9594896910656086
2012-04-18,34,34,0,0,1.0,0.0,0.0,34,1.0,0.0022989071557788653,0.036006669915911046,0.9616944229283104
2012-04-19,39,39,0,0,1.0,0.0,0.0,39,1.0,0.002790123559204636,0.023363941393371494,0.9738459350474232
2012-04-20,39,39,0,0,1.0,0.0,0.0,39,1.0,0.002270536938282211,0.026419873436074666,0.9713095896256414
2012-04-21,2,2,0,0,1.0,0.0,0.0,2,1.0,2.203593160097771e-05,0.0010609580693056598,0.998917005999093
2012-04-22,3,3,0,0,1.0,0.0,0.0,3,1.0,0.0028243794574657004,0.0348671326606946,0.9623084878818395
2012-04-23,39,38,0,1,0.9743589743589743,0.0,0.02564102564102564,38,0.9743589743589743,0.0019263187680318183,0.03833118314967511,0.9597424980822916
2012-04-24,77,77,0,0,1.0,0.0,0.0,77,1.0,0.004609992171027345,0.036946114321195996,0.958443893507777
2012-04-25,125,125,0,0,1.0,0.0,0.0,125,1.0,0.002935162210039095,0.035768794269449164,0.9612960435205119
2012-04-26,48,48,0,0,1.0,0.0,0.0,48,1.0,0.0035466629353427103,0.02647647389549454,0.9699768631691624
2012-04-27,36,36,0,0,1.0,0.0,0.0,36,1.0,0.003571507890795775,0.028582324189494808,0.9678461679197087
2012-04-28,3,2,0,1,0.6666666666666666,0.0,0.3333333333333333,2,0.6666666666666666,0.0044349399313445515,0.24835298744998302,0.747212072618673
2012-04-29,6,6,0,0,1.0,0.0,0.0,6,1.0,0.0015613866435642894,0.018062362662478123,0.9803762506939585
2012-04-30,15,15,0,0,1.0,0.0,0.0,15,1.0,0.0028539580009470642,0.025302584171575607,0.9718434578274783
2012-05-01,19,19,0,0,1.0,0.0,0.0,19,1.0,0.0028610614303612434,0.02688468616103366,0.9702542524086063
2012-05-02,25,25,0,0,1.0,0.0,0.0,25,1.0,0.0029571363322318522,0.05047099431567898,0.9465718693520898
2012-05-03,31,31,0,0,1.0,0.0,0.0,31,1.0,0.003650815754687595,0.040783082953091396,0.9555661012922207
2012-05-04,19,19,0,0,1.0,0.0,0.0,19,1.0,0.0013244152758589416,0.029130869326209008,0.9695447153979299
2012-05-05,3,3,0,0,1.0,0.0,0.0,3,1.0,0.019194861054172112,0.05995135027060064,0.920853788675226
2012-05-07,23,23,0,0,1.0,0.0,0.0,23,1.0,0.0035658885134170946,0.049981182596393045,0.9464529288901905
2012-05-08,23,23,0,0,1.0,0.0,0.0,23,1.0,0.006208772679631985,0.07286815342226463,0.9209230738981035
2012-05-09,10,10,0,0,1.0,0.0,0.0,10,1.0,0.0013565339240993208,0.013090806120956557,0.9855526599549431
2012-05-10,27,27,0,0,1.0,0.0,0.0,27,1.0,0.002869794214149741,0.04166737822137167,0.9554628275644783
2012-05-11,11,11,0,0,1.0,0.0,0.0,11,1.0,0.003166415725764746,0.04912715234056815,0.9477064319336651
2012-05-13,4,4,0,0,1.0,0.0,0.0,4,1.0,0.0011626701165151582,0.012563627977622114,0.9862737019058646
2012-05-14,27,27,0,0,1.0,0.0,0.0,27,1.0,0.0027155579343322404,0.04360468977534046,0.9536797522903279
2012-05-15,41,41,0,0,1.0,0.0,0.0,41,1.0,0.0050375102156683844,0.05420287062587078,0.9407596191584606
2012-05-16,44,44,0,0,1.0,0.0,0.0,44,1.0,0.004730270166344524,0.05237688415283444,0.9428928456808212
2012-05-17,39,37,0,2,0.9487179487179487,0.0,0.05128205128205128,37,0.9487179487179487,0.0030467633575573857,0.06164885887585239,0.9353043777665903
2012-05-18,29,29,0,0,1.0,0.0,0.0,29,1.0,0.002850783159880536,0.049115506267909115,0.9480337105722101
2012-05-19,3,3,0,0,1.0,0.0,0.0,3,1.0,0.0012235225632675156,0.012642930105171965,0.9861335473315561
2012-05-20,4,4,0,0,1.0,0.0,0.0,4,1.0,0.009021038343119663,0.0702587926797608,0.9207201689771186
2012-05-21,31,31,0,0,1.0,0.0,0.0,31,1.0,0.008093959304141052,0.045188414239144936,0.9467176264567136
2012-05-22,20,20,0,0,1.0,0.0,0.0,20,1.0,0.0021882190619424047,0.023753143374553535,0.9740586375635036
2012-05-23,28,27,0,1,0.9642857142857143,0.0,0.03571428571428571,27,0.9642857142857143,0.003237479335598055,0.053457272991284784,0.9433052476731163
2012-05-24,26,26,0,0,1.0,0.0,0.0,26,1.0,0.0038095365830184105,0.044098513527624214,0.9520919498893574
2012-05-25,16,16,0,0,1.0,0.0,0.0,16,1.0,0.002595760117580639,0.018857875685079448,0.9785463641973393
2012-05-26,1,1,0,0,1.0,0.0,0.0,1,1.0,0.00273492289339849,0.16290856661799938,0.834356510488603
2012-05-27,1,1,0,0,1.0,0.0,0.0,1,1.0,0.0004193525314750979,0.0038342678331640028,0.9957463796353642
2012-05-28,8,8,0,0,1.0,0.0,0.0,8,1.0,0.0019425010745613002,0.050879417308362276,0.9471780816170781
2012-05-29,30,30,0,0,1.0,0.0,0.0,30,1.0,0.00383542779068029,0.05354029920360407,0.942624273005715
2012-05-30,38,38,0,0,1.0,0.0,0.0,38,1.0,0.003836675466971153,0.042786630718110126,0.9533766938149192
2012-05-31,29,29,0,0,1.0,0.0,0.0,29,1.0,0.004261840339807967,0.03442610932736357,0.9613120503328283
2012-06-01,10,10,0,0,1.0,0.0,0.0,10,1.0,0.0009604234580086475,0.009426565818963697,0.989613010723027
2012-06-02,2,2,0,0,1.0,0.0,0.0,2,1.0,0.00280840545197358,0.028869346909319867,0.9683222476387047
2012-06-03,3,3,0,0,1.0,0.0,0.0,3,1.0,0.0008974433067154523,0.013381223448592487,0.9857213332446948
2012-06-04,28,28,0,0,1.0,0.0,0.0,28,1.0,0.002644905643471299,0.04243501196702674,0.9549200823895015
2012-06-05,26,26,0,0,1.0,0.0,0.0,26,1.0,0.00627021785266209,0.03118532253820759,0.9625444596091299
2012-06-06,33,33,0,0,1.0,0.0,0.0,33,1.0,0.004868967214802646,0.07111005836300768,0.9240209744221897
2012-06-07,37,37,0,0,1.0,0.0,0.0,37,1.0,0.0060672307837958545,0.04958185466982105,0.944350914546382
2012-06-08,25,24,0,1,0.96,0.0,0.04,24,0.96,0.00428101929144918,0.052306817947704795,0.9434121627608455
2012-06-09,1,1,0,0,1.0,0.0,0.0,1,1.0,0.004760582735037992,0.15842212211797393,0.8368172951469882
2012-06-10,1,1,0,0,1.0,0.0,0.0,1,1.0,0.00011448982819586946,0.003176317820127342,0.9967091923516768
2012-06-11,62,61,0,1,0.9838709677419355,0.0,0.016129032258064516,61,0.9838709677419355,0.004597601992675323,0.08323803542709687,0.9121643625802274
2012-06-12,41,41,0,0,1.0,0.0,0.0,41,1.0,0.005473806498364951,0.0417852436735182,0.952740949828117
2012-06-13,36,35,0,1,0.9722222222222222,0.0,0.027777777777777776,35,0.9722222222222222,0.006871692019291379,0.06700830035381303,0.9261200076268952
2012-06-14,25,25,0,0,1.0,0.0,0.0,25,1.0,0.0031563250431065944,0.0211287331251035,0.9757149418317895
2012-06-15,19,19,0,0,1.0,0.0,0.0,19,1.0,0.001981548619231646,0.019232299764111914,0.9787861516166563
2012-06-16,1,1,0,0,1.0,0.0,0.0,1,1.0,0.005861491982609622,0.15554224564908176,0.8385962623683088
2012-06-17,3,3,0,0,1.0,0.0,0.0,3,1.0,2.4784138143292502e-05,0.0004930301500116738,0.9994821857118464
2012-06-18,26,26,0,0,1.0,0.0,0.0,26,1.0,0.0034179368321107747,0.032363086235679725,0.9642189769322085
2012-06-19,46,46,0,0,1.0,0.0,0.0,46,1.0,0.005268201247498973,0.03837841317832519,0.9563533855741753
2012-06-20,40,40,0,0,1.0,0.0,0.0,40,1.0,0.004149215635854348,0.04205204110016623,0.9537987432639803
2012-06-21,28,27,0,1,0.9642857142857143,0.0,0.03571428571428571,27,0.9642857142857143,0.004335449997125361,0.06438365405274776,0.9312808959501266
2012-06-22,25,25,0,0,1.0,0.0,0.0,25,1.0,0.004251929417878002,0.04568702020385189,0.9500610503782698
2012-06-23,3,3,0,0,1.0,0.0,0.0,3,1.0,0.01033175538634032,0.0396529781896435,0.9500152664240159
2012-06-24,4,4,0,0,1.0,0.0,0.0,4,1.0,0.005379995452373374,0.03126295425160524,0.9633570502960184
2012-06-25,24,24,0,0,1.0,0.0,0.0,24,1.0,0.005440147362908629,0.04525260707411031,0.949307245562979
2012-06-26,26,26,0,0,1.0,0.0,0.0,26,1.0,0.004559837083606687,0.06249384011662699,0.9329463227997673
2012-06-27,30,30,0,0,1.0,0.0,0.0,30,1.0,0.003814867133540028,0.047243844904291,0.9489412879621704
2012-06-28,22,22,0,0,1.0,0.0,0.0,22,1.0,0.00354971528019631,0.06778613454703582,0.9286641501727666
2012-06-29,35,34,0,1,0.9714285714285714,0.0,0.02857142857142857,34,0.9714285714285714,0.005466364997115332,0.08357991742097749,0.9109537175819072
2012-06-30,1,1,0,0,1.0,0.0,0.0,1,1.0,0.020608005076221615,0.23216217593535454,0.7472298189884226
2012-07-01,6,6,0,0,1.0,0.0,0.0,6,1.0,0.004668697019993356,0.055280321533761695,0.9400509814462485
2012-07-02,28,28,0,0,1.0,0.0,0.0,28,1.0,0.0064829522790183875,0.04701226693321388,0.9465047807877679
2012-07-03,26,26,0,0,1.0,0.0,0.0,26,1.0,0.006764256542165578,0.05435532387995612,0.9388804195778767
2012-07-04,12,12,0,0,1.0,0.0,0.0,12,1.0,0.011780967402684217,0.09180333871446916,0.8964156938828459
2012-07-05,35,35,0,0,1.0,0.0,0.0,35,1.0,0.002999305823947516,0.03125941970395194,0.9657412744721002
2012-07-06,26,26,0,0,1.0,0.0,0.0,26,1.0,0.004173964412326482,0.029757497846735776,0.966068537740938
2012-07-07,1,1,0,0,1.0,0.0,0.0,1,1.0,0.006595940959978957,0.12183786633469891,0.8715661927053228
2012-07-08,3,3,0,0,1.0,0.0,0.0,3,1.0,0.000563508214603746,0.006913802431925491,0.9925226893534723
2012-07-09,27,27,0,0,1.0,0.0,0.0,27,1.0,0.003911912230236282,0.042455662716113673,0.9536324250536485
2012-07-10,25,25,0,0,1.0,0.0,0.0,25,1.0,0.0020838464164171172,0.04751292964226375,0.9504032239413188
2012-07-11,24,23,0,1,0.9583333333333334,0.0,0.041666666666666664,23,0.9583333333333334,0.0030820385756424227,0.07602096544824986,0.9208969959761069
2012-07-12,21,20,0,1,0.9523809523809523,0.0,0.047619047619047616,20,0.9523809523809523,0.00347188277449448,0.06417281372434118,0.9323553035011634
2012-07-13,25,25,0,0,1.0,0.0,0.0,25,1.0,0.004671540998394668,0.043453129465538275,0.9518753295360662
2012-07-15,1,1,0,0,1.0,0.0,0.0,1,1.0,0.00029586737233127974,0.009414884645782329,0.9902892479818802
2012-07-16,20,20,0,0,1.0,0.0,0.0,20,1.0,0.0028698839619634006,0.0363296210127249,0.9608004950253127
2012-07-17,24,24,0,0,1.0,0.0,0.0,24,1.0,0.0026421137707730528,0.040401281896835915,0.9569566043323898
2012-07-18,31,31,0,0,1.0,0.0,0.0,31,1.0,0.004601408137781453,0.03953030695417678,0.9558682849080407
2012-07-19,28,28,0,0,1.0,0.0,0.0,28,1.0,0.00393958367765882,0.04650122429738445,0.949559192024956
2012-07-20,29,29,0,0,1.0,0.0,0.0,29,1.0,0.007175361332781536,0.04866801195241696,0.9441566267148004
2012-07-21,1,1,0,0,1.0,0.0,0.0,1,1.0,0.027375288224922273,0.07240697294418035,0.9002177388309024
2012-07-22,5,5,0,0,1.0,0.0,0.0,5,1.0,0.0211516496384027,0.11481242366261854,0.8640359266989769
2012-07-23,56,56,0,0,1.0,0.0,0.0,56,1.0,0.006815993842463628,0.057216793196361984,0.9359672129611738
2012-07-24,66,66,0,0,1.0,0.0,0.0,66,1.0,0.005844592158986704,0.04957255922947636,0.9445828486115364
2012-07-25,111,111,0,0,1.0,0.0,0.0,111,1.0,0.005368419262870423,0.04466646333776645,0.9499651173993631
2012-07-26,49,49,0,0,1.0,0.0,0.0,49,1.0,0.006127565000775529,0.04270833485510051,0.9511641001441229
2012-07-27,29,29,0,0,1.0,0.0,0.0,29,1.0,0.0059063040440145926,0.05130750151310436,0.9427861944428801
2012-07-28,7,7,0,0,1.0,0.0,0.0,7,1.0,0.003224341332319326,0.03547446262783418,0.9613011960398438
2012-07-29,3,3,0,0,1.0,0.0,0.0,3,1.0,0.003339701727940335,0.01171815581188318,0.9849421424601741
2012-07-30,37,37,0,0,1.0,0.0,0.0,37,1.0,0.006797775010964948,0.06221728508714545,0.9309849399018899
2012-07-31,38,38,0,0,1.0,0.0,0.0,38,1.0,0.006469132229492811,0.07100936457848696,0.9225215031920212
2012-08-01,35,35,0,0,1.0,0.0,0.0,35,1.0,0.004372015990367326,0.05443769825761752,0.9411902857520155
2012-08-02,34,34,0,0,1.0,0.0,0.0,34,1.0,0.00565259073341603,0.04951725154948045,0.9448301577171023
2012-08-03,31,31,0,0,1.0,0.0,0.0,31,1.0,0.005144424719834349,0.037206548301775076,0.957649026978391
2012-08-04,3,3,0,0,1.0,0.0,0.0,3,1.0,0.0033949885159683074,0.031539500829069075,0.9650655106549627
2012-08-05,4,4,0,0,1.0,0.0,0.0,4,1.0,0.000364294076647805,0.008190362683799378,0.9914453432395558
2012-08-06,37,37,0,0,1.0,0.0,0.0,37,1.0,0.004349074721260235,0.05413749904625326,0.9415134262324864
2012-08-07,36,36,0,0,1.0,0.0,0.0,36,1.0,0.003467462188364909,0.029664406529230556,0.9668681312824055
2012-08-08,15,15,0,0,1.0,0.0,0.0,15,1.0,0.002614021454146529,0.02172255359221474,0.9756634249536389
2012-08-09,20,20,0,0,1.0,0.0,0.0,20,1.0,0.006784454004573143,0.06911423368385133,0.9241013123115751
2012-08-10,29,29,0,0,1.0,0.0,0.0,29,1.0,0.0037404077217460087,0.047026978253306505,0.9492326140249465
2012-08-11,3,3,0,0,1.0,0.0,0.0,3,1.0,0.004230789392787721,0.0384156560349199,0.9573535545722934
2012-08-12,3,3,0,0,1.0,0.0,0.0,3,1.0,0.003893505851075688,0.014052284635902556,0.9820542095130227
2012-08-13,24,24,0,0,1.0,0.0,0.0,24,1.0,0.004507122525460397,0.05459411806585295,0.9408987594086863
2012-08-14,35,35,0,0,1.0,0.0,0.0,35,1.0,0.004923694622238908,0.042952874483993715,0.952123430893766
2012-08-15,33,33,0,0,1.0,0.0,0.0,33,1.0,0.004819119632675321,0.051268951503108534,0.9439119288642162
2012-08-16,35,34,0,1,0.9714285714285714,0.0,0.02857142857142857,34,0.9714285714285714,0.004739644304874764,0.05029605599083529,0.9449642997042906
2012-08-17,40,40,0,0,1.0,0.0,0.0,40,1.0,0.005278054046419211,0.046532319681229825,0.9481896262723508
2012-08-18,3,3,0,0,1.0,0.0,0.0,3,1.0,0.007207056213376646,0.03922557971947352,0.9535673640671484
2012-08-19,3,3,0,0,1.0,0.0,0.0,3,1.0,0.0065964031350613595,0.07318952946225525,0.9202140674026852
2012-08-20,40,40,0,0,1.0,0.0,0.0,40,1.0,0.006235481881240607,0.033612689897356385,0.9601518282214027
2012-08-21,52,51,0,1,0.9807692307692307,0.0,0.019230769230769232,51,0.9807692307692307,0.0036948282922081984,0.03717747967096018,0.9591276920368319
2012-08-22,50,50,0,0,1.0,0.0,0.0,50,1.0,0.005073589967951681,0.044182216337385845,0.9507441936946627
2012-08-23,31,30,0,1,0.967741935483871,0.0,0.03225806451612903,30,0.967741935483871,0.0059211253665034025,0.056808140076376884,0.9372707345571202
2012-08-24,49,49,0,0,1.0,0.0,0.0,49,1.0,0.006096784065105912,0.05036630276891584,0.9435369131659782
2012-08-25,15,15,0,0,1.0,0.0,0.0,15,1.0,0.0069541122265141106,0.061593156194894215,0.931452731578593
2012-08-26,6,6,0,0,1.0,0.0,0.0,6,1.0,0.0045170693113369435,0.023633544244390365,0.9718493864442755
2012-08-27,91,91,0,0,1.0,0.0,0.0,91,1.0,0.00419374057125912,0.03868907319397651,0.957117186234764
2012-08-28,35,35,0,0,1.0,0.0,0.0,35,1.0,0.005149962535855831,0.0425306472276777,0.9523193902364664
2012-08-29,48,48,0,0,1.0,0.0,0.0,48,1.0,0.003531761063723385,0.039948371425204965,0.9565198675110712
2012-08-30,32,32,0,0,1.0,0.0,0.0,32,1.0,0.003440121554368559,0.04154612311387274,0.9550137553317579
2012-08-31,41,41,0,0,1.0,0.0,0.0,41,1.0,0.006461154761971643,0.05119348310950105,0.942345362128527
2012-09-01,3,3,0,0,1.0,0.0,0.0,3,1.0,0.002324745885773143,0.03864142901798621,0.9590338250962406
2012-09-02,3,3,0,0,1.0,0.0,0.0,3,1.0,0.002720368172755123,0.03310175611360075,0.9641778757136468
2012-09-03,11,10,0,1,0.9090909090909091,0.0,0.09090909090909091,10,0.9090909090909091,0.0031904198444144276,0.0745999220811542,0.922209658074432
2012-09-04,59,58,0,1,0.9830508474576272,0.0,0.01694915254237288,58,0.9830508474576272,0.00544794116387446,0.0533964690744787,0.9411555897616466
2012-09-05,35,35,0,0,1.0,0.0,0.0,35,1.0,0.002586471410738124,0.04792574855614577,0.9494877800331162
2012-09-06,42,42,0,0,1.0,0.0,0.0,42,1.0,0.0043373673668693396,0.04328679219852078,0.9523758404346099
2012-09-07,37,37,0,0,1.0,0.0,0.0,37,1.0,0.004315196499956643,0.04202947400228618,0.9536553294977579
2012-09-09,2,2,0,0,1.0,0.0,0.0,2,1.0,0.00018854068899912187,0.0029387910737123167,0.9968726682372906
2012-09-10,37,36,0,1,0.972972972972973,0.0,0.02702702702702703,36,0.972972972972973,0.0032415319637086777,0.05214409345959125,0.9446143745766991
2012-09-11,48,47,0,1,0.9791666666666666,0.0,0.020833333333333332,47,0.9791666666666666,0.0047558721958403894,0.0569266782031313,0.938317449601029
2012-09-12,64,58,0,6,0.90625,0.0,0.09375,58,0.90625,0.0049654696572595785,0.13270367240004355,0.8623308579426974
2012-09-13,63,62,0,1,0.9841269841269841,0.0,0.015873015873015872,62,0.9841269841269841,0.0035200572534824256,0.05022139135850174,0.9462585513880153
2012-09-14,47,47,0,0,1.0,0.0,0.0,47,1.0,0.0035598685382802154,0.046531263839032035,0.9499088676226873
2012-09-16,4,4,0,0,1.0,0.0,0.0,4,1.0,0.0020918175733665115,0.05144932912231887,0.9464588533043113
2012-09-17,34,34,0,0,1.0,0.0,0.0,34,1.0,0.005903090949713611,0.057646856310386685,0.9364500527398993
2012-09-18,44,44,0,0,1.0,0.0,0.0,44,1.0,0.0038908609577049695,0.04897016697288798,0.9471389720694067
2012-09-19,49,48,0,1,0.9795918367346939,0.0,0.02040816326530612,48,0.9795918367346939,0.0035085447298744002,0.06215074907075803,0.9343407061993675
2012-09-20,45,45,0,0,1.0,0.0,0.0,45,1.0,0.006309767953612987,0.060874130250335765,0.9328161017960517
2012-09-21,74,74,0,0,1.0,0.0,0.0,74,1.0,0.004900244757777853,0.047529105484488424,0.9475706497577339
2012-09-22,4,4,0,0,1.0,0.0,0.0,4,1.0,0.01311918153308839,0.04975280971054395,0.9371280087563669
2012-09-23,4,4,0,0,1.0,0.0,0.0,4,1.0,0.007407013082765514,0.07881090895497551,0.9137820779622595
2012-09-24,51,51,0,0,1.0,0.0,0.0,51,1.0,0.0034135020061412578,0.03995430729110274,0.9566321907027567
2012-09-25,36,36,0,0,1.0,0.0,0.0,36,1.0,0.004026797173116485,0.07010085866113752,0.9258723441657458
2012-09-26,31,31,0,0,1.0,0.0,0.0,31,1.0,0.0033733158245738627,0.05222125594394248,0.9444054282314841
2012-09-27,30,30,0,0,1.0,0.0,0.0,30,1.0,0.004732208188712816,0.04005074064437387,0.955217051166914
2012-09-28,45,45,0,0,1.0,0.0,0.0,45,1.0,0.005923396192885926,0.05173896234612035,0.9423376414609933
2012-09-29,3,3,0,0,1.0,0.0,0.0,3,1.0,0.005734042192548257,0.061421717764238194,0.932844240043211
2012-09-30,3,3,0,0,1.0,0.0,0.0,3,1.0,0.0005375726530572185,0.008683053856978816,0.9907793734899656
2012-10-01,38,38,0,0,1.0,0.0,0.0,38,1.0,0.004147139837172037,0.036000572560107635,0.9598522876027201
2012-10-02,43,43,0,0,1.0,0.0,0.0,43,1.0,0.008312852671982798,0.06376306550568586,0.9279240818223318
2012-10-03,30,30,0,0,1.0,0.0,0.0,30,1.0,0.004995249903478453,0.0615476990288627,0.9334570510676603
2012-10-04,23,22,0,1,0.9565217391304348,0.0,0.043478260869565216,22,0.9565217391304348,0.007268432026230401,0.09245966655649908,0.9002719014172704
2012-10-05,22,22,0,0,1.0,0.0,0.0,22,1.0,0.0026329653138526823,0.04401455054210306,0.9533524841440439
2012-10-06,4,4,0,0,1.0,0.0,0.0,4,1.0,0.0059732003787033635,0.05041772906253007,0.9436090705587662
2012-10-07,2,2,0,0,1.0,0.0,0.0,2,1.0,0.0023631828849758436,0.01082488411231791,0.9868119330027081
2012-10-08,31,30,0,1,0.967741935483871,0.0,0.03225806451612903,30,0.967741935483871,0.0028813798115470616,0.04611875708840025,0.9509998631000515
2012-10-09,40,40,0,0,1.0,0.0,0.0,40,1.0,0.0025681482632472245,0.027786976399500913,0.9696448753372525
2012-10-10,33,32,0,1,0.9696969696969697,0.0,0.030303030303030304,32,0.9696969696969697,0.004398869796191345,0.06090462502039476,0.9346965051834147
2012-10-11,40,40,0,0,1.0,0.0,0.0,40,1.0,0.004420859689789828,0.04200199198468706,0.9535771483255224
2012-10-12,35,35,0,0,1.0,0.0,0.0,35,1.0,0.006060151033383617,0.06976193488847685,0.9241779140781395
2012-10-13,3,3,0,0,1.0,0.0,0.0,3,1.0,0.007420123264860721,0.0627405040835901,0.9298393726515511
2012-10-14,5,5,0,0,1.0,0.0,0.0,5,1.0,0.002018027709619185,0.03906098829020796,0.9589209840001713
2012-10-15,22,22,0,0,1.0,0.0,0.0,22,1.0,0.0030145756921663783,0.0642496938898003,0.9327357304180356
2012-10-16,31,31,0,0,1.0,0.0,0.0,31,1.0,0.0054170821457656965,0.05559431461313498,0.9389886032410997
2012-10-17,27,26,0,1,0.9629629629629629,0.0,0.037037037037037035,26,0.9629629629629629,0.0027110278222927213,0.06695181460769294,0.9303371575700138
2012-10-18,33,33,0,0,1.0,0.0,0.0,33,1.0,0.005022681688221996,0.06242959866098412,0.9325477196507944
2012-10-19,20,20,0,0,1.0,0.0,0.0,20,1.0,0.003689671546494102,0.053300580154037616,0.9430097482994689
2012-10-20,2,2,0,0,1.0,0.0,0.0,2,1.0,0.0004208541850850287,0.006818632563334844,0.992760513251586
2012-10-21,3,3,0,0,1.0,0.0,0.0,3,1.0,0.0001310249902974085,0.0009027639150196702,0.9989662110946785
2012-10-22,41,41,0,0,1.0,0.0,0.0,41,1.0,0.0016249865355829442,0.02294041056997087,0.9754346028944457
2012-10-23,63,61,0,2,0.9682539682539683,0.0,0.031746031746031744,61,0.9682539682539683,0.00415086893430998,0.10228680546651658,0.893562325599173
2012-10-24,42,42,0,0,1.0,0.0,0.0,42,1.0,0.0060280831602049145,0.07007570981805408,0.9238962070217417
2012-10-25,76,75,0,1,0.9868421052631579,0.0,0.013157894736842105,75,0.9868421052631579,0.003682688969167744,0.04035979530238339,0.9559575157284493
2012-10-26,57,56,0,1,0.9824561403508771,0.0,0.017543859649122806,56,0.9824561403508771,0.003314379844781761,0.046708945910315006,0.949976674244904
2012-10-29,29,29,0,0,1.0,0.0,0.0,29,1.0,0.003960809176463552,0.042980903184903475,0.9530582876386334
2012-10-30,35,35,0,0,1.0,0.0,0.0,35,1.0,0.0036212115688775953,0.0556956161216882,0.9406831723094342
2012-10-31,45,45,0,0,1.0,0.0,0.0,45,1.0,0.0020454035285923195,0.02842176359033029,0.9695328328810765
2012-11-01,31,31,0,0,1.0,0.0,0.0,31,1.0,0.005347225112059632,0.063071083699774,0.9315816911881664
2012-11-02,24,24,0,0,1.0,0.0,0.0,24,1.0,0.00392561752758283,0.054710761247926586,0.9413636212244909
2012-11-03,2,2,0,0,1.0,0.0,0.0,2,1.0,3.235765225952864e-05,0.0008707599577566936,0.9990968823899864
2012-11-04,2,2,0,0,1.0,0.0,0.0,2,1.0,8.037386332296014e-05,0.000926239759263072,0.9989933863774159
2012-11-05,44,44,0,0,1.0,0.0,0.0,44,1.0,0.0038594805961766902,0.040912419689410076,0.9552280997144131
2012-11-06,29,29,0,0,1.0,0.0,0.0,29,1.0,0.003359060574573118,0.0398685288217858,0.9567724106036412
2012-11-07,40,40,0,0,1.0,0.0,0.0,40,1.0,0.004887280064786302,0.04725246642163153,0.947860253513582
2012-11-08,26,26,0,0,1.0,0.0,0.0,26,1.0,0.0018436106010760055,0.02906771066744709,0.9690886787314766
2012-11-09,19,19,0,0,1.0,0.0,0.0,19,1.0,0.0048532367870071135,0.031657055451022084,0.9634897077619715
2012-11-10,7,7,0,0,1.0,0.0,0.0,7,1.0,0.02882696215328711,0.14205287363716584,0.8291201642095487
2012-11-11,5,5,0,0,1.0,0.0,0.0,5,1.0,0.00804303893340587,0.13344411561463201,0.8585128454519602
2012-11-12,25,25,0,0,1.0,0.0,0.0,25,1.0,0.004062885997178732,0.04409431588144543,0.9518427981213753
2012-11-13,30,29,0,1,0.9666666666666667,0.0,0.03333333333333333,29,0.9666666666666667,0.004665258928413512,0.06669219207760062,0.9286425489939863
2012-11-14,37,37,0,0,1.0,0.0,0.0,37,1.0,0.002117537450743258,0.03744583704611847,0.9604366255031384
2012-11-15,33,33,0,0,1.0,0.0,0.0,33,1.0,0.0027591237911229953,0.03078668202583742,0.96645419418304
2012-11-16,27,26,0,1,0.9629629629629629,0.0,0.037037037037037035,26,0.9629629629629629,0.006433790511119624,0.08474875226749042,0.9088174572213904
2012-11-17,3,3,0,0,1.0,0.0,0.0,3,1.0,0.030500685856310463,0.09779498433630994,0.8717043298073778
2012-11-18,7,7,0,0,1.0,0.0,0.0,7,1.0,0.002711498866815768,0.023210683069095597,0.9740778180640894
2012-11-19,42,42,0,0,1.0,0.0,0.0,42,1.0,0.004016020242394297,0.05638197272411033,0.9396020070334951
2012-11-20,35,35,0,0,1.0,0.0,0.0,35,1.0,0.004039524043673836,0.050590847637465894,0.9453696283188597
2012-11-21,30,30,0,0,1.0,0.0,0.0,30,1.0,0.0031030674343938257,0.016209207845424956,0.9806877247201818
2012-11-22,9,9,0,0,1.0,0.0,0.0,9,1.0,0.008399624664881351,0.04386254691016508,0.947737828424954
2012-11-23,15,15,0,0,1.0,0.0,0.0,15,1.0,0.0034004571296852595,0.045612019400095356,0.9509875234702193
2012-11-24,2,2,0,0,1.0,0.0,0.0,2,1.0,0.0003408652533662717,0.002273144898874727,0.9973859898477611
2012-11-25,4,4,0,0,1.0,0.0,0.0,4,1.0,0.02114446658207355,0.0822245545522242,0.8966309788657032
2012-11-26,39,39,0,0,1.0,0.0,0.0,39,1.0,0.003005940020248844,0.030684441344730643,0.9663096186350203
2012-11-27,39,39,0,0,1.0,0.0,0.0,39,1.0,0.003676444600805041,0.042900809070459456,0.9534227463287355
2012-11-28,33,33,0,0,1.0,0.0,0.0,33,1.0,0.0032416144941428524,0.03931774442379577,0.957440641082062
2012-11-29,23,23,0,0,1.0,0.0,0.0,23,1.0,0.002531505286203308,0.03338148036025955,0.9640870143535377
2012-11-30,32,31,0,1,0.96875,0.0,0.03125,31,0.96875,0.004557424146987861,0.05814185106168958,0.9373007247913216
2012-12-01,2,2,0,0,1.0,0.0,0.0,2,1.0,0.0004369854364592232,0.011979725405442586,0.9875832891580991
2012-12-02,3,3,0,0,1.0,0.0,0.0,3,1.0,0.0031675735381708806,0.049371792324204467,0.94746063413762
2012-12-03,26,24,0,2,0.9230769230769231,0.0,0.07692307692307693,24,0.9230769230769231,0.0030421128115070703,0.10593457520880531,0.891023311979687
2012-12-04,37,37,0,0,1.0,0.0,0.0,37,1.0,0.003619404115725788,0.04209767196455144,0.9542829239197228
2012-12-05,57,56,0,1,0.9824561403508771,0.0,0.017543859649122806,56,0.9824561403508771,0.004672542151494499,0.055530385098871475,0.939797072749634
2012-12-06,79,79,0,0,1.0,0.0,0.0,79,1.0,0.0037476362065746124,0.04791669661062538,0.9483356671828002
2012-12-07,43,43,0,0,1.0,0.0,0.0,43,1.0,0.00420756413238182,0.0496481365660619,0.9461442993015566
2012-12-08,5,5,0,0,1.0,0.0,0.0,5,1.0,0.0019056406252308546,0.02929682739665712,0.9687975319781101
2012-12-09,7,7,0,0,1.0,0.0,0.0,7,1.0,0.0019985955141984943,0.021770532208239442,0.9762308722775621
2012-12-10,35,34,0,1,0.9714285714285714,0.0,0.02857142857142857,34,0.9714285714285714,0.003773977662264777,0.041915423952740484,0.9543105983849944
2012-12-11,28,28,0,0,1.0,0.0,0.0,28,1.0,0.002106005469458708,0.021535643616939434,0.9763583509136012
2012-12-12,44,44,0,0,1.0,0.0,0.0,44,1.0,0.0023510331011790202,0.031217204748946913,0.9664317621498735
2012-12-13,49,49,0,0,1.0,0.0,0.0,49,1.0,0.007278647385828518,0.08677107092451812,0.9059502816896532
2012-12-14,54,54,0,0,1.0,0.0,0.0,54,1.0,0.00496763149255316,0.052065501453470435,0.9429668670539759
2012-12-15,2,2,0,0,1.0,0.0,0.0,2,1.0,0.0024938180618631943,0.013531813195721294,0.9839743687424133
2012-12-16,4,4,0,0,1.0,0.0,0.0,4,1.0,0.0016884404743824507,0.02387570931027941,0.9744358502153356
2012-12-17,48,48,0,0,1.0,0.0,0.0,48,1.0,0.0033611549804883323,0.041144364593961785,0.9554944804255499
2012-12-18,49,49,0,0,1.0,0.0,0.0,49,1.0,0.0055315325411750774,0.0437271782167614,0.9507412892420646
2012-12-19,27,26,0,1,0.9629629629629629,0.0,0.037037037037037035,26,0.9629629629629629,0.0033330852827877923,0.07010375688430137,0.9265631578329107
2012-12-20,32,32,0,0,1.0,0.0,0.0,32,1.0,0.004166892436021293,0.04865936470426965,0.9471737428597081
2012-12-21,27,27,0,0,1.0,0.0,0.0,27,1.0,0.00216603775460678,0.020536051664372314,0.9772979105810214
2012-12-23,1,1,0,0,1.0,0.0,0.0,1,1.0,0.0002462821049817505,0.003077905395167683,0.9966758124998574
2012-12-24,13,13,0,0,1.0,0.0,0.0,13,1.0,0.0023274523683766038,0.032671357066623816,0.965001190565
2012-12-25,3,3,0,0,1.0,0.0,0.0,3,1.0,0.006864176558029192,0.15124278938790917,0.8418930340540606
2012-12-26,20,19,0,1,0.95,0.0,0.05,19,0.95,0.0026235472992890687,0.04274026972041237,0.9546361829802971
2012-12-27,14,14,0,0,1.0,0.0,0.0,14,1.0,0.005602208815579998,0.06114594371103489,0.9332518474733842
2012-12-28,27,27,0,0,1.0,0.0,0.0,27,1.0,0.004857284053106892,0.0286012991378989,0.9665414168089944
2012-12-29,2,2,0,0,1.0,0.0,0.0,2,1.0,8.505707079924275e-05,0.0013065705519887322,0.9986083723772146
2012-12-31,15,15,0,0,1.0,0.0,0.0,15,1.0,0.001169810897474345,0.021909645519299206,0.9769205435832269
2013-01-01,5,5,0,0,1.0,0.0,0.0,5,1.0,0.007310769396485599,0.05154885155925689,0.9411403790442543
2013-01-02,31,31,0,0,1.0,0.0,0.0,31,1.0,0.004753559816931274,0.06246314365699251,0.9327832965260765
2013-01-03,23,23,0,0,1.0,0.0,0.0,23,1.0,0.001515707358404705,0.03563429109138758,0.9628500015502099
2013-01-04,27,27,0,0,1.0,0.0,0.0,27,1.0,0.002372149444385182,0.02901175052509261,0.9686161000305232
2013-01-07,31,31,0,0,1.0,0.0,0.0,31,1.0,0.0024887905511952555,0.03485533935492298,0.9626558700938819
2013-01-08,30,29,0,1,0.9666666666666667,0.0,0.03333333333333333,29,0.9666666666666667,0.003188395821257178,0.06593499668206934,0.9308766074966729
2013-01-09,17,17,0,0,1.0,0.0,0.0,17,1.0,0.002623638296629593,0.06639349376295406,0.9309828679404147
2013-01-10,37,37,0,0,1.0,0.0,0.0,37,1.0,0.003240419076329526,0.04529405139738296,0.9514655295262873
2013-01-11,31,30,0,1,0.967741935483871,0.0,0.03225806451612903,30,0.967741935483871,0.004429979107066786,0.07058831823688026,0.9249817026560527
2013-01-12,4,4,0,0,1.0,0.0,0.0,4,1.0,0.0031950099956468,0.045125945420150713,0.9516790445842035
2013-01-13,4,4,0,0,1.0,0.0,0.0,4,1.0,0.0046992002063626056,0.07388934359223195,0.9214114562014065
2013-01-14,65,65,0,0,1.0,0.0,0.0,65,1.0,0.0035958185903268523,0.0440669282878429,0.9523372531218297
2013-01-15,57,57,0,0,1.0,0.0,0.0,57,1.0,0.002694903731408092,0.03310491665341717,0.9642001796151748
2013-01-16,44,44,0,0,1.0,0.0,0.0,44,1.0,0.002110315505925088,0.02161939595318832,0.976270288540887
2013-01-17,33,33,0,0,1.0,0.0,0.0,33,1.0,0.00290961799377343,0.03395530990063592,0.9631350721055896
2013-01-18,33,33,0,0,1.0,0.0,0.0,33,1.0,0.005851720480984605,0.03875919797211107,0.955389081546905
2013-01-19,1,1,0,0,1.0,0.0,0.0,1,1.0,0.002083682216023413,0.03597455841784419,0.9619417593661328
2013-01-21,16,16,0,0,1.0,0.0,0.0,16,1.0,0.0009162771300183065,0.03267614663130574,0.9664075762386755
2013-01-22,32,32,0,0,1.0,0.0,0.0,32,1.0,0.003006803444811662,0.024189339196968224,0.9728038573582193
2013-01-23,83,82,0,1,0.9879518072289156,0.0,0.012048192771084338,82,0.9879518072289156,0.0064860375873879265,0.04905109872989873,0.944462863682713
2013-01-24,122,122,0,0,1.0,0.0,0.0,122,1.0,0.003247561409504167,0.029928657248145255,0.9668237813423507
2013-01-25,65,65,0,0,1.0,0.0,0.0,65,1.0,0.0037305629203934773,0.030527558279130763,0.9657418788004756
2013-01-26,1,1,0,0,1.0,0.0,0.0,1,1.0,0.002332979897640643,0.0840171664195688,0.9136498536827914
2013-01-27,4,4,0,0,1.0,0.0,0.0,4,1.0,0.0009157510009893443,0.010236780306316702,0.9888474686926944
2013-01-28,39,39,0,0,1.0,0.0,0.0,39,1.0,0.002295068986216543,0.04516200669553212,0.9525429243182512
2013-01-29,36,36,0,0,1.0,0.0,0.0,36,1.0,0.004664205004105715,0.04777458338742489,0.9475612116084693
2013-01-30,50,50,0,0,1.0,0.0,0.0,50,1.0,0.004875582755730276,0.033381608262490224,0.9617428089817792
2013-01-31,43,43,0,0,1.0,0.0,0.0,43,1.0,0.004345989557794699,0.03564218940453503,0.9600118210376711
2013-02-01,25,25,0,0,1.0,0.0,0.0,25,1.0,0.0031565411526671087,0.05520026966970443,0.9416431891776287
2013-02-02,1,1,0,0,1.0,0.0,0.0,1,1.0,0.0012695565254072982,0.021485822813608706,0.9772446206609771
2013-02-03,2,2,0,0,1.0,0.0,0.0,2,1.0,0.006095102100087261,0.038203807543606826,0.955701090356306
2013-02-04,30,30,0,0,1.0,0.0,0.0,30,1.0,0.00413640463176056,0.0427812967491412,0.9530822986190979
2013-02-05,38,37,0,1,0.9736842105263158,0.0,0.02631578947368421,37,0.9736842105263158,0.0019033347762173326,0.04264976666135317,0.9554468985624291
2013-02-06,32,32,0,0,1.0,0.0,0.0,32,1.0,0.001784422083726243,0.044310138408773306,0.9539054395075001
2013-02-07,67,67,0,0,1.0,0.0,0.0,67,1.0,0.0023305847552242535,0.02064099049819025,0.9770284247465858
2013-02-08,38,38,0,0,1.0,0.0,0.0,38,1.0,0.0046554081951201975,0.03824965291835264,0.9570949388865284
2013-02-09,3,3,0,0,1.0,0.0,0.0,3,1.0,0.004768453126546449,0.02279319394030908,0.9724383529331447
2013-02-10,5,5,0,0,1.0,0.0,0.0,5,1.0,0.0052839306168554565,0.11163337358707356,0.8830826957960702
2013-02-11,33,32,0,1,0.9696969696969697,0.0,0.030303030303030304,32,0.9696969696969697,0.003322689663620966,0.04087252731837372,0.9558047830180046
2013-02-12,38,38,0,0,1.0,0.0,0.0,38,1.0,0.006238990929906367,0.04234300373342456,0.951418005336668
2013-02-13,66,65,0,1,0.9848484848484849,0.0,0.015151515151515152,65,0.9848484848484849,0.0038293054734234093,0.06281301425207597,0.9333576802745007
2013-02-14,49,49,0,0,1.0,0.0,0.0,49,1.0,0.0037573435965746436,0.028992610237392972,0.9672500461660326
2013-02-15,29,29,0,0,1.0,0.0,0.0,29,1.0,0.004066352252611073,0.047151702024183034,0.9487819457232053
2013-02-16,4,4,0,0,1.0,0.0,0.0,4,1.0,0.01605970275140426,0.04527357063788584,0.9386667266107097
2013-02-17,1,1,0,0,1.0,0.0,0.0,1,1.0,9.61925272492418e-05,0.001285539561678117,0.9986182679110736
2013-02-18,3,3,0,0,1.0,0.0,0.0,3,1.0,0.0007954152518825933,0.01079337124917449,0.9884112134989427
2013-02-19,40,40,0,0,1.0,0.0,0.0,40,1.0,0.004720191292728411,0.03482531498494383,0.9604544937223274
2013-02-20,38,38,0,0,1.0,0.0,0.0,38,1.0,0.002352604134462136,0.028212847119000302,0.969434548746538
2013-02-21,37,37,0,0,1.0,0.0,0.0,37,1.0,0.0060892397633257244,0.03861010177027977,0.9553006584663937
2013-02-22,24,24,0,0,1.0,0.0,0.0,24,1.0,0.0058633638591987025,0.051745696869893755,0.9423909392709068
2013-02-23,3,3,0,0,1.0,0.0,0.0,3,1.0,0.002367856049853219,0.022557829620831343,0.9750743143293162
2013-02-24,11,11,0,0,1.0,0.0,0.0,11,1.0,0.0035883627755831965,0.04908805679337449,0.947323580431043
2013-02-25,29,29,0,0,1.0,0.0,0.0,29,1.0,0.001729542149366796,0.026735995284717855,0.9715344625659137
2013-02-26,46,45,0,1,0.9782608695652174,0.0,0.021739130434782608,45,0.9782608695652174,0.004804642111457119,0.06758881894992373,0.9276065389386197
2013-02-27,32,32,0,0,1.0,0.0,0.0,32,1.0,0.006767930680016069,0.03957993860091279,0.9536521307190706
2013-02-28,27,27,0,0,1.0,0.0,0.0,27,1.0,0.006065434521587937,0.0385851339122805,0.9553494315661311
2013-03-01,27,27,0,0,1.0,0.0,0.0,27,1.0,0.009893043476068055,0.04635599817712457,0.9437509583468078
2013-03-02,3,3,0,0,1.0,0.0,0.0,3,1.0,0.007628852049829226,0.09055358021475673,0.901817567735414
2013-03-03,5,5,0,0,1.0,0.0,0.0,5,1.0,0.0027306227187701817,0.0252823534402001,0.9719870238410311
2013-03-04,23,23,0,0,1.0,0.0,0.0,23,1.0,0.0032515132857055,0.021575235226880988,0.9751732514874125
2013-03-05,20,20,0,0,1.0,0.0,0.0,20,1.0,0.0025043320195040505,0.029411823293600065,0.9680838446868952
2013-03-06,29,29,0,0,1.0,0.0,0.0,29,1.0,0.002308015081001145,0.037512719601711104,0.9601792653172876
2013-03-07,40,40,0,0,1.0,0.0,0.0,40,1.0,0.002758690508284397,0.02611945172295451,0.971121857768761
2013-03-08,32,32,0,0,1.0,0.0,0.0,32,1.0,0.007129865334705609,0.05700971143241362,0.9358604232328829
2013-03-09,4,4,0,0,1.0,0.0,0.0,4,1.0,0.013359764479767658,0.033237831996166006,0.953402403524065
2013-03-10,3,3,0,0,1.0,0.0,0.0,3,1.0,0.0003153898939232999,0.007869700563193206,0.991814909542886
2013-03-11,23,23,0,0,1.0,0.0,0.0,23,1.0,0.002867643506262993,0.05646545797512537,0.9406668985186102
2013-03-12,24,24,0,0,1.0,0.0,0.0,24,1.0,0.0038363704766183615,0.04323623823741546,0.9529273912859676
2013-03-13,39,39,0,0,1.0,0.0,0.0,39,1.0,0.0039004969174175072,0.04909842574632737,0.947001077336256
2013-03-14,34,34,0,0,1.0,0.0,0.0,34,1.0,0.0036304503074073755,0.036496584308578314,0.959872965384014
2013-03-15,23,23,0,0,1.0,0.0,0.0,23,1.0,0.007208789022749824,0.04968538010697851,0.9431058308702717
2013-03-16,1,1,0,0,1.0,0.0,0.0,1,1.0,0.0009578011387151848,0.006552125846268355,0.9924900730150157
2013-03-17,2,2,0,0,1.0,0.0,0.0,2,1.0,5.90097831031351e-05,0.0010726787187055255,0.9988683114982002
2013-03-18,21,21,0,0,1.0,0.0,0.0,21,1.0,0.0036283488265407707,0.03061092830921194,0.9657607228642469
2013-03-19,40,40,0,0,1.0,0.0,0.0,40,1.0,0.005263509251431953,0.047471586510818606,0.9472649042377499
2013-03-20,30,30,0,0,1.0,0.0,0.0,30,1.0,0.006803517797157107,0.05482358360527474,0.938372898597568
2013-03-21,29,27,0,2,0.9310344827586207,0.0,0.06896551724137931,27,0.9310344827586207,0.0038831585867135357,0.07653489177462042,0.9195819496386669
2013-03-22,33,33,0,0,1.0,0.0,0.0,33,1.0,0.0037508285013453818,0.04294411293703425,0.9533050585616203
2013-03-23,4,4,0,0,1.0,0.0,0.0,4,1.0,0.004159144245834984,0.027706866069456357,0.9681339896847092
2013-03-24,8,8,0,0,1.0,0.0,0.0,8,1.0,0.003176130738476466,0.023433389664527775,0.9733904795969958
2013-03-25,31,31,0,0,1.0,0.0,0.0,31,1.0,0.0038411617499503592,0.04809233341478496,0.9480665048352652
2013-03-26,24,24,0,0,1.0,0.0,0.0,24,1.0,0.0020717087437003377,0.01706701188821665,0.9808612793680829
2013-03-27,26,26,0,0,1.0,0.0,0.0,26,1.0,0.003923379290634241,0.026723879619560468,0.9693527410898058
2013-03-28,24,24,0,0,1.0,0.0,0.0,24,1.0,0.003898386335326073,0.037031681570390045,0.959069932094286
2013-03-29,8,8,0,0,1.0,0.0,0.0,8,1.0,0.0024126869808986035,0.03284554824601364,0.964741764773089
2013-03-31,3,3,0,0,1.0,0.0,0.0,3,1.0,5.873261781743711e-05,0.0018817109604699087,0.9980595564217176
2013-04-01,20,20,0,0,1.0,0.0,0.0,20,1.0,0.005274928123874955,0.04435156294604951,0.9503735089300758
2013-04-02,21,21,0,0,1.0,0.0,0.0,21,1.0,0.005094560774205781,0.045306299314542386,0.9495991399112521
2013-04-03,15,15,0,0,1.0,0.0,0.0,15,1.0,0.003332078928281766,0.04213605073208228,0.954531870339638
2013-04-04,24,24,0,0,1.0,0.0,0.0,24,1.0,0.0034644912087788394,0.043785985601175394,0.9527495231900462
2013-04-05,22,22,0,0,1.0,0.0,0.0,22,1.0,0.006801285792345422,0.03378842681704026,0.9594102873906166
2013-04-06,1,1,0,0,1.0,0.0,0.0,1,1.0,1.3038200206633406e-05,0.00032932656832966877,0.9996576352314672
2013-04-07,2,2,0,0,1.0,0.0,0.0,2,1.0,0.00010656040090987763,0.0010654269150457607,0.9988280126840465
2013-04-08,20,20,0,0,1.0,0.0,0.0,20,1.0,0.0025933162239291643,0.047748696680878576,0.9496579870951927
2013-04-09,26,26,0,0,1.0,0.0,0.0,26,1.0,0.002735293337978351,0.04304754988942483,0.9542171567725968
2013-04-10,37,36,0,1,0.972972972972973,0.0,0.02702702702702703,36,0.972972972972973,0.006980912381904041,0.050916589693468975,0.9421024979246274
2013-04-11,24,24,0,0,1.0,0.0,0.0,24,1.0,0.002104039529002758,0.041432204399118426,0.9564637560718788
2013-04-12,18,18,0,0,1.0,0.0,0.0,18,1.0,0.001990251068033815,0.02553287987940061,0.9724768690525649
2013-04-13,1,1,0,0,1.0,0.0,0.0,1,1.0,0.00806762138451435,0.028636881963931406,0.9632954966515566
2013-04-14,4,4,0,0,1.0,0.0,0.0,4,1.0,0.0016347587646093932,0.023792414768568946,0.9745728264668236
2013-04-15,19,19,0,0,1.0,0.0,0.0,19,1.0,0.0027990855503754633,0.021176730246954416,0.9760241842026702
2013-04-16,22,22,0,0,1.0,0.0,0.0,22,1.0,0.0030478059732446106,0.06751256199305551,0.9294396320337005
2013-04-17,42,42,0,0,1.0,0.0,0.0,42,1.0,0.003386288245703743,0.046638784003899994,0.9499749277503969
2013-04-18,54,54,0,0,1.0,0.0,0.0,54,1.0,0.00205324708473093,0.029954684632407184,0.9679920682828619
2013-04-19,30,29,0,1,0.9666666666666667,0.0,0.03333333333333333,29,0.9666666666666667,0.002094195460536105,0.05259128878070888,0.9453145157587544
2013-04-20,3,3,0,0,1.0,0.0,0.0,3,1.0,0.00010044239278339302,0.0006318698749936956,0.9992676877322261
2013-04-21,7,7,0,0,1.0,0.0,0.0,7,1.0,0.002359976041944674,0.01983146225947117,0.9778085616985831
2013-04-22,48,48,0,0,1.0,0.0,0.0,48,1.0,0.0030274958939135476,0.033092150402483624,0.9638803537036033
2013-04-23,62,62,0,0,1.0,0.0,0.0,62,1.0,0.002069865549580107,0.02043281041410775,0.9774973240363125
2013-04-24,82,81,0,1,0.9878048780487805,0.0,0.012195121951219513,81,0.9878048780487805,0.0017434924520887732,0.028274118226223447,0.9699823893216875
2013-04-25,35,33,0,2,0.9428571428571428,0.0,0.05714285714285714,33,0.9428571428571428,0.002302243856843645,0.05401478379711052,0.9436829723460448
2013-04-26,30,30,0,0,1.0,0.0,0.0,30,1.0,0.002318304065079879,0.03448257904020145,0.9631991168947185
2013-04-27,1,1,0,0,1.0,0.0,0.0,1,1.0,4.041942623913421e-05,0.0009376829850839936,0.9990218975886803
2013-04-28,4,4,0,0,1.0,0.0,0.0,4,1.0,9.60764848004412e-05,0.004265135760366884,0.995638787754834
2013-04-29,42,42,0,0,1.0,0.0,0.0,42,1.0,0.002993244453721954,0.02437410788401492,0.972632647662264
2013-04-30,62,62,0,0,1.0,0.0,0.0,62,1.0,0.0026990530190309204,0.029712474476116964,0.9675884725048525
2013-05-01,30,30,0,0,1.0,0.0,0.0,30,1.0,0.0022926613807365066,0.015121846367109896,0.9825854922521546
2013-05-02,26,26,0,0,1.0,0.0,0.0,26,1.0,0.0005292298963672167,0.017241574419374177,0.982229195684257
2013-05-03,29,29,0,0,1.0,0.0,0.0,29,1.0,0.0018523252007266939,0.015237089914380634,0.9829105848848919
2013-05-04,2,2,0,0,1.0,0.0,0.0,2,1.0,5.029704698431966e-06,4.688120031569443e-05,0.9999480890949834
2013-05-05,3,3,0,0,1.0,0.0,0.0,3,1.0,0.00014959009998726454,0.004161828169251753,0.9956885817307607
2013-05-06,34,34,0,0,1.0,0.0,0.0,34,1.0,0.0031496734604701906,0.0357276541583601,0.9611226723811692
2013-05-07,31,31,0,0,1.0,0.0,0.0,31,1.0,0.00357730379504131,0.026945993243264556,0.9694767029616931
2013-05-08,26,26,0,0,1.0,0.0,0.0,26,1.0,0.001500292112002242,0.013497165133771019,0.9850025427542264
2013-05-09,19,19,0,0,1.0,0.0,0.0,19,1.0,0.0033356204127857644,0.020502175545461614,0.9761622040417511
2013-05-10,25,25,0,0,1.0,0.0,0.0,25,1.0,0.0008389899832988071,0.024097636795326026,0.9750633732213752
2013-05-11,1,1,0,0,1.0,0.0,0.0,1,1.0,4.530968899040619e-06,5.0526212420254886e-05,0.9999449428186731
2013-05-12,3,3,0,0,1.0,0.0,0.0,3,1.0,0.01536650670617591,0.22222523965058713,0.7624082536432389
2013-05-13,20,20,0,0,1.0,0.0,0.0,20,1.0,0.005679491079532346,0.04589834300118059,0.9484221659192871
2013-05-14,34,34,0,0,1.0,0.0,0.0,34,1.0,0.003278189195929924,0.03112451356810699,0.9655972972359621
2013-05-15,43,43,0,0,1.0,0.0,0.0,43,1.0,0.0035981411518053626,0.030448057104964975,0.9659538017432301
2013-05-16,22,21,0,1,0.9545454545454546,0.0,0.045454545454545456,21,0.9545454545454546,0.0025376682762741796,0.058013673073877274,0.9394486586498497
2013-05-17,28,28,0,0,1.0,0.0,0.0,28,1.0,0.0010861146763547285,0.013945642191371286,0.9849682431322736
2013-05-19,1,1,0,0,1.0,0.0,0.0,1,1.0,7.873360292008534e-06,0.00012404859617485764,0.9998680780435286
2013-05-20,35,35,0,0,1.0,0.0,0.0,35,1.0,0.004177415980384311,0.03232895755024764,0.9634936264693691
2013-05-21,55,55,0,0,1.0,0.0,0.0,55,1.0,0.003955842934605441,0.031169072098535266,0.9648750849668593
2013-05-22,38,38,0,0,1.0,0.0,0.0,38,1.0,0.002652920574135508,0.02055941167172187,0.976787667754143
2013-05-23,39,39,0,0,1.0,0.0,0.0,39,1.0,0.0029947354255627405,0.0389705947567928,0.9580346698176433
2013-05-24,18,17,0,1,0.9444444444444444,0.0,0.05555555555555555,17,0.9444444444444444,0.002321308675901533,0.04292181386854217,0.9547568774555564
2013-05-25,1,1,0,0,1.0,0.0,0.0,1,1.0,0.0007604678294183243,0.015812528105271624,0.983427004065316
2013-05-26,3,3,0,0,1.0,0.0,0.0,3,1.0,0.0046339568361296974,0.12023336693522775,0.8751326762286404
2013-05-27,14,14,0,0,1.0,0.0,0.0,14,1.0,0.0026847063188923264,0.04630828314632073,0.9510070105347878
2013-05-28,26,26,0,0,1.0,0.0,0.0,26,1.0,0.003145980518540949,0.03310779368920297,0.9637462257922566
2013-05-29,24,23,0,1,0.9583333333333334,0.0,0.041666666666666664,23,0.9583333333333334,0.003844958144578817,0.08075172983815164,0.9154033120172698
2013-05-30,21,20,0,1,0.9523809523809523,0.0,0.047619047619047616,20,0.9523809523809523,0.0025848341439425456,0.07912532618911161,0.9182898396669456
2013-05-31,25,25,0,0,1.0,0.0,0.0,25,1.0,0.002705691960838207,0.03987295478275091,0.9574213532564123
2013-06-02,7,7,0,0,1.0,0.0,0.0,7,1.0,0.003327909052121203,0.029342527449695597,0.9673295634981826
2013-06-03,41,41,0,0,1.0,0.0,0.0,41,1.0,0.002578775649634677,0.027242948443115627,0.9701782759072494
2013-06-04,39,39,0,0,1.0,0.0,0.0,39,1.0,0.005923060552001637,0.05149183748229415,0.9425851019657046
2013-06-05,35,35,0,0,1.0,0.0,0.0,35,1.0,0.0025018386398578574,0.03937502856585604,0.9581231327942853
2013-06-06,31,31,0,0,1.0,0.0,0.0,31,1.0,0.003107709736248575,0.025356209163929777,0.9715360810998209
2013-06-07,35,35,0,0,1.0,0.0,0.0,35,1.0,0.004109664290779721,0.05468826539575296,0.9412020703134683
2013-06-08,3,3,0,0,1.0,0.0,0.0,3,1.0,0.003154311522991537,0.01244963224225732,0.9843960562347508
2013-06-09,3,3,0,0,1.0,0.0,0.0,3,1.0,0.004033977169891948,0.055070035176408516,0.9408959876536999
2013-06-10,62,60,0,2,0.967741935483871,0.0,0.03225806451612903,60,0.967741935483871,0.004196048058122451,0.10219372137380948,0.893610230568068
2013-06-11,34,34,0,0,1.0,0.0,0.0,34,1.0,0.0038978253541616633,0.07635249751413731,0.9197496771317007
2013-06-12,31,31,0,0,1.0,0.0,0.0,31,1.0,0.0030247570893592616,0.02614249418738811,0.9708327487232533
2013-06-13,31,30,0,1,0.967741935483871,0.0,0.03225806451612903,30,0.967741935483871,0.0030194941106586846,0.05885167774988316,0.938128828139459
2013-06-14,14,13,0,1,0.9285714285714286,0.0,0.07142857142857142,13,0.9285714285714286,0.0025311256420428785,0.08172228109983011,0.9157465932581266
2013-06-15,1,1,0,0,1.0,0.0,0.0,1,1.0,0.0022430458942993485,0.006043839020939773,0.991713115084766
2013-06-16,3,3,0,0,1.0,0.0,0.0,3,1.0,0.0007595299537991894,0.017496036303355517,0.9817444337428514
2013-06-17,24,24,0,0,1.0,0.0,0.0,24,1.0,0.002668761511116996,0.024017265981625926,0.9733139725072585
2013-06-18,25,25,0,0,1.0,0.0,0.0,25,1.0,0.0016870980867788562,0.022719159308915618,0.9755937426043046
2013-06-19,27,27,0,0,1.0,0.0,0.0,27,1.0,0.0030149229861663063,0.04588824484158641,0.9510968321722482
2013-06-20,22,22,0,0,1.0,0.0,0.0,22,1.0,0.0025179865879066394,0.03491486943221841,0.9625671439798761
2013-06-21,26,26,0,0,1.0,0.0,0.0,26,1.0,0.00461625357417273,0.04569295201302322,0.9496907944128038
2013-06-23,4,4,0,0,1.0,0.0,0.0,4,1.0,0.0030331923661896065,0.019372489931352148,0.9775943177024625
2013-06-24,30,29,0,1,0.9666666666666667,0.0,0.03333333333333333,29,0.9666666666666667,0.0036506376305431893,0.0587191558476753,0.937630206521781
2013-06-25,23,23,0,0,1.0,0.0,0.0,23,1.0,0.0018419724136261864,0.03880583115269675,0.9593521964336769
2013-06-26,18,17,0,1,0.9444444444444444,0.0,0.05555555555555555,17,0.9444444444444444,0.0023904011852838303,0.061256325967456816,0.9363532728472599
2013-06-27,24,24,0,0,1.0,0.0,0.0,24,1.0,0.004091567148453996,0.03258615191893093,0.9633222809326162
2013-06-28,17,17,0,0,1.0,0.0,0.0,17,1.0,0.002423833948332861,0.05130072321554245,0.9462754428361257
2013-06-30,6,6,0,0,1.0,0.0,0.0,6,1.0,0.0026597707240910242,0.022093888721896614,0.975246340554011
2013-07-01,29,29,0,0,1.0,0.0,0.0,29,1.0,0.005114768145425308,0.046723875433022054,0.9481613564215523
2013-07-02,20,19,0,1,0.95,0.0,0.05,19,0.95,0.0029997176897718896,0.05423047356506435,0.9427698087451637
2013-07-03,25,25,0,0,1.0,0.0,0.0,25,1.0,0.0025331258809419338,0.03218226484132908,0.9652846092777287
2013-07-04,7,7,0,0,1.0,0.0,0.0,7,1.0,0.002663433597809507,0.03831111059975315,0.959025455802437
2013-07-05,15,15,0,0,1.0,0.0,0.0,15,1.0,0.0018860492996124348,0.015949997049894866,0.9821639536504926
2013-07-06,1,1,0,0,1.0,0.0,0.0,1,1.0,0.006266790077605539,0.06148015840083027,0.9322530515215632
2013-07-08,24,24,0,0,1.0,0.0,0.0,24,1.0,0.0020718252018301865,0.025791018168428815,0.9721371566297429
2013-07-09,28,28,0,0,1.0,0.0,0.0,28,1.0,0.002936651691320218,0.06433550325117383,0.9327278450575064
2013-07-10,37,37,0,0,1.0,0.0,0.0,37,1.0,0.004241525701910217,0.032643329501277164,0.9631151447968133
2013-07-11,33,33,0,0,1.0,0.0,0.0,33,1.0,0.0034718403558662704,0.04037834450259735,0.9561498151415362
2013-07-12,15,15,0,0,1.0,0.0,0.0,15,1.0,0.00483936304156515,0.03766949366252944,0.9574911432959046
2013-07-13,3,3,0,0,1.0,0.0,0.0,3,1.0,0.004341534786790631,0.09603184720451911,0.8996266180086896
2013-07-14,2,2,0,0,1.0,0.0,0.0,2,1.0,0.004102545763687776,0.10115517506328547,0.894742279173026
2013-07-15,17,16,0,1,0.9411764705882353,0.0,0.058823529411764705,16,0.9411764705882353,0.006474470027561162,0.09913900529099154,0.894386524681448
2013-07-16,19,19,0,0,1.0,0.0,0.0,19,1.0,0.002093702598426848,0.04646142200915345,0.9514448753924206
2013-07-17,24,24,0,0,1.0,0.0,0.0,24,1.0,0.004092441265304823,0.05096627676258581,0.9449412819721098
2013-07-18,27,27,0,0,1.0,0.0,0.0,27,1.0,0.0028769316197156027,0.04459821930430984,0.9525248490759746
2013-07-19,20,19,0,1,0.95,0.0,0.05,19,0.95,0.004535146722547817,0.07697907303534818,0.9184857802421037
2013-07-20,4,4,0,0,1.0,0.0,0.0,4,1.0,0.0007390017489544891,0.007554542241991012,0.9917064560090524
2013-07-21,2,2,0,0,1.0,0.0,0.0,2,1.0,1.5521137782577346e-05,0.0009834394892940875,0.9990010393729274
2013-07-22,46,46,0,0,1.0,0.0,0.0,46,1.0,0.002130217979414429,0.020606417145767778,0.9772633648748174
2013-07-23,55,55,0,0,1.0,0.0,0.0,55,1.0,0.002370661320674468,0.031219163281472423,0.9664101753978546
2013-07-24,76,76,0,0,1.0,0.0,0.0,76,1.0,0.0029225953837504794,0.0315340750793182,0.9655433295369316
2013-07-25,24,24,0,0,1.0,0.0,0.0,24,1.0,0.003757969062627138,0.02310545968639612,0.9731365712509766
2013-07-26,23,23,0,0,1.0,0.0,0.0,23,1.0,0.00275526831914713,0.036978106104733934,0.9602666255761191
2013-07-28,5,5,0,0,1.0,0.0,0.0,5,1.0,0.0026632651102814335,0.017429684077484697,0.9799070508122328
2013-07-29,20,20,0,0,1.0,0.0,0.0,20,1.0,0.003543816988848742,0.05005499104789822,0.9464011919632528
2013-07-30,27,27,0,0,1.0,0.0,0.0,27,1.0,0.003083747007565757,0.020251474713876814,0.9766647782785577
2013-07-31,39,39,0,0,1.0,0.0,0.0,39,1.0,0.006247495474192213,0.04588849541281098,0.947864009112997
2013-08-01,28,28,0,0,1.0,0.0,0.0,28,1.0,0.005160421867449751,0.04293648294365715,0.9519030951888924
2013-08-02,32,32,0,0,1.0,0.0,0.0,32,1.0,0.0037700813673692624,0.026378745815953543,0.9698511728166781
2013-08-03,2,2,0,0,1.0,0.0,0.0,2,1.0,0.0033465552550134693,0.041925692479411324,0.9547277522655762
2013-08-04,3,3,0,0,1.0,0.0,0.0,3,1.0,0.0031431241908438635,0.15972370452860465,0.8371331712805544
2013-08-05,30,30,0,0,1.0,0.0,0.0,30,1.0,0.004967586265469942,0.035928126149275305,0.9591042875852551
2013-08-06,29,29,0,0,1.0,0.0,0.0,29,1.0,0.004791542486727205,0.06410234905439284,0.9311061084588784
2013-08-07,31,31,0,0,1.0,0.0,0.0,31,1.0,0.004227761576477433,0.02515315208147131,0.9706190863420514
2013-08-08,25,25,0,0,1.0,0.0,0.0,25,1.0,0.0024930647531732756,0.022538629853210465,0.9749683053936171
2013-08-09,25,25,0,0,1.0,0.0,0.0,25,1.0,0.0054530883202969895,0.03631576752092724,0.9582311441587743
2013-08-10,3,3,0,0,1.0,0.0,0.0,3,1.0,0.006913614958373264,0.09368177598394117,0.8994046090576875
2013-08-11,3,3,0,0,1.0,0.0,0.0,3,1.0,0.002317902099003275,0.043621464876183715,0.9540606330248093
2013-08-12,34,34,0,0,1.0,0.0,0.0,34,1.0,0.004035631741266362,0.04815618462460686,0.9478081836341284
2013-08-13,50,50,0,0,1.0,0.0,0.0,50,1.0,0.0035316099513550882,0.02431799230052678,0.9721503977481183
2013-08-14,54,54,0,0,1.0,0.0,0.0,54,1.0,0.0039001493407392314,0.023755361673895064,0.9723444889853652
2013-08-15,33,33,0,0,1.0,0.0,0.0,33,1.0,0.003354445717241063,0.03520463581072494,0.9614409184720335
2013-08-16,26,26,0,0,1.0,0.0,0.0,26,1.0,0.002536170356910442,0.016969803656954833,0.9804940259861346
2013-08-18,3,3,0,0,1.0,0.0,0.0,3,1.0,0.0005922116330170176,0.010385473625019811,0.9890223147419676
2013-08-19,25,25,0,0,1.0,0.0,0.0,25,1.0,0.0019922234424280903,0.04411728373726845,0.9538904928203038
2013-08-20,22,22,0,0,1.0,0.0,0.0,22,1.0,0.0028461803755911712,0.046226215411750676,0.9509276042126583
2013-08-21,27,27,0,0,1.0,0.0,0.0,27,1.0,0.003477439087925929,0.041248918718640705,0.9552736421934325
2013-08-22,27,27,0,0,1.0,0.0,0.0,27,1.0,0.004077477701801988,0.03470269214012245,0.9612198301580761
2013-08-23,39,39,0,0,1.0,0.0,0.0,39,1.0,0.0036681764858213606,0.02399223332862576,0.9723395901855528
2013-08-24,5,5,0,0,1.0,0.0,0.0,5,1.0,0.0020462194929237094,0.017294401917688905,0.9806593785893863
2013-08-25,1,1,0,0,1.0,0.0,0.0,1,1.0,0.0009327606075855486,0.02101293661032513,0.978054302782086
2013-08-26,23,23,0,0,1.0,0.0,0.0,23,1.0,0.001958811920921273,0.03287428867188941,0.9651668994071888
2013-08-27,28,27,0,1,0.9642857142857143,0.0,0.03571428571428571,27,0.9642857142857143,0.0036040391890583452,0.05341496489170306,0.94298099591924
2013-08-28,23,23,0,0,1.0,0.0,0.0,23,1.0,0.0030031082065713937,0.049233461612585946,0.9477634301808422
2013-08-29,25,25,0,0,1.0,0.0,0.0,25,1.0,0.0025488037214071945,0.0303093976285407,0.9671417986500535
2013-08-30,23,23,0,0,1.0,0.0,0.0,23,1.0,0.002041943397028975,0.0368395783749879,0.9611184782279836
2013-08-31,1,1,0,0,1.0,0.0,0.0,1,1.0,0.0152842608927696,0.1872911519243413,0.7974245871828874
2013-09-01,3,3,0,0,1.0,0.0,0.0,3,1.0,0.0038191136460576694,0.013509050370004357,0.9826718359839397
2013-09-02,6,6,0,0,1.0,0.0,0.0,6,1.0,0.0013574654061135703,0.04189274590197791,0.9567497886919102
2013-09-03,46,46,0,0,1.0,0.0,0.0,46,1.0,0.0011446982068498968,0.02078385642300933,0.9780714453701403
2013-09-04,48,48,0,0,1.0,0.0,0.0,48,1.0,0.002388018284801192,0.034393326105735915,0.963218655609463
2013-09-05,32,32,0,0,1.0,0.0,0.0,32,1.0,0.0038373690766797665,0.05725532597390337,0.9389073049494163
2013-09-06,37,37,0,0,1.0,0.0,0.0,37,1.0,0.003617299059235865,0.04397550409513875,0.9524071968456258
2013-09-07,3,3,0,0,1.0,0.0,0.0,3,1.0,0.005859338246866553,0.05729441888221399,0.9368462428709173
2013-09-08,8,8,0,0,1.0,0.0,0.0,8,1.0,0.0016515092210479016,0.02346380360221112,0.9748846871767407
2013-09-09,42,42,0,0,1.0,0.0,0.0,42,1.0,0.001064085181414653,0.021361972980254114,0.9775739418383315
2013-09-10,81,81,0,0,1.0,0.0,0.0,81,1.0,0.0032035982939913267,0.044100913807118655,0.9526954878988896
2013-09-11,108,108,0,0,1.0,0.0,0.0,108,1.0,0.002910188713675029,0.028507088432928325,0.9685827228533965
2013-09-12,47,47,0,0,1.0,0.0,0.0,47,1.0,0.00427661109383312,0.06087044768461117,0.9348529412215562
2013-09-13,24,23,0,1,0.9583333333333334,0.0,0.041666666666666664,23,0.9583333333333334,0.0016155403262231862,0.041542041139382486,0.9568424185343932
2013-09-14,1,1,0,0,1.0,0.0,0.0,1,1.0,0.0019083505585336515,0.026053355303086594,0.9720382941383809
2013-09-15,2,2,0,0,1.0,0.0,0.0,2,1.0,0.00011062668242177272,0.0033460045651379725,0.9965433687524334
2013-09-16,37,37,0,0,1.0,0.0,0.0,37,1.0,0.001728002052908037,0.03684166223655798,0.9614303357105324
2013-09-17,26,26,0,0,1.0,0.0,0.0,26,1.0,0.001841860000811042,0.029951800441209427,0.9682063395579803
2013-09-18,43,43,0,0,1.0,0.0,0.0,43,1.0,0.0025560531058854076,0.03834648483260127,0.9590974620615133
2013-09-19,29,29,0,0,1.0,0.0,0.0,29,1.0,0.003940830868615183,0.04080901043308292,0.9552501586983009
2013-09-20,47,47,0,0,1.0,0.0,0.0,47,1.0,0.0031860049804352743,0.041496304486975194,0.9553176905325889
2013-09-21,3,3,0,0,1.0,0.0,0.0,3,1.0,0.006502596249038665,0.14113690394323117,0.8523604998077289
2013-09-22,8,8,0,0,1.0,0.0,0.0,8,1.0,0.004919376070125795,0.04045616172700553,0.9546244622028693
2013-09-23,60,59,0,1,0.9833333333333333,0.0,0.016666666666666666,59,0.9833333333333333,0.003479826308113732,0.051887307521252396,0.9446328661706336
2013-09-24,38,38,0,0,1.0,0.0,0.0,38,1.0,0.0021068439609410357,0.048813652869014686,0.9490795031700453
2013-09-25,29,29,0,0,1.0,0.0,0.0,29,1.0,0.004081155466792827,0.0319927434213476,0.963926101111859
2013-09-26,26,26,0,0,1.0,0.0,0.0,26,1.0,0.002471222382112228,0.019115392456711205,0.9784133851611757
2013-09-27,21,21,0,0,1.0,0.0,0.0,21,1.0,0.0029145723840958626,0.04176817405257853,0.9553172535633262
2013-09-29,2,2,0,0,1.0,0.0,0.0,2,1.0,0.0006476146725026245,0.011911048815902393,0.9874413365115973
2013-09-30,33,33,0,0,1.0,0.0,0.0,33,1.0,0.0023003764672758675,0.0328508312319499,0.9648487923007749
2013-10-01,23,23,0,0,1.0,0.0,0.0,23,1.0,0.004139102271815668,0.039616947792725316,0.9562439499354589
2013-10-02,25,25,0,0,1.0,0.0,0.0,25,1.0,0.003174218446705023,0.04555105990240155,0.9512747216508939
2013-10-03,23,23,0,0,1.0,0.0,0.0,23,1.0,0.0011145923278777783,0.012931293541064105,0.9859541141310559
2013-10-04,24,24,0,0,1.0,0.0,0.0,24,1.0,0.004214958043109909,0.05231753931075641,0.9434675026461342
2013-10-06,5,5,0,0,1.0,0.0,0.0,5,1.0,0.0017409320020951072,0.022608535893633153,0.9756505321042706
2013-10-07,32,32,0,0,1.0,0.0,0.0,32,1.0,0.0014489376653724884,0.02963831593036869,0.9689127464042582
2013-10-08,34,32,0,2,0.9411764705882353,0.0,0.058823529411764705,32,0.9411764705882353,0.0038528109906703837,0.07046903525823653,0.9256781537510941
2013-10-09,34,34,0,0,1.0,0.0,0.0,34,1.0,0.002806420851783679,0.03112577213056648,0.9660678070176497
2013-10-10,24,24,0,0,1.0,0.0,0.0,24,1.0,0.0020580532143086045,0.032022631208324194,0.9659193155773677
2013-10-11,13,13,0,0,1.0,0.0,0.0,13,1.0,0.0035975390261695733,0.052267529362967115,0.9441349316108643
2013-10-12,1,1,0,0,1.0,0.0,0.0,1,1.0,0.0003552061613850126,0.0032966493556742826,0.9963481444829444
2013-10-13,2,2,0,0,1.0,0.0,0.0,2,1.0,3.787390454940451e-05,0.0004909223064471041,0.9994712037890026
2013-10-14,17,17,0,0,1.0,0.0,0.0,17,1.0,0.0011347427432379334,0.023175804150513898,0.9756894531062471
2013-10-15,36,36,0,0,1.0,0.0,0.0,36,1.0,0.004438874186114006,0.05940450299131069,0.936156622822575
2013-10-16,32,32,0,0,1.0,0.0,0.0,32,1.0,0.00609052770525235,0.04197998237829116,0.9519294899164555
2013-10-17,26,26,0,0,1.0,0.0,0.0,26,1.0,0.003908954262678574,0.027629103461893567,0.9684619422754288
2013-10-18,24,24,0,0,1.0,0.0,0.0,24,1.0,0.001984379074510546,0.01802344384049312,0.9799921770849959
2013-10-19,1,1,0,0,1.0,0.0,0.0,1,1.0,0.0006053646810761494,0.0045202191660045484,0.99487441615292
2013-10-20,1,1,0,0,1.0,0.0,0.0,1,1.0,0.006066072579861534,0.09804870421021927,0.8958852232099187
2013-10-21,40,40,0,0,1.0,0.0,0.0,40,1.0,0.0014860916025200882,0.015919783646341903,0.9825941247511374
2013-10-22,54,54,0,0,1.0,0.0,0.0,54,1.0,0.0036252220519251916,0.08354318884755128,0.9128315891005229
2013-10-23,38,38,0,0,1.0,0.0,0.0,38,1.0,0.0037431533434791075,0.03484919601754747,0.9614076506389736
2013-10-24,42,42,0,0,1.0,0.0,0.0,42,1.0,0.004839314437628098,0.029048457214811287,0.96611222834756
2013-10-25,33,33,0,0,1.0,0.0,0.0,33,1.0,0.0030765445171957425,0.020349559204776706,0.9765738962780264
2013-10-26,1,1,0,0,1.0,0.0,0.0,1,1.0,0.0013448227343417197,0.0381294268666785,0.9605257503989814
2013-10-27,6,6,0,0,1.0,0.0,0.0,6,1.0,0.0046778021006031005,0.04630380712898031,0.9490183907704149
2013-10-28,66,66,0,0,1.0,0.0,0.0,66,1.0,0.0019722889387686956,0.018795696346291114,0.9792320147149406
2013-10-29,40,40,0,0,1.0,0.0,0.0,40,1.0,0.0026113219192823887,0.02556997531857357,0.9718187027621445
2013-10-30,37,37,0,0,1.0,0.0,0.0,37,1.0,0.0035160322257145283,0.03587126403939929,0.960612703734887
2013-10-31,24,24,0,0,1.0,0.0,0.0,24,1.0,0.002244601563755496,0.02410077949459383,0.973654618941651
2013-11-01,19,19,0,0,1.0,0.0,0.0,19,1.0,0.001891804651555013,0.029959206886841633,0.9681489884616027
2013-11-03,2,2,0,0,1.0,0.0,0.0,2,1.0,0.0003627476788347855,0.003594363830477724,0.9960428884906891
2013-11-04,21,21,0,0,1.0,0.0,0.0,21,1.0,0.002027110352316982,0.021291151036272906,0.9766817386114109
2013-11-05,26,26,0,0,1.0,0.0,0.0,26,1.0,0.0015273246344143922,0.02238389392010243,0.9760887814454838
2013-11-06,31,31,0,0,1.0,0.0,0.0,31,1.0,0.0028705799990424883,0.02683845394834371,0.9702909660526144
2013-11-07,15,15,0,0,1.0,0.0,0.0,15,1.0,0.0002688018491768449,0.006114198028187512,0.9936170001226355
2013-11-08,18,18,0,0,1.0,0.0,0.0,18,1.0,0.003737964223300347,0.029163907901666706,0.9670981278750345
2013-11-09,4,4,0,0,1.0,0.0,0.0,4,1.0,0.014252682417539918,0.2889670084351403,0.6967803091473197
2013-11-10,4,4,0,0,1.0,0.0,0.0,4,1.0,0.007825824042093204,0.03895872675042429,0.9532154492074828
2013-11-11,20,20,0,0,1.0,0.0,0.0,20,1.0,0.004002545548656814,0.05557717918190987,0.940420275269433
2013-11-12,31,31,0,0,1.0,0.0,0.0,31,1.0,0.0029244962780657696,0.03555894074523796,0.9615165629766963
2013-11-13,28,28,0,0,1.0,0.0,0.0,28,1.0,0.008116287343714428,0.06486942470739955,0.9270142879488874
2013-11-14,30,30,0,0,1.0,0.0,0.0,30,1.0,0.0028307404907742047,0.034627072509278586,0.9625421869999473
2013-11-15,22,22,0,0,1.0,0.0,0.0,22,1.0,0.0037606586704243337,0.03960679605357556,0.9566325452760002
2013-11-16,1,1,0,0,1.0,0.0,0.0,1,1.0,0.0009019912494136164,0.00130582872960305,0.9977921800209777
2013-11-17,6,6,0,0,1.0,0.0,0.0,6,1.0,0.0015792005478478144,0.018987819500502805,0.9794329799516491
2013-11-18,33,33,0,0,1.0,0.0,0.0,33,1.0,0.004301779239568179,0.026526461406824076,0.9691717593536084
2013-11-19,37,37,0,0,1.0,0.0,0.0,37,1.0,0.003805651410355447,0.028675427434110785,0.9675189211555331
2013-11-20,26,26,0,0,1.0,0.0,0.0,26,1.0,0.0038749884482819426,0.02344399113273478,0.9726810204189835
2013-11-21,34,34,0,0,1.0,0.0,0.0,34,1.0,0.003181179701288895,0.025870887236393362,0.9709479330623182
2013-11-22,25,25,0,0,1.0,0.0,0.0,25,1.0,0.0042407365313298735,0.03286015352666869,0.9628991099419999
2013-11-24,3,3,0,0,1.0,0.0,0.0,3,1.0,0.0005893283808364476,0.008599920202517916,0.9908107514166481
2013-11-25,28,28,0,0,1.0,0.0,0.0,28,1.0,0.004906553660822821,0.04336071791274014,0.9517327284264372
2013-11-26,12,12,0,0,1.0,0.0,0.0,12,1.0,0.005706484806375829,0.027810306044389093,0.9664832091492351
2013-11-27,14,12,0,2,0.8571428571428571,0.0,0.14285714285714285,12,0.8571428571428571,0.006672399152119451,0.10372460720142265,0.8896029936464582
2013-11-28,4,4,0,0,1.0,0.0,0.0,4,1.0,0.0012263150009396123,0.017680807863008532,0.9810928771360516
2013-11-29,17,17,0,0,1.0,0.0,0.0,17,1.0,0.0003614141387319098,0.004954279558290002,0.9946843063029768
2013-12-01,2,2,0,0,1.0,0.0,0.0,2,1.0,0.0032343167305888985,0.027171303678203453,0.9695943795912075
2013-12-02,18,18,0,0,1.0,0.0,0.0,18,1.0,0.0022346137704493023,0.021816162656371728,0.9759492235731771
2013-12-03,20,20,0,0,1.0,0.0,0.0,20,1.0,0.003111612598560475,0.06515036923866382,0.931738018162776
2013-12-04,17,17,0,0,1.0,0.0,0.0,17,1.0,0.004038642510460486,0.048507908245683316,0.947453449243856
2013-12-05,28,28,0,0,1.0,0.0,0.0,28,1.0,0.004281292988378702,0.05035546928841799,0.9453632377232035
2013-12-06,14,13,0,1,0.9285714285714286,0.0,0.07142857142857142,13,0.9285714285714286,0.0033344992869037775,0.09879068220327034,0.8978748185098266
2013-12-09,12,12,0,0,1.0,0.0,0.0,12,1.0,0.0030950512059446946,0.057207860452384775,0.9396970883416694
2013-12-10,13,13,0,0,1.0,0.0,0.0,13,1.0,0.0013985613819423894,0.017779506316226542,0.98082193230183
2013-12-11,16,16,0,0,1.0,0.0,0.0,16,1.0,0.004563881653137151,0.05117189071024726,0.9442642276366153
2013-12-12,16,16,0,0,1.0,0.0,0.0,16,1.0,0.008629342389630567,0.11701193848838483,0.8743587191219846
2013-12-13,9,9,0,0,1.0,0.0,0.0,9,1.0,0.0027439190886874186,0.06785529965255048,0.9294007812587601
2013-12-14,1,1,0,0,1.0,0.0,0.0,1,1.0,0.007305114362818746,0.04886664032858154,0.9438282453086012
2013-12-15,4,4,0,0,1.0,0.0,0.0,4,1.0,0.009453437872022406,0.07541382120705933,0.9151327409209199
2013-12-16,6,6,0,0,1.0,0.0,0.0,6,1.0,0.0072650740745016686,0.05986577583183179,0.9328691500936656
2013-12-17,14,13,0,1,0.9285714285714286,0.0,0.07142857142857142,13,0.9285714285714286,0.0025166599717197364,0.06989026643127244,0.9275930735970077
2013-12-18,16,16,0,0,1.0,0.0,0.0,16,1.0,0.005429411022850012,0.07688049003965791,0.9176900989374918
2013-12-19,9,9,0,0,1.0,0.0,0.0,9,1.0,0.0068642519927119925,0.06192468199945484,0.9312110660078327
2013-12-20,12,12,0,0,1.0,0.0,0.0,12,1.0,0.0017231646550260715,0.017037090204629794,0.9812397451403446
2013-12-21,1,1,0,0,1.0,0.0,0.0,1,1.0,0.00378894822824037,0.054858477619839786,0.9413525741519194
2013-12-22,10,10,0,0,1.0,0.0,0.0,10,1.0,0.013618292645632663,0.12282424268529941,0.8635574646690671
2013-12-23,37,37,0,0,1.0,0.0,0.0,37,1.0,0.005590706157462677,0.06675029187265928,0.9276590019698779
2013-12-24,6,6,0,0,1.0,0.0,0.0,6,1.0,0.005555895977441304,0.048807537096555276,0.9456365669260046
2013-12-25,2,2,0,0,1.0,0.0,0.0,2,1.0,0.00440755230031865,0.050253002608401265,0.9453394450912793
2013-12-26,4,4,0,0,1.0,0.0,0.0,4,1.0,0.0013547465494295101,0.01076348126499177,0.987881772185575
2013-12-27,8,8,0,0,1.0,0.0,0.0,8,1.0,0.002403558299043729,0.0677243693686095,0.9298720723323476
2013-12-28,1,1,0,0,1.0,0.0,0.0,1,1.0,0.000700573432617675,0.011915622837174763,0.9873838037302075
2013-12-30,8,8,0,0,1.0,0.0,0.0,8,1.0,0.002743185683854737,0.04169479820737275,0.9555620161087723
2013-12-31,13,13,0,0,1.0,0.0,0.0,13,1.0,0.00648114646886376,0.05295044516111866,0.9405684083700171
2014-01-02,10,10,0,0,1.0,0.0,0.0,10,1.0,0.0027710217376225085,0.024103628463680735,0.9731253497986977
2014-01-03,9,9,0,0,1.0,0.0,0.0,9,1.0,0.0011235502561109914,0.02748403375925995,0.9713924159846281
2014-01-04,1,1,0,0,1.0,0.0,0.0,1,1.0,0.009027830565054002,0.24097066080700558,0.7500015086279392
2014-01-05,1,0,0,1,0.0,0.0,1.0,0,0.0,0.004027537057552656,0.6726540783484805,0.32331838459396545
2014-01-06,13,13,0,0,1.0,0.0,0.0,13,1.0,0.00184439964340178,0.027721335253257172,0.9704342651033404
2014-01-07,20,20,0,0,1.0,0.0,0.0,20,1.0,0.003610319073025516,0.03315314557215697,0.9632365353548182
2014-01-08,16,16,0,0,1.0,0.0,0.0,16,1.0,0.008220692972053953,0.06283449005734697,0.9289448169706002
2014-01-09,14,14,0,0,1.0,0.0,0.0,14,1.0,0.0029602363249874833,0.029060357728522883,0.9679794059464897
2014-01-10,13,13,0,0,1.0,0.0,0.0,13,1.0,0.004867296798111638,0.03770492718336186,0.957427776018525
2014-01-11,2,2,0,0,1.0,0.0,0.0,2,1.0,0.0022769494867088793,0.043975517183419285,0.9537475333298715
2014-01-13,14,14,0,0,1.0,0.0,0.0,14,1.0,0.008622236218018043,0.07963344129376428,0.9117443224882189
2014-01-14,17,17,0,0,1.0,0.0,0.0,17,1.0,0.012819183099457033,0.07401988059039577,0.9131609363101484
2014-01-15,25,25,0,0,1.0,0.0,0.0,25,1.0,0.005071692813910733,0.0361313885501959,0.9587969186358933
2014-01-16,17,17,0,0,1.0,0.0,0.0,17,1.0,0.007124906040306437,0.05986451700847065,0.9330105769512236
2014-01-17,16,16,0,0,1.0,0.0,0.0,16,1.0,0.005435446657014496,0.05757655610906831,0.9369879972339157
2014-01-18,1,1,0,0,1.0,0.0,0.0,1,1.0,0.0029501966515788247,0.01702397923185728,0.9800258241165632
2014-01-20,4,4,0,0,1.0,0.0,0.0,4,1.0,0.0016871115147584462,0.04155184067038002,0.9567610478148614
2014-01-21,11,11,0,0,1.0,0.0,0.0,11,1.0,0.005571981595341482,0.06723656718038298,0.9271914512242749
2014-01-22,14,14,0,0,1.0,0.0,0.0,14,1.0,0.0053251344800429425,0.03119297021436906,0.9634818953055876
2014-01-23,23,23,0,0,1.0,0.0,0.0,23,1.0,0.0029650165693097252,0.037879732633708044,0.9591552507969819
2014-01-24,16,16,0,0,1.0,0.0,0.0,16,1.0,0.002650740308608404,0.0697852208813369,0.9275640388100548
2014-01-25,1,1,0,0,1.0,0.0,0.0,1,1.0,0.007478410930695079,0.09474457729423122,0.8977770117750732
2014-01-26,1,1,0,0,1.0,0.0,0.0,1,1.0,0.006481313628680181,0.06343236518211029,0.9300863211892108
2014-01-27,38,38,0,0,1.0,0.0,0.0,38,1.0,0.003347348863403015,0.054722858192210296,0.9419297929443863
2014-01-28,51,51,0,0,1.0,0.0,0.0,51,1.0,0.002761240010498476,0.029532623005210673,0.9677061369842909
2014-01-29,11,11,0,0,1.0,0.0,0.0,11,1.0,0.003376930894950106,0.045432340740142484,0.9511907283649067
2014-01-30,9,9,0,0,1.0,0.0,0.0,9,1.0,0.0063399379235315355,0.04268302216747971,0.9509770399089869
2014-01-31,6,6,0,0,1.0,0.0,0.0,6,1.0,0.0012244429696692003,0.024912269422720155,0.9738632876076122
2014-02-03,8,7,0,1,0.875,0.0,0.125,7,0.875,0.0030731512936077645,0.10172403558281969,0.8952028131235709
2014-02-04,14,13,0,1,0.9285714285714286,0.0,0.07142857142857142,13,0.9285714285714286,0.0029390477104688363,0.0649791213379857,0.9320818309515472
2014-02-05,8,8,0,0,1.0,0.0,0.0,8,1.0,0.0022904034431365647,0.016433237708773397,0.9812763588480913
2014-02-06,14,14,0,0,1.0,0.0,0.0,14,1.0,0.0035669833875130725,0.0661449601155885,0.9302880564968987
2014-02-07,22,22,0,0,1.0,0.0,0.0,22,1.0,0.0029317905908110005,0.04600936339397104,0.9510588460152188
2014-02-09,3,3,0,0,1.0,0.0,0.0,3,1.0,0.004815806611541573,0.044718443545102536,0.9504657498433549
2014-02-10,17,17,0,0,1.0,0.0,0.0,17,1.0,0.004381572073289102,0.029528597523660476,0.9660898304030496
2014-02-11,18,17,0,1,0.9444444444444444,0.0,0.05555555555555555,17,0.9444444444444444,0.003774083738094009,0.09203807310738703,0.904187843154518
2014-02-12,14,14,0,0,1.0,0.0,0.0,14,1.0,0.0024238319288258105,0.050044447889468824,0.947531720181705
2014-02-13,12,12,0,0,1.0,0.0,0.0,12,1.0,0.004120679013603736,0.04441474842849789,0.9514645725578984
2014-02-14,8,8,0,0,1.0,0.0,0.0,8,1.0,0.007148185489159326,0.044317391184804204,0.9485344233260364
2014-02-16,1,1,0,0,1.0,0.0,0.0,1,1.0,0.004720183876925524,0.07990275869036169,0.9153770574327129
2014-02-17,2,2,0,0,1.0,0.0,0.0,2,1.0,0.005897303717076431,0.13002533421465373,0.8640773620682696
2014-02-18,13,13,0,0,1.0,0.0,0.0,13,1.0,0.0011327256278261693,0.01745662164659203,0.9814106527255814
2014-02-19,15,15,0,0,1.0,0.0,0.0,15,1.0,0.0044530672517649715,0.0468626518617076,0.9486842808865269
2014-02-20,10,10,0,0,1.0,0.0,0.0,10,1.0,0.0032615846215895807,0.044216732623382125,0.9525216827550282
2014-02-21,8,8,0,0,1.0,0.0,0.0,8,1.0,0.003366353888293292,0.04597516394454705,0.9506584821671585
2014-02-22,4,4,0,0,1.0,0.0,0.0,4,1.0,0.011385395629820647,0.06840779621267742,0.9202068081575029
2014-02-23,1,1,0,0,1.0,0.0,0.0,1,1.0,0.0027996153607677283,0.04157066388027577,0.9556297207589568
2014-02-24,18,18,0,0,1.0,0.0,0.0,18,1.0,0.00334970488934163,0.03341841232396231,0.9632318827866967
2014-02-25,10,10,0,0,1.0,0.0,0.0,10,1.0,0.007441169746916623,0.0737031315004025,0.9188556987526807
2014-02-26,13,13,0,0,1.0,0.0,0.0,13,1.0,0.002057496546466483,0.014617885964454415,0.983324617489079
2014-02-27,11,11,0,0,1.0,0.0,0.0,11,1.0,0.002285473139791816,0.04473135885647395,0.9529831680037341
2014-02-28,12,12,0,0,1.0,0.0,0.0,12,1.0,0.003449345874191132,0.0370141785974943,0.9595364755283143
2014-03-03,13,13,0,0,1.0,0.0,0.0,13,1.0,0.0064200462984287466,0.056487270967198494,0.9370926827343725
2014-03-04,14,14,0,0,1.0,0.0,0.0,14,1.0,0.004588676349439083,0.05232379006445293,0.9430875335861092
2014-03-05,14,14,0,0,1.0,0.0,0.0,14,1.0,0.004474790090013997,0.09553819156054988,0.8999870183494364
2014-03-06,17,17,0,0,1.0,0.0,0.0,17,1.0,0.0050053431506722635,0.04332210620069738,0.9516725506486301
2014-03-07,10,10,0,0,1.0,0.0,0.0,10,1.0,0.001244053207717841,0.010272964177451705,0.988482982614828
2014-03-10,6,6,0,0,1.0,0.0,0.0,6,1.0,0.0024403259349234595,0.07977700646613517,0.9177826675989432
2014-03-11,8,8,0,0,1.0,0.0,0.0,8,1.0,0.0025239476263497537,0.03993423316105469,0.9575418192125961
2014-03-12,12,12,0,0,1.0,0.0,0.0,12,1.0,0.0028636020467204103,0.05687526996476371,0.9402611279885154
2014-03-13,16,16,0,0,1.0,0.0,0.0,16,1.0,0.00080866116260921,0.013023134334010329,0.9861682045033813
2014-03-14,12,11,0,1,0.9166666666666666,0.0,0.08333333333333333,11,0.9166666666666666,0.0025733166239438727,0.08126885330570674,0.9161578300703498
2014-03-16,1,1,0,0,1.0,0.0,0.0,1,1.0,0.007224176467670601,0.08872869565664429,0.9040471278756851
2014-03-17,10,9,0,1,0.9,0.0,0.1,9,0.9,0.0022248686254657977,0.09627185173126772,0.9015032796432669
2014-03-18,13,13,0,0,1.0,0.0,0.0,13,1.0,0.004686462437502306,0.08402629083797028,0.911287246724527
2014-03-19,11,11,0,0,1.0,0.0,0.0,11,1.0,0.0020281373218407344,0.01643375300852207,0.9815381096696384
2014-03-20,12,12,0,0,1.0,0.0,0.0,12,1.0,0.0032491299215121703,0.04856037725744433,0.9481904928210444
2014-03-21,6,6,0,0,1.0,0.0,0.0,6,1.0,0.003711318580176781,0.07350098358945123,0.922787697830374
2014-03-23,3,3,0,0,1.0,0.0,0.0,3,1.0,0.009646971623297152,0.10205116544293828,0.8883018629337646
2014-03-24,26,26,0,0,1.0,0.0,0.0,26,1.0,0.0012063025120666931,0.01347454351664833,0.9853191539712856
2014-03-25,13,13,0,0,1.0,0.0,0.0,13,1.0,0.0037238139503851203,0.03731049446336353,0.9589656915862511
2014-03-26,8,8,0,0,1.0,0.0,0.0,8,1.0,0.0015509038535802676,0.01689759112433156,0.9815515050220889
2014-03-27,8,8,0,0,1.0,0.0,0.0,8,1.0,0.0006737015717327116,0.032748636646147355,0.9665776617821198
2014-03-28,21,21,0,0,1.0,0.0,0.0,21,1.0,0.006486270980034295,0.06700296334786016,0.926510765672106
2014-03-30,1,1,0,0,1.0,0.0,0.0,1,1.0,0.008197267676217888,0.06426576534779753,0.9275369669759842
2014-03-31,9,9,0,0,1.0,0.0,0.0,9,1.0,0.002385547056638488,0.026791112347683083,0.9708233405956795
2014-04-01,21,21,0,0,1.0,0.0,0.0,21,1.0,0.004703017967333552,0.04557755481551148,0.9497194272171547
2014-04-02,21,21,0,0,1.0,0.0,0.0,21,1.0,0.003419655777377473,0.06269302810963767,0.9338873161129846
2014-04-03,9,9,0,0,1.0,0.0,0.0,9,1.0,0.003060728115844701,0.026557969585824206,0.9703813022983323
2014-04-04,17,17,0,0,1.0,0.0,0.0,17,1.0,0.0027674052311625194,0.018289562693604985,0.9789430320752333
2014-04-06,1,1,0,0,1.0,0.0,0.0,1,1.0,0.008135261177163552,0.036916618339414536,0.9549481204834219
2014-04-07,9,9,0,0,1.0,0.0,0.0,9,1.0,0.0017758292179751905,0.0311280388871103,0.9670961318949135
2014-04-08,14,14,0,0,1.0,0.0,0.0,14,1.0,0.003695348073801925,0.03557751840490714,0.9607271335212905
2014-04-09,13,13,0,0,1.0,0.0,0.0,13,1.0,0.009593958385938524,0.04631564533969349,0.9440903962743674
2014-04-10,13,13,0,0,1.0,0.0,0.0,13,1.0,0.00256276970074094,0.026093949197144247,0.9713432811021152
2014-04-11,14,14,0,0,1.0,0.0,0.0,14,1.0,0.0024982821976392267,0.03144993005173341,0.9660517877506286
2014-04-14,7,7,0,0,1.0,0.0,0.0,7,1.0,0.0037059226876881668,0.08063580487092155,0.9156582724413905
2014-04-15,13,12,0,1,0.9230769230769231,0.0,0.07692307692307693,12,0.9230769230769231,0.0032188632564826886,0.07450974110219485,0.922271395641322
2014-04-16,18,18,0,0,1.0,0.0,0.0,18,1.0,0.003555929565602708,0.099135500939434,0.8973085694949631
2014-04-17,10,9,0,1,0.9,0.0,0.1,9,0.9,0.004959922352066071,0.1386576093485699,0.8563824682993626
2014-04-20,1,1,0,0,1.0,0.0,0.0,1,1.0,0.0013696375819932348,0.03360758294600896,0.9650227794719973
2014-04-21,13,13,0,0,1.0,0.0,0.0,13,1.0,0.008847322117045192,0.0880887155752807,0.9030639623076758
2014-04-22,18,18,0,0,1.0,0.0,0.0,18,1.0,0.0030885278448682624,0.05293564091175193,0.9439758312433804
2014-04-23,43,43,0,0,1.0,0.0,0.0,43,1.0,0.0037066954655043103,0.03323909577747551,0.9630542087570202
2014-04-24,71,71,0,0,1.0,0.0,0.0,71,1.0,0.003799138869977752,0.0372326561448262,0.9589682049851963
2014-04-25,25,24,0,1,0.96,0.0,0.04,24,0.96,0.006717199489999862,0.06004812812663737,0.9332346723833629
2014-04-27,1,1,0,0,1.0,0.0,0.0,1,1.0,0.0044052537721566065,0.032110862929064975,0.9634838832987775
2014-04-28,19,19,0,0,1.0,0.0,0.0,19,1.0,0.0028826307468463506,0.04454088029115833,0.9525764889619953
2014-04-29,30,30,0,0,1.0,0.0,0.0,30,1.0,0.004251233864280317,0.06510573416762218,0.9306430319680975
2014-04-30,11,11,0,0,1.0,0.0,0.0,11,1.0,0.0011059723611588851,0.016807286679934464,0.9820867409589059
2014-05-01,8,8,0,0,1.0,0.0,0.0,8,1.0,0.002130727356178384,0.023137581288730988,0.9747316913550901
2014-05-02,17,17,0,0,1.0,0.0,0.0,17,1.0,0.004391265798055657,0.04133244538787956,0.9542762888140658
2014-05-03,2,2,0,0,1.0,0.0,0.0,2,1.0,0.005499433528979974,0.13500874377870917,0.8594918226923103
2014-05-05,22,21,0,1,0.9545454545454546,0.0,0.045454545454545456,21,0.9545454545454546,0.005625738844964903,0.08132503707827748,0.913049224076758
2014-05-06,11,11,0,0,1.0,0.0,0.0,11,1.0,0.0016304323659885587,0.039180978397307144,0.9591885892367035
2014-05-07,13,13,0,0,1.0,0.0,0.0,13,1.0,0.0038822659909606588,0.07480349989348739,0.9213142341155506
2014-05-08,17,17,0,0,1.0,0.0,0.0,17,1.0,0.003141192262924909,0.055905135629687866,0.9409536721073877
2014-05-09,37,37,0,0,1.0,0.0,0.0,37,1.0,0.00319166472833813,0.029773894469787284,0.9670344408018746
2014-05-10,1,1,0,0,1.0,0.0,0.0,1,1.0,0.0024217826026900918,0.034391184151613005,0.963187033245696
2014-05-12,10,10,0,0,1.0,0.0,0.0,10,1.0,0.003181755310467175,0.03791363475457114,0.9589046099349623
2014-05-13,9,9,0,0,1.0,0.0,0.0,9,1.0,0.0007501182875566587,0.006946916011417124,0.9923029657010274
2014-05-14,12,12,0,0,1.0,0.0,0.0,12,1.0,0.009990518970125047,0.0864943602160661,0.9035151208138094
2014-05-15,10,10,0,0,1.0,0.0,0.0,10,1.0,0.004476661878916315,0.09781687392492344,0.8977064641961612
2014-05-16,20,20,0,0,1.0,0.0,0.0,20,1.0,0.0066454144338019185,0.06471765202096223,0.9286369335452364
2014-05-17,2,2,0,0,1.0,0.0,0.0,2,1.0,0.00403216234561828,0.1064491275153091,0.8895187101390728
2014-05-18,2,2,0,0,1.0,0.0,0.0,2,1.0,0.007772712818461394,0.07414494708746816,0.9180823400940699
2014-05-19,14,14,0,0,1.0,0.0,0.0,14,1.0,0.003870328801311148,0.04850925435546632,0.9476204168432234
2014-05-20,20,20,0,0,1.0,0.0,0.0,20,1.0,0.004034806030966444,0.07981095745794717,0.9161542365110857
2014-05-21,19,19,0,0,1.0,0.0,0.0,19,1.0,0.002418614816163136,0.049031526226396824,0.9485498589574393
2014-05-22,9,8,0,1,0.8888888888888888,0.0,0.1111111111111111,8,0.8888888888888888,0.0039113501891714355,0.07285843250999668,0.9232302173008325
2014-05-23,11,11,0,0,1.0,0.0,0.0,11,1.0,0.003819115856957817,0.05857175432103052,0.9376091298220104
2014-05-25,3,3,0,0,1.0,0.0,0.0,3,1.0,0.0049221905525451285,0.09728010516382006,0.897797704283635
2014-05-26,3,3,0,0,1.0,0.0,0.0,3,1.0,0.0027026349845437722,0.07917366782063276,0.9181236971948223
2014-05-27,22,22,0,0,1.0,0.0,0.0,22,1.0,0.002365976458079501,0.0446318762867135,0.9530021472552082
2014-05-28,23,23,0,0,1.0,0.0,0.0,23,1.0,0.003575952817796185,0.04254915368754866,0.9538748934946554
2014-05-29,23,23,0,0,1.0,0.0,0.0,23,1.0,0.0054616026937648054,0.05353926380417464,0.9409991335020607
2014-05-30,11,10,0,1,0.9090909090909091,0.0,0.09090909090909091,10,0.9090909090909091,0.003968151165904475,0.10495332030644401,0.8910785285276522
2014-06-02,27,27,0,0,1.0,0.0,0.0,27,1.0,0.0036278212775478764,0.12202258879369995,0.8743495899287523
2014-06-03,13,12,0,1,0.9230769230769231,0.0,0.07692307692307693,12,0.9230769230769231,0.0029448997707152485,0.07721272888610736,0.9198423713431776
2014-06-04,11,11,0,0,1.0,0.0,0.0,11,1.0,0.006319923171767985,0.06472389672574828,0.9289561801024838
2014-06-05,16,16,0,0,1.0,0.0,0.0,16,1.0,0.0016709100009597534,0.02048193410024277,0.9778471558987983
2014-06-06,17,17,0,0,1.0,0.0,0.0,17,1.0,0.002235833166201918,0.02099435956158477,0.9767698072722122
2014-06-08,1,1,0,0,1.0,0.0,0.0,1,1.0,0.0029781181204395495,0.021570319672684735,0.9754515622068757
2014-06-09,19,19,0,0,1.0,0.0,0.0,19,1.0,0.003896017105334497,0.03522586663266681,0.9608781162619986
2014-06-10,21,21,0,0,1.0,0.0,0.0,21,1.0,0.0036477698280507594,0.03882515107795764,0.9575270790939906
2014-06-11,25,25,0,0,1.0,0.0,0.0,25,1.0,0.0033440467429105836,0.033063326763118496,0.9635926264939705
2014-06-12,8,8,0,0,1.0,0.0,0.0,8,1.0,0.0009055597892383738,0.016196464927610926,0.9828979752831495
2014-06-13,7,7,0,0,1.0,0.0,0.0,7,1.0,0.0020723425587098067,0.023316442182570778,0.9746112152587221
2014-06-14,1,1,0,0,1.0,0.0,0.0,1,1.0,0.02030573280460053,0.34488975854056925,0.6348045086548318
2014-06-16,7,7,0,0,1.0,0.0,0.0,7,1.0,0.004520871497657525,0.02484811318936939,0.9706310153129741
2014-06-17,22,22,0,0,1.0,0.0,0.0,22,1.0,0.004171750205107016,0.061484277486177484,0.9343439723087155
2014-06-18,9,8,0,1,0.8888888888888888,0.0,0.1111111111111111,8,0.8888888888888888,0.0016976533408109306,0.0801303784601436,0.9181719681990442
2014-06-19,20,19,0,1,0.95,0.0,0.05,19,0.95,0.0031133424104882257,0.049824035534796626,0.947062622054714
2014-06-20,17,17,0,0,1.0,0.0,0.0,17,1.0,0.002241205420572029,0.03218789421877312,0.9655709003606532
2014-06-23,18,18,0,0,1.0,0.0,0.0,18,1.0,0.0019153872096937803,0.02916278112550282,0.9689218316648037
2014-06-24,13,13,0,0,1.0,0.0,0.0,13,1.0,0.004585473661561994,0.10747468984512074,0.887939836493318
2014-06-25,14,13,0,1,0.9285714285714286,0.0,0.07142857142857142,13,0.9285714285714286,0.004437391729586524,0.09018312973438596,0.905379478536027
2014-06-26,14,14,0,0,1.0,0.0,0.0,14,1.0,0.0020395776801593745,0.061611222340673684,0.9363491999791659
2014-06-27,15,15,0,0,1.0,0.0,0.0,15,1.0,0.0015149933186496918,0.018104901174369453,0.9803801055069812
2014-06-29,3,3,0,0,1.0,0.0,0.0,3,1.0,0.0047982166603668525,0.035196046425579074,0.9600057369140543
2014-06-30,18,18,0,0,1.0,0.0,0.0,18,1.0,0.0025586557172936984,0.04129255328879735,0.9561487909939083
2014-07-01,13,13,0,0,1.0,0.0,0.0,13,1.0,0.003537355544033245,0.05136142463391144,0.9451012198220545
2014-07-02,14,14,0,0,1.0,0.0,0.0,14,1.0,0.0014400888006118019,0.029384670604843732,0.9691752405945445
2014-07-03,17,17,0,0,1.0,0.0,0.0,17,1.0,0.003524427822281346,0.04821040525634629,0.9482651669213729
2014-07-04,4,4,0,0,1.0,0.0,0.0,4,1.0,0.00584413223210596,0.09990675821764851,0.8942491095502465
2014-07-06,2,2,0,0,1.0,0.0,0.0,2,1.0,0.0077802109233145785,0.11508003495535699,0.8771397541213284
2014-07-07,14,14,0,0,1.0,0.0,0.0,14,1.0,0.0013738081382689076,0.013871325838585403,0.9847548660231461
2014-07-08,13,13,0,0,1.0,0.0,0.0,13,1.0,0.003549080581065521,0.07221401933358268,0.924236900085353
2014-07-09,20,20,0,0,1.0,0.0,0.0,20,1.0,0.0041083578022374275,0.04745093052501724,0.9484407116727457
2014-07-10,12,12,0,0,1.0,0.0,0.0,12,1.0,0.002280590097304363,0.034516377117785775,0.9632030327849109
2014-07-11,20,20,0,0,1.0,0.0,0.0,20,1.0,0.00387433480120298,0.08550095998186474,0.9106247052169314
2014-07-12,2,2,0,0,1.0,0.0,0.0,2,1.0,0.017979918424610962,0.11129227937640318,0.8707278021989853
2014-07-14,13,13,0,0,1.0,0.0,0.0,13,1.0,0.0023987953317530183,0.045552415660114934,0.952048789008133
2014-07-15,18,18,0,0,1.0,0.0,0.0,18,1.0,0.002467402185889781,0.023745162622707358,0.9737874351914021
2014-07-16,24,24,0,0,1.0,0.0,0.0,24,1.0,0.003310838091995802,0.039350011132368745,0.9573391507756357
2014-07-17,19,19,0,0,1.0,0.0,0.0,19,1.0,0.0027460769620938873,0.03146506195031122,0.9657888610875961
2014-07-18,13,13,0,0,1.0,0.0,0.0,13,1.0,0.003231262995584915,0.06983161701608523,0.92693711998833
2014-07-20,1,1,0,0,1.0,0.0,0.0,1,1.0,0.001744408675843771,0.023846375807192278,0.9744092155169649
2014-07-21,15,15,0,0,1.0,0.0,0.0,15,1.0,0.0021294732192024663,0.03974534757839073,0.9581251792024074
2014-07-22,35,35,0,0,1.0,0.0,0.0,35,1.0,0.0035184958308264783,0.04761079759480441,0.9488707065743687
2014-07-23,32,29,0,3,0.90625,0.0,0.09375,29,0.90625,0.0032034306043720187,0.10487363841903335,0.8919229309765941
2014-07-24,23,23,0,0,1.0,0.0,0.0,23,1.0,0.004543101587872907,0.052674551687046114,0.9427823467250814
2014-07-25,22,22,0,0,1.0,0.0,0.0,22,1.0,0.004019060401465473,0.06443371614650534,0.9315472234520278
2014-07-28,10,10,0,0,1.0,0.0,0.0,10,1.0,0.002539621036885864,0.017513365613075746,0.9799470133500374
2014-07-29,13,13,0,0,1.0,0.0,0.0,13,1.0,0.003937437652146352,0.12729601039764413,0.8687665519502084
2014-07-30,11,11,0,0,1.0,0.0,0.0,11,1.0,0.0028321222268128626,0.030078557042630228,0.9670893207305563
2014-07-31,13,13,0,0,1.0,0.0,0.0,13,1.0,0.0014231546609894076,0.014349984243996741,0.9842268610950138
2014-08-01,12,12,0,0,1.0,0.0,0.0,12,1.0,0.0017761197022245132,0.01803138137842798,0.98019249891935
2014-08-02,1,1,0,0,1.0,0.0,0.0,1,1.0,0.0006569502943226953,0.0030531473876349493,0.9962899023180463
2014-08-03,2,2,0,0,1.0,0.0,0.0,2,1.0,0.01027871293882117,0.1293387286647103,0.8603825583964653
2014-08-04,10,10,0,0,1.0,0.0,0.0,10,1.0,0.0008340994450427944,0.0261407961884068,0.9730251043665523
2014-08-05,18,18,0,0,1.0,0.0,0.0,18,1.0,0.003986913278505437,0.05809406409140553,0.9379190226300901
2014-08-06,21,19,0,2,0.9047619047619048,0.0,0.09523809523809523,19,0.9047619047619048,0.00256511191908262,0.07522646740826514,0.922208420672652
2014-08-07,21,21,0,0,1.0,0.0,0.0,21,1.0,0.005347889233161794,0.029654762587106785,0.9649973481797309
2014-08-08,13,13,0,0,1.0,0.0,0.0,13,1.0,0.002923503406309216,0.04495961568875428,0.9521168809049372
2014-08-09,5,4,0,1,0.8,0.0,0.2,4,0.8,0.0025192227361942503,0.14098853426002733,0.8564922430037811
2014-08-10,9,9,0,0,1.0,0.0,0.0,9,1.0,0.0008706903635630583,0.0016721990095474731,0.9974571106268897
2014-08-11,22,22,0,0,1.0,0.0,0.0,22,1.0,0.0031489704973597927,0.03399298958557995,0.9628580399170604
2014-08-12,25,25,0,0,1.0,0.0,0.0,25,1.0,0.0036181699830748646,0.04644141748100544,0.9499404125359195
2014-08-13,6,6,0,0,1.0,0.0,0.0,6,1.0,0.00015628249636705376,0.008732996227937218,0.9911107212756997
2014-08-14,17,16,0,1,0.9411764705882353,0.0,0.058823529411764705,16,0.9411764705882353,0.0017765275804210155,0.0390112768567087,0.9592121955628701
2014-08-15,24,24,0,0,1.0,0.0,0.0,24,1.0,0.002793298586309449,0.03976635502016833,0.9574403463935232
2014-08-16,11,11,0,0,1.0,0.0,0.0,11,1.0,0.0035476430360872543,0.033029697665372365,0.96342265929854
2014-08-17,5,5,0,0,1.0,0.0,0.0,5,1.0,0.00014918497740560818,0.0008735723865009717,0.9989772426360943
2014-08-18,9,9,0,0,1.0,0.0,0.0,9,1.0,4.535097223208503e-05,0.00013004069957531076,0.999824608328193
2014-08-19,22,22,0,0,1.0,0.0,0.0,22,1.0,0.0013118989526281137,0.01850215573822076,0.9801859453091525
2014-08-20,33,33,0,0,1.0,0.0,0.0,33,1.0,0.0024604524092848327,0.0426537609408945,0.954885786649821
2014-08-21,18,18,0,0,1.0,0.0,0.0,18,1.0,0.0021440125464931505,0.03571408921747067,0.9621418982360375
2014-08-22,22,22,0,0,1.0,0.0,0.0,22,1.0,0.0008331557685419892,0.014659085047413796,0.9845077591840422
2014-08-23,14,13,0,1,0.9285714285714286,0.0,0.07142857142857142,13,0.9285714285714286,0.004123682367046929,0.10448836662037732,0.8913879510125777
2014-08-24,5,5,0,0,1.0,0.0,0.0,5,1.0,0.00018260328450507807,0.0009319821225695481,0.9988854145929246
2014-08-25,21,20,0,1,0.9523809523809523,0.0,0.047619047619047616,20,0.9523809523809523,0.0015966240797267797,0.03957829843324403,0.958825077487029
2014-08-26,18,18,0,0,1.0,0.0,0.0,18,1.0,0.000500686600559429,0.006653216385007214,0.9928460970144337
2014-08-27,33,33,0,0,1.0,0.0,0.0,33,1.0,0.0011840242443121743,0.012635660011884334,0.9861803157438039
2014-08-28,31,30,0,1,0.967741935483871,0.0,0.03225806451612903,30,0.967741935483871,0.004080697820685868,0.05534678367351039,0.9405725185058039
2014-08-29,23,23,0,0,1.0,0.0,0.0,23,1.0,0.0037749677268790814,0.04889790946900228,0.947327122804117
2014-08-30,11,11,0,0,1.0,0.0,0.0,11,1.0,0.0023508687585198375,0.03595476620390754,0.9616943650375718
2014-08-31,8,8,0,0,1.0,0.0,0.0,8,1.0,0.00028766040100722343,0.0013464520250533812,0.9983658875739385
2014-09-01,13,13,0,0,1.0,0.0,0.0,13,1.0,0.0033350559973180445,0.053208966187209876,0.9434559778154704
2014-09-02,25,25,0,0,1.0,0.0,0.0,25,1.0,0.002154502614822328,0.04243286014778619,0.9554126372373911
2014-09-03,43,43,0,0,1.0,0.0,0.0,43,1.0,0.0033339132647419627,0.031208089123784595,0.9654579976114739
2014-09-04,48,47,0,1,0.9791666666666666,0.0,0.020833333333333332,47,0.9791666666666666,0.004087818343627145,0.044339096143598454,0.9515730855127745
2014-09-05,33,33,0,0,1.0,0.0,0.0,33,1.0,0.003307151615710176,0.04327775476939045,0.9534150936148998
2014-09-06,25,24,0,1,0.96,0.0,0.04,24,0.96,0.003878270863208776,0.05565145951896615,0.9404702696178256
2014-09-07,19,19,0,0,1.0,0.0,0.0,19,1.0,0.0026787635775647385,0.016288088569159892,0.9810331478532764
2014-09-08,29,29,0,0,1.0,0.0,0.0,29,1.0,0.0012140538353555565,0.008869372500067052,0.9899165736645771
2014-09-09,73,71,0,2,0.9726027397260274,0.0,0.0273972602739726,71,0.9726027397260274,0.0027255068025008964,0.042156878367292414,0.9551176148302062
2014-09-10,99,99,0,0,1.0,0.0,0.0,99,1.0,0.003350139973297199,0.04339442252454645,0.9532554375021562
2014-09-11,75,75,0,0,1.0,0.0,0.0,75,1.0,0.003310269301216132,0.03227394047413538,0.9644157902246491
2014-09-12,40,40,0,0,1.0,0.0,0.0,40,1.0,0.003359843914035372,0.03650376658498553,0.9601363895009787
2014-09-13,14,14,0,0,1.0,0.0,0.0,14,1.0,0.0035475348757542597,0.029396338387348186,0.9670561267368953
2014-09-14,12,12,0,0,1.0,0.0,0.0,12,1.0,0.0003413626414953022,0.0016460911730103679,0.998012546185492
2014-09-15,18,18,0,0,1.0,0.0,0.0,18,1.0,0.0011068832724062774,0.0205529748641505,0.9783401418634438
2014-09-16,37,37,0,0,1.0,0.0,0.0,37,1.0,0.002572912382222289,0.03215282162081005,0.965274265996967
2014-09-17,32,30,0,2,0.9375,0.0,0.0625,30,0.9375,0.0042995037732139595,0.08871314173556635,0.9069873544912197
2014-09-18,44,44,0,0,1.0,0.0,0.0,44,1.0,0.0028562578660295585,0.03769252539587325,0.9594512167380972
2014-09-19,41,41,0,0,1.0,0.0,0.0,41,1.0,0.00510443334963133,0.05681411757430324,0.9380814490760647
2014-09-20,24,24,0,0,1.0,0.0,0.0,24,1.0,0.0038697733001407564,0.036574203959253086,0.9595560227406055
2014-09-21,11,11,0,0,1.0,0.0,0.0,11,1.0,0.0015809221152243438,0.014704848618253774,0.9837142292665232
2014-09-22,29,29,0,0,1.0,0.0,0.0,29,1.0,0.00068707186154502,0.01444509121236527,0.9848678369260891
2014-09-23,33,33,0,0,1.0,0.0,0.0,33,1.0,0.002821539679095662,0.03822851799079446,0.9589499423301099
2014-09-24,25,25,0,0,1.0,0.0,0.0,25,1.0,0.002087218668748023,0.041036377980578874,0.9568764033506731
2014-09-25,35,35,0,0,1.0,0.0,0.0,35,1.0,0.0026501804677055217,0.04320270349160362,0.9541471160406922
2014-09-26,34,34,0,0,1.0,0.0,0.0,34,1.0,0.003155434184991087,0.0576667553130254,0.9391778105019836
2014-09-27,14,14,0,0,1.0,0.0,0.0,14,1.0,0.005208096562575544,0.06333026038167221,0.931461643055753
2014-09-28,6,6,0,0,1.0,0.0,0.0,6,1.0,0.0007085674030623229,0.00796883295437256,0.9913225996425656
2014-09-29,18,18,0,0,1.0,0.0,0.0,18,1.0,0.003622395924714163,0.04063016083293635,0.9557474432423495
2014-09-30,52,52,0,0,1.0,0.0,0.0,52,1.0,0.003061858151487515,0.038923938671522156,0.9580142031769908
2014-10-01,44,44,0,0,1.0,0.0,0.0,44,1.0,0.003976835281269981,0.04192878319069657,0.9540943815280333
2014-10-02,31,31,0,0,1.0,0.0,0.0,31,1.0,0.005453369397474566,0.04990224874433305,0.944644381858192
2014-10-03,21,21,0,0,1.0,0.0,0.0,21,1.0,0.003433344647741697,0.026320026196237096,0.9702466291560209
2014-10-04,9,9,0,0,1.0,0.0,0.0,9,1.0,0.0025933198252703345,0.02346043065363662,0.9739462495210902
2014-10-05,7,7,0,0,1.0,0.0,0.0,7,1.0,0.0011026667036630488,0.009437420276657742,0.9894599130196767
2014-10-06,26,26,0,0,1.0,0.0,0.0,26,1.0,0.0011451685814353443,0.02955954497120454,0.9692952864473596
2014-10-07,32,32,0,0,1.0,0.0,0.0,32,1.0,0.002598826718394489,0.04090317439218717,0.9564979988894173
2014-10-08,22,21,0,1,0.9545454545454546,0.0,0.045454545454545456,21,0.9545454545454546,0.002176602023322673,0.04259416347059631,0.95522923450608
2014-10-09,36,36,0,0,1.0,0.0,0.0,36,1.0,0.004709767880427939,0.028638050224337727,0.9666521818952339
2014-10-10,45,45,0,0,1.0,0.0,0.0,45,1.0,0.004215365253351006,0.04083426836374836,0.9549503663828991
2014-10-11,11,11,0,0,1.0,0.0,0.0,11,1.0,0.00884878500510702,0.04583266688471261,0.9453185481101819
2014-10-12,2,2,0,0,1.0,0.0,0.0,2,1.0,3.3447308204880786e-05,2.457511974980465e-05,0.9999419775720484
2014-10-13,26,26,0,0,1.0,0.0,0.0,26,1.0,0.001979515372726951,0.03829339980727477,0.959727084819997
2014-10-14,23,23,0,0,1.0,0.0,0.0,23,1.0,0.0021955246764949975,0.021413783864820447,0.9763906914586855
2014-10-15,32,32,0,0,1.0,0.0,0.0,32,1.0,0.00406010796228747,0.041851948145509146,0.9540879438922032
2014-10-16,34,34,0,0,1.0,0.0,0.0,34,1.0,0.002511689940814521,0.08520408271602996,0.9122842273431564
2014-10-17,47,46,0,1,0.9787234042553191,0.0,0.02127659574468085,46,0.9787234042553191,0.003636939652619474,0.0745145962078643,0.9218484641395163
2014-10-18,5,5,0,0,1.0,0.0,0.0,5,1.0,0.00549280409927237,0.07017273305845742,0.9243344628422715
2014-10-19,5,5,0,0,1.0,0.0,0.0,5,1.0,0.0017981616675549143,0.029307007482626768,0.9688948308498183
2014-10-20,33,32,0,1,0.9696969696969697,0.0,0.030303030303030304,32,0.9696969696969697,0.0019413363382045803,0.055620686926002104,0.9424379767357929
2014-10-21,66,66,0,0,1.0,0.0,0.0,66,1.0,0.0019109264261343115,0.02909011214726816,0.9689989614265977
2014-10-22,50,50,0,0,1.0,0.0,0.0,50,1.0,0.0035908198631060583,0.03955961160531568,0.9568495685315788
2014-10-23,36,36,0,0,1.0,0.0,0.0,36,1.0,0.0028070791071358988,0.031492585374754106,0.9657003355181101
2014-10-24,23,23,0,0,1.0,0.0,0.0,23,1.0,0.003496165821897809,0.04250529245333197,0.9539985417247697
2014-10-25,11,11,0,0,1.0,0.0,0.0,11,1.0,0.00811024440920671,0.03835881085230754,0.9535309447384855
2014-10-26,4,4,0,0,1.0,0.0,0.0,4,1.0,8.665072728206331e-05,0.0003951002572419659,0.9995182490154749
2014-10-27,34,34,0,0,1.0,0.0,0.0,34,1.0,0.0010071050205142564,0.009223600362747194,0.9897692946167393
2014-10-28,50,50,0,0,1.0,0.0,0.0,50,1.0,0.0028131717496210906,0.030663724383974356,0.9665231038664046
2014-10-29,39,39,0,0,1.0,0.0,0.0,39,1.0,0.00421446347589971,0.046361094328986364,0.9494244421951132
2014-10-30,33,33,0,0,1.0,0.0,0.0,33,1.0,0.0030550738575310186,0.05251013700271976,0.9444347891397492
2014-10-31,33,33,0,0,1.0,0.0,0.0,33,1.0,0.005088564108822558,0.052002551691358305,0.9429088841998189
2014-11-01,5,5,0,0,1.0,0.0,0.0,5,1.0,0.0019493877428000098,0.024727799743153228,0.9733228125140414
2014-11-02,3,3,0,0,1.0,0.0,0.0,3,1.0,3.469029733600139e-05,0.0004816545563848975,0.9994836551462779
2014-11-03,25,25,0,0,1.0,0.0,0.0,25,1.0,0.0006591096257681383,0.013741585600173873,0.9855993047740583
2014-11-04,33,33,0,0,1.0,0.0,0.0,33,1.0,0.0015685993279083376,0.011739957359738483,0.9866914433123535
2014-11-05,22,22,0,0,1.0,0.0,0.0,22,1.0,0.0018413173483528915,0.027467389534915596,0.9706912931167313
2014-11-06,27,27,0,0,1.0,0.0,0.0,27,1.0,0.00266568914285261,0.030954029575119276,0.9663802812820295
2014-11-07,28,28,0,0,1.0,0.0,0.0,28,1.0,0.0026868649025562417,0.023382369191143778,0.9739307659062993
2014-11-08,13,13,0,0,1.0,0.0,0.0,13,1.0,0.007873289907064944,0.04573100547744675,0.9463957046154884
2014-11-09,4,4,0,0,1.0,0.0,0.0,4,1.0,0.00013771208211727805,0.0009579960173836552,0.9989042919004973
2014-11-10,13,13,0,0,1.0,0.0,0.0,13,1.0,0.0011178440061902198,0.007021589604884302,0.9918605663889279
2014-11-11,31,31,0,0,1.0,0.0,0.0,31,1.0,0.002611476932967713,0.023513500772575757,0.973875022294457
2014-11-12,27,27,0,0,1.0,0.0,0.0,27,1.0,0.0033976585117714655,0.028859801213451323,0.9677425402747775
2014-11-13,20,20,0,0,1.0,0.0,0.0,20,1.0,0.003045631149755032,0.05364852707670572,0.9433058417735415
2014-11-14,24,24,0,0,1.0,0.0,0.0,24,1.0,0.002524845001271917,0.036571641161230024,0.9609035138374985
2014-11-15,3,3,0,0,1.0,0.0,0.0,3,1.0,0.0019094792317663192,0.028481045322048103,0.9696094754461867
2014-11-16,3,3,0,0,1.0,0.0,0.0,3,1.0,0.00041280820717948746,0.0031183366338282358,0.996468855158995
2014-11-17,24,24,0,0,1.0,0.0,0.0,24,1.0,0.0020455485620484736,0.029732205190122485,0.9682222462478297
2014-11-18,22,21,0,1,0.9545454545454546,0.0,0.045454545454545456,21,0.9545454545454546,0.0045841035529499,0.06553039146300715,0.9298855049840431
2014-11-19,26,26,0,0,1.0,0.0,0.0,26,1.0,0.0018071539655581932,0.022756099987618413,0.9754367460468238
2014-11-20,34,34,0,0,1.0,0.0,0.0,34,1.0,0.00215371006206332,0.042998568774757995,0.9548477211631792
2014-11-21,29,29,0,0,1.0,0.0,0.0,29,1.0,0.002214872063108746,0.047855155359645365,0.9499299725772472
2014-11-22,19,19,0,0,1.0,0.0,0.0,19,1.0,0.0032829770586656846,0.06678619680504322,0.9299308261362911
2014-11-23,5,5,0,0,1.0,0.0,0.0,5,1.0,0.0012835547556148436,0.023522374538412164,0.9751940707059708
2014-11-24,25,25,0,0,1.0,0.0,0.0,25,1.0,0.0020608801665128566,0.05739009964876564,0.9405490201847206
2014-11-25,28,27,0,1,0.9642857142857143,0.0,0.03571428571428571,27,0.9642857142857143,0.002372231055462218,0.09733106898798002,0.9002966999565566
2014-11-26,25,25,0,0,1.0,0.0,0.0,25,1.0,0.003102206595860655,0.08111516042353972,0.9157826329805995
2014-11-27,10,10,0,0,1.0,0.0,0.0,10,1.0,0.004686912858476348,0.11731199921966531,0.8780010879218587
2014-11-28,17,17,0,0,1.0,0.0,0.0,17,1.0,0.0020670064277586967,0.05438580923301077,0.9435471843392295
2014-11-29,11,11,0,0,1.0,0.0,0.0,11,1.0,0.004354567932468631,0.11481695021826478,0.8808284818492665
2014-11-30,2,2,0,0,1.0,0.0,0.0,2,1.0,0.0022942782730588866,0.040343259326046425,0.9573624624008883
2014-12-01,18,18,0,0,1.0,0.0,0.0,18,1.0,0.003925268503669821,0.027732517115883308,0.9683422143804472
2014-12-02,30,30,0,0,1.0,0.0,0.0,30,1.0,0.0028253512427151403,0.046430991061257594,0.9507436576960284
2014-12-03,45,44,0,1,0.9777777777777777,0.0,0.022222222222222223,44,0.9777777777777777,0.00453422771379721,0.10461205793205267,0.8908537143541497
2014-12-04,20,19,0,1,0.95,0.0,0.05,19,0.95,0.0028495606270602892,0.08333259619060064,0.9138178431823389
2014-12-05,19,19,0,0,1.0,0.0,0.0,19,1.0,0.006445242972949403,0.07163860423980173,0.9219161527872489
2014-12-06,8,8,0,0,1.0,0.0,0.0,8,1.0,0.00255364960866956,0.07406007895211443,0.9233862714392175
2014-12-07,4,4,0,0,1.0,0.0,0.0,4,1.0,0.0051747678522984205,0.0834483650876665,0.9113768670600363
2014-12-08,20,20,0,0,1.0,0.0,0.0,20,1.0,0.002017709038661112,0.046074949198031644,0.9519073417633095
2014-12-09,27,27,0,0,1.0,0.0,0.0,27,1.0,0.002457003610522759,0.07660715735080131,0.9209358390386766
2014-12-10,23,23,0,0,1.0,0.0,0.0,23,1.0,0.0019491782316449489,0.03970919302031024,0.9583416287480451
2014-12-11,23,23,0,0,1.0,0.0,0.0,23,1.0,0.001974787417518384,0.040490875949283384,0.9575343366331973
2014-12-12,36,36,0,0,1.0,0.0,0.0,36,1.0,0.0023569563699599788,0.027441923796351412,0.9702011198336896
2014-12-13,12,12,0,0,1.0,0.0,0.0,12,1.0,0.0022840067364129917,0.026004570324906384,0.9717114229386813
2014-12-14,6,6,0,0,1.0,0.0,0.0,6,1.0,0.0003718456487373873,0.0007259319642258017,0.998902222387038
2014-12-15,13,13,0,0,1.0,0.0,0.0,13,1.0,0.0010855906619336919,0.02071319635828118,0.9782012129797855
2014-12-16,40,40,0,0,1.0,0.0,0.0,40,1.0,0.0038472036891226092,0.04097798879719822,0.9551748075136788
2014-12-17,30,29,0,1,0.9666666666666667,0.0,0.03333333333333333,29,0.9666666666666667,0.0038109303089570194,0.05779993517042792,0.9383891345206156
2014-12-18,30,30,0,0,1.0,0.0,0.0,30,1.0,0.004429128260437867,0.03587446037319379,0.9596964113663684
2014-12-19,20,20,0,0,1.0,0.0,0.0,20,1.0,0.0014871996337842,0.03524919714282249,0.9632636032233934
2014-12-20,5,5,0,0,1.0,0.0,0.0,5,1.0,0.0010116167932022959,0.005906776505388502,0.9930816067014099
2014-12-21,5,5,0,0,1.0,0.0,0.0,5,1.0,6.083090653085712e-05,0.001005600509344566,0.9989335685841215
2014-12-22,22,22,0,0,1.0,0.0,0.0,22,1.0,0.001460867123751658,0.032985852136946825,0.9655532807393015
2014-12-23,15,15,0,0,1.0,0.0,0.0,15,1.0,0.0031347148156124476,0.04957426454518624,0.9472910206392009
2014-12-24,24,23,0,1,0.9583333333333334,0.0,0.041666666666666664,23,0.9583333333333334,0.005190440055673306,0.10172611000021153,0.893083449944115
2014-12-25,3,3,0,0,1.0,0.0,0.0,3,1.0,0.0029751556178091165,0.21149474371686794,0.7855301006653216
2014-12-26,14,14,0,0,1.0,0.0,0.0,14,1.0,0.000962485266573543,0.028023475076861808,0.9710140396565631
2014-12-27,7,7,0,0,1.0,0.0,0.0,7,1.0,0.0003719074138290326,0.0037981489801405853,0.9958299436060285
2014-12-28,4,4,0,0,1.0,0.0,0.0,4,1.0,0.00036795376971942504,0.0017682617296294846,0.9978637845006529
2014-12-29,19,18,0,1,0.9473684210526315,0.0,0.05263157894736842,18,0.9473684210526315,0.002876303722669123,0.09649536369245136,0.9006283325848801
2014-12-30,11,11,0,0,1.0,0.0,0.0,11,1.0,0.0026132983422910306,0.04092012070383683,0.956466580953872
2014-12-31,20,20,0,0,1.0,0.0,0.0,20,1.0,0.0015520429813726058,0.035222253021750576,0.9632257039968776
2015-01-01,6,6,0,0,1.0,0.0,0.0,6,1.0,0.0010510620920943202,0.004105844582210701,0.994843093325695
2015-01-02,10,10,0,0,1.0,0.0,0.0,10,1.0,0.001630687790094533,0.010288520321432914,0.9880807918884733
2015-01-03,7,7,0,0,1.0,0.0,0.0,7,1.0,0.0009063100296704894,0.023157664479866783,0.9759360254904623
2015-01-04,7,7,0,0,1.0,0.0,0.0,7,1.0,0.0004707438444071727,0.001207696653596515,0.9983215595019963
2015-01-05,14,14,0,0,1.0,0.0,0.0,14,1.0,0.0020071783181981376,0.01610418371757267,0.9818886379642271
2015-01-06,18,18,0,0,1.0,0.0,0.0,18,1.0,0.003975904360383398,0.04006291529351665,0.9559611803461002
2015-01-07,23,23,0,0,1.0,0.0,0.0,23,1.0,0.0023540975645224096,0.031482199297842864,0.9661637031376352
2015-01-08,9,8,0,1,0.8888888888888888,0.0,0.1111111111111111,8,0.8888888888888888,0.0022642164465856126,0.07994902613226013,0.9177867574211542
2015-01-09,16,16,0,0,1.0,0.0,0.0,16,1.0,0.005405383807801557,0.03919325346942924,0.9554013627227697
2015-01-10,8,8,0,0,1.0,0.0,0.0,8,1.0,0.0003202331555907594,0.0013912663928992645,0.9982885004515095
2015-01-11,7,7,0,0,1.0,0.0,0.0,7,1.0,0.00237565360679323,0.010196956958854766,0.9874273894343484
2015-01-12,18,18,0,0,1.0,0.0,0.0,18,1.0,0.0016975632950121083,0.018899957733909727,0.9794024789710772
2015-01-13,26,25,0,1,0.9615384615384616,0.0,0.038461538461538464,25,0.9615384615384616,0.003499150786505308,0.044103513734428675,0.952397335479067
2015-01-14,28,28,0,0,1.0,0.0,0.0,28,1.0,0.006243794600899522,0.034154261858139814,0.9596019435409603
2015-01-15,43,43,0,0,1.0,0.0,0.0,43,1.0,0.004031431024472803,0.034324959550744,0.9616436094247838
2015-01-16,19,19,0,0,1.0,0.0,0.0,19,1.0,0.0035469092056678447,0.044006345376367224,0.9524467454179646
2015-01-17,12,12,0,0,1.0,0.0,0.0,12,1.0,0.0020534689666323984,0.015467842758591546,0.9824786882747757
2015-01-18,7,7,0,0,1.0,0.0,0.0,7,1.0,0.000634051489952887,0.0019864030162752536,0.9973795454937733
2015-01-19,10,9,0,1,0.9,0.0,0.1,9,0.9,0.0019233436681231591,0.07457176283413225,0.9235048934977446
2015-01-20,23,23,0,0,1.0,0.0,0.0,23,1.0,0.0007692598629497836,0.019678202722048437,0.9795525374150013
2015-01-21,15,15,0,0,1.0,0.0,0.0,15,1.0,0.0012987994484860682,0.026490915389236345,0.9722102851622785
2015-01-22,26,25,0,1,0.9615384615384616,0.0,0.038461538461538464,25,0.9615384615384616,0.0016232847626329618,0.03924819948617973,0.9591285157511871
2015-01-23,24,24,0,0,1.0,0.0,0.0,24,1.0,0.0011647888805416116,0.02319353694369104,0.9756416741757671
2015-01-24,10,10,0,0,1.0,0.0,0.0,10,1.0,0.0007950453902927669,0.004765389860641123,0.9944395647490664
2015-01-25,17,17,0,0,1.0,0.0,0.0,17,1.0,0.0002834043306108226,0.004385403081759655,0.9953311925876324
2015-01-26,28,28,0,0,1.0,0.0,0.0,28,1.0,0.0015126871385709932,0.02392708293121009,0.9745602299302208
2015-01-27,50,50,0,0,1.0,0.0,0.0,50,1.0,0.0017066005623953642,0.02641601808945775,0.9718773813481473
2015-01-28,75,73,0,2,0.9733333333333334,0.0,0.02666666666666667,73,0.9733333333333334,0.002372562700019274,0.04961818788228074,0.9480092494176995
2015-01-29,42,42,0,0,1.0,0.0,0.0,42,1.0,0.0033964010305808203,0.040749888591196985,0.9558537103782223
2015-01-30,19,19,0,0,1.0,0.0,0.0,19,1.0,0.00177925984492681,0.026572530361154485,0.9716482097939184
2015-01-31,12,12,0,0,1.0,0.0,0.0,12,1.0,0.0004263063962886321,0.003982176488332648,0.995591517115379
2015-02-01,11,11,0,0,1.0,0.0,0.0,11,1.0,0.0010798726009240618,0.01126016425011418,0.9876599631489644
2015-02-02,17,17,0,0,1.0,0.0,0.0,17,1.0,0.00040157271939679815,0.008257003833807302,0.9913414234467983
2015-02-03,31,31,0,0,1.0,0.0,0.0,31,1.0,0.002733009179997762,0.030011145424861947,0.9672558453951392
2015-02-04,26,26,0,0,1.0,0.0,0.0,26,1.0,0.0020402380703032383,0.019359592403001422,0.9786001695266945
2015-02-05,34,34,0,0,1.0,0.0,0.0,34,1.0,0.0019939693792173606,0.020084648200417547,0.9779213824203642
2015-02-06,40,40,0,0,1.0,0.0,0.0,40,1.0,0.005336792853293017,0.03547845555969841,0.9591847515870086
2015-02-07,12,12,0,0,1.0,0.0,0.0,12,1.0,0.0003022833199046919,0.00459176840798264,0.9951059482721171
2015-02-08,10,10,0,0,1.0,0.0,0.0,10,1.0,0.0001110782621430206,0.0006250018439391158,0.9992639198939172
2015-02-09,21,21,0,0,1.0,0.0,0.0,21,1.0,0.004409522521804442,0.01280019599812819,0.9827902814800685
2015-02-10,34,34,0,0,1.0,0.0,0.0,34,1.0,0.0035877426348906133,0.02507903215058252,0.9713332252145261
2015-02-11,52,52,0,0,1.0,0.0,0.0,52,1.0,0.0032225293441325254,0.04360047975501142,0.9531769909008556
2015-02-12,37,37,0,0,1.0,0.0,0.0,37,1.0,0.002085538285513128,0.019361469222626913,0.9785529924918598
2015-02-13,43,42,0,1,0.9767441860465116,0.0,0.023255813953488372,42,0.9767441860465116,0.0017549222063489738,0.03168153553874975,0.966563542254901
2015-02-14,36,36,0,0,1.0,0.0,0.0,36,1.0,0.0027989144738923234,0.029909787284077685,0.9672912982420306
2015-02-15,14,14,0,0,1.0,0.0,0.0,14,1.0,0.000832388184307781,0.004328181939460834,0.994839429876233
2015-02-16,12,12,0,0,1.0,0.0,0.0,12,1.0,0.00021367583512870185,0.0010725275132260328,0.9987137966516452
2015-02-17,26,26,0,0,1.0,0.0,0.0,26,1.0,0.0010804279867033108,0.018175935098014667,0.9807436369152838
2015-02-18,35,35,0,0,1.0,0.0,0.0,35,1.0,0.003042788926861107,0.021832282144597873,0.9751249289285403
2015-02-19,29,29,0,0,1.0,0.0,0.0,29,1.0,0.003391057810726402,0.0263230905601891,0.9702858516290843
2015-02-20,34,34,0,0,1.0,0.0,0.0,34,1.0,0.0037879627492989603,0.025068427870696654,0.9711436093800048
2015-02-21,14,14,0,0,1.0,0.0,0.0,14,1.0,0.0020168919364425848,0.01809515943961179,0.9798879486239452
2015-02-22,12,12,0,0,1.0,0.0,0.0,12,1.0,0.00019007255055117608,0.0005809057742846524,0.9992290216751658
2015-02-23,28,27,0,1,0.9642857142857143,0.0,0.03571428571428571,27,0.9642857142857143,0.001348708696806101,0.03003527436512407,0.9686160169380688
2015-02-24,31,31,0,0,1.0,0.0,0.0,31,1.0,0.0010192132370113339,0.008090466428859244,0.9908903203341295
2015-02-25,36,36,0,0,1.0,0.0,0.0,36,1.0,0.003110517400562814,0.02103500326421799,0.9758544793352202
2015-02-26,35,35,0,0,1.0,0.0,0.0,35,1.0,0.009290505598142436,0.029972119361327765,0.9607373750405297
2015-02-27,26,26,0,0,1.0,0.0,0.0,26,1.0,0.004377800587063519,0.03602566050454674,0.9595965389083894
2015-02-28,19,19,0,0,1.0,0.0,0.0,19,1.0,0.012506692810767632,0.08005396982784736,0.9074393373613859
2015-03-01,10,10,0,0,1.0,0.0,0.0,10,1.0,5.480466521335899e-05,0.00022538783451395315,0.9997198075002697
2015-03-02,28,28,0,0,1.0,0.0,0.0,28,1.0,0.002791812594907528,0.03508160510018,0.9621265823049104
2015-03-03,40,40,0,0,1.0,0.0,0.0,40,1.0,0.002462296482583986,0.03118456619840253,0.9663531373190137
2015-03-04,29,29,0,0,1.0,0.0,0.0,29,1.0,0.0029564762334834873,0.03566051988616076,0.9613830038803574
2015-03-05,37,37,0,0,1.0,0.0,0.0,37,1.0,0.003622930892746686,0.030590916555746337,0.9657861525515063
2015-03-06,37,37,0,0,1.0,0.0,0.0,37,1.0,0.0025244466357544635,0.03303879710099848,0.9644367562632464
2015-03-07,35,35,0,0,1.0,0.0,0.0,35,1.0,0.003821018697363635,0.035970018528432256,0.9602089627742044
2015-03-08,18,18,0,0,1.0,0.0,0.0,18,1.0,0.0011186465685920001,0.008656515319568993,0.9902248381118393
2015-03-09,37,36,0,1,0.972972972972973,0.0,0.02702702702702703,36,0.972972972972973,0.002030547773747263,0.05247938914415336,0.9454900630820996
2015-03-10,66,65,0,1,0.9848484848484849,0.0,0.015151515151515152,65,0.9848484848484849,0.002921178575476857,0.04680684317812993,0.950271978246393
2015-03-11,45,43,0,2,0.9555555555555556,0.0,0.044444444444444446,43,0.9555555555555556,0.0036393664353518208,0.0488614747971114,0.9474991587675373
2015-03-12,40,39,0,1,0.975,0.0,0.025,39,0.975,0.002005043827094527,0.058667798819367636,0.9393271573535371
2015-03-13,31,31,0,0,1.0,0.0,0.0,31,1.0,0.0016356159201977255,0.03458754715999782,0.9637768369198051
2015-03-14,12,12,0,0,1.0,0.0,0.0,12,1.0,0.0037163521009616063,0.044128137859188336,0.9521555100398493
2015-03-15,2,2,0,0,1.0,0.0,0.0,2,1.0,0.00011606931136520985,0.0005160124003448592,0.9993679182882866
2015-03-16,12,12,0,0,1.0,0.0,0.0,12,1.0,0.002111815154477347,0.02176989340956051,0.9761182914359637
2015-03-17,50,50,0,0,1.0,0.0,0.0,50,1.0,0.001755840679070575,0.02538505875926253,0.9728591005616666
2015-03-18,50,50,0,0,1.0,0.0,0.0,50,1.0,0.0025383741398631214,0.024015155767356352,0.9734464700927806
2015-03-19,21,21,0,0,1.0,0.0,0.0,21,1.0,0.003998082092195807,0.02631069820909762,0.9696912196987076
2015-03-20,28,28,0,0,1.0,0.0,0.0,28,1.0,0.0014231485809025402,0.012360247412751726,0.9862166040063453
2015-03-21,15,15,0,0,1.0,0.0,0.0,15,1.0,0.0003756955819439001,0.00354679810592295,0.9960775063121328
2015-03-22,5,5,0,0,1.0,0.0,0.0,5,1.0,6.266210613372361e-05,0.00012781000897856584,0.9998095278848874
2015-03-23,26,26,0,0,1.0,0.0,0.0,26,1.0,0.00046573831069117493,0.011280765123888701,0.9882534965654197
2015-03-24,27,27,0,0,1.0,0.0,0.0,27,1.0,0.0029400316110685222,0.02888237050703937,0.9681775978818917
2015-03-25,17,17,0,0,1.0,0.0,0.0,17,1.0,0.0004939209871326315,0.009733775591082858,0.9897723034217834
2015-03-26,19,19,0,0,1.0,0.0,0.0,19,1.0,0.0023572523717844663,0.03780846002055962,0.9598342876076563
2015-03-27,22,22,0,0,1.0,0.0,0.0,22,1.0,0.0016770840805606828,0.021357571558390645,0.9769653443610486
2015-03-28,16,16,0,0,1.0,0.0,0.0,16,1.0,0.0031409326683803657,0.03550329270931267,0.9613557746223067
2015-03-29,3,3,0,0,1.0,0.0,0.0,3,1.0,8.120457987738796e-05,0.0006277475428449466,0.9992910478772726
2015-03-30,23,23,0,0,1.0,0.0,0.0,23,1.0,0.0015573890693270087,0.012225844601261882,0.9862167663294102
2015-03-31,27,27,0,0,1.0,0.0,0.0,27,1.0,0.0018229512426126459,0.01361232697647324,0.9845647217809158
2015-04-01,20,20,0,0,1.0,0.0,0.0,20,1.0,0.002844768770590397,0.031136436936098456,0.9660187942933108
2015-04-02,21,21,0,0,1.0,0.0,0.0,21,1.0,0.0015112642398392264,0.011428350088999624,0.9870603856711604
2015-04-03,6,6,0,0,1.0,0.0,0.0,6,1.0,0.007548752934702872,0.05852965590213879,0.9339215911631583
2015-04-04,3,3,0,0,1.0,0.0,0.0,3,1.0,0.0009848412880622567,0.014312913942496204,0.9847022447694389
2015-04-05,5,5,0,0,1.0,0.0,0.0,5,1.0,0.0013284786637857242,0.011568335479393626,0.9871031858568224
2015-04-06,24,24,0,0,1.0,0.0,0.0,24,1.0,0.002171657116202807,0.021564476300457592,0.9762638665833386
2015-04-07,23,23,0,0,1.0,0.0,0.0,23,1.0,0.0015374657027312315,0.025002054637619796,0.9734604796596483
2015-04-08,17,17,0,0,1.0,0.0,0.0,17,1.0,0.0028098765525485783,0.024655201717296234,0.9725349217301559
2015-04-09,17,17,0,0,1.0,0.0,0.0,17,1.0,0.0022689932036670645,0.02889309318192806,0.9688379136144053
2015-04-10,32,32,0,0,1.0,0.0,0.0,32,1.0,0.0020462804483095823,0.021843531394309026,0.9761101881573817
2015-04-11,21,21,0,0,1.0,0.0,0.0,21,1.0,0.0035671407832399715,0.039543909246664614,0.9568889499700952
2015-04-12,6,6,0,0,1.0,0.0,0.0,6,1.0,0.00036440263528501903,0.0019831213187476333,0.9976524760459698
2015-04-13,28,28,0,0,1.0,0.0,0.0,28,1.0,0.0016549210524737336,0.013424074399323662,0.9849210045482032
2015-04-14,35,35,0,0,1.0,0.0,0.0,35,1.0,0.0029094801633759637,0.03724092283525599,0.9598495970013671
2015-04-15,36,36,0,0,1.0,0.0,0.0,36,1.0,0.0023773953923044173,0.01769573237796218,0.979926872229734
2015-04-16,35,35,0,0,1.0,0.0,0.0,35,1.0,0.0017942041227742547,0.020912819237428115,0.9772929766397975
2015-04-17,32,32,0,0,1.0,0.0,0.0,32,1.0,0.0037553561942523313,0.04151909978333328,0.9547255440224146
2015-04-18,10,10,0,0,1.0,0.0,0.0,10,1.0,0.0019176268106941654,0.019340372811417508,0.978742000377888
2015-04-19,3,3,0,0,1.0,0.0,0.0,3,1.0,3.8923592907446094e-05,0.00025417056833513494,0.9997069058387558
2015-04-20,19,19,0,0,1.0,0.0,0.0,19,1.0,0.001782577630865153,0.033098201676385455,0.9651192206927485
2015-04-21,24,23,0,1,0.9583333333333334,0.0,0.041666666666666664,23,0.9583333333333334,0.0012322884113590833,0.04651820827677607,0.9522495033118652
2015-04-22,24,24,0,0,1.0,0.0,0.0,24,1.0,0.001312008114460259,0.014473779997404951,0.9842142118881348
2015-04-23,32,32,0,0,1.0,0.0,0.0,32,1.0,0.0027358978954075425,0.033263751296304406,0.9640003508082873
2015-04-24,50,50,0,0,1.0,0.0,0.0,50,1.0,0.002190065727482313,0.023184814902433327,0.9746251193700841
2015-04-25,67,67,0,0,1.0,0.0,0.0,67,1.0,0.0031847867985023708,0.0344126404047689,0.9624025727967287
2015-04-26,13,13,0,0,1.0,0.0,0.0,13,1.0,0.0006589844537791417,0.006456235259958707,0.9928847802862639
2015-04-27,41,41,0,0,1.0,0.0,0.0,41,1.0,0.0011748835028541837,0.010083080140228766,0.9887420363569164
2015-04-28,63,63,0,0,1.0,0.0,0.0,63,1.0,0.0018222800929407383,0.02120983801343513,0.9769678818936236
2015-04-29,70,70,0,0,1.0,0.0,0.0,70,1.0,0.0029783572482829992,0.026601359299232286,0.970420283452484
2015-04-30,51,51,0,0,1.0,0.0,0.0,51,1.0,0.0019406702552998186,0.024014577223556474,0.9740447525211445
2015-05-01,39,39,0,0,1.0,0.0,0.0,39,1.0,0.003039712904947308,0.036034366457007354,0.9609259206380457
2015-05-02,13,13,0,0,1.0,0.0,0.0,13,1.0,0.0019452526857565225,0.04156673579633669,0.9564880115179097
2015-05-03,8,8,0,0,1.0,0.0,0.0,8,1.0,0.00020254532868882078,0.0007541180198372743,0.9990433366514756
2015-05-04,25,25,0,0,1.0,0.0,0.0,25,1.0,0.00015147410637962908,0.0008714208235136286,0.9989771050701057
2015-05-05,32,32,0,0,1.0,0.0,0.0,32,1.0,0.0017082617878663264,0.024174080473299702,0.9741176577388335
2015-05-06,39,39,0,0,1.0,0.0,0.0,39,1.0,0.0011084756452005872,0.016761528239885,0.9821299961149145
2015-05-07,43,43,0,0,1.0,0.0,0.0,43,1.0,0.002087875347624477,0.014114654393731257,0.9837974702586446
2015-05-08,39,39,0,0,1.0,0.0,0.0,39,1.0,0.003309660713965418,0.024752285391388986,0.9719380538946456
2015-05-09,21,21,0,0,1.0,0.0,0.0,21,1.0,0.007208980636763583,0.04505441839202175,0.9477366009712144
2015-05-10,13,13,0,0,1.0,0.0,0.0,13,1.0,0.002356930765042724,0.011144651216488433,0.9864984180184665
2015-05-11,26,26,0,0,1.0,0.0,0.0,26,1.0,0.0018652167969204609,0.018326874408790578,0.9798079087942869
2015-05-12,30,30,0,0,1.0,0.0,0.0,30,1.0,0.0011555271630131348,0.01140129576118762,0.9874431770757999
2015-05-13,35,35,0,0,1.0,0.0,0.0,35,1.0,0.0018188639796866016,0.016178292866748527,0.9820028431535659
2015-05-14,32,32,0,0,1.0,0.0,0.0,32,1.0,0.0021271184581913246,0.022732786675867474,0.9751400948659421
2015-05-15,20,20,0,0,1.0,0.0,0.0,20,1.0,0.0028462035066130495,0.05113075298291455,0.9460230435104717
2015-05-16,16,16,0,0,1.0,0.0,0.0,16,1.0,0.0010891926471537326,0.007696080673656149,0.9912147266791899
2015-05-17,12,12,0,0,1.0,0.0,0.0,12,1.0,0.001101232843069384,0.005153898163695631,0.993744868993235
2015-05-18,43,43,0,0,1.0,0.0,0.0,43,1.0,0.0011369295882469735,0.01316101813153384,0.9857020522802185
2015-05-19,52,52,0,0,1.0,0.0,0.0,52,1.0,0.0041864190444288385,0.036529362307798956,0.959284218647772
2015-05-20,45,44,0,1,0.9777777777777777,0.0,0.022222222222222223,44,0.9777777777777777,0.0023563783815358534,0.03557183392497889,0.9620717876934853
2015-05-21,27,27,0,0,1.0,0.0,0.0,27,1.0,0.0023050068722241207,0.03023012415172575,0.9674648689760498
2015-05-22,29,29,0,0,1.0,0.0,0.0,29,1.0,0.002255849337138064,0.026828707560619062,0.9709154431022435
2015-05-23,3,3,0,0,1.0,0.0,0.0,3,1.0,5.529228938605241e-05,0.00015084221002056644,0.9997938655005907
2015-05-24,8,8,0,0,1.0,0.0,0.0,8,1.0,0.0004289157513185891,0.0014190933717878713,0.9981519908768941
2015-05-25,6,5,0,1,0.8333333333333334,0.0,0.16666666666666666,5,0.8333333333333334,0.0006648403745957475,0.0884165231136118,0.9109186365117905
2015-05-26,31,31,0,0,1.0,0.0,0.0,31,1.0,0.000615432483110976,0.005081760355287062,0.9943028071616019
2015-05-27,36,36,0,0,1.0,0.0,0.0,36,1.0,0.0038074878324771155,0.05332793955477425,0.9428645726127483
2015-05-28,38,38,0,0,1.0,0.0,0.0,38,1.0,0.004530883532692734,0.024697207278423106,0.9707719091888836
2015-05-29,26,26,0,0,1.0,0.0,0.0,26,1.0,0.002974787366264372,0.020487514534765335,0.9765376980989705
2015-05-30,17,17,0,0,1.0,0.0,0.0,17,1.0,0.0017617348353283597,0.01367106781090011,0.984567197353772
2015-05-31,10,10,0,0,1.0,0.0,0.0,10,1.0,0.001061781235092959,0.007020298030689473,0.9919179207342177
2015-06-01,29,29,0,0,1.0,0.0,0.0,29,1.0,0.001482709644504436,0.021349203038887335,0.9771680873166064
2015-06-02,29,29,0,0,1.0,0.0,0.0,29,1.0,0.0018639551496550573,0.03448577123421154,0.9636502736161333
2015-06-03,29,29,0,0,1.0,0.0,0.0,29,1.0,0.001933438619809645,0.024324677107236688,0.9737418842729527
2015-06-04,29,29,0,0,1.0,0.0,0.0,29,1.0,0.004119668485548318,0.030992589304362574,0.9648877422100895
2015-06-05,30,30,0,0,1.0,0.0,0.0,30,1.0,0.0014473979077814642,0.022384020819386497,0.9761685812728322
2015-06-06,20,20,0,0,1.0,0.0,0.0,20,1.0,0.0015370960597426656,0.033400090645246856,0.965062813295012
2015-06-07,14,14,0,0,1.0,0.0,0.0,14,1.0,0.0016114258217200812,0.009753243432228415,0.9886353307460506
2015-06-08,42,42,0,0,1.0,0.0,0.0,42,1.0,0.0012062998533085621,0.015448036386585758,0.9833456637601059
2015-06-09,61,61,0,0,1.0,0.0,0.0,61,1.0,0.00309188469955547,0.03606320805401314,0.960844907246432
2015-06-10,32,32,0,0,1.0,0.0,0.0,32,1.0,0.0023435185551092994,0.02455241608073786,0.9731040653641533
2015-06-11,33,32,0,1,0.9696969696969697,0.0,0.030303030303030304,32,0.9696969696969697,0.0045256293009609235,0.04277080548953427,0.9527035652095039
2015-06-12,34,34,0,0,1.0,0.0,0.0,34,1.0,0.0034006520099996366,0.026531097374546994,0.970068250615454
2015-06-13,12,12,0,0,1.0,0.0,0.0,12,1.0,0.001271397643148992,0.018510167590100848,0.9802184347667501
2015-06-14,12,12,0,0,1.0,0.0,0.0,12,1.0,0.00028119096281447854,0.0005784280391621501,0.9991403809980222
2015-06-15,20,20,0,0,1.0,0.0,0.0,20,1.0,0.0002223631207830563,0.00394762825689062,0.9958300086223248
2015-06-16,30,30,0,0,1.0,0.0,0.0,30,1.0,0.0020002823868658956,0.02823859647230672,0.9697611211408271
2015-06-17,19,19,0,0,1.0,0.0,0.0,19,1.0,0.0005502586888256568,0.004213900492330913,0.9952358408188423
2015-06-18,27,27,0,0,1.0,0.0,0.0,27,1.0,0.0014435759710673532,0.012683041944659688,0.9858733820842726
2015-06-19,23,23,0,0,1.0,0.0,0.0,23,1.0,0.00121362050678157,0.012842337963586003,0.9859440415296317
2015-06-20,8,8,0,0,1.0,0.0,0.0,8,1.0,0.004501499112454816,0.046459957443568574,0.9490385434439745
2015-06-21,9,9,0,0,1.0,0.0,0.0,9,1.0,0.0015540826594703928,0.03881469512022798,0.9596312222203015
2015-06-22,21,21,0,0,1.0,0.0,0.0,21,1.0,0.0017071900994880308,0.009583730058935806,0.9887090798415761
2015-06-23,33,33,0,0,1.0,0.0,0.0,33,1.0,0.004654418464578223,0.03552506101809735,0.9598205205173257
2015-06-24,29,29,0,0,1.0,0.0,0.0,29,1.0,0.0026196860352762515,0.03812922204997218,0.9592510919147504
2015-06-25,19,19,0,0,1.0,0.0,0.0,19,1.0,0.0030074966314047693,0.02456316472777022,0.9724293386408247
2015-06-26,27,27,0,0,1.0,0.0,0.0,27,1.0,0.0033756410961901023,0.03316693543178809,0.9634574234720229
2015-06-27,5,5,0,0,1.0,0.0,0.0,5,1.0,0.006667729167039976,0.06692492489885835,0.9264073459341013
2015-06-28,4,4,0,0,1.0,0.0,0.0,4,1.0,0.0013139986284610079,0.01874169189014763,0.9799443094813917
2015-06-29,16,16,0,0,1.0,0.0,0.0,16,1.0,0.0019179625247510686,0.0331668074655097,0.9649152300097399
2015-06-30,15,15,0,0,1.0,0.0,0.0,15,1.0,0.0029836538008386902,0.030430899020452793,0.966585447178708
2015-07-01,31,30,0,1,0.967741935483871,0.0,0.03225806451612903,30,0.967741935483871,0.004426619211556034,0.05081334154410786,0.9447600392443353
2015-07-02,17,17,0,0,1.0,0.0,0.0,17,1.0,0.0016875607689422506,0.03315993717012605,0.9651525020609304
2015-07-03,6,6,0,0,1.0,0.0,0.0,6,1.0,0.005020134730835553,0.0908884871336938,0.9040913781354699
2015-07-04,2,2,0,0,1.0,0.0,0.0,2,1.0,0.0007355952264449213,0.01451813890114639,0.9847462658724064
2015-07-05,1,1,0,0,1.0,0.0,0.0,1,1.0,0.010627842837395493,0.038882545510466236,0.9504896116521369
2015-07-06,12,12,0,0,1.0,0.0,0.0,12,1.0,0.0012031734063642418,0.013515799065410847,0.9852810275282242
2015-07-07,18,18,0,0,1.0,0.0,0.0,18,1.0,0.002180852825359348,0.04396552869106086,0.9538536184835807
2015-07-08,29,29,0,0,1.0,0.0,0.0,29,1.0,0.001885821824785449,0.02202970870835837,0.9760844694668558
2015-07-09,34,34,0,0,1.0,0.0,0.0,34,1.0,0.004127194079775061,0.03088470533091068,0.9649881005893145
2015-07-10,25,25,0,0,1.0,0.0,0.0,25,1.0,0.0028992224321409076,0.020949448481526224,0.9761513290863323
2015-07-11,7,7,0,0,1.0,0.0,0.0,7,1.0,0.006397233936245038,0.09747527204598513,0.8961274940177698
2015-07-12,1,1,0,0,1.0,0.0,0.0,1,1.0,0.004374337841011312,0.100946458377737,0.8946792037812531
2015-07-13,20,19,0,1,0.95,0.0,0.05,19,0.95,0.0017270529481700895,0.055952526944973005,0.9423204201068558
2015-07-14,23,23,0,0,1.0,0.0,0.0,23,1.0,0.0024005195152225095,0.036152690080509975,0.9614467904042673
2015-07-15,20,19,0,1,0.95,0.0,0.05,19,0.95,0.004092464777220552,0.07985707834498514,0.9160504568777943
2015-07-16,13,9,0,4,0.6923076923076923,0.0,0.3076923076923077,9,0.6923076923076923,0.004103531095697392,0.2417193837587228,0.7541770851455788
2015-07-17,30,30,0,0,1.0,0.0,0.0,30,1.0,0.006447841741711578,0.031118922859186625,0.9624332353991017
2015-07-18,4,4,0,0,1.0,0.0,0.0,4,1.0,0.005678608690767737,0.07201339080107093,0.9223080005081609
2015-07-19,1,1,0,0,1.0,0.0,0.0,1,1.0,0.0008193704784657707,0.016129624850952897,0.9830510046705804
2015-07-20,30,30,0,0,1.0,0.0,0.0,30,1.0,0.001914285853186054,0.019783593160210885,0.9783021209866039
2015-07-21,45,45,0,0,1.0,0.0,0.0,45,1.0,0.002310955266392485,0.027775326176929956,0.9699137185566775
2015-07-22,70,70,0,0,1.0,0.0,0.0,70,1.0,0.003530362459194685,0.03983524280837283,0.956634394732433
2015-07-23,64,64,0,0,1.0,0.0,0.0,64,1.0,0.004361039533870258,0.03223052367214532,0.9634084367939849
2015-07-24,26,26,0,0,1.0,0.0,0.0,26,1.0,0.0016284065833705186,0.01848003091569434,0.9798915625009342
2015-07-25,4,4,0,0,1.0,0.0,0.0,4,1.0,0.007372179259226818,0.1385132435725111,0.8541145771682628
2015-07-26,1,1,0,0,1.0,0.0,0.0,1,1.0,3.927058093106621e-05,0.00027717451213671724,0.9996835549069291
2015-07-27,18,18,0,0,1.0,0.0,0.0,18,1.0,0.0008536819553921296,0.013293490352046113,0.9858528276925629
2015-07-28,19,19,0,0,1.0,0.0,0.0,19,1.0,0.0008554485564352634,0.014290559666467376,0.9848539917770976
2015-07-29,21,21,0,0,1.0,0.0,0.0,21,1.0,0.0007170950193439042,0.007416865703910454,0.9918660392767451
2015-07-30,7,7,0,0,1.0,0.0,0.0,7,1.0,0.0016468159440007246,0.02935442437954414,0.9689987596764558
2015-07-31,18,18,0,0,1.0,0.0,0.0,18,1.0,0.0038492104566245572,0.04734511927889637,0.9488056702644789
2015-08-01,5,5,0,0,1.0,0.0,0.0,5,1.0,0.003867254433141018,0.05151202137719726,0.9446207241896613
2015-08-02,1,1,0,0,1.0,0.0,0.0,1,1.0,1.5214630890518864e-05,7.288411977922135e-05,0.9999119012493292
2015-08-03,15,15,0,0,1.0,0.0,0.0,15,1.0,0.00112855409196862,0.011078507804974927,0.9877929381030556
2015-08-04,31,31,0,0,1.0,0.0,0.0,31,1.0,0.0021435548235495755,0.023987963718134452,0.9738684814583184
2015-08-05,37,37,0,0,1.0,0.0,0.0,37,1.0,0.0028986410015201963,0.03268624131571283,0.9644151176827667
2015-08-06,24,24,0,0,1.0,0.0,0.0,24,1.0,0.002009106702588016,0.027839164138442948,0.9701517291589689
2015-08-07,23,23,0,0,1.0,0.0,0.0,23,1.0,0.003567520832780383,0.03614195703475504,0.960290522132466
2015-08-08,4,4,0,0,1.0,0.0,0.0,4,1.0,0.014576869870473005,0.03720760885622264,0.9482155212733042
2015-08-09,2,2,0,0,1.0,0.0,0.0,2,1.0,0.006512313520985202,0.053496326877740225,0.9399913596012729
2015-08-10,18,18,0,0,1.0,0.0,0.0,18,1.0,0.0013081632671181254,0.018264480665483154,0.9804273560673988
2015-08-11,23,23,0,0,1.0,0.0,0.0,23,1.0,0.004228299355022273,0.051883998411628586,0.9438877022333506
2015-08-12,19,19,0,0,1.0,0.0,0.0,19,1.0,0.00262056235450912,0.03267682140773448,0.9647026162377571
2015-08-13,23,23,0,0,1.0,0.0,0.0,23,1.0,0.002683763838568806,0.03552444054034597,0.9617917956210853
2015-08-14,21,21,0,0,1.0,0.0,0.0,21,1.0,0.003654465135693741,0.03499527819621669,0.9613502566680894
2015-08-15,5,5,0,0,1.0,0.0,0.0,5,1.0,0.0033376696466173106,0.018673853625246584,0.977988476728135
2015-08-17,12,12,0,0,1.0,0.0,0.0,12,1.0,0.0013377381649112838,0.009516944402014315,0.989145317433073
2015-08-18,24,24,0,0,1.0,0.0,0.0,24,1.0,0.002170815676924247,0.022948739541967658,0.9748804447811082
2015-08-19,25,25,0,0,1.0,0.0,0.0,25,1.0,0.002865748369256965,0.02631685565051067,0.9708173959802323
2015-08-20,16,16,0,0,1.0,0.0,0.0,16,1.0,0.002177118377890568,0.02112372251539546,0.9766991591067151
2015-08-21,18,18,0,0,1.0,0.0,0.0,18,1.0,0.0023127572926220663,0.01780854551219528,0.979878697195181
2015-08-22,13,13,0,0,1.0,0.0,0.0,13,1.0,0.0041406209452078445,0.057495629818018514,0.938363749236774
2015-08-23,2,2,0,0,1.0,0.0,0.0,2,1.0,0.003660259517813687,0.022831543223092804,0.973508197259095
2015-08-24,17,17,0,0,1.0,0.0,0.0,17,1.0,0.0012072193018124158,0.009620116035389632,0.9891726646627987
2015-08-25,31,31,0,0,1.0,0.0,0.0,31,1.0,0.0034346931251239554,0.027332535356637384,0.9692327715182392
2015-08-26,20,20,0,0,1.0,0.0,0.0,20,1.0,0.0023456342902472465,0.009663950537655158,0.9879904151720986
2015-08-27,20,20,0,0,1.0,0.0,0.0,20,1.0,0.0016009422046896697,0.01029654799605154,0.9881025097992591
2015-08-28,30,30,0,0,1.0,0.0,0.0,30,1.0,0.0024207938463716716,0.021128223760609653,0.976450982393018
2015-08-29,7,7,0,0,1.0,0.0,0.0,7,1.0,0.004795921319924573,0.07201559069668624,0.923188487983389
2015-08-30,3,3,0,0,1.0,0.0,0.0,3,1.0,0.0009969301188409946,0.02093818765289661,0.9780648822282646
2015-08-31,12,12,0,0,1.0,0.0,0.0,12,1.0,0.0016400342361807027,0.012142073950898969,0.986217891812923
2015-09-01,22,22,0,0,1.0,0.0,0.0,22,1.0,0.0024631574314132073,0.03534996006217024,0.9621868825064162
2015-09-02,28,28,0,0,1.0,0.0,0.0,28,1.0,0.0034934494901749974,0.04272151079619748,0.9537850397136258
2015-09-03,21,21,0,0,1.0,0.0,0.0,21,1.0,0.00547884151392081,0.04047840563899337,0.9540427528470874
2015-09-04,12,12,0,0,1.0,0.0,0.0,12,1.0,0.0041595947111492245,0.039904564881063656,0.9559358404077862
2015-09-05,1,1,0,0,1.0,0.0,0.0,1,1.0,3.7000153957338327e-06,6.150117057714344e-05,0.999934798814026
2015-09-06,1,1,0,0,1.0,0.0,0.0,1,1.0,2.5472963879786485e-05,0.0001369799957436698,0.9998375470403726
2015-09-07,9,9,0,0,1.0,0.0,0.0,9,1.0,0.004130294792734299,0.08984780572505154,0.9060218994822136
2015-09-08,18,18,0,0,1.0,0.0,0.0,18,1.0,0.003607884984294937,0.03236510860938442,0.9640270064063221
2015-09-09,34,34,0,0,1.0,0.0,0.0,34,1.0,0.0023479563351683154,0.03631568888467945,0.9613363547801522
2015-09-10,66,66,0,0,1.0,0.0,0.0,66,1.0,0.00396488186111257,0.05818532136983654,0.9378497967690506
2015-09-11,44,44,0,0,1.0,0.0,0.0,44,1.0,0.0033521440543751945,0.04411704741148715,0.9525308085341385
2015-09-12,5,5,0,0,1.0,0.0,0.0,5,1.0,0.0026448419387396583,0.03415630137074852,0.9631988566905128
2015-09-14,27,27,0,0,1.0,0.0,0.0,27,1.0,0.002055067726591071,0.02650595650634889,0.9714389757670604
2015-09-15,30,30,0,0,1.0,0.0,0.0,30,1.0,0.0036302623228187786,0.03259249300424087,0.9637772446729408
2015-09-16,25,25,0,0,1.0,0.0,0.0,25,1.0,0.002336488138746943,0.027882941175479067,0.9697805706857723
2015-09-17,40,40,0,0,1.0,0.0,0.0,40,1.0,0.002530407493781195,0.029991296523076118,0.9674782959831429
2015-09-18,23,23,0,0,1.0,0.0,0.0,23,1.0,0.00438013010266757,0.05452023808740636,0.9410996318099257
2015-09-19,13,13,0,0,1.0,0.0,0.0,13,1.0,0.004755742616778424,0.050219167688148346,0.9450250896950738
2015-09-20,3,3,0,0,1.0,0.0,0.0,3,1.0,0.004569367489228871,0.05820025229389736,0.937230380216875
2015-09-21,26,26,0,0,1.0,0.0,0.0,26,1.0,0.004809385877106258,0.07810043426288038,0.9170901798600125
2015-09-22,33,33,0,0,1.0,0.0,0.0,33,1.0,0.0024498279291974173,0.039135438687636234,0.958414733383166
2015-09-23,23,23,0,0,1.0,0.0,0.0,23,1.0,0.0054243578326240915,0.05880902039771554,0.9357666217696605
2015-09-24,22,22,0,0,1.0,0.0,0.0,22,1.0,0.002379149345168106,0.027277076627680332,0.9703437740271528
2015-09-25,38,38,0,0,1.0,0.0,0.0,38,1.0,0.0042723483604980485,0.046502064637713,0.9492255870017897
2015-09-26,6,6,0,0,1.0,0.0,0.0,6,1.0,0.0022203864921284417,0.04239824038901909,0.9553813731188524
2015-09-27,2,2,0,0,1.0,0.0,0.0,2,1.0,2.367398270838012e-05,0.00013615009882267455,0.9998401759184643
2015-09-28,19,19,0,0,1.0,0.0,0.0,19,1.0,0.002253772581921016,0.022771039454825708,0.974975187963253
2015-09-29,34,34,0,0,1.0,0.0,0.0,34,1.0,0.002222440458781686,0.018738632462783414,0.979038927078435
2015-09-30,28,28,0,0,1.0,0.0,0.0,28,1.0,0.0028142874162079613,0.026891530380209437,0.9702941822035832
2015-10-01,25,25,0,0,1.0,0.0,0.0,25,1.0,0.0012847862453380105,0.01906584783811038,0.9796493659165523
2015-10-02,29,29,0,0,1.0,0.0,0.0,29,1.0,0.003297120556304064,0.03951138809109042,0.9571914913526053
2015-10-03,1,1,0,0,1.0,0.0,0.0,1,1.0,1.2583968685769234e-06,5.195525449851757e-06,0.9999935460776832
2015-10-04,1,1,0,0,1.0,0.0,0.0,1,1.0,7.59682113418294e-05,0.000848355752157628,0.9990756760365002
2015-10-05,23,23,0,0,1.0,0.0,0.0,23,1.0,0.0039988327889746355,0.04873540380264219,0.9472657634083832
2015-10-06,21,21,0,0,1.0,0.0,0.0,21,1.0,0.0022693957501985543,0.025685563600871947,0.9720450406489285
2015-10-07,17,17,0,0,1.0,0.0,0.0,17,1.0,0.002035271217026268,0.026684450571578627,0.9712802782113958
2015-10-08,18,18,0,0,1.0,0.0,0.0,18,1.0,0.0025119693408445737,0.038152293501776804,0.9593357371573789
2015-10-09,40,40,0,0,1.0,0.0,0.0,40,1.0,0.0016038593504508487,0.016980310011756154,0.9814158306377928
2015-10-10,9,9,0,0,1.0,0.0,0.0,9,1.0,0.007834007424712503,0.1059855452808295,0.886180447294458
2015-10-11,3,3,0,0,1.0,0.0,0.0,3,1.0,0.00039133568769200944,0.0010325652030517207,0.9985760991092597
2015-10-12,19,19,0,0,1.0,0.0,0.0,19,1.0,0.0009873729823952886,0.01844369360112699,0.980568933416479
2015-10-13,16,16,0,0,1.0,0.0,0.0,16,1.0,0.0050178509139862035,0.062119733563766946,0.9328624155222477
2015-10-14,32,32,0,0,1.0,0.0,0.0,32,1.0,0.009895038089903961,0.05784651492378717,0.9322584469863082
2015-10-15,23,23,0,0,1.0,0.0,0.0,23,1.0,0.006799274895067964,0.050207105314753434,0.9429936197901793
2015-10-16,21,21,0,0,1.0,0.0,0.0,21,1.0,0.004930639285885823,0.046249814165326725,0.9488195465487889
2015-10-17,16,16,0,0,1.0,0.0,0.0,16,1.0,0.05824064060157456,0.08098021546049064,0.8607791439379356
2015-10-18,3,3,0,0,1.0,0.0,0.0,3,1.0,2.1260277192091315e-05,0.0001809036995778317,0.9997978360232288
2015-10-19,18,18,0,0,1.0,0.0,0.0,18,1.0,0.0007120196294638156,0.008541090066478694,0.9907468903040585
2015-10-20,24,24,0,0,1.0,0.0,0.0,24,1.0,0.003855927323896797,0.026151306266703894,0.9699927664093995
2015-10-21,31,31,0,0,1.0,0.0,0.0,31,1.0,0.004869956408160098,0.03898336526350603,0.9561466783283348
2015-10-22,18,18,0,0,1.0,0.0,0.0,18,1.0,0.002428288930708448,0.03905458144830008,0.9585171296209912
2015-10-23,18,18,0,0,1.0,0.0,0.0,18,1.0,0.0009414299414551513,0.0043963939881535635,0.9946621760703902
2015-10-24,4,4,0,0,1.0,0.0,0.0,4,1.0,0.0014171352374725485,0.015971528000082596,0.9826113367624465
2015-10-25,4,4,0,0,1.0,0.0,0.0,4,1.0,0.0005652004352077763,0.012049545824140143,0.9873852537406502
2015-10-26,26,26,0,0,1.0,0.0,0.0,26,1.0,0.0006223845057623244,0.018083769649029587,0.9812938458452083
2015-10-27,46,46,0,0,1.0,0.0,0.0,46,1.0,0.004279463007988947,0.02736418543147356,0.968356351560538
2015-10-28,62,62,0,0,1.0,0.0,0.0,62,1.0,0.003005317139595187,0.032094423286729776,0.9649002595736738
2015-10-29,34,34,0,0,1.0,0.0,0.0,34,1.0,0.002240869105359703,0.02138274574212516,0.9763763851525153
2015-10-30,24,23,0,1,0.9583333333333334,0.0,0.041666666666666664,23,0.9583333333333334,0.004217604324368652,0.07232028452264481,0.9234621111529867
2015-10-31,9,9,0,0,1.0,0.0,0.0,9,1.0,0.0027836201040169883,0.08134766079994663,0.9158687190960367
2015-11-01,2,2,0,0,1.0,0.0,0.0,2,1.0,1.1474842868143775e-05,0.0001676275637565099,0.9998208975933734
2015-11-02,16,15,0,1,0.9375,0.0,0.0625,15,0.9375,0.0003224678311024982,0.03987150505593176,0.9598060271129643
2015-11-03,26,26,0,0,1.0,0.0,0.0,26,1.0,0.002333866557537517,0.04779172374055851,0.9498744097019048
2015-11-04,24,24,0,0,1.0,0.0,0.0,24,1.0,0.0015756574569159622,0.020956767945585056,0.9774675745974996
2015-11-05,24,24,0,0,1.0,0.0,0.0,24,1.0,0.0016825628494041046,0.019510971832540806,0.9788064653180553
2015-11-06,19,19,0,0,1.0,0.0,0.0,19,1.0,0.002696567421385592,0.026976824872728764,0.9703266077058851
2015-11-07,3,3,0,0,1.0,0.0,0.0,3,1.0,0.0017733273891243847,0.03225633069247809,0.9659703419184026
2015-11-08,4,4,0,0,1.0,0.0,0.0,4,1.0,0.008953288260992233,0.03183454649619269,0.9592121652428174
2015-11-09,14,14,0,0,1.0,0.0,0.0,14,1.0,0.007261850396462667,0.06730311531999403,0.9254350342835441
2015-11-10,28,27,0,1,0.9642857142857143,0.0,0.03571428571428571,27,0.9642857142857143,0.002943504528902876,0.06414419391631403,0.9329123015547844
2015-11-11,28,28,0,0,1.0,0.0,0.0,28,1.0,0.0026795202479117553,0.036919022753352515,0.9604014569987352
2015-11-12,29,29,0,0,1.0,0.0,0.0,29,1.0,0.004551352127017333,0.0424499987277399,0.9529986491452423
2015-11-13,18,18,0,0,1.0,0.0,0.0,18,1.0,0.0024637882765709803,0.026763711978536945,0.9707724997448923
2015-11-15,1,1,0,0,1.0,0.0,0.0,1,1.0,8.711984189783573e-06,1.887257846898231e-05,0.9999724154373348
2015-11-16,10,10,0,0,1.0,0.0,0.0,10,1.0,0.0012445107591660045,0.029796328433660202,0.9689591608071761
2015-11-17,29,29,0,0,1.0,0.0,0.0,29,1.0,0.0024537247390355034,0.031109983869634778,0.9664362913913306
2015-11-18,27,27,0,0,1.0,0.0,0.0,27,1.0,0.0018385648839643345,0.034181837468230544,0.9639795976478042
2015-11-19,27,27,0,0,1.0,0.0,0.0,27,1.0,0.002804719064062249,0.03247057506679721,0.9647247058691404
2015-11-20,14,14,0,0,1.0,0.0,0.0,14,1.0,0.0013918939053425756,0.02490493652733538,0.9737031695673231
2015-11-21,10,10,0,0,1.0,0.0,0.0,10,1.0,0.006663402444583355,0.06853651886197352,0.9248000786934428
2015-11-22,2,2,0,0,1.0,0.0,0.0,2,1.0,0.0005959612554077914,0.0017043901294753858,0.9976996486151164
2015-11-23,14,14,0,0,1.0,0.0,0.0,14,1.0,0.0006539089145817689,0.014072725164371028,0.9852733659210499
2015-11-24,23,22,0,1,0.9565217391304348,0.0,0.043478260869565216,22,0.9565217391304348,0.0024549000470005964,0.04401558294936477,0.953529517003635
2015-11-25,21,21,0,0,1.0,0.0,0.0,21,1.0,0.005330283143151754,0.036633475794483936,0.9580362410623637
2015-11-26,4,4,0,0,1.0,0.0,0.0,4,1.0,0.0020772844672012378,0.014611319262236425,0.9833113962705627
2015-11-27,11,11,0,0,1.0,0.0,0.0,11,1.0,0.0024129031079455493,0.01407259801300617,0.9835144988790474
2015-11-28,1,1,0,0,1.0,0.0,0.0,1,1.0,7.417153966751621e-06,9.763262569445008e-06,0.9999828195834564
2015-11-29,1,1,0,0,1.0,0.0,0.0,1,1.0,2.8110345945835967e-05,0.00016742352832270523,0.9998044661257371
2015-11-30,12,12,0,0,1.0,0.0,0.0,12,1.0,0.00111368567705692,0.01207989004504022,0.9868064242779025
2015-12-01,15,15,0,0,1.0,0.0,0.0,15,1.0,0.0023240082244358863,0.04652511286639304,0.9511508789091724
2015-12-02,19,19,0,0,1.0,0.0,0.0,19,1.0,0.0028566738701536454,0.046811332765580325,0.9503319933642667
2015-12-03,23,23,0,0,1.0,0.0,0.0,23,1.0,0.0021065383978228136,0.024383416001596662,0.9735100456005815
2015-12-04,24,24,0,0,1.0,0.0,0.0,24,1.0,0.004461437844953458,0.046694800591171946,0.9488437615638755
2015-12-05,7,7,0,0,1.0,0.0,0.0,7,1.0,0.006495180739708982,0.06594734327246292,0.9275574759878275
2015-12-06,3,3,0,0,1.0,0.0,0.0,3,1.0,0.00486751275434934,0.037744750607614404,0.9573877366380396
2015-12-07,9,9,0,0,1.0,0.0,0.0,9,1.0,0.0007617171321901835,0.008425234030172517,0.9908130488376372
2015-12-08,19,19,0,0,1.0,0.0,0.0,19,1.0,0.003093386211071444,0.048275250068599285,0.9486313637203295
2015-12-09,26,26,0,0,1.0,0.0,0.0,26,1.0,0.0035869120011648233,0.04270458994047069,0.9537084980583642
2015-12-10,29,29,0,0,1.0,0.0,0.0,29,1.0,0.003779852108231815,0.02648529976935672,0.9697348481224103
2015-12-11,25,25,0,0,1.0,0.0,0.0,25,1.0,0.002440155799013029,0.030383049816512346,0.9671767943844755
2015-12-12,4,4,0,0,1.0,0.0,0.0,4,1.0,0.0012940345426941011,0.012195820829203992,0.9865101446281022
2015-12-13,2,2,0,0,1.0,0.0,0.0,2,1.0,4.950628637305244e-05,0.00018196560926991924,0.9997685281043592
2015-12-14,29,29,0,0,1.0,0.0,0.0,29,1.0,0.0037616754866618353,0.022653986505042984,0.9735843380082944
2015-12-15,56,56,0,0,1.0,0.0,0.0,56,1.0,0.004501690815560832,0.04186592211073684,0.9536323870737018
2015-12-16,19,19,0,0,1.0,0.0,0.0,19,1.0,0.002054720321781623,0.024710787361764387,0.9732344923164534
2015-12-17,20,20,0,0,1.0,0.0,0.0,20,1.0,0.0031838802254194254,0.02403725967678049,0.9727788600977998
2015-12-18,27,27,0,0,1.0,0.0,0.0,27,1.0,0.0025724184088561884,0.0300202805982254,0.9674073009929194
2015-12-19,11,11,0,0,1.0,0.0,0.0,11,1.0,0.004072473660638769,0.07197230008105795,0.923955226258303
2015-12-20,3,3,0,0,1.0,0.0,0.0,3,1.0,6.152960712154595e-05,0.0004402626808613994,0.9994982077120187
2015-12-21,29,29,0,0,1.0,0.0,0.0,29,1.0,0.001723871529817725,0.019527379916881627,0.9787487485533005
2015-12-22,32,32,0,0,1.0,0.0,0.0,32,1.0,0.004960359766134048,0.03663543615825886,0.9584042040756078
2015-12-23,19,19,0,0,1.0,0.0,0.0,19,1.0,0.0036978646534149015,0.031562165258895346,0.9647399700876891
2015-12-24,13,13,0,0,1.0,0.0,0.0,13,1.0,0.000960416174607017,0.006804952606247128,0.9922346312191472
2015-12-25,7,7,0,0,1.0,0.0,0.0,7,1.0,0.004709354792485424,0.051885878760065084,0.9434047664474496
2015-12-28,16,16,0,0,1.0,0.0,0.0,16,1.0,0.00023320544469207247,0.001726969847387794,0.9980398247079214
2015-12-29,21,21,0,0,1.0,0.0,0.0,21,1.0,0.0012160391818569656,0.009439215918930901,0.9893447448992134
2015-12-30,27,27,0,0,1.0,0.0,0.0,27,1.0,0.0035944105342063694,0.03708040046954119,0.9593251889962523
2015-12-31,11,11,0,0,1.0,0.0,0.0,11,1.0,0.00035322038594085215,0.002857049865316473,0.9967897297487422
2016-01-01,6,6,0,0,1.0,0.0,0.0,6,1.0,0.0031182059783694815,0.036983757680962896,0.9598980363406672
2016-01-02,4,4,0,0,1.0,0.0,0.0,4,1.0,1.5183141042214304e-06,1.1522244793246433e-05,0.999986959441097
2016-01-03,1,1,0,0,1.0,0.0,0.0,1,1.0,0.00011648600396504556,0.0006466441221991269,0.9992368698738319
2016-01-04,17,17,0,0,1.0,0.0,0.0,17,1.0,0.0005114153128979853,0.004827964737684481,0.994660619949417
2016-01-05,15,15,0,0,1.0,0.0,0.0,15,1.0,0.0022332670671675373,0.021141379736235755,0.9766253531965973
2016-01-06,31,31,0,0,1.0,0.0,0.0,31,1.0,0.004002276984608514,0.029582086275025867,0.966415636740366
2016-01-07,36,36,0,0,1.0,0.0,0.0,36,1.0,0.0022474523444952123,0.023199565689143324,0.9745529819663611
2016-01-08,40,40,0,0,1.0,0.0,0.0,40,1.0,0.0025808484263728014,0.020544077389859795,0.9768750741837676
2016-01-09,15,15,0,0,1.0,0.0,0.0,15,1.0,0.0071035570116358806,0.051102357604240485,0.9417940853841239
2016-01-10,1,1,0,0,1.0,0.0,0.0,1,1.0,5.16462756830756e-07,2.7354627174331223e-06,0.9999967480745238
2016-01-11,17,17,0,0,1.0,0.0,0.0,17,1.0,0.001755024753533758,0.012699843029243102,0.9855451322172222
2016-01-12,30,30,0,0,1.0,0.0,0.0,30,1.0,0.00296492550896374,0.030419878965156563,0.9666151955258808
2016-01-13,22,22,0,0,1.0,0.0,0.0,22,1.0,0.0018742098232009188,0.022482654499193663,0.9756431356776051
2016-01-14,18,18,0,0,1.0,0.0,0.0,18,1.0,0.0019795927440976,0.017033241085424197,0.9809871661704794
2016-01-15,23,23,0,0,1.0,0.0,0.0,23,1.0,0.003174006292751346,0.02592344932360899,0.9709025443836385
2016-01-16,6,6,0,0,1.0,0.0,0.0,6,1.0,0.003700512493152035,0.05177740422640209,0.9445220832804453
2016-01-17,7,7,0,0,1.0,0.0,0.0,7,1.0,0.0023948548982246137,0.01366638196311847,0.9839387631386558
2016-01-18,8,8,0,0,1.0,0.0,0.0,8,1.0,0.000850338455873223,0.049804938533804265,0.9493447230103196
2016-01-19,22,22,0,0,1.0,0.0,0.0,22,1.0,0.004041486873670458,0.029253267774854087,0.9667052453514754
2016-01-20,13,13,0,0,1.0,0.0,0.0,13,1.0,0.0031462574902035075,0.015819440452822065,0.9810343020569751
2016-01-21,19,19,0,0,1.0,0.0,0.0,19,1.0,0.001686724257650163,0.022386831895595607,0.9759264438467534
2016-01-22,29,29,0,0,1.0,0.0,0.0,29,1.0,0.002825646907986956,0.03424826868606758,0.9629260844059464
2016-01-23,11,11,0,0,1.0,0.0,0.0,11,1.0,0.005433315751383233,0.08204853666010857,0.9125181475885068
2016-01-25,23,23,0,0,1.0,0.0,0.0,23,1.0,0.0014814629904744646,0.01348659537745398,0.9850319416320683
2016-01-26,23,23,0,0,1.0,0.0,0.0,23,1.0,0.0013999794605972019,0.013040301296532412,0.9855597192428702
2016-01-27,53,53,0,0,1.0,0.0,0.0,53,1.0,0.0032545342987855205,0.043397000554966536,0.9533484651462476
2016-01-28,44,44,0,0,1.0,0.0,0.0,44,1.0,0.005141499383311266,0.03952639795060257,0.9553321026660864
2016-01-29,23,23,0,0,1.0,0.0,0.0,23,1.0,0.0025548747415847376,0.048589499385371174,0.9488556258730442
2016-01-30,4,4,0,0,1.0,0.0,0.0,4,1.0,0.0022170385607910605,0.033472433480657114,0.9643105279585527
2016-01-31,4,4,0,0,1.0,0.0,0.0,4,1.0,5.732983789299512e-05,0.00028679924893053495,0.9996558709131734
2016-02-01,17,17,0,0,1.0,0.0,0.0,17,1.0,0.0003512101301619372,0.003138539968839793,0.9965102499009972
2016-02-02,28,28,0,0,1.0,0.0,0.0,28,1.0,0.002876834551688004,0.022655996693986737,0.9744671687543258
2016-02-03,24,24,0,0,1.0,0.0,0.0,24,1.0,0.005138262435114411,0.02728245143823513,0.9675792861266505
2016-02-04,24,24,0,0,1.0,0.0,0.0,24,1.0,0.006564680577524494,0.0401572598733082,0.9532780595491674
2016-02-05,13,13,0,0,1.0,0.0,0.0,13,1.0,0.0017001759328569089,0.0059568618712549076,0.9923429621958887
2016-02-06,2,2,0,0,1.0,0.0,0.0,2,1.0,0.0009877430293978367,0.021331345835471836,0.977680911135127
2016-02-07,5,5,0,0,1.0,0.0,0.0,5,1.0,3.8618468017859726e-05,9.708491327398638e-05,0.9998642966187099
2016-02-08,12,12,0,0,1.0,0.0,0.0,12,1.0,0.0025784820577438223,0.019936099666376838,0.9774854182758772
2016-02-09,16,16,0,0,1.0,0.0,0.0,16,1.0,0.0023234637148337673,0.04004792184117373,0.957628614443992
2016-02-10,17,17,0,0,1.0,0.0,0.0,17,1.0,0.0012180355317287627,0.010975418874380562,0.9878065455938909
2016-02-11,13,13,0,0,1.0,0.0,0.0,13,1.0,0.002828121076367189,0.06644622391720138,0.9307256550064321
2016-02-12,16,16,0,0,1.0,0.0,0.0,16,1.0,0.0032990438170858545,0.05026397839318254,0.9464369777897325
2016-02-13,7,7,0,0,1.0,0.0,0.0,7,1.0,0.002807748833117098,0.05708089149658425,0.9401113596702986
2016-02-14,2,2,0,0,1.0,0.0,0.0,2,1.0,1.8941748159278654e-05,6.120111262214281e-05,0.9999198571392133
2016-02-15,4,4,0,0,1.0,0.0,0.0,4,1.0,0.0026264231366510873,0.05717842641772872,0.9401951504456216
2016-02-16,22,22,0,0,1.0,0.0,0.0,22,1.0,0.0010977293396404518,0.009822624188223087,0.9890796464721379
2016-02-17,35,35,0,0,1.0,0.0,0.0,35,1.0,0.002745505972841443,0.030777150979592677,0.9664773430475653
2016-02-18,50,50,0,0,1.0,0.0,0.0,50,1.0,0.006478861600244524,0.048016974353082366,0.945504164046673
2016-02-19,41,41,0,0,1.0,0.0,0.0,41,1.0,0.004001491834655492,0.040299376931219585,0.9556991312341255
2016-02-20,23,23,0,0,1.0,0.0,0.0,23,1.0,0.01714538869471632,0.06724902601925983,0.9156055852860235
2016-02-21,4,4,0,0,1.0,0.0,0.0,4,1.0,0.009359390202702988,0.07827722320978185,0.9123633865875163
2016-02-22,20,20,0,0,1.0,0.0,0.0,20,1.0,0.0021174876669267538,0.028490640543737223,0.9693918717893377
2016-02-23,29,29,0,0,1.0,0.0,0.0,29,1.0,0.0050183792698376304,0.052623909448273,0.9423577112818888
2016-02-24,35,35,0,0,1.0,0.0,0.0,35,1.0,0.007565766838134643,0.04616712849753249,0.9462671046643328
2016-02-25,34,34,0,0,1.0,0.0,0.0,34,1.0,0.004031675193094711,0.04452218913738323,0.9514461356695216
2016-02-26,38,38,0,0,1.0,0.0,0.0,38,1.0,0.004647412416639414,0.04250598726682107,0.9528466003165392
2016-02-27,16,16,0,0,1.0,0.0,0.0,16,1.0,0.009955193844284987,0.06155170261992902,0.9284931035357855
2016-02-28,3,3,0,0,1.0,0.0,0.0,3,1.0,1.384499792265799e-05,2.5763740489406223e-05,0.9999603912615895
2016-02-29,14,14,0,0,1.0,0.0,0.0,14,1.0,0.0016676830367499372,0.012867262821892019,0.985465054141358
2016-03-01,26,26,0,0,1.0,0.0,0.0,26,1.0,0.005313294331586608,0.05190827691225032,0.9427784287561634
2016-03-02,28,28,0,0,1.0,0.0,0.0,28,1.0,0.007748983161178395,0.048924039483354165,0.9433269773554672
2016-03-03,26,26,0,0,1.0,0.0,0.0,26,1.0,0.003049231691997201,0.03018295287244613,0.9667678154355571
2016-03-04,37,37,0,0,1.0,0.0,0.0,37,1.0,0.0049327194521784495,0.037039988372557384,0.9580272921752645
2016-03-05,13,13,0,0,1.0,0.0,0.0,13,1.0,0.003870016597168943,0.04526204328100008,0.95086794012183
2016-03-06,5,5,0,0,1.0,0.0,0.0,5,1.0,0.006926938380849403,0.03936184094630056,0.9537112206728491
2016-03-07,17,17,0,0,1.0,0.0,0.0,17,1.0,0.0024322635929032808,0.029471222906286305,0.968096513500811
2016-03-08,25,25,0,0,1.0,0.0,0.0,25,1.0,0.004807956833373022,0.0315275908803773,0.9636644522862496
2016-03-09,16,16,0,0,1.0,0.0,0.0,16,1.0,0.0024112193930435027,0.02043282745032025,0.9771559531566364
2016-03-10,16,16,0,0,1.0,0.0,0.0,16,1.0,0.0012497700194749654,0.0197826918256519,0.9789675381548735
2016-03-11,12,12,0,0,1.0,0.0,0.0,12,1.0,0.0013626996509302767,0.00791983114829139,0.9907174692007756
2016-03-12,5,5,0,0,1.0,0.0,0.0,5,1.0,0.008953747879616898,0.07871326709082248,0.912332985029558
2016-03-13,3,3,0,0,1.0,0.0,0.0,3,1.0,0.0022344822462084892,0.028836552042049254,0.9689289657117416
2016-03-14,14,14,0,0,1.0,0.0,0.0,14,1.0,0.0003811762079372152,0.0037642122528349533,0.995854611539227
2016-03-15,33,33,0,0,1.0,0.0,0.0,33,1.0,0.0014130346233347457,0.008187141010287429,0.9903998243663787
2016-03-16,15,15,0,0,1.0,0.0,0.0,15,1.0,0.005319251657633143,0.03612644472401664,0.958554303618352
2016-03-17,23,23,0,0,1.0,0.0,0.0,23,1.0,0.0032417669104459045,0.0206058363242608,0.9761523967652942
2016-03-18,24,24,0,0,1.0,0.0,0.0,24,1.0,0.0024607905855722535,0.04618566424728346,0.9513535451671441
2016-03-19,8,8,0,0,1.0,0.0,0.0,8,1.0,0.014322038278291765,0.09229781314863617,0.893380148573071
2016-03-20,4,4,0,0,1.0,0.0,0.0,4,1.0,0.0003664319018616578,0.004533214156890256,0.9951003539412535
2016-03-21,28,28,0,0,1.0,0.0,0.0,28,1.0,0.002554818988456735,0.03426638615940554,0.9631787948521378
2016-03-22,40,40,0,0,1.0,0.0,0.0,40,1.0,0.006007013755624915,0.06753072384058044,0.9264622624037944
2016-03-23,29,29,0,0,1.0,0.0,0.0,29,1.0,0.00407828706914238,0.035735778020073244,0.960185934910784
2016-03-24,17,17,0,0,1.0,0.0,0.0,17,1.0,0.0027184013289121484,0.02050939561830986,0.9767722030527779
2016-03-25,8,8,0,0,1.0,0.0,0.0,8,1.0,0.0026301630796806566,0.05493329251098572,0.9424365444093339
2016-03-26,3,3,0,0,1.0,0.0,0.0,3,1.0,0.013932105099952569,0.06038631235368443,0.9256815825463622
2016-03-27,4,4,0,0,1.0,0.0,0.0,4,1.0,0.004787834871752339,0.03917399540004554,0.9560381697282005
2016-03-28,20,20,0,0,1.0,0.0,0.0,20,1.0,0.0009852808601157894,0.00937320008143298,0.9896415190584502
2016-03-29,23,23,0,0,1.0,0.0,0.0,23,1.0,0.0038764907888186283,0.03365082856242003,0.962472680648763
2016-03-30,26,26,0,0,1.0,0.0,0.0,26,1.0,0.002271528452292857,0.019580080725868185,0.9781483908218391
2016-03-31,29,29,0,0,1.0,0.0,0.0,29,1.0,0.003482769525367529,0.033467014290881565,0.9630502161837505
2016-04-01,19,19,0,0,1.0,0.0,0.0,19,1.0,0.0035954050766307897,0.023568095556610012,0.9728364993667576
2016-04-02,3,3,0,0,1.0,0.0,0.0,3,1.0,3.495884723702222e-05,0.00015026157774374163,0.9998147795750206
2016-04-03,1,1,0,0,1.0,0.0,0.0,1,1.0,2.5995919023022814e-05,9.762278287620667e-05,0.9998763812980973
2016-04-04,20,20,0,0,1.0,0.0,0.0,20,1.0,0.0011439798564186923,0.011281575636607392,0.9875744445069727
2016-04-05,13,13,0,0,1.0,0.0,0.0,13,1.0,0.005774120375717639,0.020349279759405075,0.973876599864878
2016-04-06,16,16,0,0,1.0,0.0,0.0,16,1.0,0.0024169116189770657,0.019448763723320474,0.9781343246577024
2016-04-07,15,15,0,0,1.0,0.0,0.0,15,1.0,0.001562146187789804,0.011076668787370184,0.9873611850248405
2016-04-08,15,15,0,0,1.0,0.0,0.0,15,1.0,0.0008212074908724964,0.02194692272243224,0.9772318697866952
2016-04-09,9,9,0,0,1.0,0.0,0.0,9,1.0,0.010261497908525768,0.06988025352605058,0.9198582485654251
2016-04-11,15,15,0,0,1.0,0.0,0.0,15,1.0,0.002763838988787171,0.026736025655137104,0.9705001353560756
2016-04-12,15,15,0,0,1.0,0.0,0.0,15,1.0,0.0011046473447425586,0.009557504516843694,0.9893378481384147
2016-04-13,25,25,0,0,1.0,0.0,0.0,25,1.0,0.0011227248509421098,0.012732522052990445,0.9861447530960684
2016-04-14,35,35,0,0,1.0,0.0,0.0,35,1.0,0.002284171361865777,0.028652477532676652,0.9690633511054582
2016-04-15,35,35,0,0,1.0,0.0,0.0,35,1.0,0.00541901204031934,0.04521810632663053,0.9493628816330502
2016-04-16,17,17,0,0,1.0,0.0,0.0,17,1.0,0.00298770316118831,0.03434877334885485,0.9626635234899558
2016-04-17,5,5,0,0,1.0,0.0,0.0,5,1.0,0.009895430197595267,0.0768709190988675,0.9132336507035369
2016-04-18,22,22,0,0,1.0,0.0,0.0,22,1.0,0.000631602302272048,0.004541021722398755,0.9948273759753309
2016-04-19,19,19,0,0,1.0,0.0,0.0,19,1.0,0.0014532706088605176,0.026981799076419077,0.971564930314721
2016-04-20,23,23,0,0,1.0,0.0,0.0,23,1.0,0.00316299860611787,0.033970547848329244,0.9628664535455526
2016-04-21,24,24,0,0,1.0,0.0,0.0,24,1.0,0.0023801108104039804,0.023123339521534007,0.9744965496680615
2016-04-22,16,16,0,0,1.0,0.0,0.0,16,1.0,0.0024037694240376614,0.03781137487824564,0.9597848556977171
2016-04-23,10,10,0,0,1.0,0.0,0.0,10,1.0,0.006003725776038222,0.0504587832554241,0.9435374909685372
2016-04-24,3,3,0,0,1.0,0.0,0.0,3,1.0,3.0462811111224244e-05,0.00038519385243213083,0.9995843433364527
2016-04-25,30,30,0,0,1.0,0.0,0.0,30,1.0,0.0013177003742483153,0.010995782213172729,0.9876865174125791
2016-04-26,39,39,0,0,1.0,0.0,0.0,39,1.0,0.001764778577835628,0.020695729768393036,0.9775394916537715
2016-04-27,66,66,0,0,1.0,0.0,0.0,66,1.0,0.0021954045834630745,0.022238546891992568,0.975566048524543
2016-04-28,53,53,0,0,1.0,0.0,0.0,53,1.0,0.0027205631302590796,0.028080604964774557,0.9691988319049667
2016-04-29,39,39,0,0,1.0,0.0,0.0,39,1.0,0.003139808222160551,0.02354630114655796,0.9733138906312809
2016-04-30,3,3,0,0,1.0,0.0,0.0,3,1.0,0.0067547903105038875,0.040355020083392444,0.9528901896061049
2016-05-01,3,3,0,0,1.0,0.0,0.0,3,1.0,3.165680289065088e-05,0.00020156012237338775,0.9997667830747368
2016-05-02,26,26,0,0,1.0,0.0,0.0,26,1.0,0.0006513363905959337,0.004063753908212576,0.9952849097011919
2016-05-03,33,33,0,0,1.0,0.0,0.0,33,1.0,0.0013172388899733416,0.011158413880028853,0.9875243472299984
2016-05-04,29,29,0,0,1.0,0.0,0.0,29,1.0,0.0010373226413883186,0.016346163191064727,0.9826165141675469
2016-05-05,22,22,0,0,1.0,0.0,0.0,22,1.0,0.0020429092045926803,0.028359876138952123,0.969597214656454
2016-05-06,35,35,0,0,1.0,0.0,0.0,35,1.0,0.004928412351750353,0.04877895185315595,0.9462926357950943
2016-05-07,2,2,0,0,1.0,0.0,0.0,2,1.0,0.01801879506681583,0.13359267793220417,0.8483885270009794
2016-05-09,22,22,0,0,1.0,0.0,0.0,22,1.0,0.001373457462880679,0.015479076402023555,0.9831474661350985
2016-05-10,24,24,0,0,1.0,0.0,0.0,24,1.0,0.0014668632997998348,0.018773603442805643,0.9797595332573946
2016-05-11,22,22,0,0,1.0,0.0,0.0,22,1.0,0.002324461865555091,0.020905576857606443,0.9767699612768387
2016-05-12,19,19,0,0,1.0,0.0,0.0,19,1.0,0.0029142899992460514,0.036685019382504964,0.9604006906182491
2016-05-13,40,40,0,0,1.0,0.0,0.0,40,1.0,0.004437674794032049,0.03647007997662215,0.959092245229346
2016-05-14,8,8,0,0,1.0,0.0,0.0,8,1.0,0.005059022650834716,0.03412805835122228,0.9608129189979431
2016-05-16,36,36,0,0,1.0,0.0,0.0,36,1.0,0.0006060619594866155,0.006418743538250313,0.9929751945022639
2016-05-17,50,50,0,0,1.0,0.0,0.0,50,1.0,0.003386990113548855,0.024574782420345387,0.9720382274661056
2016-05-18,21,21,0,0,1.0,0.0,0.0,21,1.0,0.0019917186727885445,0.013635402747133766,0.9843728785800779
2016-05-19,26,26,0,0,1.0,0.0,0.0,26,1.0,0.0014006575163150775,0.015462233177857092,0.9831371093058269
2016-05-20,30,30,0,0,1.0,0.0,0.0,30,1.0,0.0014342947462607557,0.017812868435856298,0.9807528368178827
2016-05-21,6,6,0,0,1.0,0.0,0.0,6,1.0,0.00227017882214607,0.045357880134771815,0.9523719410430811
2016-05-22,6,6,0,0,1.0,0.0,0.0,6,1.0,0.003949353405803561,0.03518936449834448,0.9608612820958528
2016-05-23,30,30,0,0,1.0,0.0,0.0,30,1.0,0.0017035647045090196,0.012725992657968973,0.9855704426375208
2016-05-24,26,26,0,0,1.0,0.0,0.0,26,1.0,0.0015608400185622641,0.02398554806953812,0.9744536119118999
2016-05-25,27,27,0,0,1.0,0.0,0.0,27,1.0,0.0035142923226748326,0.023198994470256345,0.9732867132070694
2016-05-26,32,32,0,0,1.0,0.0,0.0,32,1.0,0.0029649998524638012,0.03649985747064821,0.960535142676887
2016-05-27,27,27,0,0,1.0,0.0,0.0,27,1.0,0.0011082159870483067,0.010907038815810023,0.9879847451971424
2016-05-28,10,10,0,0,1.0,0.0,0.0,10,1.0,0.004087807960502295,0.06262903617996717,0.9332831558595306
2016-05-29,1,1,0,0,1.0,0.0,0.0,1,1.0,6.873030150922063e-06,0.00012515875942597252,0.9998679682104212
2016-05-30,2,2,0,0,1.0,0.0,0.0,2,1.0,0.03437112530905437,0.12530943539854808,0.8403194392923974
2016-05-31,14,14,0,0,1.0,0.0,0.0,14,1.0,0.004662551660841229,0.017542761643887815,0.9777946866952728
2016-06-01,19,19,0,0,1.0,0.0,0.0,19,1.0,0.0017301329723238585,0.02569007006773796,0.9725797969599412
2016-06-02,33,33,0,0,1.0,0.0,0.0,33,1.0,0.0016573820954718375,0.019378798149599235,0.9789638197549293
2016-06-03,23,23,0,0,1.0,0.0,0.0,23,1.0,0.0030541215389304414,0.04093240899874277,0.9560134694623263
2016-06-04,9,9,0,0,1.0,0.0,0.0,9,1.0,0.006653828235425722,0.055159522735811345,0.9381866490287609
2016-06-05,3,3,0,0,1.0,0.0,0.0,3,1.0,0.0009202889010384965,0.00763752314375779,0.9914421879552058
2016-06-06,19,19,0,0,1.0,0.0,0.0,19,1.0,0.001381885774352493,0.008279302046929043,0.9903388121787191
2016-06-07,26,26,0,0,1.0,0.0,0.0,26,1.0,0.001199867196393234,0.008854942089979969,0.9899451907136262
2016-06-08,15,15,0,0,1.0,0.0,0.0,15,1.0,0.0022649836161433958,0.025333777726401795,0.9724012386574556
2016-06-09,23,23,0,0,1.0,0.0,0.0,23,1.0,0.002118350665939498,0.02558457778257627,0.9722970715514841
2016-06-10,26,26,0,0,1.0,0.0,0.0,26,1.0,0.0026281145750193407,0.04576672590032209,0.9516051595246585
2016-06-11,8,8,0,0,1.0,0.0,0.0,8,1.0,0.004349627467339987,0.041898847900668286,0.9537515246319916
2016-06-12,4,4,0,0,1.0,0.0,0.0,4,1.0,1.5608686381302134e-05,9.809163597819915e-05,0.9998862996776415
2016-06-13,24,24,0,0,1.0,0.0,0.0,24,1.0,0.0011883619791188977,0.030676592236342698,0.9681350457845376
2016-06-14,20,20,0,0,1.0,0.0,0.0,20,1.0,0.0024194527118890858,0.026356467437860374,0.97122407985025
2016-06-15,18,18,0,0,1.0,0.0,0.0,18,1.0,0.0022372817720344353,0.009543614744953462,0.9882191034830125
2016-06-16,14,14,0,0,1.0,0.0,0.0,14,1.0,0.0010571378311786624,0.009684684964478756,0.9892581772043434
2016-06-17,30,30,0,0,1.0,0.0,0.0,30,1.0,0.0011570493671327114,0.013550283986720986,0.9852926666461462
2016-06-18,20,20,0,0,1.0,0.0,0.0,20,1.0,0.004808189344708466,0.060980628846243404,0.9342111818090478
2016-06-19,1,1,0,0,1.0,0.0,0.0,1,1.0,1.2294262434509492e-05,7.465517616492111e-05,0.999913050561396
2016-06-20,16,16,0,0,1.0,0.0,0.0,16,1.0,0.0006818175235980095,0.015328505111680312,0.9839896773647211
2016-06-21,21,21,0,0,1.0,0.0,0.0,21,1.0,0.0031990476574375415,0.03096528434519238,0.9658356679973716
2016-06-22,17,17,0,0,1.0,0.0,0.0,17,1.0,0.0011633335467599508,0.012246504654321581,0.9865901617989195
2016-06-23,19,19,0,0,1.0,0.0,0.0,19,1.0,0.0013025010862990991,0.02743622241236958,0.9712612765013326
2016-06-24,25,25,0,0,1.0,0.0,0.0,25,1.0,0.0032024317478877456,0.027526155019680813,0.9692714132324315
2016-06-25,5,5,0,0,1.0,0.0,0.0,5,1.0,0.00010486481439870896,0.0003688716999488122,0.9995262634856525
2016-06-26,1,1,0,0,1.0,0.0,0.0,1,1.0,6.004852240324824e-05,0.00043534031331298096,0.9995046111642827
2016-06-27,11,11,0,0,1.0,0.0,0.0,11,1.0,0.00046106240124460697,0.005524896973307916,0.994014040625446
2016-06-28,20,20,0,0,1.0,0.0,0.0,20,1.0,0.0009483953831508875,0.007971230872175616,0.9910803737446748
2016-06-29,15,15,0,0,1.0,0.0,0.0,15,1.0,0.0026769954457683655,0.04040220071954101,0.9569208038346917
2016-06-30,9,9,0,0,1.0,0.0,0.0,9,1.0,0.0008996799759177685,0.005335594389970115,0.993764725634112
2016-07-01,23,23,0,0,1.0,0.0,0.0,23,1.0,0.0020396419905369077,0.027167392735204993,0.9707929652742591
2016-07-02,8,8,0,0,1.0,0.0,0.0,8,1.0,0.015447528641878417,0.04486467673189128,0.9396877946262296
2016-07-03,1,1,0,0,1.0,0.0,0.0,1,1.0,1.5911007068285584e-05,0.00018994358059325252,0.9997941454123451
2016-07-04,4,4,0,0,1.0,0.0,0.0,4,1.0,0.00014804751179984762,0.0020289874278939394,0.997822965060306
2016-07-05,21,21,0,0,1.0,0.0,0.0,21,1.0,0.0009561456508427773,0.008309967648505143,0.9907338867006508
2016-07-06,19,19,0,0,1.0,0.0,0.0,19,1.0,0.0016679167473704546,0.023385781099471387,0.9749463021531576
2016-07-07,16,16,0,0,1.0,0.0,0.0,16,1.0,0.0017684318447164845,0.011645912152475976,0.9865856560028088
2016-07-08,14,14,0,0,1.0,0.0,0.0,14,1.0,0.0021314367839536425,0.031382479694570996,0.9664860835214755
2016-07-09,4,4,0,0,1.0,0.0,0.0,4,1.0,0.004945168225420165,0.03673664400120507,0.9583181877733739
2016-07-11,14,14,0,0,1.0,0.0,0.0,14,1.0,0.0014900295461212434,0.018812300162829605,0.9796976702910486
2016-07-12,20,19,0,1,0.95,0.0,0.05,19,0.95,0.0012307816716182049,0.04256924652677971,0.9561999718016002
2016-07-13,19,19,0,0,1.0,0.0,0.0,19,1.0,0.0014762288486302128,0.008331625663909948,0.9901921454874598
2016-07-14,22,22,0,0,1.0,0.0,0.0,22,1.0,0.001675504315000241,0.032542863220490666,0.9657816324645094
2016-07-15,27,27,0,0,1.0,0.0,0.0,27,1.0,0.000989534409723542,0.011655283394668732,0.9873551821956068
2016-07-16,7,7,0,0,1.0,0.0,0.0,7,1.0,0.0006077225146066575,0.0065991277518775,0.9927931497335153
2016-07-17,3,3,0,0,1.0,0.0,0.0,3,1.0,0.0009581618654224132,0.020134384662863346,0.9789074534717077
2016-07-18,36,36,0,0,1.0,0.0,0.0,36,1.0,0.0009880144878780337,0.009333770625995767,0.9896782148861263
2016-07-19,22,22,0,0,1.0,0.0,0.0,22,1.0,0.0006721574098536342,0.009110040600749743,0.990217801989398
2016-07-20,26,26,0,0,1.0,0.0,0.0,26,1.0,0.001486736239188022,0.026762021008764295,0.971751242752047
2016-07-21,25,25,0,0,1.0,0.0,0.0,25,1.0,0.0009357102642737103,0.0072041879490507285,0.9918601017866767
2016-07-22,32,32,0,0,1.0,0.0,0.0,32,1.0,0.000743963592776023,0.01063374453661783,0.988622291870606
2016-07-23,8,8,0,0,1.0,0.0,0.0,8,1.0,0.00361990164413904,0.06049350423668421,0.9358865941191767
2016-07-24,6,6,0,0,1.0,0.0,0.0,6,1.0,0.004771921824154777,0.028746749705709396,0.966481328470136
2016-07-25,31,31,0,0,1.0,0.0,0.0,31,1.0,0.0007767459994323933,0.006229627562886169,0.9929936264376807
2016-07-26,37,37,0,0,1.0,0.0,0.0,37,1.0,0.0020098277608557227,0.013435470159271472,0.9845547020798735
2016-07-27,73,73,0,0,1.0,0.0,0.0,73,1.0,0.0015273028916911013,0.015714753523222477,0.9827579435850863
2016-07-28,37,37,0,0,1.0,0.0,0.0,37,1.0,0.0025442536343882856,0.024042912987850655,0.9734128333777603
2016-07-29,16,16,0,0,1.0,0.0,0.0,16,1.0,0.004726043154948844,0.033834681728925065,0.9614392751161258
2016-07-30,7,7,0,0,1.0,0.0,0.0,7,1.0,0.007523985439916557,0.05195858033006422,0.9405174342300174
2016-07-31,1,1,0,0,1.0,0.0,0.0,1,1.0,3.176867372061396e-06,1.713420853227137e-05,0.9999796889240876
2016-08-01,17,17,0,0,1.0,0.0,0.0,17,1.0,0.0010197253779936151,0.004939266712106936,0.9940410079098998
2016-08-02,28,28,0,0,1.0,0.0,0.0,28,1.0,0.003090145129203147,0.019378130418066845,0.9775317244527297
2016-08-03,20,20,0,0,1.0,0.0,0.0,20,1.0,0.005917879124097638,0.0314781223382638,0.9626039985376387
2016-08-04,19,19,0,0,1.0,0.0,0.0,19,1.0,0.0030441106298847707,0.02188612524749481,0.9750697641226198
2016-08-05,23,23,0,0,1.0,0.0,0.0,23,1.0,0.003854085576169918,0.018622904038237065,0.9775230103855922
2016-08-06,3,3,0,0,1.0,0.0,0.0,3,1.0,0.0011156166917434855,0.005876933686667704,0.9930074496215854
2016-08-07,1,1,0,0,1.0,0.0,0.0,1,1.0,0.010597731617376769,0.023322109385959314,0.9660801589966649
2016-08-08,15,15,0,0,1.0,0.0,0.0,15,1.0,0.0016496727416823126,0.01631873971467667,0.9820315875436398
2016-08-09,25,25,0,0,1.0,0.0,0.0,25,1.0,0.0019253618311010072,0.02587036761359304,0.9722042705553071
2016-08-10,17,17,0,0,1.0,0.0,0.0,17,1.0,0.0017823914610069604,0.03817024111337619,0.9600473674256171
2016-08-11,15,15,0,0,1.0,0.0,0.0,15,1.0,0.0016143107374228228,0.014453130994068827,0.983932558268508
2016-08-12,9,9,0,0,1.0,0.0,0.0,9,1.0,0.0019418663589346502,0.011650046082052425,0.9864080875590118
2016-08-13,3,3,0,0,1.0,0.0,0.0,3,1.0,0.0014305813152456917,0.010441368256551321,0.9881280504282083
2016-08-14,3,3,0,0,1.0,0.0,0.0,3,1.0,0.0007861359866437936,0.005582530776262365,0.9936313332370985
2016-08-15,19,19,0,0,1.0,0.0,0.0,19,1.0,0.001830587348028265,0.042039472315545286,0.9561299403364258
2016-08-16,29,29,0,0,1.0,0.0,0.0,29,1.0,0.001904958284208254,0.019671221414787363,0.9784238203010038
2016-08-17,14,14,0,0,1.0,0.0,0.0,14,1.0,0.0005929863306864715,0.020985584072172072,0.9784214295971426
2016-08-18,19,19,0,0,1.0,0.0,0.0,19,1.0,0.0013533737095643365,0.006386268365151833,0.9922603579252849
2016-08-19,18,18,0,0,1.0,0.0,0.0,18,1.0,0.0019466493805136258,0.02604219536417851,0.9720111552553079
2016-08-20,3,3,0,0,1.0,0.0,0.0,3,1.0,8.683512766026745e-06,4.431641484665586e-05,0.999947000072388
2016-08-21,5,5,0,0,1.0,0.0,0.0,5,1.0,0.0018770753959068502,0.01891798072178587,0.9792049438823085
2016-08-22,16,16,0,0,1.0,0.0,0.0,16,1.0,0.00012827199698576514,0.000697780286264968,0.9991739477167485
2016-08-23,20,20,0,0,1.0,0.0,0.0,20,1.0,0.0004839449658787497,0.0034977284990106335,0.9960183265351101
2016-08-24,13,13,0,0,1.0,0.0,0.0,13,1.0,0.0015724618549201863,0.027287607645997962,0.971139930499083
2016-08-25,18,18,0,0,1.0,0.0,0.0,18,1.0,0.0002486151047805202,0.0020301804106669353,0.997721204484553
2016-08-26,15,15,0,0,1.0,0.0,0.0,15,1.0,0.002215591614343574,0.026722316062339713,0.9710620923233174
2016-08-27,4,4,0,0,1.0,0.0,0.0,4,1.0,0.0008656023971781607,0.010165032974745027,0.9889693646280721
2016-08-28,2,2,0,0,1.0,0.0,0.0,2,1.0,0.0001636706229857213,0.0009520031943435909,0.9988843261826721
2016-08-29,23,23,0,0,1.0,0.0,0.0,23,1.0,0.001232064525328797,0.01994814116586818,0.9788197943088018
2016-08-30,34,34,0,0,1.0,0.0,0.0,34,1.0,0.002582056367593274,0.020503523134728446,0.9769144204976787
2016-08-31,20,20,0,0,1.0,0.0,0.0,20,1.0,0.0012646829735126074,0.01059926045982889,0.9881360565666586
2016-09-01,18,18,0,0,1.0,0.0,0.0,18,1.0,0.000556338128036362,0.00662265580923337,0.9928210060627298
2016-09-02,22,22,0,0,1.0,0.0,0.0,22,1.0,0.0010924671227367276,0.009967160092260023,0.9889403727850038
2016-09-03,3,3,0,0,1.0,0.0,0.0,3,1.0,0.0013770401509372616,0.022936444281104963,0.9756865155679574
2016-09-04,3,3,0,0,1.0,0.0,0.0,3,1.0,0.0004823463292034054,0.004144349271471456,0.9953733043993225
2016-09-05,2,1,0,1,0.5,0.0,0.5,1,0.5,0.0011454655466970945,0.48149298093810355,0.5173615535151967
2016-09-06,29,29,0,0,1.0,0.0,0.0,29,1.0,0.0014310475350107366,0.024056241691492196,0.9745127107734959
2016-09-07,39,39,0,0,1.0,0.0,0.0,39,1.0,0.002803368192704277,0.048230690719442006,0.9489659410878534
2016-09-08,45,45,0,0,1.0,0.0,0.0,45,1.0,0.0017012610039569818,0.022043497904879517,0.9762552410911641
2016-09-09,34,34,0,0,1.0,0.0,0.0,34,1.0,0.0006820581186281675,0.011321392169803738,0.9879965497115689
2016-09-10,6,6,0,0,1.0,0.0,0.0,6,1.0,0.002290964621290482,0.02322363998646131,0.9744853953922483
2016-09-11,2,2,0,0,1.0,0.0,0.0,2,1.0,0.0008142853565487471,0.006459467141079532,0.9927262475023764
2016-09-12,26,26,0,0,1.0,0.0,0.0,26,1.0,0.0013492432389175693,0.01439031225682605,0.9842604445042551
2016-09-13,34,34,0,0,1.0,0.0,0.0,34,1.0,0.0011305949830100626,0.018394403923785867,0.9804750010932052
2016-09-14,35,35,0,0,1.0,0.0,0.0,35,1.0,0.0014239433833702587,0.017570030262933172,0.981006026353697
2016-09-15,45,45,0,0,1.0,0.0,0.0,45,1.0,0.0030907163951941503,0.017896772196880517,0.9790125114079258
2016-09-16,29,29,0,0,1.0,0.0,0.0,29,1.0,0.0015183874353260863,0.019791939012665762,0.978689673552008
2016-09-17,6,6,0,0,1.0,0.0,0.0,6,1.0,1.7487271366964903e-05,8.937468834376353e-05,0.9998931380402842
2016-09-18,1,1,0,0,1.0,0.0,0.0,1,1.0,9.427231510314728e-06,4.725173864095352e-05,0.9999433210298359
2016-09-19,34,34,0,0,1.0,0.0,0.0,34,1.0,0.001911746761536426,0.0474876306629789,0.9506006225754847
2016-09-20,26,26,0,0,1.0,0.0,0.0,26,1.0,0.001962509156568398,0.03850710405552156,0.9595303867879099
2016-09-21,19,19,0,0,1.0,0.0,0.0,19,1.0,0.0018739144712401966,0.01707380918354925,0.9810522763452107
2016-09-22,21,21,0,0,1.0,0.0,0.0,21,1.0,0.0016038404404386682,0.01774004671110082,0.9806561128484619
2016-09-23,23,23,0,0,1.0,0.0,0.0,23,1.0,0.0019423135846010362,0.0451821979777879,0.9528754884376113
2016-09-24,4,4,0,0,1.0,0.0,0.0,4,1.0,0.0016718418007779662,0.005798308791553339,0.992529849407668
2016-09-25,3,3,0,0,1.0,0.0,0.0,3,1.0,0.002702336810042163,0.07543879697983516,0.9218588662101235
2016-09-26,22,22,0,0,1.0,0.0,0.0,22,1.0,0.00019376687285182543,0.0019144960161814458,0.997891737110966
2016-09-27,19,19,0,0,1.0,0.0,0.0,19,1.0,0.00025777608728223193,0.002611282256786332,0.9971309416559314
2016-09-28,16,16,0,0,1.0,0.0,0.0,16,1.0,0.0007501098078175651,0.00685346834135929,0.992396421850824
2016-09-29,28,28,0,0,1.0,0.0,0.0,28,1.0,0.0017356398108823597,0.018265395061552243,0.9799989651275663
2016-09-30,23,23,0,0,1.0,0.0,0.0,23,1.0,0.0017803033387413954,0.04485750081980711,0.9533621958414524
2016-10-01,4,4,0,0,1.0,0.0,0.0,4,1.0,0.0023679706542998535,0.011320707760703083,0.9863113215849953
2016-10-02,4,4,0,0,1.0,0.0,0.0,4,1.0,0.006420107595666369,0.02728219884209302,0.9662976935622418
2016-10-03,27,27,0,0,1.0,0.0,0.0,27,1.0,0.0020313029215109574,0.033782172159271,0.9641865249192174
2016-10-04,24,24,0,0,1.0,0.0,0.0,24,1.0,0.0009253071596510822,0.018708275914284197,0.9803664169260653
2016-10-05,17,17,0,0,1.0,0.0,0.0,17,1.0,0.0018725062392153425,0.020900591622625215,0.9772269021381601
2016-10-06,21,21,0,0,1.0,0.0,0.0,21,1.0,0.0006833353690806839,0.006061360646616895,0.9932553039843015
2016-10-07,14,14,0,0,1.0,0.0,0.0,14,1.0,0.010673445003867563,0.04285055402621089,0.9464760009699222
2016-10-08,1,1,0,0,1.0,0.0,0.0,1,1.0,0.00018912967663630237,0.0004177219259719908,0.9993931483973932
2016-10-09,2,2,0,0,1.0,0.0,0.0,2,1.0,0.00012259222691339322,0.00036180255947773214,0.9995156052136043
2016-10-10,15,15,0,0,1.0,0.0,0.0,15,1.0,0.0004719910128881121,0.010825314565875639,0.9887026944212358
2016-10-11,27,27,0,0,1.0,0.0,0.0,27,1.0,0.0010224815461853198,0.014826531873192206,0.9841509865806245
2016-10-12,17,17,0,0,1.0,0.0,0.0,17,1.0,0.0004322881207808047,0.007150406293254595,0.9924173055859656
2016-10-13,17,17,0,0,1.0,0.0,0.0,17,1.0,0.0010031315334424246,0.013326227759877851,0.9856706407066789
2016-10-14,19,19,0,0,1.0,0.0,0.0,19,1.0,0.00013086010619615024,0.0010281693283102408,0.9988409705654918
2016-10-15,2,2,0,0,1.0,0.0,0.0,2,1.0,9.02314105364239e-07,1.7290743890749823e-05,0.9999818069420043
2016-10-17,23,23,0,0,1.0,0.0,0.0,23,1.0,0.00135463302817036,0.008870111069883127,0.9897752559019457
2016-10-18,14,14,0,0,1.0,0.0,0.0,14,1.0,0.0017747256137536727,0.01759517294850953,0.980630101437738
2016-10-19,17,17,0,0,1.0,0.0,0.0,17,1.0,0.0006727298233514126,0.008660778574551161,0.9906664916020957
2016-10-20,16,15,0,1,0.9375,0.0,0.0625,15,0.9375,0.0017724534587721232,0.0531637118948583,0.9450638346463683
2016-10-21,21,21,0,0,1.0,0.0,0.0,21,1.0,0.0014751065339686617,0.022208888533335608,0.9763160049326962
2016-10-22,1,1,0,0,1.0,0.0,0.0,1,1.0,1.7507672728615907e-05,0.00010841714264471276,0.9998740751846286
2016-10-23,2,2,0,0,1.0,0.0,0.0,2,1.0,7.771943727797891e-06,2.070572181761738e-05,0.9999715223344532
2016-10-24,30,30,0,0,1.0,0.0,0.0,30,1.0,0.0007616669062296876,0.00477509198698895,0.9944632411067821
2016-10-25,32,32,0,0,1.0,0.0,0.0,32,1.0,0.00041571992906713285,0.005984162561992982,0.9936001175089403
2016-10-26,47,47,0,0,1.0,0.0,0.0,47,1.0,0.001251738774340626,0.024515434001243862,0.9742328272244147
2016-10-27,23,23,0,0,1.0,0.0,0.0,23,1.0,0.0010073726799636668,0.03248982951853276,0.9665027978015039
2016-10-28,37,36,0,1,0.972972972972973,0.0,0.02702702702702703,36,0.972972972972973,0.0009128865968149579,0.03941767774093241,0.9596694356622529
2016-10-29,4,4,0,0,1.0,0.0,0.0,4,1.0,0.0003984104743477951,0.008748875355242443,0.990852714170411
2016-10-30,2,2,0,0,1.0,0.0,0.0,2,1.0,0.00611680305083662,0.2042055171448416,0.7896776798043222
2016-10-31,31,31,0,0,1.0,0.0,0.0,31,1.0,0.002427665907111437,0.032699906735495936,0.9648724273573918
2016-11-01,24,24,0,0,1.0,0.0,0.0,24,1.0,0.0012418282226744157,0.015309454202954745,0.983448717574372
2016-11-02,22,22,0,0,1.0,0.0,0.0,22,1.0,0.0004631709267535315,0.004106077254515097,0.9954307518187306
2016-11-03,27,27,0,0,1.0,0.0,0.0,27,1.0,0.0007037974815914778,0.008992593419023632,0.9903036090993855
2016-11-04,17,17,0,0,1.0,0.0,0.0,17,1.0,0.0004171025262783422,0.0033889190092391353,0.996193978464482
2016-11-05,1,1,0,0,1.0,0.0,0.0,1,1.0,0.00015935153333849816,0.0005957181203459535,0.9992449303463191
2016-11-06,1,1,0,0,1.0,0.0,0.0,1,1.0,0.0013398663785668045,0.015048403687767994,0.9836117299336659
2016-11-07,15,15,0,0,1.0,0.0,0.0,15,1.0,0.0017690328937002067,0.042518268877896184,0.9557126982284021
2016-11-08,22,22,0,0,1.0,0.0,0.0,22,1.0,0.0011458144102012681,0.023641322038635604,0.9752128635511603
2016-11-09,17,17,0,0,1.0,0.0,0.0,17,1.0,0.0006863383279108618,0.01131788544237504,0.9879957762297138
2016-11-10,20,20,0,0,1.0,0.0,0.0,20,1.0,0.0012376555072598687,0.008395683692138892,0.9903666608006014
2016-11-11,24,24,0,0,1.0,0.0,0.0,24,1.0,0.001027824152360124,0.0029392954955072127,0.996032880352133
2016-11-13,2,2,0,0,1.0,0.0,0.0,2,1.0,0.0009536839311357137,0.0247927341641196,0.9742535819047481
2016-11-14,22,22,0,0,1.0,0.0,0.0,22,1.0,0.0009803465338773026,0.010326780866377238,0.9886928725997439
2016-11-15,19,19,0,0,1.0,0.0,0.0,19,1.0,0.0008453991703738824,0.010493941444550658,0.988660659385075
2016-11-16,12,12,0,0,1.0,0.0,0.0,12,1.0,0.001465378644789592,0.04532979642855577,0.9532048249266553
2016-11-17,15,15,0,0,1.0,0.0,0.0,15,1.0,0.0009854993087312137,0.006940571479860921,0.9920739292114096
2016-11-18,19,19,0,0,1.0,0.0,0.0,19,1.0,0.0010637122059189,0.0178862448601252,0.9810500429339575
2016-11-19,1,1,0,0,1.0,0.0,0.0,1,1.0,0.009006841732052183,0.036281761703937244,0.9547113965640109
2016-11-20,1,1,0,0,1.0,0.0,0.0,1,1.0,0.0019580768483191046,0.01989359404745148,0.9781483291042293
2016-11-21,19,19,0,0,1.0,0.0,0.0,19,1.0,0.0019869538462486775,0.026046980157507563,0.9719660659962448
2016-11-22,16,16,0,0,1.0,0.0,0.0,16,1.0,0.0005910219569562253,0.025912556242459896,0.9734964218005835
2016-11-23,15,15,0,0,1.0,0.0,0.0,15,1.0,0.001196851129228349,0.028756511487265626,0.9700466373835075
2016-11-24,1,1,0,0,1.0,0.0,0.0,1,1.0,6.1398278266723705e-06,1.61727454764216e-05,0.9999776874266905
2016-11-25,6,6,0,0,1.0,0.0,0.0,6,1.0,0.0024929915296651485,0.030771100494422027,0.9667359079759121
2016-11-26,3,3,0,0,1.0,0.0,0.0,3,1.0,0.002900723687524665,0.029782121431532898,0.9673171548809435
2016-11-27,1,1,0,0,1.0,0.0,0.0,1,1.0,0.0015361749581581069,0.010477304775493749,0.9879865202663494
2016-11-28,30,30,0,0,1.0,0.0,0.0,30,1.0,0.001555801737942331,0.030101991407290214,0.9683422068547681
2016-11-29,17,17,0,0,1.0,0.0,0.0,17,1.0,0.0004486663903767774,0.0032595846889254773,0.9962917489206977
2016-11-30,17,17,0,0,1.0,0.0,0.0,17,1.0,0.0002753407176150651,0.0017215275083046651,0.9980031317740803
2016-12-01,18,18,0,0,1.0,0.0,0.0,18,1.0,0.0007042457404758002,0.005010640109007941,0.994285114150518
2016-12-02,2,2,0,0,1.0,0.0,0.0,2,1.0,0.003515743662179912,0.025846688651267172,0.9706375676865513
2016-12-03,1,1,0,0,1.0,0.0,0.0,1,1.0,0.024601640724361124,0.049589661716511746,0.9258086975591261
2016-12-04,2,2,0,0,1.0,0.0,0.0,2,1.0,0.0053700850708099535,0.02849980539253419,0.9661301095366555
2016-12-05,6,6,0,0,1.0,0.0,0.0,6,1.0,0.0018776377605253965,0.017846605779391244,0.9802757564600827
2016-12-06,16,16,0,0,1.0,0.0,0.0,16,1.0,0.0007041895217749824,0.01317789247406831,0.9861179180041548
2016-12-07,20,20,0,0,1.0,0.0,0.0,20,1.0,0.0017807022216712533,0.01338918234900866,0.9848301154293209
2016-12-08,16,16,0,0,1.0,0.0,0.0,16,1.0,0.0008971111295625967,0.015798358665559793,0.9833045302048758
2016-12-09,19,19,0,0,1.0,0.0,0.0,19,1.0,0.002113005584598705,0.026754645915816767,0.9711323484995854
2016-12-10,5,5,0,0,1.0,0.0,0.0,5,1.0,0.0002966280644198608,0.0010305811219358204,0.998672790813646
2016-12-11,1,1,0,0,1.0,0.0,0.0,1,1.0,2.4472319817064432e-05,5.729046960335312e-05,0.9999182372105758
2016-12-12,21,21,0,0,1.0,0.0,0.0,21,1.0,0.0005187348249519495,0.005797407819305426,0.9936838573557428
2016-12-13,21,21,0,0,1.0,0.0,0.0,21,1.0,0.0009563156754732805,0.013887493834090606,0.9851561904904356
2016-12-14,22,22,0,0,1.0,0.0,0.0,22,1.0,0.0005793285182591974,0.005330257816013071,0.9940904136657291
2016-12-15,18,18,0,0,1.0,0.0,0.0,18,1.0,0.00019542632785602112,0.004799649713065508,0.9950049239590797
2016-12-16,20,20,0,0,1.0,0.0,0.0,20,1.0,0.0009985069984739952,0.009448572598707034,0.9895529204028198
2016-12-17,7,7,0,0,1.0,0.0,0.0,7,1.0,1.638769673536721e-05,0.0002744784185627031,0.9997091338847017
2016-12-18,8,8,0,0,1.0,0.0,0.0,8,1.0,0.00013559787995828394,0.0008762534893083137,0.9989881486307357
2016-12-19,18,18,0,0,1.0,0.0,0.0,18,1.0,0.0014708503860670452,0.013790708386775189,0.9847384412271565
2016-12-20,18,18,0,0,1.0,0.0,0.0,18,1.0,0.0006514330058269898,0.006535442834699322,0.992813124159474
2016-12-21,23,23,0,0,1.0,0.0,0.0,23,1.0,0.002565958270886962,0.023211149052571288,0.974222892676541
2016-12-22,27,27,0,0,1.0,0.0,0.0,27,1.0,0.0043220401775260365,0.030264395155490755,0.9654135646669824
2016-12-23,14,14,0,0,1.0,0.0,0.0,14,1.0,0.0014244656287103886,0.019079396776583192,0.9794961375947067
2016-12-26,1,1,0,0,1.0,0.0,0.0,1,1.0,9.902032410841462e-07,4.036010495880105e-06,0.9999949737862559
2016-12-27,19,19,0,0,1.0,0.0,0.0,19,1.0,0.0015712285273706522,0.020321344856817018,0.9781074266158116
2016-12-28,19,19,0,0,1.0,0.0,0.0,19,1.0,0.0002486635062236969,0.002306629263211815,0.9974447072305642
2016-12-29,12,12,0,0,1.0,0.0,0.0,12,1.0,0.000575115793260808,0.013213793318640518,0.9862110908880971
2016-12-30,18,18,0,0,1.0,0.0,0.0,18,1.0,0.0005031967498096242,0.006138633573267752,0.9933581696769208
2016-12-31,1,1,0,0,1.0,0.0,0.0,1,1.0,7.133165947850496e-06,7.190618774556839e-06,0.9999856762152728
2017-01-02,1,1,0,0,1.0,0.0,0.0,1,1.0,6.09180615649768e-06,3.181931503047965e-05,0.999962088878819
2017-01-03,13,13,0,0,1.0,0.0,0.0,13,1.0,0.002754135279405535,0.020900398583365936,0.9763454661372281
2017-01-04,16,16,0,0,1.0,0.0,0.0,16,1.0,0.0010744051903960922,0.013200633887512022,0.9857249609220905
2017-01-05,16,16,0,0,1.0,0.0,0.0,16,1.0,0.0014047490197599463,0.023350076822752443,0.9752451741574886
2017-01-06,18,18,0,0,1.0,0.0,0.0,18,1.0,0.001063855471787717,0.012508050902353768,0.9864280936258589
2017-01-07,3,3,0,0,1.0,0.0,0.0,3,1.0,1.878449121061987e-06,1.75246967391274e-05,0.999980596854141
2017-01-09,21,21,0,0,1.0,0.0,0.0,21,1.0,0.0022058642738990303,0.027523822888903687,0.9702703128371966
2017-01-10,24,24,0,0,1.0,0.0,0.0,24,1.0,0.001335644620877795,0.011293442926766623,0.9873709124523559
2017-01-11,21,21,0,0,1.0,0.0,0.0,21,1.0,0.0011548699493024255,0.022004763522943234,0.9768403665277551
2017-01-12,26,26,0,0,1.0,0.0,0.0,26,1.0,0.0014559672907100253,0.015310403675234967,0.9832336290340534
2017-01-13,17,17,0,0,1.0,0.0,0.0,17,1.0,0.0012872595156846651,0.008466516995952704,0.9902462234883624
2017-01-14,1,1,0,0,1.0,0.0,0.0,1,1.0,1.7806848379984017e-05,0.00015449038944240892,0.9998277027621776
2017-01-15,3,3,0,0,1.0,0.0,0.0,3,1.0,6.933566629580656e-05,0.0015302161566589385,0.9984004481770458
2017-01-16,2,2,0,0,1.0,0.0,0.0,2,1.0,0.008092602260609165,0.10744038360148704,0.8844670141379058
2017-01-17,26,26,0,0,1.0,0.0,0.0,26,1.0,0.0006497100235823758,0.006386314460200911,0.9929639755162163
2017-01-18,24,24,0,0,1.0,0.0,0.0,24,1.0,0.0006069372234337819,0.004709349289601264,0.9946837134869652
2017-01-19,23,23,0,0,1.0,0.0,0.0,23,1.0,0.0003316027946196881,0.010435408701201078,0.9892329885041794
2017-01-20,36,36,0,0,1.0,0.0,0.0,36,1.0,0.0008179011943927846,0.008694804451107443,0.9904872943545006
2017-01-21,3,3,0,0,1.0,0.0,0.0,3,1.0,0.0007648640501698879,0.015280932725406362,0.9839542032244278
2017-01-23,33,33,0,0,1.0,0.0,0.0,33,1.0,0.0012720193417806516,0.01314672514051015,0.9855812555177095
2017-01-24,27,27,0,0,1.0,0.0,0.0,27,1.0,0.0005253096980709186,0.0077200297201651565,0.9917546605817641
2017-01-25,36,36,0,0,1.0,0.0,0.0,36,1.0,0.002457270214902796,0.018364063921990453,0.9791786658631065
2017-01-26,16,16,0,0,1.0,0.0,0.0,16,1.0,0.0006735590385391314,0.013742552844556655,0.9855838881169035
2017-01-27,30,30,0,0,1.0,0.0,0.0,30,1.0,0.0003126521842573444,0.00401752163932814,0.9956698261764168
2017-01-28,3,3,0,0,1.0,0.0,0.0,3,1.0,0.00047101720702189155,0.00408368997443682,0.9954452928185398
2017-01-29,3,3,0,0,1.0,0.0,0.0,3,1.0,1.7474063055924808e-06,6.417595117401962e-06,0.9999918349985747
2017-01-30,25,25,0,0,1.0,0.0,0.0,25,1.0,0.0009846477288129043,0.008229786361743457,0.9907855659094443
2017-01-31,38,38,0,0,1.0,0.0,0.0,38,1.0,0.0010425094071108856,0.007700223086708158,0.99125726750618
2017-02-01,56,56,0,0,1.0,0.0,0.0,56,1.0,0.0011294279403506152,0.00952522824102982,0.9893453438186194
2017-02-02,28,28,0,0,1.0,0.0,0.0,28,1.0,0.0009619266499278098,0.008863026027392099,0.9901750473226797
2017-02-03,28,28,0,0,1.0,0.0,0.0,28,1.0,0.0003347698340584591,0.0031595468806422523,0.9965056832852992
2017-02-05,1,1,0,0,1.0,0.0,0.0,1,1.0,9.171408998797226e-06,4.258854511558874e-05,0.9999482400458739
2017-02-06,28,28,0,0,1.0,0.0,0.0,28,1.0,0.0007544416334344876,0.009282574703888607,0.9899629836626772
2017-02-07,28,28,0,0,1.0,0.0,0.0,28,1.0,0.0008817283476718496,0.008698539173353902,0.9904197324789751
2017-02-08,30,30,0,0,1.0,0.0,0.0,30,1.0,0.001769118897023056,0.012516062414516525,0.9857148186884602
2017-02-09,15,15,0,0,1.0,0.0,0.0,15,1.0,0.0003636492798856959,0.005419717095704088,0.9942166336244114
2017-02-10,30,30,0,0,1.0,0.0,0.0,30,1.0,0.0007338441449685984,0.018641999638777336,0.9806241562162541
2017-02-11,1,1,0,0,1.0,0.0,0.0,1,1.0,3.7758502631509394e-06,2.4076164250450766e-05,0.9999721479854918
2017-02-12,1,1,0,0,1.0,0.0,0.0,1,1.0,6.168013195305672e-08,1.6020376732281312e-07,0.9999997781161019
2017-02-13,40,40,0,0,1.0,0.0,0.0,40,1.0,0.0024242782640210066,0.022973007498871677,0.9746027142371073
2017-02-14,32,32,0,0,1.0,0.0,0.0,32,1.0,0.001965281244875435,0.011040535900920665,0.9869941828542033
2017-02-15,34,34,0,0,1.0,0.0,0.0,34,1.0,0.0008020178204892038,0.005921571743909719,0.9932764104356001
2017-02-16,25,25,0,0,1.0,0.0,0.0,25,1.0,0.0007039291529019097,0.01671020942993165,0.9825858614171681
2017-02-17,19,19,0,0,1.0,0.0,0.0,19,1.0,0.0012460209476288452,0.013973480053766299,0.9847804989986059
2017-02-18,1,1,0,0,1.0,0.0,0.0,1,1.0,4.9138283774622295e-06,2.1350025438309788e-05,0.9999737361461776
2017-02-19,4,4,0,0,1.0,0.0,0.0,4,1.0,1.0489542568213589e-05,4.6783445988565004e-05,0.9999427270114432
2017-02-20,6,6,0,0,1.0,0.0,0.0,6,1.0,0.001875727526445648,0.05561378995862922,0.9425104825149256
2017-02-21,20,20,0,0,1.0,0.0,0.0,20,1.0,0.0012355713291170238,0.014095519423028705,0.9846689092478546
2017-02-22,12,12,0,0,1.0,0.0,0.0,12,1.0,0.0004245788600409223,0.007842824590689792,0.9917325965492679
2017-02-23,13,13,0,0,1.0,0.0,0.0,13,1.0,0.0005541283087356809,0.0035996429443786926,0.9958462287468888
2017-02-24,17,17,0,0,1.0,0.0,0.0,17,1.0,0.0009447855527943028,0.016696143323148102,0.982359071124058
2017-02-25,3,3,0,0,1.0,0.0,0.0,3,1.0,0.004791209575082774,0.051495897686041396,0.9437128927388767
2017-02-26,2,2,0,0,1.0,0.0,0.0,2,1.0,0.0004971148510611573,0.005739995080675696,0.9937628900682681
2017-02-27,30,30,0,0,1.0,0.0,0.0,30,1.0,0.0007876893634444248,0.006860439572123274,0.9923518710644325
2017-02-28,20,20,0,0,1.0,0.0,0.0,20,1.0,0.0015485736006061652,0.02625450364503546,0.97219692275436
2017-03-01,20,20,0,0,1.0,0.0,0.0,20,1.0,0.0009219414268612957,0.014187243159744928,0.9848908154133914
2017-03-02,23,23,0,0,1.0,0.0,0.0,23,1.0,0.0003592372602327311,0.006085332586265442,0.9935554301535007
2017-03-03,27,27,0,0,1.0,0.0,0.0,27,1.0,0.0007770827460141511,0.00771484264212339,0.9915080746118634
2017-03-05,2,2,0,0,1.0,0.0,0.0,2,1.0,6.676723236891561e-07,2.632979857591117e-06,0.9999966993478192
2017-03-06,25,25,0,0,1.0,0.0,0.0,25,1.0,0.001848904206375289,0.018331272567649125,0.979819823225974
2017-03-07,16,16,0,0,1.0,0.0,0.0,16,1.0,0.0005228026922472669,0.0033008357517996362,0.9961763615559529
2017-03-08,16,16,0,0,1.0,0.0,0.0,16,1.0,5.5115267993764336e-05,0.0016261383127087697,0.9983187464193003
2017-03-09,29,29,0,0,1.0,0.0,0.0,29,1.0,0.0008232840046617782,0.004798444108641957,0.9943782718866958
2017-03-10,101,101,0,0,1.0,0.0,0.0,101,1.0,0.000397082725141228,0.003250865283783759,0.9963520519910753
2017-03-11,2,2,0,0,1.0,0.0,0.0,2,1.0,2.3013983155688763e-06,1.754759385073445e-05,0.9999801510078313
2017-03-12,1,1,0,0,1.0,0.0,0.0,1,1.0,1.1179907388148039e-05,2.0238123331301055e-05,0.9999685819692695
2017-03-13,23,23,0,0,1.0,0.0,0.0,23,1.0,0.0013560332830774462,0.013402427851333887,0.9852415388655892
2017-03-14,22,22,0,0,1.0,0.0,0.0,22,1.0,0.00176120227955473,0.01832732393154704,0.9799114737888984
2017-03-15,17,17,0,0,1.0,0.0,0.0,17,1.0,0.00047059000056163354,0.005996796900883367,0.9935326130985532
2017-03-16,126,125,0,1,0.9920634920634921,0.0,0.007936507936507936,125,0.9920634920634921,0.00036421190744379976,0.005286900456340545,0.9943488876362155
2017-03-17,17,17,0,0,1.0,0.0,0.0,17,1.0,0.0017746421144126119,0.01048423826546366,0.987741119620123
2017-03-18,2,2,0,0,1.0,0.0,0.0,2,1.0,2.489685692708682e-05,8.84619897238868e-05,0.999886641153346
2017-03-19,3,3,0,0,1.0,0.0,0.0,3,1.0,0.0024534731985686267,0.01752928279065409,0.9800172440107783
2017-03-20,35,35,0,0,1.0,0.0,0.0,35,1.0,0.0006787418155337441,0.012902012429330777,0.9864192457551363
2017-03-21,27,27,0,0,1.0,0.0,0.0,27,1.0,0.0009637530669036673,0.022712285335531247,0.9763239615975654
2017-03-22,23,23,0,0,1.0,0.0,0.0,23,1.0,0.0009918885368798438,0.016632670083524915,0.982375441379596
2017-03-23,100,100,0,0,1.0,0.0,0.0,100,1.0,0.0001452782256534751,0.0026541805487430336,0.9972005412256034
2017-03-24,107,107,0,0,1.0,0.0,0.0,107,1.0,0.0003957803485323961,0.002981208190321366,0.9966230114611465
2017-03-25,4,4,0,0,1.0,0.0,0.0,4,1.0,0.003969887557689329,0.01605039890517753,0.9799797135371331
2017-03-26,6,6,0,0,1.0,0.0,0.0,6,1.0,8.874709370871224e-06,4.717405423118772e-05,0.9999439512364002
2017-03-27,24,24,0,0,1.0,0.0,0.0,24,1.0,0.0005410342113920389,0.007398738278505274,0.9920602275101035
2017-03-28,107,107,0,0,1.0,0.0,0.0,107,1.0,6.071587215910371e-05,0.0004578182982830469,0.9994814658295581
2017-03-29,109,109,0,0,1.0,0.0,0.0,109,1.0,7.802009874120415e-05,0.001551144300472771,0.9983708356007872
2017-03-30,20,20,0,0,1.0,0.0,0.0,20,1.0,0.00041416825199292183,0.011067497903102094,0.9885183338449053
2017-03-31,23,23,0,0,1.0,0.0,0.0,23,1.0,5.133262888870237e-05,0.00041749475219745,0.9995311726189139
2017-04-01,2,2,0,0,1.0,0.0,0.0,2,1.0,1.8531804974397552e-07,7.735354957741428e-07,0.9999990411464497
2017-04-02,5,5,0,0,1.0,0.0,0.0,5,1.0,0.0015472680951994643,0.023098726648067468,0.9753540052567333
2017-04-03,96,96,0,0,1.0,0.0,0.0,96,1.0,6.797408857290439e-05,0.0005765393497803754,0.999355486561646
2017-04-04,30,30,0,0,1.0,0.0,0.0,30,1.0,0.0010957562466309269,0.031093315334036264,0.9678109284193346
2017-04-05,24,24,0,0,1.0,0.0,0.0,24,1.0,0.0009286721490257939,0.004896402321462712,0.99417492552951
2017-04-06,30,30,0,0,1.0,0.0,0.0,30,1.0,0.00016431004799617082,0.0025064933886593016,0.9973291965633434
2017-04-07,24,24,0,0,1.0,0.0,0.0,24,1.0,0.0005768687386073838,0.005112874403109361,0.9943102568582823
2017-04-08,3,3,0,0,1.0,0.0,0.0,3,1.0,6.196985685130989e-06,5.613641097604197e-05,0.9999376666033369
2017-04-09,1,1,0,0,1.0,0.0,0.0,1,1.0,2.9419191258929235e-06,1.4657157196645538e-05,0.9999824009236803
2017-04-10,28,28,0,0,1.0,0.0,0.0,28,1.0,0.0005904129266273775,0.009263400327809949,0.9901461867455624
2017-04-11,39,39,0,0,1.0,0.0,0.0,39,1.0,0.0012719307581704827,0.013874311831582897,0.9848537574102472
2017-04-12,37,37,0,0,1.0,0.0,0.0,37,1.0,0.0004121937039837363,0.004926445471883932,0.9946613608241316
2017-04-13,20,20,0,0,1.0,0.0,0.0,20,1.0,0.00016502691521033813,0.0007804982215897419,0.9990544748632004
2017-04-14,9,9,0,0,1.0,0.0,0.0,9,1.0,0.0007895664535242543,0.00871783307776158,0.9904926004687145
2017-04-17,29,29,0,0,1.0,0.0,0.0,29,1.0,0.0004815811937107111,0.005254437525292228,0.9942639812809959
2017-04-18,30,30,0,0,1.0,0.0,0.0,30,1.0,0.0008400762766015592,0.00603208498821133,0.9931278387351855
2017-04-19,31,31,0,0,1.0,0.0,0.0,31,1.0,0.0001747307835548723,0.0031714696676696636,0.9966537995487763
2017-04-20,35,35,0,0,1.0,0.0,0.0,35,1.0,0.0014814756212659025,0.015888316996516102,0.9826302073822173
2017-04-21,120,120,0,0,1.0,0.0,0.0,120,1.0,8.430587670550683e-05,0.000774619956714788,0.9991410741665803
2017-04-22,5,5,0,0,1.0,0.0,0.0,5,1.0,3.4559723453104164e-06,1.4777344952275722e-05,0.9999817666826996
2017-04-24,138,138,0,0,1.0,0.0,0.0,138,1.0,0.00019302539733650188,0.0036375467041299867,0.9961694278985336
2017-04-25,80,80,0,0,1.0,0.0,0.0,80,1.0,0.0001578441452491257,0.002418473222102624,0.9974236826326484
2017-04-26,43,43,0,0,1.0,0.0,0.0,43,1.0,0.00017747839810828143,0.0013640884989339285,0.9984584331029589
2017-04-27,30,30,0,0,1.0,0.0,0.0,30,1.0,9.221000510403879e-05,0.0008115887573996281,0.9990962012374981
2017-04-28,37,37,0,0,1.0,0.0,0.0,37,1.0,0.0010779332490509512,0.016106823066174714,0.9828152436847744
2017-04-29,1,1,0,0,1.0,0.0,0.0,1,1.0,3.788922445070951e-06,2.0964139381315844e-05,0.9999752469381677
2017-04-30,1,1,0,0,1.0,0.0,0.0,1,1.0,8.600421074631779e-06,2.5813703453044033e-05,0.9999655858754711
2017-05-01,46,46,0,0,1.0,0.0,0.0,46,1.0,0.0012410456555616914,0.006375778310124427,0.9923831760343143
2017-05-02,45,45,0,0,1.0,0.0,0.0,45,1.0,0.0002470792936839098,0.002122528873597373,0.9976303918327182
2017-05-03,38,38,0,0,1.0,0.0,0.0,38,1.0,0.0011080749020182024,0.01981605955921305,0.9790758655387686
2017-05-04,17,17,0,0,1.0,0.0,0.0,17,1.0,0.0002775618355861326,0.003314676673059821,0.9964077614913559
2017-05-05,116,116,0,0,1.0,0.0,0.0,116,1.0,0.00028662984332131843,0.0021992576316508146,0.9975141125250273
2017-05-06,1,1,0,0,1.0,0.0,0.0,1,1.0,0.0023345287753269816,0.010175780174757686,0.9874896910499169
2017-05-07,3,3,0,0,1.0,0.0,0.0,3,1.0,0.001729504506455031,0.01769424658945719,0.9805762489040899
2017-05-08,32,32,0,0,1.0,0.0,0.0,32,1.0,0.00037552510607476066,0.002976456392650649,0.9966480185012758
2017-05-09,47,47,0,0,1.0,0.0,0.0,47,1.0,8.239751808042561e-05,0.0007284447825056968,0.9991891576994146
2017-05-10,47,47,0,0,1.0,0.0,0.0,47,1.0,0.0001551058363827025,0.0008161871213876021,0.9990287070422295
2017-05-11,56,56,0,0,1.0,0.0,0.0,56,1.0,0.000339856622403811,0.004316712113207948,0.9953434312643876
2017-05-12,28,28,0,0,1.0,0.0,0.0,28,1.0,0.0008588094100408152,0.014007512167737405,0.9851336784222234
2017-05-13,4,4,0,0,1.0,0.0,0.0,4,1.0,0.0020318045102510436,0.011382147826543145,0.9865860476632058
2017-05-14,1,1,0,0,1.0,0.0,0.0,1,1.0,1.891558242622398e-07,6.152970067423198e-07,0.9999991955471723
2017-05-15,27,27,0,0,1.0,0.0,0.0,27,1.0,0.0008540888920072131,0.012366290596483106,0.9867796205115086
2017-05-16,33,33,0,0,1.0,0.0,0.0,33,1.0,0.0007108495178347863,0.011605503405444868,0.9876836470767199
2017-05-17,28,27,0,1,0.9642857142857143,0.0,0.03571428571428571,27,0.9642857142857143,0.0008724282727386575,0.027819204896773718,0.9713083668304883
2017-05-18,29,29,0,0,1.0,0.0,0.0,29,1.0,0.000365708807668735,0.007398952139621188,0.99223533905271
2017-05-19,26,26,0,0,1.0,0.0,0.0,26,1.0,3.227780910215664e-05,0.00019650069260980643,0.9997712214982883
2017-05-21,2,2,0,0,1.0,0.0,0.0,2,1.0,2.3366295512045635e-06,2.4731659676843022e-05,0.9999729317107708
2017-05-22,26,26,0,0,1.0,0.0,0.0,26,1.0,0.0007186771005804253,0.008805838427025144,0.9904754844723942
2017-05-23,34,34,0,0,1.0,0.0,0.0,34,1.0,0.0015929613456002025,0.017910077072208958,0.9804969615821908
2017-05-24,27,27,0,0,1.0,0.0,0.0,27,1.0,0.0003762544277625339,0.0063635366114374635,0.9932602089608004
2017-05-25,27,27,0,0,1.0,0.0,0.0,27,1.0,0.0002868841694120932,0.0019104965700440723,0.9978026192605434
2017-05-26,11,11,0,0,1.0,0.0,0.0,11,1.0,0.000538532241019235,0.021836457454368498,0.977625010304611
2017-05-27,4,4,0,0,1.0,0.0,0.0,4,1.0,2.9285456418672325e-05,0.0001242115978705038,0.9998465029457134
2017-05-28,4,4,0,0,1.0,0.0,0.0,4,1.0,0.0009256993069855408,0.00562620628413785,0.9934480944088788
2017-05-29,3,3,0,0,1.0,0.0,0.0,3,1.0,0.0009668489701479978,0.010862285682452738,0.9881708653473993
2017-05-30,94,94,0,0,1.0,0.0,0.0,94,1.0,0.00015999114523409532,0.0008422779643207677,0.998997730890444
2017-05-31,96,96,0,0,1.0,0.0,0.0,96,1.0,0.00022436925312728279,0.0066567275222674145,0.9931189032246057
2017-06-01,24,24,0,0,1.0,0.0,0.0,24,1.0,2.7295344894351728e-05,0.00022105716569705878,0.9997516474894073
2017-06-02,27,27,0,0,1.0,0.0,0.0,27,1.0,0.0012078575079512376,0.005307511837116718,0.9934846306549342
2017-06-03,1,1,0,0,1.0,0.0,0.0,1,1.0,5.976023490050986e-05,0.00041447405084404476,0.9995257657142541
2017-06-04,3,3,0,0,1.0,0.0,0.0,3,1.0,1.319275527775705e-05,4.109917549390421e-05,0.999945708069228
2017-06-05,40,40,0,0,1.0,0.0,0.0,40,1.0,0.0006173006610940509,0.013985929309038197,0.9853967700298677
2017-06-06,35,35,0,0,1.0,0.0,0.0,35,1.0,0.0006724563671067601,0.016937660639554666,0.9823898829933392
2017-06-07,28,28,0,0,1.0,0.0,0.0,28,1.0,0.00040623292203527086,0.00703512171047048,0.9925586453674945
2017-06-08,18,18,0,0,1.0,0.0,0.0,18,1.0,0.00037447602278042777,0.004648505202169769,0.9949770187750497
2017-06-09,98,98,0,0,1.0,0.0,0.0,98,1.0,7.337238140539438e-05,0.002524744060181781,0.9974018835584141
2017-06-10,3,3,0,0,1.0,0.0,0.0,3,1.0,0.003550438667667364,0.051594127810937064,0.944855433521401
2017-06-12,118,118,0,0,1.0,0.0,0.0,118,1.0,0.0001677252783584067,0.0012917358566892558,0.9985405388649524
2017-06-13,31,31,0,0,1.0,0.0,0.0,31,1.0,0.0008233355929805674,0.006385448687835309,0.9927912157191835
2017-06-14,38,38,0,0,1.0,0.0,0.0,38,1.0,0.0008765808586178301,0.015495860546973588,0.9836275585944086
2017-06-15,34,34,0,0,1.0,0.0,0.0,34,1.0,0.0007320526616042362,0.008732100678884965,0.9905358466595097
2017-06-16,34,34,0,0,1.0,0.0,0.0,34,1.0,0.0004955521301838974,0.008554401607638944,0.9909500462621776
2017-06-17,5,5,0,0,1.0,0.0,0.0,5,1.0,6.091926442755639e-06,4.536786679033445e-05,0.9999485402067657
2017-06-18,1,1,0,0,1.0,0.0,0.0,1,1.0,7.191803646928348e-06,2.6023997881690573e-05,0.999966784198469
2017-06-19,41,41,0,0,1.0,0.0,0.0,41,1.0,0.0003253805855287779,0.007237040046705445,0.9924375793677671
2017-06-20,24,24,0,0,1.0,0.0,0.0,24,1.0,0.0011588399356180382,0.029351947213033604,0.9694892128513484
2017-06-21,30,30,0,0,1.0,0.0,0.0,30,1.0,0.0012550399320639082,0.01231038854761213,0.9864345715203224
2017-06-22,28,28,0,0,1.0,0.0,0.0,28,1.0,0.00022217571804019156,0.0016509888442054863,0.9981268354377543
2017-06-23,20,20,0,0,1.0,0.0,0.0,20,1.0,0.001434894249044665,0.006964361249602905,0.9916007445013519
2017-06-24,1,1,0,0,1.0,0.0,0.0,1,1.0,6.972206438998318e-06,4.4945156329232204e-05,0.9999480826372275
2017-06-25,5,5,0,0,1.0,0.0,0.0,5,1.0,1.2669491802349493e-05,0.0001570329788307888,0.9998302975293699
2017-06-26,26,26,0,0,1.0,0.0,0.0,26,1.0,0.0003808273666774583,0.004998068961784405,0.9946211036715378
2017-06-27,29,29,0,0,1.0,0.0,0.0,29,1.0,0.0005035379452394149,0.00274339145458467,0.9967530706001778
2017-06-28,26,26,0,0,1.0,0.0,0.0,26,1.0,0.0008905549125036865,0.01671877517547615,0.9823906699120203
2017-06-29,19,19,0,0,1.0,0.0,0.0,19,1.0,0.0005603063351648688,0.01190948990481675,0.9875302037600181
2017-06-30,24,24,0,0,1.0,0.0,0.0,24,1.0,4.94586025346155e-05,0.0005339233643993306,0.9994166180330654
2017-07-01,3,3,0,0,1.0,0.0,0.0,3,1.0,1.8666457165966464e-05,0.00024056352616708685,0.9997407700166646
2017-07-02,2,2,0,0,1.0,0.0,0.0,2,1.0,0.00010721717562577132,0.0004678771879744801,0.9994249056364028
2017-07-03,23,23,0,0,1.0,0.0,0.0,23,1.0,8.474892283994279e-05,0.001120249757899078,0.9987950013192599
2017-07-04,4,4,0,0,1.0,0.0,0.0,4,1.0,0.004188332723234579,0.07617775431045373,0.9196339129663151
2017-07-05,18,18,0,0,1.0,0.0,0.0,18,1.0,0.0004149870365079042,0.007920180262351056,0.9916648327011401
2017-07-06,34,34,0,0,1.0,0.0,0.0,34,1.0,0.003243081486489997,0.014212266676412977,0.9825446518370967
2017-07-07,28,28,0,0,1.0,0.0,0.0,28,1.0,0.000598126458906827,0.00660174066544592,0.9928001328756485
2017-07-08,3,3,0,0,1.0,0.0,0.0,3,1.0,1.9543284952016023e-05,6.697918476862803e-05,0.9999134775302774
2017-07-09,3,3,0,0,1.0,0.0,0.0,3,1.0,0.0005185395701253401,0.0705149874454989,0.9289664729843725
2017-07-10,42,42,0,0,1.0,0.0,0.0,42,1.0,0.0005257993643450706,0.00916187701122355,0.9903123236244317
2017-07-11,121,121,0,0,1.0,0.0,0.0,121,1.0,0.00023302421432523516,0.003922556204827738,0.9958444195808474
2017-07-12,146,146,0,0,1.0,0.0,0.0,146,1.0,7.411651300495173e-05,0.0015089600921007961,0.9984169233948935
2017-07-13,121,121,0,0,1.0,0.0,0.0,121,1.0,0.00020078768579263258,0.0027799184533217527,0.9970192938608854
2017-07-14,115,115,0,0,1.0,0.0,0.0,115,1.0,4.2593586355029184e-05,0.0004570752722647868,0.9995003311413794
2017-07-15,6,6,0,0,1.0,0.0,0.0,6,1.0,0.002099632304139194,0.0061518594424786535,0.9917485082533842
2017-07-16,3,3,0,0,1.0,0.0,0.0,3,1.0,1.6992989611879737e-06,2.5243181172432273e-05,0.999973057519867
2017-07-17,57,57,0,0,1.0,0.0,0.0,57,1.0,0.0005444807005199462,0.011688636659911811,0.987766882639569
2017-07-18,26,26,0,0,1.0,0.0,0.0,26,1.0,0.0004347566961313868,0.003042049068285269,0.9965231942355831
2017-07-19,30,30,0,0,1.0,0.0,0.0,30,1.0,0.0007820475262319197,0.005974264250452445,0.9932436882233172
2017-07-20,27,27,0,0,1.0,0.0,0.0,27,1.0,0.0005680849296007669,0.01283766857981131,0.986594246490589
2017-07-21,35,35,0,0,1.0,0.0,0.0,35,1.0,9.270215384006335e-05,0.0006132478180611693,0.9992940500280988
2017-07-22,4,4,0,0,1.0,0.0,0.0,4,1.0,9.099790401219141e-05,0.0005302922902090946,0.9993787098057817
2017-07-24,165,165,0,0,1.0,0.0,0.0,165,1.0,5.526316480443616e-05,0.0004790453090520339,0.9994656915261431
2017-07-25,29,29,0,0,1.0,0.0,0.0,29,1.0,0.0004959042365147962,0.008099962071784542,0.9914041336917012
2017-07-26,38,38,0,0,1.0,0.0,0.0,38,1.0,0.00026566162541895907,0.001755140791042109,0.9979791975835389
2017-07-27,30,30,0,0,1.0,0.0,0.0,30,1.0,0.0003245747848329997,0.010193327729168082,0.989482097485998
2017-07-28,33,33,0,0,1.0,0.0,0.0,33,1.0,0.0010703551613006406,0.022424945068189924,0.9765046997705091
2017-07-29,4,4,0,0,1.0,0.0,0.0,4,1.0,7.066506467076291e-05,0.0006831049087916429,0.9992462300265383
2017-07-30,4,4,0,0,1.0,0.0,0.0,4,1.0,1.5242584675527584e-06,9.666490046102125e-06,0.9999888092514929
2017-07-31,183,183,0,0,1.0,0.0,0.0,183,1.0,0.00010301602787989797,0.0011372588927287097,0.9987597250793921
2017-08-01,50,50,0,0,1.0,0.0,0.0,50,1.0,0.0004314434226799901,0.0067378573590709204,0.9928306992182492
2017-08-02,64,64,0,0,1.0,0.0,0.0,64,1.0,0.000467344464109209,0.0051533192739358635,0.9943793362619555
2017-08-03,36,36,0,0,1.0,0.0,0.0,36,1.0,0.00039183277248450155,0.002281224121145355,0.9973269431063687
2017-08-04,21,21,0,0,1.0,0.0,0.0,21,1.0,0.00043635456028645614,0.011550086653472288,0.988013558786241
2017-08-05,2,2,0,0,1.0,0.0,0.0,2,1.0,0.0003274238494089831,0.001529413627434809,0.9981431625231613
2017-08-06,7,7,0,0,1.0,0.0,0.0,7,1.0,0.00045599318343765804,0.0037688569303389015,0.9957751498862263
2017-08-07,37,37,0,0,1.0,0.0,0.0,37,1.0,0.0006082377510655651,0.007378596520087796,0.9920131657288457
2017-08-08,26,26,0,0,1.0,0.0,0.0,26,1.0,0.00168305365316955,0.01326610936343835,0.9850508369833932
2017-08-09,40,39,0,1,0.975,0.0,0.025,39,0.975,0.000648929030812255,0.027647716068339778,0.9717033549008478
2017-08-10,38,38,0,0,1.0,0.0,0.0,38,1.0,0.0009204852743538166,0.012348962678161999,0.9867305520474844
2017-08-11,28,28,0,0,1.0,0.0,0.0,28,1.0,0.0005491164126618096,0.0043666074648811715,0.995084276122457
2017-08-12,8,8,0,0,1.0,0.0,0.0,8,1.0,0.00040314130604250984,0.004020901265112011,0.9955759574288437
2017-08-13,3,3,0,0,1.0,0.0,0.0,3,1.0,6.83278279381754e-05,0.0012728990090578915,0.9986587731630073
2017-08-14,32,32,0,0,1.0,0.0,0.0,32,1.0,0.0008877230508034774,0.005128261104714518,0.9939840158444805
2017-08-15,34,34,0,0,1.0,0.0,0.0,34,1.0,0.0014650806594136458,0.015708438798913135,0.9828264805416732
2017-08-16,32,32,0,0,1.0,0.0,0.0,32,1.0,0.00042738842047351116,0.008526644751786355,0.9910459668277404
2017-08-17,33,33,0,0,1.0,0.0,0.0,33,1.0,0.0008327724717661125,0.018885107616646333,0.9802821199115884
2017-08-18,30,30,0,0,1.0,0.0,0.0,30,1.0,0.00022590641255184485,0.0014391726828101793,0.9983349209046385
2017-08-19,7,7,0,0,1.0,0.0,0.0,7,1.0,0.0003252105800325764,0.0022518397936520003,0.9974229496263156
2017-08-20,2,2,0,0,1.0,0.0,0.0,2,1.0,1.3453443159417455e-05,0.00010983763288098098,0.9998767089239577
2017-08-21,117,117,0,0,1.0,0.0,0.0,117,1.0,9.850603592410211e-05,0.0017133700802713589,0.9981881238838041
2017-08-22,23,23,0,0,1.0,0.0,0.0,23,1.0,0.0001412102786089141,0.0039040371606792975,0.9959547525607115
2017-08-23,29,29,0,0,1.0,0.0,0.0,29,1.0,0.0003518259491919093,0.0042770660121367755,0.9953711080386702
2017-08-24,23,23,0,0,1.0,0.0,0.0,23,1.0,4.191393645761071e-05,0.00038457740487707917,0.9995735086586636
2017-08-25,26,26,0,0,1.0,0.0,0.0,26,1.0,0.0006852655581329454,0.012627269119758673,0.9866874653221086
2017-08-27,2,2,0,0,1.0,0.0,0.0,2,1.0,0.001246237013987451,0.00963166698220778,0.9891220960038039
2017-08-28,117,117,0,0,1.0,0.0,0.0,117,1.0,5.456251583527357e-05,0.0004829162725579958,0.9994625212116071
2017-08-29,29,29,0,0,1.0,0.0,0.0,29,1.0,0.0005137966368627124,0.0035496129507942135,0.9959365904123432
2017-08-30,24,24,0,0,1.0,0.0,0.0,24,1.0,0.00021713826933825802,0.0019462891980874773,0.9978365725325755
2017-08-31,27,26,0,1,0.9629629629629629,0.0,0.037037037037037035,26,0.9629629629629629,0.0009358573762966516,0.02653022997696371,0.9725339126467418
2017-09-01,107,107,0,0,1.0,0.0,0.0,107,1.0,5.102142258079623e-05,0.0007139689991440069,0.9992350095782748
2017-09-02,2,2,0,0,1.0,0.0,0.0,2,1.0,0.0021750422368025245,0.07359444344255499,0.9242305143206404
2017-09-03,2,2,0,0,1.0,0.0,0.0,2,1.0,6.076133600551465e-06,4.606687440720479e-05,0.9999478569919835
2017-09-04,2,2,0,0,1.0,0.0,0.0,2,1.0,0.002237335621057626,0.045685209994010115,0.9520774543849342
2017-09-05,29,29,0,0,1.0,0.0,0.0,29,1.0,9.59031465306362e-05,0.0027504060181572873,0.9971536908353119
2017-09-06,27,27,0,0,1.0,0.0,0.0,27,1.0,0.000249136896425599,0.0032174755601628146,0.9965333875434105
2017-09-07,21,21,0,0,1.0,0.0,0.0,21,1.0,0.0007241339434762856,0.011363243002543195,0.9879126230539803
2017-09-08,109,109,0,0,1.0,0.0,0.0,109,1.0,0.0002589799979585494,0.005896593832559586,0.9938444261694819
2017-09-09,4,4,0,0,1.0,0.0,0.0,4,1.0,9.893710219945045e-06,5.527930688547521e-05,0.999934826982895
2017-09-10,5,5,0,0,1.0,0.0,0.0,5,1.0,0.0021053152381419263,0.036768028471185085,0.961126656290672
2017-09-11,115,115,0,0,1.0,0.0,0.0,115,1.0,9.076546160504308e-05,0.0017711621715844248,0.9981380723668108
2017-09-12,154,154,0,0,1.0,0.0,0.0,154,1.0,0.0007119183480735712,0.013696837900919384,0.9855912437510069
2017-09-13,152,152,0,0,1.0,0.0,0.0,152,1.0,0.0002121082473529785,0.00364822099555537,0.9961396707570914
2017-09-14,41,41,0,0,1.0,0.0,0.0,41,1.0,0.0013704659420086826,0.012646713967895894,0.9859828200900969
2017-09-15,34,34,0,0,1.0,0.0,0.0,34,1.0,0.0004039125162449167,0.007132911754883118,0.9924631757288739
2017-09-16,2,2,0,0,1.0,0.0,0.0,2,1.0,0.011368631349351727,0.06698224567978334,0.9216491229708634
2017-09-17,3,3,0,0,1.0,0.0,0.0,3,1.0,0.0040173820432550045,0.02949193141076754,0.9664906865459729
2017-09-18,28,28,0,0,1.0,0.0,0.0,28,1.0,0.00032509791740675765,0.0038654889062142267,0.9958094131763795
2017-09-19,29,29,0,0,1.0,0.0,0.0,29,1.0,0.00011504500298306855,0.0013075685132825892,0.9985773864837348
2017-09-20,132,132,0,0,1.0,0.0,0.0,132,1.0,0.00017072053729149034,0.002813487609726981,0.9970157918529812
2017-09-21,32,32,0,0,1.0,0.0,0.0,32,1.0,0.0007390408053843623,0.012580291035800727,0.9866806681588141
2017-09-22,33,33,0,0,1.0,0.0,0.0,33,1.0,0.0001657228496546371,0.003690510706521866,0.996143766443825
2017-09-23,2,2,0,0,1.0,0.0,0.0,2,1.0,0.00038505390891969634,0.0034395456426451637,0.9961754004484347
2017-09-24,6,6,0,0,1.0,0.0,0.0,6,1.0,0.0005869039088047829,0.0047500504050886965,0.9946630456861073
2017-09-25,28,28,0,0,1.0,0.0,0.0,28,1.0,0.0005726023820845161,0.008110986745024728,0.9913164108728904
2017-09-26,33,33,0,0,1.0,0.0,0.0,33,1.0,0.00030768862734994746,0.0028933242723125432,0.9967989871003383
2017-09-27,35,35,0,0,1.0,0.0,0.0,35,1.0,0.0002725511317948773,0.002504246497549165,0.997223202370657
2017-09-28,89,89,0,0,1.0,0.0,0.0,89,1.0,0.0002732268685330518,0.0011430448802149339,0.9985837282512514
2017-09-29,26,26,0,0,1.0,0.0,0.0,26,1.0,0.0004511842795558185,0.008525311864573016,0.9910235038558732
2017-09-30,4,4,0,0,1.0,0.0,0.0,4,1.0,0.000726834899494774,0.008966037320389152,0.9903071277801146
2017-10-01,5,5,0,0,1.0,0.0,0.0,5,1.0,2.74760690126115e-05,0.00023660517226302722,0.9997359187587248
2017-10-02,27,27,0,0,1.0,0.0,0.0,27,1.0,0.00013897128694739813,0.0012190735515537926,0.9986419551614991
2017-10-03,19,19,0,0,1.0,0.0,0.0,19,1.0,3.1092808343194464e-05,0.0002853658607437639,0.9996835413309121
2017-10-04,26,26,0,0,1.0,0.0,0.0,26,1.0,0.0005830275365507718,0.006429521262537923,0.9929874512009115
2017-10-05,26,26,0,0,1.0,0.0,0.0,26,1.0,0.0008256886734529397,0.007364223956581527,0.9918100873699648
2017-10-06,20,20,0,0,1.0,0.0,0.0,20,1.0,1.5480435407095186e-05,0.00011252896058213153,0.9998719906040086
2017-10-07,2,2,0,0,1.0,0.0,0.0,2,1.0,1.006125248546239e-05,7.347932026450195e-05,0.9999164594272479
2017-10-08,3,3,0,0,1.0,0.0,0.0,3,1.0,2.682577962812078e-05,0.0001351629195121826,0.9998380113008577
2017-10-09,21,21,0,0,1.0,0.0,0.0,21,1.0,0.00037058620859908734,0.0036038278169194795,0.996025585974481
2017-10-10,29,29,0,0,1.0,0.0,0.0,29,1.0,0.00046567497992069284,0.010487363072457054,0.989046961947624
2017-10-11,33,33,0,0,1.0,0.0,0.0,33,1.0,0.0008163522152462479,0.006924300956629026,0.9922593468281239
2017-10-12,26,26,0,0,1.0,0.0,0.0,26,1.0,0.0010554366224500935,0.01786609099199344,0.9810784723855568
2017-10-13,29,29,0,0,1.0,0.0,0.0,29,1.0,0.0014137284967212938,0.015506414637770643,0.9830798568655083
2017-10-14,4,4,0,0,1.0,0.0,0.0,4,1.0,1.4903170349937169e-05,0.0001975496370230679,0.9997875471926222
2017-10-15,4,4,0,0,1.0,0.0,0.0,4,1.0,8.301763086340089e-06,8.526229318781612e-05,0.9999064359437243
2017-10-16,36,36,0,0,1.0,0.0,0.0,36,1.0,0.0009286932709539731,0.0035528944497550882,0.9955184122792899
2017-10-17,37,37,0,0,1.0,0.0,0.0,37,1.0,0.0005102515050076894,0.0037699927857059263,0.995719755709288
2017-10-18,41,41,0,0,1.0,0.0,0.0,41,1.0,9.793163399774103e-05,0.000911799046953719,0.9989902693190486
2017-10-19,43,43,0,0,1.0,0.0,0.0,43,1.0,7.358613095984945e-05,0.0010910583664120452,0.9988353555026279
2017-10-20,36,36,0,0,1.0,0.0,0.0,36,1.0,0.00035942289029769443,0.006886304206759207,0.992754272902942
2017-10-21,4,4,0,0,1.0,0.0,0.0,4,1.0,6.615940015463695e-06,0.00010862818842366983,0.9998847558715588
2017-10-22,5,5,0,0,1.0,0.0,0.0,5,1.0,8.69840548177103e-06,0.00010938677792272503,0.9998819148165957
2017-10-23,30,30,0,0,1.0,0.0,0.0,30,1.0,0.0001780121204866024,0.004658702488945248,0.9951632853905665
2017-10-24,36,36,0,0,1.0,0.0,0.0,36,1.0,0.00034768114682818884,0.005588179260162099,0.9940641395930082
2017-10-25,35,35,0,0,1.0,0.0,0.0,35,1.0,0.00017934935253776816,0.0015869373004985064,0.9982337133469623
2017-10-26,22,22,0,0,1.0,0.0,0.0,22,1.0,3.437362521634575e-05,0.0003662943749541705,0.9995993319998292
2017-10-27,37,37,0,0,1.0,0.0,0.0,37,1.0,0.000514131467574894,0.010440993309302935,0.9890448752231247
2017-10-28,1,1,0,0,1.0,0.0,0.0,1,1.0,0.0001327859965222841,0.000699418897054498,0.9991677951064122
2017-10-29,2,2,0,0,1.0,0.0,0.0,2,1.0,2.7549305457012684e-05,0.0002001143298818378,0.9997723363646578
2017-10-30,53,53,0,0,1.0,0.0,0.0,53,1.0,0.0005014141902125232,0.009273287160126771,0.9902252986496605
2017-10-31,57,57,0,0,1.0,0.0,0.0,57,1.0,0.0006555447417799738,0.005482205401498271,0.9938622498567217
2017-11-01,168,168,0,0,1.0,0.0,0.0,168,1.0,8.91072782842527e-05,0.0008721784149901952,0.9990387143067259
2017-11-02,54,54,0,0,1.0,0.0,0.0,54,1.0,0.00038011617004237276,0.00686868345821818,0.9927512003717387
2017-11-03,68,68,0,0,1.0,0.0,0.0,68,1.0,0.0006994458486690733,0.01384515184984807,0.9854554023014825
2017-11-04,2,2,0,0,1.0,0.0,0.0,2,1.0,0.0037646596535648013,0.03831570532538909,0.9579196350210433
2017-11-05,5,5,0,0,1.0,0.0,0.0,5,1.0,0.0031648463817545436,0.0507061633152648,0.9461289903029803
2017-11-06,46,46,0,0,1.0,0.0,0.0,46,1.0,0.0006312372483651696,0.013735733358870622,0.9856330293927626
2017-11-07,35,35,0,0,1.0,0.0,0.0,35,1.0,0.0007929547812670887,0.00461280019279554,0.9945942450259379
2017-11-08,30,30,0,0,1.0,0.0,0.0,30,1.0,0.0003260704684338823,0.0035271887663557897,0.9961467407652094
2017-11-09,30,30,0,0,1.0,0.0,0.0,30,1.0,0.0006977457829573577,0.008208454763048689,0.9910937994539933
2017-11-10,87,87,0,0,1.0,0.0,0.0,87,1.0,0.00038283125742345536,0.007235179225826215,0.9923819895167497
2017-11-11,4,4,0,0,1.0,0.0,0.0,4,1.0,0.0031265267436225,0.10251388064680313,0.8943595926095753
2017-11-13,42,42,0,0,1.0,0.0,0.0,42,1.0,0.0014213107014774,0.015572782146861544,0.9830059071516605
2017-11-14,32,32,0,0,1.0,0.0,0.0,32,1.0,0.0007196936379845787,0.006115660190151326,0.9931646461718642
2017-11-15,42,42,0,0,1.0,0.0,0.0,42,1.0,0.0005209307480254352,0.004171091670226761,0.995307977581748
2017-11-16,38,38,0,0,1.0,0.0,0.0,38,1.0,0.0004246575898247728,0.013080599230761774,0.9864947431794132
2017-11-17,30,30,0,0,1.0,0.0,0.0,30,1.0,0.0004835085556033583,0.0018780990892452915,0.9976383923551493
2017-11-18,5,5,0,0,1.0,0.0,0.0,5,1.0,5.9949801507043046e-05,0.0008453561648247433,0.9990946940336641
2017-11-19,3,3,0,0,1.0,0.0,0.0,3,1.0,3.446060193663043e-05,0.0004065618538112547,0.9995589775442499
2017-11-20,29,29,0,0,1.0,0.0,0.0,29,1.0,0.0013364824474023334,0.013246074564550668,0.9854174429880469
2017-11-21,28,28,0,0,1.0,0.0,0.0,28,1.0,0.0007556065964051855,0.011870405444307282,0.9873739879592882
2017-11-22,22,22,0,0,1.0,0.0,0.0,22,1.0,0.00011398805514672179,0.0006396341843722523,0.9992463777604812
2017-11-23,3,3,0,0,1.0,0.0,0.0,3,1.0,1.440583820003022e-05,0.00013219897725923028,0.9998533951845419
2017-11-24,90,90,0,0,1.0,0.0,0.0,90,1.0,9.2721391719468e-06,0.00011333006526916282,0.9998773977955592
2017-11-25,2,2,0,0,1.0,0.0,0.0,2,1.0,0.0029571435315439046,0.06573754422584352,0.9313053122426104
2017-11-26,2,2,0,0,1.0,0.0,0.0,2,1.0,0.0027825310810504307,0.043939542293030154,0.9532779266259204
2017-11-27,38,38,0,0,1.0,0.0,0.0,38,1.0,0.0002124166591023146,0.004244415164181191,0.9955431681767166
2017-11-28,32,32,0,0,1.0,0.0,0.0,32,1.0,0.0007250344290111633,0.011831600636720353,0.987443364934269
2017-11-29,36,36,0,0,1.0,0.0,0.0,36,1.0,0.00032648202451957594,0.0038451078684970724,0.9958284101069833
2017-11-30,38,38,0,0,1.0,0.0,0.0,38,1.0,0.0005426164485262336,0.003590523314866905,0.9958668602366076
2017-12-01,29,29,0,0,1.0,0.0,0.0,29,1.0,0.00045306652491374416,0.0027460825661168127,0.9968008509089709
2017-12-02,5,5,0,0,1.0,0.0,0.0,5,1.0,0.0006155516225049383,0.010377599515253983,0.9890068488622417
2017-12-03,4,4,0,0,1.0,0.0,0.0,4,1.0,0.0022854953303200645,0.02084351122138786,0.9768709934482909
2017-12-04,28,28,0,0,1.0,0.0,0.0,28,1.0,0.0004043985753752615,0.0026580560702175976,0.9969375453544066
2017-12-05,23,23,0,0,1.0,0.0,0.0,23,1.0,0.0006091272700667904,0.00351521826709611,0.9958756544628382
2017-12-06,34,34,0,0,1.0,0.0,0.0,34,1.0,0.00041672948237748053,0.0037057603836507043,0.9958775101339719
2017-12-07,22,22,0,0,1.0,0.0,0.0,22,1.0,0.000602343322642072,0.00935674266593792,0.9900409140114192
2017-12-08,32,32,0,0,1.0,0.0,0.0,32,1.0,0.00041117773646794873,0.004450188962399397,0.9951386333011308
2017-12-09,3,3,0,0,1.0,0.0,0.0,3,1.0,0.0033986029853697764,0.029334038935508334,0.967267358079122
2017-12-10,4,4,0,0,1.0,0.0,0.0,4,1.0,0.0012507586485194172,0.007555298844178528,0.9911939425073016
2017-12-11,41,41,0,0,1.0,0.0,0.0,41,1.0,0.000947879461417486,0.008222173536338766,0.990829947002244
2017-12-12,121,121,0,0,1.0,0.0,0.0,121,1.0,5.198200660419046e-05,0.0005827672253963345,0.9993652507679994
2017-12-13,53,53,0,0,1.0,0.0,0.0,53,1.0,0.000812963131621583,0.005180941038757895,0.99400609582962
2017-12-14,28,28,0,0,1.0,0.0,0.0,28,1.0,0.000730249032902444,0.019648529152342116,0.9796212218147545
2017-12-15,28,28,0,0,1.0,0.0,0.0,28,1.0,0.0011269020573348235,0.023881803676288987,0.9749912942663762
2017-12-16,2,2,0,0,1.0,0.0,0.0,2,1.0,3.751688267199994e-05,0.00021967804723636478,0.9997428050700932
2017-12-17,6,6,0,0,1.0,0.0,0.0,6,1.0,0.00029970429318175863,0.004558201751428451,0.9951420939553888
2017-12-18,39,39,0,0,1.0,0.0,0.0,39,1.0,0.0008642579930583219,0.020238997307846403,0.9788967446990966
2017-12-19,38,38,0,0,1.0,0.0,0.0,38,1.0,0.0005032784776835195,0.010074482151454218,0.9894222393708629
2017-12-20,32,32,0,0,1.0,0.0,0.0,32,1.0,0.00041833578840232464,0.010914555961122492,0.9886671082504743
2017-12-21,24,24,0,0,1.0,0.0,0.0,24,1.0,0.0007900593596360902,0.009236966900196795,0.9899729737401669
2017-12-22,26,26,0,0,1.0,0.0,0.0,26,1.0,0.000983047117730445,0.01335871502263178,0.9856582378596368
2017-12-23,4,4,0,0,1.0,0.0,0.0,4,1.0,3.8990984838870595e-05,0.000654636693199385,0.9993063723219623
2017-12-24,4,4,0,0,1.0,0.0,0.0,4,1.0,0.006719838398727909,0.04064904563230656,0.9526311159689667
2017-12-25,3,3,0,0,1.0,0.0,0.0,3,1.0,0.0029782900836405287,0.05870688521275611,0.9383148247036038
2017-12-26,35,35,0,0,1.0,0.0,0.0,35,1.0,0.0005348655305163993,0.01589200262659293,0.9835731318428902
2017-12-27,30,30,0,0,1.0,0.0,0.0,30,1.0,0.0002910883783720263,0.007780901546019198,0.9919280100756084
2017-12-28,23,23,0,0,1.0,0.0,0.0,23,1.0,0.0006823006561005778,0.008351409586330166,0.9909662897575688
2017-12-29,103,103,0,0,1.0,0.0,0.0,103,1.0,0.0003678128171507245,0.006267060718741822,0.9933651264641067
2017-12-30,1,1,0,0,1.0,0.0,0.0,1,1.0,1.3806775081982943e-07,8.4272169980416e-07,0.9999990192105463
2017-12-31,5,5,0,0,1.0,0.0,0.0,5,1.0,0.00014677959701108915,0.00016198666286926006,0.9996912337401209
2018-01-01,2,2,0,0,1.0,0.0,0.0,2,1.0,0.0024375372868322125,0.020455792476545304,0.9771066702366169
2018-01-02,27,27,0,0,1.0,0.0,0.0,27,1.0,7.878051932176994e-05,0.0008914730717847977,0.9990297464088945
2018-01-03,25,25,0,0,1.0,0.0,0.0,25,1.0,4.566170639529941e-05,0.0003785357994419507,0.999575802494163
2018-01-04,21,21,0,0,1.0,0.0,0.0,21,1.0,2.0827623668822138e-05,0.00017369411886764927,0.9998054782574628
2018-01-05,31,30,0,1,0.967741935483871,0.0,0.03225806451612903,30,0.967741935483871,0.0006552863384773533,0.02789750861429281,0.9714472050472305
2018-01-06,4,4,0,0,1.0,0.0,0.0,4,1.0,9.033688347682037e-05,0.0016542133716082692,0.9982554497449168
2018-01-07,5,5,0,0,1.0,0.0,0.0,5,1.0,0.0005956234438083058,0.0057147602333569025,0.9936896163228338
2018-01-08,21,21,0,0,1.0,0.0,0.0,21,1.0,0.0012389917901631966,0.01147155796076937,0.9872894502490676
2018-01-09,29,29,0,0,1.0,0.0,0.0,29,1.0,0.0014384128685154764,0.027854645355717064,0.970706941775767
2018-01-10,26,26,0,0,1.0,0.0,0.0,26,1.0,4.856799559833444e-05,0.0008175363058610332,0.9991338956985434
2018-01-11,22,22,0,0,1.0,0.0,0.0,22,1.0,0.0007746940469236745,0.00698502698451832,0.9922402789685598
2018-01-12,27,27,0,0,1.0,0.0,0.0,27,1.0,0.000539468393387494,0.006180566992398162,0.9932799646142135
2018-01-13,4,4,0,0,1.0,0.0,0.0,4,1.0,3.451054557896542e-05,0.000103852124111801,0.999861637330307
2018-01-14,5,5,0,0,1.0,0.0,0.0,5,1.0,3.303884825750893e-05,0.0002753119232427959,0.9996916492284991
2018-01-15,9,9,0,0,1.0,0.0,0.0,9,1.0,0.001413078898932977,0.0513759728657809,0.9472109482352852
2018-01-16,24,24,0,0,1.0,0.0,0.0,24,1.0,0.00034452025432524474,0.004782075391862389,0.9948734043538131
2018-01-17,129,129,0,0,1.0,0.0,0.0,129,1.0,0.0003488366262658198,0.003966382024243184,0.9956847813494909
2018-01-18,36,36,0,0,1.0,0.0,0.0,36,1.0,0.0010667124911379125,0.011085703084551986,0.9878475844243106
2018-01-19,43,43,0,0,1.0,0.0,0.0,43,1.0,0.0008977069449259477,0.008398989781473845,0.9907033032736008
2018-01-20,5,5,0,0,1.0,0.0,0.0,5,1.0,0.003986153614505559,0.022619668617091165,0.9733941777684058
2018-01-21,7,7,0,0,1.0,0.0,0.0,7,1.0,1.299167517770395e-05,6.09485256923504e-05,0.9999260597991286
2018-01-22,40,40,0,0,1.0,0.0,0.0,40,1.0,0.0002986414764634145,0.0046161925915140945,0.9950851659320212
2018-01-23,31,31,0,0,1.0,0.0,0.0,31,1.0,0.0006285041250491589,0.011532526306758968,0.9878389695681924
2018-01-24,43,43,0,0,1.0,0.0,0.0,43,1.0,0.0005398823573009876,0.006235052375308905,0.9932250652673914
2018-01-25,33,33,0,0,1.0,0.0,0.0,33,1.0,0.000733990174520477,0.003919820554839551,0.9953461892706397
2018-01-26,24,24,0,0,1.0,0.0,0.0,24,1.0,0.00038332651632146244,0.0022962034794987746,0.9973204700041799
2018-01-27,2,2,0,0,1.0,0.0,0.0,2,1.0,0.001067862784406973,0.033917200033793844,0.9650149371817978
2018-01-28,2,2,0,0,1.0,0.0,0.0,2,1.0,0.001948477216420857,0.024101385905691514,0.9739501368778842
2018-01-29,45,45,0,0,1.0,0.0,0.0,45,1.0,0.0006908423042292267,0.006332063459634123,0.992977094236138
2018-01-30,30,30,0,0,1.0,0.0,0.0,30,1.0,0.0008024837660575869,0.01186496916394588,0.9873325470699963
2018-01-31,32,32,0,0,1.0,0.0,0.0,32,1.0,0.0007194461100907309,0.004253310890125052,0.9950272429997853
2018-02-01,36,36,0,0,1.0,0.0,0.0,36,1.0,0.0004621488228821113,0.0035001764210564387,0.9960376747560604
2018-02-02,45,45,0,0,1.0,0.0,0.0,45,1.0,0.0005428133769670101,0.0076530793784361645,0.991804107244597
2018-02-03,1,1,0,0,1.0,0.0,0.0,1,1.0,2.0116736031948394e-05,7.204232300231488e-05,0.9999078409409707
2018-02-04,6,6,0,0,1.0,0.0,0.0,6,1.0,0.00499130329031195,0.036774585951143794,0.9582341107585436
2018-02-05,28,28,0,0,1.0,0.0,0.0,28,1.0,0.0007945417409748636,0.018270267817542516,0.9809351904414817
2018-02-06,131,131,0,0,1.0,0.0,0.0,131,1.0,0.00021324190494083378,0.0019054183463052831,0.9978813397487534
2018-02-07,27,27,0,0,1.0,0.0,0.0,27,1.0,0.0002609429270636622,0.001271414326239907,0.9984676427466951
2018-02-08,17,17,0,0,1.0,0.0,0.0,17,1.0,0.0011096318377633923,0.011546450284302389,0.9873439178779341
2018-02-09,16,16,0,0,1.0,0.0,0.0,16,1.0,0.001019324345343821,0.019029947882994412,0.9799507277716635
2018-02-10,7,7,0,0,1.0,0.0,0.0,7,1.0,0.0006225341191088151,0.00351465175887438,0.9958628141220188
2018-02-11,5,5,0,0,1.0,0.0,0.0,5,1.0,0.002038187183884842,0.018750326042646936,0.979211486773466
2018-02-12,30,30,0,0,1.0,0.0,0.0,30,1.0,0.0011702336835570676,0.016359121390637475,0.9824706449258057
2018-02-13,20,20,0,0,1.0,0.0,0.0,20,1.0,0.00028072987206232216,0.0015714373476916703,0.9981478327802449
2018-02-14,26,26,0,0,1.0,0.0,0.0,26,1.0,0.0004495115526745578,0.005762652296537178,0.9937878361507873
2018-02-15,37,37,0,0,1.0,0.0,0.0,37,1.0,0.0007646242090874726,0.007479086978270269,0.9917562888126418
2018-02-16,25,25,0,0,1.0,0.0,0.0,25,1.0,0.0017487307944820502,0.013952822455636043,0.9842984467498813
2018-02-17,3,3,0,0,1.0,0.0,0.0,3,1.0,2.2465136210043162e-05,8.980545407179777e-05,0.9998877294097158
2018-02-18,3,3,0,0,1.0,0.0,0.0,3,1.0,2.1387586860639285e-05,0.00014457129940316984,0.9998340411137406
2018-02-19,5,5,0,0,1.0,0.0,0.0,5,1.0,0.0010587018876568367,0.02448277090103423,0.9744585272113093
2018-02-20,18,18,0,0,1.0,0.0,0.0,18,1.0,0.00018654698251928688,0.0016491283119048515,0.9981643247055756
2018-02-21,17,17,0,0,1.0,0.0,0.0,17,1.0,0.00017102122697934964,0.0013737725148509064,0.9984552062581696
2018-02-22,118,118,0,0,1.0,0.0,0.0,118,1.0,8.005195278316698e-05,0.00040807172207848444,0.9995118763251373
2018-02-23,23,23,0,0,1.0,0.0,0.0,23,1.0,0.0005699860877278486,0.01534692297273285,0.9840830909395374
2018-02-24,4,4,0,0,1.0,0.0,0.0,4,1.0,0.00043924570423056677,0.0070884213452770605,0.9924723329504903
2018-02-25,3,3,0,0,1.0,0.0,0.0,3,1.0,0.000810489180097009,0.009574961214081298,0.9896145496058201
2018-02-26,21,21,0,0,1.0,0.0,0.0,21,1.0,0.000592027201278132,0.004500803209556999,0.994907169589164
2018-02-27,22,22,0,0,1.0,0.0,0.0,22,1.0,0.0015672921534710435,0.034648724238468924,0.9637839836080595
2018-02-28,17,17,0,0,1.0,0.0,0.0,17,1.0,9.811575135926054e-05,0.0012312892749771127,0.9986705949736634
2018-03-01,20,20,0,0,1.0,0.0,0.0,20,1.0,0.00013912312263804986,0.0007079810875017317,0.9991528957898612
2018-03-02,17,17,0,0,1.0,0.0,0.0,17,1.0,2.0702487548276324e-05,0.00014910305574414632,0.9998301944567058
2018-03-03,2,2,0,0,1.0,0.0,0.0,2,1.0,3.5671960635239654e-06,8.687057703124963e-06,0.9999877457462347
2018-03-04,2,2,0,0,1.0,0.0,0.0,2,1.0,0.02768321664200335,0.13255539645139489,0.839761386906596
2018-03-05,14,14,0,0,1.0,0.0,0.0,14,1.0,0.00024678926846215195,0.0013295633768493904,0.9984236473546874
2018-03-06,17,17,0,0,1.0,0.0,0.0,17,1.0,0.0018765459530762723,0.008850488706819787,0.9892729653401069
2018-03-07,16,16,0,0,1.0,0.0,0.0,16,1.0,0.0007866536670580288,0.0037240580658300017,0.9954892882671131
2018-03-08,19,19,0,0,1.0,0.0,0.0,19,1.0,0.0005084130796403537,0.008458743882778785,0.9910328430375843
2018-03-09,12,12,0,0,1.0,0.0,0.0,12,1.0,7.597553610755546e-05,0.0009270160181460651,0.9989970084457457
2018-03-10,4,4,0,0,1.0,0.0,0.0,4,1.0,0.005590214138481613,0.03172552973582061,0.9626842561256979
2018-03-11,2,2,0,0,1.0,0.0,0.0,2,1.0,0.00029548251867322683,0.007904757225350903,0.9917997602559789
2018-03-12,18,18,0,0,1.0,0.0,0.0,18,1.0,0.003299696034023625,0.012309224005953431,0.9843910799600235
2018-03-13,29,29,0,0,1.0,0.0,0.0,29,1.0,0.001185190946169884,0.0178037937200926,0.9810110153337372
2018-03-14,17,17,0,0,1.0,0.0,0.0,17,1.0,0.0002646830624095958,0.005325769665445311,0.994409547272146
2018-03-15,20,20,0,0,1.0,0.0,0.0,20,1.0,0.0002604537199015698,0.0013956319938855544,0.998343914286212
2018-03-16,14,14,0,0,1.0,0.0,0.0,14,1.0,0.0007632926634234526,0.008781892144315809,0.9904548151922608
2018-03-18,2,2,0,0,1.0,0.0,0.0,2,1.0,0.0004587023470383563,0.0009599569917337576,0.9985813406612305
2018-03-19,116,116,0,0,1.0,0.0,0.0,116,1.0,0.0002620112264607959,0.002601767611797368,0.9971362211617418
2018-03-20,21,21,0,0,1.0,0.0,0.0,21,1.0,0.0020706307843535348,0.006519478767947602,0.9914098904476977
2018-03-21,17,17,0,0,1.0,0.0,0.0,17,1.0,0.0001902336482599626,0.001176683414140182,0.9986330829375982
2018-03-22,24,24,0,0,1.0,0.0,0.0,24,1.0,0.0005089266716059331,0.0042131611416015525,0.9952779121867928
2018-03-23,15,15,0,0,1.0,0.0,0.0,15,1.0,1.780495158307717e-05,0.00017581958862172262,0.9998063754597961
2018-03-24,3,3,0,0,1.0,0.0,0.0,3,1.0,3.0699334786896046e-05,0.0006771242875782527,0.9992921763776342
2018-03-25,2,2,0,0,1.0,0.0,0.0,2,1.0,3.4974931642794274e-06,2.1583510579175727e-05,0.9999749189962553
2018-03-26,16,16,0,0,1.0,0.0,0.0,16,1.0,0.0007501371661611046,0.012356591463418365,0.9868932713704217
2018-03-27,17,17,0,0,1.0,0.0,0.0,17,1.0,0.00018977319589825098,0.001628654267327539,0.9981815725367731
2018-03-28,21,21,0,0,1.0,0.0,0.0,21,1.0,0.00047390788736093747,0.007647742639310327,0.9918783494733293
2018-03-29,18,18,0,0,1.0,0.0,0.0,18,1.0,0.0012959359172483274,0.02983638888846147,0.9688676751942938
2018-03-30,5,5,0,0,1.0,0.0,0.0,5,1.0,0.0016410208054983486,0.010903314043086589,0.9874556651514125
2018-03-31,2,2,0,0,1.0,0.0,0.0,2,1.0,1.4218101540062982e-06,5.945890120324098e-06,0.9999926322997197
2018-04-01,4,4,0,0,1.0,0.0,0.0,4,1.0,0.008659672164656117,0.012012327873581528,0.9793279999617651
2018-04-02,26,26,0,0,1.0,0.0,0.0,26,1.0,0.0003218206486317399,0.00855502330538726,0.9911231560459819
2018-04-03,21,21,0,0,1.0,0.0,0.0,21,1.0,0.0005053959507338798,0.003411130724448979,0.9960834733248188
2018-04-04,16,16,0,0,1.0,0.0,0.0,16,1.0,0.0003539195811300232,0.0027370028924111477,0.9969090775264581
2018-04-05,19,19,0,0,1.0,0.0,0.0,19,1.0,0.002349719266205433,0.008476887783522298,0.9891733929502725
2018-04-06,14,14,0,0,1.0,0.0,0.0,14,1.0,6.456045641970173e-06,6.349576558960269e-05,0.9999300481887674
2018-04-07,2,2,0,0,1.0,0.0,0.0,2,1.0,5.5047309566118504e-05,0.0008450127413784856,0.9990999399490533
2018-04-08,2,2,0,0,1.0,0.0,0.0,2,1.0,3.186123594582638e-05,0.00010856979250878783,0.9998595689715484
2018-04-09,18,18,0,0,1.0,0.0,0.0,18,1.0,0.0014476351676802343,0.019092581363284657,0.9794597834690355
2018-04-10,26,26,0,0,1.0,0.0,0.0,26,1.0,0.0008037760002032611,0.014360530582331336,0.9848356934174666
2018-04-11,17,17,0,0,1.0,0.0,0.0,17,1.0,0.0014421280492064375,0.014612778623486996,0.9839450933273054
2018-04-12,23,23,0,0,1.0,0.0,0.0,23,1.0,0.0009465747046798139,0.005442362005484491,0.9936110632898362
2018-04-13,22,22,0,0,1.0,0.0,0.0,22,1.0,0.0007241664856771329,0.004249736036151812,0.9950260974781714
2018-04-14,1,1,0,0,1.0,0.0,0.0,1,1.0,6.043033028612012e-05,0.0003433047367400713,0.9995962649329796
2018-04-15,5,5,0,0,1.0,0.0,0.0,5,1.0,0.00015645062745920973,0.0014172028414278768,0.9984263465311148
2018-04-16,18,18,0,0,1.0,0.0,0.0,18,1.0,0.002229504493344113,0.00749592440392425,0.9902745711027315
2018-04-17,10,10,0,0,1.0,0.0,0.0,10,1.0,0.0003915113240257168,0.002210462997847616,0.9973980256781267
2018-04-18,16,16,0,0,1.0,0.0,0.0,16,1.0,0.00020237060750261324,0.003919201024652907,0.9958784283678441
2018-04-19,30,30,0,0,1.0,0.0,0.0,30,1.0,0.0010115868372525668,0.008912006204071364,0.9900764069586762
2018-04-20,31,31,0,0,1.0,0.0,0.0,31,1.0,0.0019614921572903366,0.024953651081275032,0.9730848567614361
2018-04-21,4,4,0,0,1.0,0.0,0.0,4,1.0,0.009501428532681683,0.017144406977308246,0.9733541644900157
2018-04-22,4,4,0,0,1.0,0.0,0.0,4,1.0,0.0005403912360353054,0.003669111580400577,0.9957904971835564
2018-04-23,29,29,0,0,1.0,0.0,0.0,29,1.0,0.0003537263646612777,0.005398879564074606,0.9942473940712641
2018-04-24,22,22,0,0,1.0,0.0,0.0,22,1.0,0.0005685343221133971,0.004894189660020141,0.994537276017867
2018-04-25,19,19,0,0,1.0,0.0,0.0,19,1.0,0.00013638088786054438,0.000732713583194557,0.9991309055289448
2018-04-26,197,197,0,0,1.0,0.0,0.0,197,1.0,1.428802802316963e-06,1.3674374969412172e-05,0.9999848968222285
2018-04-27,26,26,0,0,1.0,0.0,0.0,26,1.0,0.0007039344677252865,0.004997695614681247,0.9942983699175939
2018-04-28,7,7,0,0,1.0,0.0,0.0,7,1.0,0.0009721158256470336,0.007168572837112316,0.9918593113372411
2018-04-29,2,2,0,0,1.0,0.0,0.0,2,1.0,0.0012502662600045534,0.015270679554423485,0.9834790541855696
2018-04-30,42,42,0,0,1.0,0.0,0.0,42,1.0,0.0003357397375072276,0.003948553274797306,0.995715706987695
2018-05-01,46,46,0,0,1.0,0.0,0.0,46,1.0,0.00043474558298279545,0.002861016653720183,0.9967042377632968
2018-05-02,48,48,0,0,1.0,0.0,0.0,48,1.0,0.0007069469369333433,0.004565469956207926,0.994727583106859
2018-05-03,21,21,0,0,1.0,0.0,0.0,21,1.0,0.0001531306231850812,0.0012530052719086206,0.9985938641049066
2018-05-04,37,37,0,0,1.0,0.0,0.0,37,1.0,0.0017864531492499973,0.010049427215504359,0.9881641196352452
2018-05-05,3,3,0,0,1.0,0.0,0.0,3,1.0,4.411828726813644e-05,0.0003906904487166701,0.9995651912640118
2018-05-06,3,3,0,0,1.0,0.0,0.0,3,1.0,0.001282373644449948,0.006793290961190972,0.9919243353943584
2018-05-07,118,118,0,0,1.0,0.0,0.0,118,1.0,1.5626087034653853e-05,0.0001661900909977507,0.999818183821968
2018-05-08,32,32,0,0,1.0,0.0,0.0,32,1.0,0.0006131671626238423,0.004942842787869096,0.9944439900495086
2018-05-09,24,24,0,0,1.0,0.0,0.0,24,1.0,0.0005539821283574257,0.014438907331997182,0.985007110539646
2018-05-10,19,19,0,0,1.0,0.0,0.0,19,1.0,8.289764913413694e-05,0.0008111890739995955,0.999105913276867
2018-05-11,19,19,0,0,1.0,0.0,0.0,19,1.0,0.00038634128104702295,0.0039486081166019045,0.9956650506023512
2018-05-12,3,3,0,0,1.0,0.0,0.0,3,1.0,8.754898861816067e-05,0.0002581034456711552,0.9996543475657079
2018-05-13,1,1,0,0,1.0,0.0,0.0,1,1.0,0.005343122282668849,0.035136889036161266,0.9595199886811684
2018-05-14,19,19,0,0,1.0,0.0,0.0,19,1.0,0.0004851101994852911,0.011342417439941986,0.9881724723605726
2018-05-15,109,109,0,0,1.0,0.0,0.0,109,1.0,0.0002885463656998643,0.0020835049005921515,0.9976279487337074
2018-05-16,15,15,0,0,1.0,0.0,0.0,15,1.0,1.031185867892057e-05,5.318451719407968e-05,0.999936503624128
2018-05-17,22,22,0,0,1.0,0.0,0.0,22,1.0,0.00035584721761263045,0.007351705050342058,0.9922924477320443
2018-05-18,118,118,0,0,1.0,0.0,0.0,118,1.0,6.153705440300253e-05,0.0013251867050494573,0.9986132762405481
2018-05-19,2,2,0,0,1.0,0.0,0.0,2,1.0,0.0025306605469273204,0.009538522985292876,0.9879308164677721
2018-05-21,35,35,0,0,1.0,0.0,0.0,35,1.0,0.0004250988227772338,0.00222015215405893,0.9973547490231637
2018-05-22,20,20,0,0,1.0,0.0,0.0,20,1.0,0.0016377248680671398,0.013028640043129796,0.9853336350888044
2018-05-23,19,19,0,0,1.0,0.0,0.0,19,1.0,0.00042761383296312466,0.002549501846077805,0.9970228843209606
2018-05-24,19,19,0,0,1.0,0.0,0.0,19,1.0,0.00029139193414411753,0.002882786519725912,0.99682582154613
2018-05-25,18,18,0,0,1.0,0.0,0.0,18,1.0,0.0006277724908232155,0.009283722883934115,0.9900885046252442
2018-05-26,1,1,0,0,1.0,0.0,0.0,1,1.0,8.620154747544172e-06,2.4896293958776805e-05,0.9999664835512949
2018-05-27,2,2,0,0,1.0,0.0,0.0,2,1.0,0.0034728542656980556,0.025126361901578263,0.9714007838327275
2018-05-28,7,7,0,0,1.0,0.0,0.0,7,1.0,0.0009405946329318534,0.04950636569909957,0.9495530396679676
2018-05-29,119,119,0,0,1.0,0.0,0.0,119,1.0,0.00023114986817126268,0.00246751407672997,0.9973013360550985
2018-05-30,29,29,0,0,1.0,0.0,0.0,29,1.0,0.000981518082873923,0.007020835284411924,0.9919976466327185
2018-05-31,19,19,0,0,1.0,0.0,0.0,19,1.0,0.0002261860575348615,0.006246958652663103,0.9935268552898017
2018-06-01,107,107,0,0,1.0,0.0,0.0,107,1.0,2.245465126431905e-05,0.0017255572603067037,0.9982519880884289
2018-06-02,2,2,0,0,1.0,0.0,0.0,2,1.0,0.001481090986141629,0.10327672844458284,0.8952421805692788
2018-06-03,5,5,0,0,1.0,0.0,0.0,5,1.0,0.01403112892116273,0.028752308190579036,0.9572165628882605
2018-06-04,40,40,0,0,1.0,0.0,0.0,40,1.0,0.0011850946056437988,0.02075222141353113,0.9780626839808246
2018-06-05,29,29,0,0,1.0,0.0,0.0,29,1.0,0.0004255242085913133,0.007867282314970043,0.991707193476437
2018-06-06,17,17,0,0,1.0,0.0,0.0,17,1.0,0.00024271949079891005,0.002343290394224744,0.997413990114976
2018-06-07,15,15,0,0,1.0,0.0,0.0,15,1.0,0.00026762976115131577,0.0009661282058418389,0.9987662420330053
2018-06-08,30,30,0,0,1.0,0.0,0.0,30,1.0,0.001117420576329638,0.010781281175381682,0.9881012982482886
2018-06-09,4,4,0,0,1.0,0.0,0.0,4,1.0,1.4354365174854944e-06,2.5427923846419208e-05,0.9999731366396327
2018-06-10,4,4,0,0,1.0,0.0,0.0,4,1.0,2.8104420798119007e-05,0.0012511015829411796,0.9987207939962555
2018-06-11,13,13,0,0,1.0,0.0,0.0,13,1.0,1.0795940823752108e-05,7.84354234106896e-05,0.9999107686357666
2018-06-12,100,100,0,0,1.0,0.0,0.0,100,1.0,4.310342458627846e-06,2.979996090333025e-05,0.9999658896966375
2018-06-13,24,24,0,0,1.0,0.0,0.0,24,1.0,0.0003892837651954604,0.00342259966372959,0.996188116571075
2018-06-14,16,16,0,0,1.0,0.0,0.0,16,1.0,0.0004163367825447906,0.0070990512102005986,0.9924846120072546
2018-06-15,25,25,0,0,1.0,0.0,0.0,25,1.0,0.0012904507828052584,0.018587467375462616,0.9801220818417323
2018-06-16,2,2,0,0,1.0,0.0,0.0,2,1.0,6.151645560116552e-05,0.0003466550654367235,0.9995918284789616
2018-06-17,5,5,0,0,1.0,0.0,0.0,5,1.0,2.618560756985989e-06,1.737826384369882e-05,0.9999800031753969
2018-06-18,14,14,0,0,1.0,0.0,0.0,14,1.0,0.0007364755758589031,0.0040101946700679654,0.9952533297540735
2018-06-19,13,13,0,0,1.0,0.0,0.0,13,1.0,0.0008099423358145391,0.009782252812151563,0.9894078048520338
2018-06-20,23,23,0,0,1.0,0.0,0.0,23,1.0,1.6542918366772086e-05,0.00011962986775101215,0.9998638272138828
2018-06-21,12,12,0,0,1.0,0.0,0.0,12,1.0,1.8254074568809462e-05,0.00020272059346002034,0.99977902533197
2018-06-22,19,19,0,0,1.0,0.0,0.0,19,1.0,9.859902036147948e-06,0.00014541607143615923,0.9998447240265285
2018-06-23,1,1,0,0,1.0,0.0,0.0,1,1.0,0.0002738341156405175,0.005113959588579363,0.9946122062957805
2018-06-24,2,2,0,0,1.0,0.0,0.0,2,1.0,0.002330542282227155,0.028029357871089983,0.9696400998466811
2018-06-25,21,21,0,0,1.0,0.0,0.0,21,1.0,0.00023065838431241662,0.0034829099832558268,0.9962864316324301
2018-06-26,116,116,0,0,1.0,0.0,0.0,116,1.0,2.9189691764617985e-05,0.00035482448460506224,0.9996159858236299
2018-06-27,28,28,0,0,1.0,0.0,0.0,28,1.0,0.001526474822225667,0.011749854898653891,0.9867236702791188
2018-06-28,24,24,0,0,1.0,0.0,0.0,24,1.0,0.0003409564478482391,0.0058229956348529325,0.9938360479173012
2018-06-29,13,13,0,0,1.0,0.0,0.0,13,1.0,0.0002499209750857589,0.005311433306410221,0.9944386457185039
2018-06-30,1,1,0,0,1.0,0.0,0.0,1,1.0,0.010125312783526448,0.10763839741731734,0.8822362897991565
2018-07-01,2,2,0,0,1.0,0.0,0.0,2,1.0,0.01772295785806315,0.03976681549729075,0.9425102266446438
2018-07-02,21,21,0,0,1.0,0.0,0.0,21,1.0,0.0007398401459284386,0.008743077664047895,0.9905170821900248
2018-07-03,12,12,0,0,1.0,0.0,0.0,12,1.0,0.0007145771860077986,0.018331753245247443,0.9809536695687444
2018-07-04,1,1,0,0,1.0,0.0,0.0,1,1.0,0.006509898588906294,0.03881306228051925,0.9546770391305738
2018-07-05,13,13,0,0,1.0,0.0,0.0,13,1.0,2.0616412492960555e-05,0.00021202589352181062,0.999767357693985
2018-07-06,15,15,0,0,1.0,0.0,0.0,15,1.0,0.0016021036883827602,0.010077968913513449,0.9883199273981061
2018-07-07,2,2,0,0,1.0,0.0,0.0,2,1.0,2.3138830317256505e-06,1.4792667375532462e-05,0.9999828934495903
2018-07-08,2,2,0,0,1.0,0.0,0.0,2,1.0,0.0015993384336998907,0.012674276587806425,0.9857263849784925
2018-07-09,20,20,0,0,1.0,0.0,0.0,20,1.0,0.0002906641152073733,0.0024985031784784126,0.9972108327063152
2018-07-10,17,17,0,0,1.0,0.0,0.0,17,1.0,0.001579777807666561,0.03094484422275391,0.9674753779695819
2018-07-11,100,100,0,0,1.0,0.0,0.0,100,1.0,5.048163403370671e-05,0.0010882369653668926,0.9988612814006003
2018-07-12,27,27,0,0,1.0,0.0,0.0,27,1.0,0.0009798043954253183,0.008634411608301203,0.9903857839962733
2018-07-13,25,25,0,0,1.0,0.0,0.0,25,1.0,0.0004917289521424125,0.004513067107930588,0.9949952039399289
2018-07-14,3,3,0,0,1.0,0.0,0.0,3,1.0,2.9304113680587095e-05,0.00011471833159111597,0.9998559775547262
2018-07-15,3,3,0,0,1.0,0.0,0.0,3,1.0,1.3202171804726612e-05,0.00016655689343941373,0.9998202409347602
2018-07-16,14,14,0,0,1.0,0.0,0.0,14,1.0,0.0003753430138543065,0.0027890835322762664,0.9968355734538685
2018-07-17,19,19,0,0,1.0,0.0,0.0,19,1.0,6.83206383950723e-05,0.0004043377971964526,0.9995273415644079
2018-07-18,17,17,0,0,1.0,0.0,0.0,17,1.0,8.410097243758892e-05,0.0013208195475682837,0.9985950794799938
2018-07-19,17,17,0,0,1.0,0.0,0.0,17,1.0,0.00038074522788337844,0.0018157286977348813,0.997803526074379
2018-07-20,14,14,0,0,1.0,0.0,0.0,14,1.0,0.00046165836415406415,0.0036569396910374912,0.9958814019448078
2018-07-21,3,3,0,0,1.0,0.0,0.0,3,1.0,8.19563319708343e-05,0.000338560215536968,0.999579483452491
2018-07-22,2,2,0,0,1.0,0.0,0.0,2,1.0,0.0006177199655343369,0.0050670573291993785,0.9943152227052667
2018-07-23,20,20,0,0,1.0,0.0,0.0,20,1.0,0.0002941328501967578,0.019670746889320846,0.9800351202604846
2018-07-24,14,14,0,0,1.0,0.0,0.0,14,1.0,0.0004009549274788279,0.002567215975217595,0.997031829097305
2018-07-25,154,154,0,0,1.0,0.0,0.0,154,1.0,3.863618975823766e-05,0.00018944557242542317,0.9997719182378162
2018-07-26,26,26,0,0,1.0,0.0,0.0,26,1.0,0.00028974850603666216,0.002997448214394217,0.9967128032795706
2018-07-27,15,15,0,0,1.0,0.0,0.0,15,1.0,0.00045732585022859897,0.006146228636568396,0.9933964455132035
2018-07-28,3,3,0,0,1.0,0.0,0.0,3,1.0,0.00026966737828800326,0.0033678405608097827,0.9963624920609071
2018-07-29,2,2,0,0,1.0,0.0,0.0,2,1.0,6.414541071815207e-07,9.87554628235158e-06,0.9999894829996012
2018-07-30,42,42,0,0,1.0,0.0,0.0,42,1.0,0.0005031503371223691,0.004110946905011188,0.9953859027578671
2018-07-31,28,28,0,0,1.0,0.0,0.0,28,1.0,0.000605929202702297,0.009495932746680927,0.9898981380506171
2018-08-01,54,54,0,0,1.0,0.0,0.0,54,1.0,0.0007938930697430854,0.0068016088524704655,0.992404498077787
2018-08-02,44,44,0,0,1.0,0.0,0.0,44,1.0,0.0005885914925529253,0.011459252219443128,0.987952156288005
2018-08-03,34,34,0,0,1.0,0.0,0.0,34,1.0,0.0006847256139548173,0.01873001337010508,0.9805852610159408
2018-08-04,1,1,0,0,1.0,0.0,0.0,1,1.0,6.179953982685201e-07,2.878999783728068e-06,0.9999965030048127
2018-08-05,5,5,0,0,1.0,0.0,0.0,5,1.0,0.0025487845602439997,0.015182123885272385,0.9822690915544827
2018-08-06,41,41,0,0,1.0,0.0,0.0,41,1.0,0.0009203052487407205,0.009325164672462426,0.9897545300787967
2018-08-07,28,28,0,0,1.0,0.0,0.0,28,1.0,0.0005901037998912893,0.0024989767905122143,0.996910919409597
2018-08-08,111,111,0,0,1.0,0.0,0.0,111,1.0,7.683196948820152e-05,0.0024907529582072984,0.9974324150723043
2018-08-09,17,17,0,0,1.0,0.0,0.0,17,1.0,0.00035042256886459136,0.003005384856394194,0.9966441925747409
2018-08-10,19,19,0,0,1.0,0.0,0.0,19,1.0,0.0006544669647235864,0.0043787743702594015,0.9949667586650173
2018-08-11,2,2,0,0,1.0,0.0,0.0,2,1.0,1.2865458879595376e-05,0.00022522815032004385,0.9997619063908033
2018-08-12,2,2,0,0,1.0,0.0,0.0,2,1.0,6.038275375219419e-06,4.3021404046817854e-05,0.99995094032058
2018-08-13,19,19,0,0,1.0,0.0,0.0,19,1.0,0.0005011960833932489,0.00751767736621602,0.9919811265503921
2018-08-14,25,25,0,0,1.0,0.0,0.0,25,1.0,0.0013633292837860655,0.013083197428389431,0.9855534732878256
2018-08-15,25,25,0,0,1.0,0.0,0.0,25,1.0,0.0008145077192231642,0.012384048745031052,0.9868014435357461
2018-08-16,18,18,0,0,1.0,0.0,0.0,18,1.0,0.0004937123771685384,0.010790791779601124,0.9887154958432315
2018-08-17,16,16,0,0,1.0,0.0,0.0,16,1.0,0.0005391642731590313,0.009899564130343546,0.9895612715964969
2018-08-18,2,2,0,0,1.0,0.0,0.0,2,1.0,0.0004603103145908156,0.003672755752574708,0.9958669339328354
2018-08-19,2,2,0,0,1.0,0.0,0.0,2,1.0,3.5647665923404116e-06,1.9888137841681384e-05,0.9999765470955674
2018-08-20,18,18,0,0,1.0,0.0,0.0,18,1.0,1.4497943340278256e-05,7.457774881993053e-05,0.999910924307841
2018-08-21,17,17,0,0,1.0,0.0,0.0,17,1.0,1.768186527014253e-05,0.0003486011483640505,0.9996337169863623
2018-08-22,110,110,0,0,1.0,0.0,0.0,110,1.0,6.90354435390383e-06,6.941228647968107e-05,0.9999236841691659
2018-08-23,17,17,0,0,1.0,0.0,0.0,17,1.0,0.0013944105732992965,0.01971904637860003,0.9788865430480989
2018-08-24,17,17,0,0,1.0,0.0,0.0,17,1.0,0.0002015940628494427,0.0018901669967582944,0.997908238940393
2018-08-25,3,3,0,0,1.0,0.0,0.0,3,1.0,0.0007272782230881721,0.007958426691766404,0.9913142950851475
2018-08-26,2,2,0,0,1.0,0.0,0.0,2,1.0,3.8650246060727584e-05,0.00010625863619619444,0.9998550911177444
2018-08-27,11,11,0,0,1.0,0.0,0.0,11,1.0,0.0006637685018528587,0.006036712636325974,0.9932995188618201
2018-08-28,14,14,0,0,1.0,0.0,0.0,14,1.0,0.0009169257657417842,0.004993790046339827,0.9940892841879166
2018-08-29,14,14,0,0,1.0,0.0,0.0,14,1.0,0.0004406633999263042,0.006080158360791794,0.9934791782392823
2018-08-30,24,24,0,0,1.0,0.0,0.0,24,1.0,0.0014342336012051812,0.01368481664535797,0.9848809497534363
2018-08-31,117,117,0,0,1.0,0.0,0.0,117,1.0,0.001039132544434476,0.002119373398961143,0.9968414940566037
2018-09-01,4,4,0,0,1.0,0.0,0.0,4,1.0,0.00044585767719485734,0.007463601624945457,0.9920905406978606
2018-09-02,3,3,0,0,1.0,0.0,0.0,3,1.0,0.011821613848653578,0.021453068046156775,0.96672531810519
2018-09-03,4,4,0,0,1.0,0.0,0.0,4,1.0,0.0023129848198061445,0.033676573465911935,0.9640104417142812
2018-09-04,30,30,0,0,1.0,0.0,0.0,30,1.0,0.000862287931283098,0.007980962596175274,0.99115674947254
2018-09-05,21,21,0,0,1.0,0.0,0.0,21,1.0,0.0011688391932182757,0.012972427901707632,0.9858587329050734
2018-09-06,14,14,0,0,1.0,0.0,0.0,14,1.0,0.0011200369155447982,0.006745420401540481,0.992134542682917
2018-09-07,86,86,0,0,1.0,0.0,0.0,86,1.0,0.0005174147917850204,0.003664460560819534,0.9958181246473958
2018-09-08,3,3,0,0,1.0,0.0,0.0,3,1.0,0.0005825717323626314,0.004374961126819962,0.9950424671408123
2018-09-09,6,6,0,0,1.0,0.0,0.0,6,1.0,0.0005418643279355486,0.004450160550542313,0.9950079751215268
2018-09-10,27,27,0,0,1.0,0.0,0.0,27,1.0,0.0006688321902222308,0.008181171798090022,0.9911499960116872
2018-09-11,25,25,0,0,1.0,0.0,0.0,25,1.0,0.0007212959796963299,0.013358189558337457,0.985920514461967
2018-09-12,47,47,0,0,1.0,0.0,0.0,47,1.0,0.000809173481637536,0.01808089835247909,0.9811099281658822
2018-09-13,36,36,0,0,1.0,0.0,0.0,36,1.0,0.0009696623050224945,0.018275603396978066,0.9807547342979989
2018-09-14,19,19,0,0,1.0,0.0,0.0,19,1.0,0.0008849979506449069,0.01837199649964235,0.980743005549714
2018-09-15,2,2,0,0,1.0,0.0,0.0,2,1.0,1.0005136450464393e-05,5.0253214177679317e-05,0.9999397416493807
2018-09-16,3,3,0,0,1.0,0.0,0.0,3,1.0,0.0018612776473236736,0.011187550130870699,0.9869511722218082
2018-09-17,35,35,0,0,1.0,0.0,0.0,35,1.0,0.00025850813864779833,0.0026510475736833796,0.9970904442876679
2018-09-18,142,142,0,0,1.0,0.0,0.0,142,1.0,1.7742514362506503e-05,0.00029398500176741393,0.9996882724838696
2018-09-19,27,27,0,0,1.0,0.0,0.0,27,1.0,3.690976358659086e-05,0.0001386266392608751,0.9998244635971523
2018-09-20,14,14,0,0,1.0,0.0,0.0,14,1.0,0.0003833813350472463,0.0027478968785198932,0.9968687217864334
2018-09-21,17,17,0,0,1.0,0.0,0.0,17,1.0,0.000498453186229909,0.009361878213647019,0.9901396686001218
2018-09-22,5,5,0,0,1.0,0.0,0.0,5,1.0,0.0005303420554568445,0.022374593729350075,0.9770950642151934
2018-09-23,3,3,0,0,1.0,0.0,0.0,3,1.0,3.711934340249882e-05,0.0001514211120189028,0.9998114595445818
2018-09-24,25,25,0,0,1.0,0.0,0.0,25,1.0,0.001860963589054228,0.01729506836193162,0.9808439680490132
2018-09-25,114,113,0,1,0.9912280701754386,0.0,0.008771929824561403,113,0.9912280701754386,0.00011954429574381525,0.0054191239231954425,0.994461331781061
2018-09-26,32,32,0,0,1.0,0.0,0.0,32,1.0,0.0007845142403071422,0.012354029519517008,0.9868614562401764
2018-09-27,30,30,0,0,1.0,0.0,0.0,30,1.0,0.0005842620725073153,0.008624580138470837,0.9907911577890202
2018-09-28,23,23,0,0,1.0,0.0,0.0,23,1.0,0.0034983704332046043,0.024577396833463126,0.9719242327333333
2018-09-30,5,5,0,0,1.0,0.0,0.0,5,1.0,0.0009440794819512838,0.009762199831937265,0.9892937206861101
2018-10-01,15,15,0,0,1.0,0.0,0.0,15,1.0,5.17401056889887e-06,4.1107087450675944e-05,0.9999537189019834
2018-10-02,20,20,0,0,1.0,0.0,0.0,20,1.0,0.0010857077992915544,0.011789489718274843,0.9871248024824327
2018-10-03,26,26,0,0,1.0,0.0,0.0,26,1.0,0.00022928904467045248,0.0028532465831608354,0.9969174643721692
2018-10-04,119,119,0,0,1.0,0.0,0.0,119,1.0,0.0001715474599210011,0.0010734046778706028,0.9987550478622084
2018-10-05,24,24,0,0,1.0,0.0,0.0,24,1.0,0.0001575354650541358,0.0016910902836621991,0.9981513742512839
2018-10-06,3,3,0,0,1.0,0.0,0.0,3,1.0,2.774284507504669e-06,1.321308927119994e-05,0.9999840126262199
2018-10-07,1,1,0,0,1.0,0.0,0.0,1,1.0,0.007118297816571778,0.0585337877246578,0.9343479144587715
2018-10-08,14,14,0,0,1.0,0.0,0.0,14,1.0,0.002079205592963786,0.010521024207144332,0.9873997701998913
2018-10-09,18,18,0,0,1.0,0.0,0.0,18,1.0,0.0009037902869259962,0.017082851319631775,0.9820133583934408
2018-10-10,20,20,0,0,1.0,0.0,0.0,20,1.0,0.0002387692346465851,0.0014874083641062382,0.998273822401246
2018-10-11,22,22,0,0,1.0,0.0,0.0,22,1.0,0.0015309590899143346,0.007196678825552869,0.9912723620845323
2018-10-12,30,30,0,0,1.0,0.0,0.0,30,1.0,0.0009233459194836135,0.012726501651755071,0.9863501524287623
2018-10-13,5,5,0,0,1.0,0.0,0.0,5,1.0,0.001611541062949997,0.009735022228482014,0.9886534367085688
2018-10-14,5,5,0,0,1.0,0.0,0.0,5,1.0,0.0007216521991074666,0.004439617213301623,0.9948387305875874
2018-10-15,94,94,0,0,1.0,0.0,0.0,94,1.0,2.4992183945534573e-05,0.0005131268838574185,0.9994618809321977
2018-10-16,21,21,0,0,1.0,0.0,0.0,21,1.0,2.8384303672736494e-05,0.00029665493777880875,0.9996749607585471
2018-10-17,10,10,0,0,1.0,0.0,0.0,10,1.0,0.001263802040166506,0.012119023293646966,0.9866171746661875
2018-10-18,15,15,0,0,1.0,0.0,0.0,15,1.0,0.0002618751797863559,0.002213350139726102,0.997524774680488
2018-10-19,20,20,0,0,1.0,0.0,0.0,20,1.0,0.0009845517281729063,0.008120774706406243,0.9908946735654205
2018-10-20,3,3,0,0,1.0,0.0,0.0,3,1.0,0.0005711230155209939,0.002574989807172964,0.9968538871773047
2018-10-21,4,4,0,0,1.0,0.0,0.0,4,1.0,0.0008053295669122228,0.005676701974256842,0.9935179684588296
2018-10-22,16,16,0,0,1.0,0.0,0.0,16,1.0,7.965692084585508e-06,5.7170251183272996e-05,0.9999348640567314
2018-10-23,14,14,0,0,1.0,0.0,0.0,14,1.0,0.00010930173586328761,0.0010344182686272002,0.9988562799955095
2018-10-24,15,15,0,0,1.0,0.0,0.0,15,1.0,0.0005059871276864189,0.008518210405062952,0.9909758024672476
2018-10-25,18,18,0,0,1.0,0.0,0.0,18,1.0,0.00046056215522181796,0.011721685997959407,0.9878177518468205
2018-10-26,24,24,0,0,1.0,0.0,0.0,24,1.0,0.000698351919494247,0.011152411753734557,0.9881492363267715
2018-10-27,2,2,0,0,1.0,0.0,0.0,2,1.0,0.0007646117561141837,0.006377876124132501,0.9928575121197523
2018-10-28,2,2,0,0,1.0,0.0,0.0,2,1.0,0.0003756676214596176,0.004659857642263342,0.994964474736271
2018-10-29,84,84,0,0,1.0,0.0,0.0,84,1.0,0.00012492141162055554,0.0013503862868070153,0.9985246923015726
2018-10-30,31,30,0,1,0.967741935483871,0.0,0.03225806451612903,30,0.967741935483871,0.0005166271594705817,0.022653806541840526,0.9768295662986893
2018-10-31,38,37,0,1,0.9736842105263158,0.0,0.02631578947368421,37,0.9736842105263158,0.0002266692565668811,0.017322623666527565,0.9824507070769056
2018-11-01,57,57,0,0,1.0,0.0,0.0,57,1.0,0.00021555625425470797,0.0031453343723031875,0.9966391093734428
2018-11-02,53,53,0,0,1.0,0.0,0.0,53,1.0,0.00048233033763510314,0.00749007891793479,0.9920275907444309
2018-11-03,2,2,0,0,1.0,0.0,0.0,2,1.0,1.0202223197408282e-05,7.295093140800476e-05,0.9999168468454023
2018-11-04,4,4,0,0,1.0,0.0,0.0,4,1.0,0.010259512137138074,0.02873300144049902,0.9610074864223673
2018-11-05,31,31,0,0,1.0,0.0,0.0,31,1.0,0.0005743030208185627,0.004057954343669845,0.9953677426355114
2018-11-06,25,25,0,0,1.0,0.0,0.0,25,1.0,0.00033470194630168135,0.00152074034577313,0.9981445577079258
2018-11-07,29,29,0,0,1.0,0.0,0.0,29,1.0,0.0005848549638366756,0.006834939109482104,0.9925802059266825
2018-11-08,12,12,0,0,1.0,0.0,0.0,12,1.0,0.01570188346183522,0.013346826528933408,0.9709512900092304
2018-11-09,25,25,0,0,1.0,0.0,0.0,25,1.0,0.0005482454107506406,0.011160567425239182,0.9882911871640103
2018-11-10,3,3,0,0,1.0,0.0,0.0,3,1.0,2.8334982727178877e-06,1.599294835751099e-05,0.999981173553369
2018-11-11,3,3,0,0,1.0,0.0,0.0,3,1.0,0.0007641326107551693,0.011410060244768086,0.9878258071444769
2018-11-12,106,106,0,0,1.0,0.0,0.0,106,1.0,0.0003130910623060556,0.003638167648027889,0.9960487412896664
2018-11-13,42,42,0,0,1.0,0.0,0.0,42,1.0,0.0032468214694291414,0.005837283769446801,0.9909158947611241
2018-11-14,31,31,0,0,1.0,0.0,0.0,31,1.0,0.0009810399298731043,0.005835862822154734,0.9931830972479713
2018-11-15,34,34,0,0,1.0,0.0,0.0,34,1.0,0.0006282803698660821,0.005510615909009955,0.9938611037211244
2018-11-16,17,17,0,0,1.0,0.0,0.0,17,1.0,0.00012838974186308682,0.0012389858747261096,0.9986326243834123
2018-11-17,4,4,0,0,1.0,0.0,0.0,4,1.0,0.004096051899126869,0.04151980460279067,0.9543841434980844
2018-11-18,4,4,0,0,1.0,0.0,0.0,4,1.0,0.0016146899972195705,0.044704902453780886,0.9536804075489994
2018-11-19,35,35,0,0,1.0,0.0,0.0,35,1.0,0.0004971754065174971,0.008411869509571308,0.9910909550839112
2018-11-20,31,31,0,0,1.0,0.0,0.0,31,1.0,0.000111963069106109,0.0012799995237244776,0.9986080374071694
2018-11-21,21,20,0,1,0.9523809523809523,0.0,0.047619047619047616,20,0.9523809523809523,0.0004993066728897612,0.030820741367303315,0.9686799519598077
2018-11-22,3,3,0,0,1.0,0.0,0.0,3,1.0,0.0028870581492914152,0.11984668697111438,0.8772662548795901
2018-11-23,14,14,0,0,1.0,0.0,0.0,14,1.0,0.0001724786785963341,0.0020513872187264168,0.9977761341026786
2018-11-24,2,2,0,0,1.0,0.0,0.0,2,1.0,3.062493073544792e-05,0.0004744137897638048,0.9994949612794961
2018-11-26,20,20,0,0,1.0,0.0,0.0,20,1.0,0.00021576626929000102,0.0037280479093176936,0.9960561858213943
2018-11-27,24,24,0,0,1.0,0.0,0.0,24,1.0,0.0003415839115918037,0.004747202533301281,0.9949112135551075
2018-11-28,80,80,0,0,1.0,0.0,0.0,80,1.0,0.0001422219128775152,0.0012031343248206827,0.9986546437623025
2018-11-29,30,30,0,0,1.0,0.0,0.0,30,1.0,0.00024055905215061938,0.0033817075546433554,0.9963777333932059
2018-11-30,15,15,0,0,1.0,0.0,0.0,15,1.0,0.0009471668912658545,0.00562031178054717,0.993432521328189
2018-12-01,3,3,0,0,1.0,0.0,0.0,3,1.0,0.0018489836913727874,0.02094109127520773,0.9772099250334181
2018-12-02,3,3,0,0,1.0,0.0,0.0,3,1.0,0.0019473637627153704,0.08705146110361112,0.911001175133674
2018-12-03,15,15,0,0,1.0,0.0,0.0,15,1.0,0.00019726824906696292,0.0020295827546292573,0.9977731489963036
2018-12-04,19,19,0,0,1.0,0.0,0.0,19,1.0,0.0013625604184705977,0.010596970716891266,0.9880404688646388
2018-12-05,15,15,0,0,1.0,0.0,0.0,15,1.0,0.0009888625186516827,0.004756314862406933,0.9942548226189446
2018-12-06,74,74,0,0,1.0,0.0,0.0,74,1.0,0.0001760160833394814,0.0016670546967571694,0.9981569292199026
2018-12-07,22,22,0,0,1.0,0.0,0.0,22,1.0,0.00030309637783240364,0.004761679971904767,0.9949352236502644
2018-12-08,3,3,0,0,1.0,0.0,0.0,3,1.0,0.005891186804716997,0.025740616925432853,0.9683681962698447
2018-12-09,1,1,0,0,1.0,0.0,0.0,1,1.0,0.003736546864527785,0.04464886931364437,0.9516145838218278
2018-12-10,36,36,0,0,1.0,0.0,0.0,36,1.0,0.0017862137314378264,0.01427128146597359,0.983942504802588
2018-12-11,25,25,0,0,1.0,0.0,0.0,25,1.0,0.00019865083002381702,0.0033443913146686878,0.9964569578553055
2018-12-12,18,18,0,0,1.0,0.0,0.0,18,1.0,0.00033173510187996545,0.0025261736003769006,0.9971420912977424
2018-12-13,28,28,0,0,1.0,0.0,0.0,28,1.0,0.0008591817818434287,0.005355009796533389,0.9937858084216271
2018-12-14,79,79,0,0,1.0,0.0,0.0,79,1.0,0.00010129251245014364,0.001282499936259394,0.9986162075512908
2018-12-15,5,5,0,0,1.0,0.0,0.0,5,1.0,3.32909014507335e-05,0.00019700259605433902,0.9997697065024991
2018-12-16,6,6,0,0,1.0,0.0,0.0,6,1.0,0.0031357126488134475,0.06622655986385255,0.9306377274873344
2018-12-17,21,21,0,0,1.0,0.0,0.0,21,1.0,2.9601506216930248e-05,0.00021084352529971275,0.999759554968484
2018-12-18,21,21,0,0,1.0,0.0,0.0,21,1.0,0.0005702095649086801,0.006468695097921808,0.9929610953371689
2018-12-19,21,21,0,0,1.0,0.0,0.0,21,1.0,0.00041644191955950887,0.0038381507412244427,0.9957454073392178
2018-12-20,22,22,0,0,1.0,0.0,0.0,22,1.0,0.0026368416287690256,0.0190155988821152,0.9783475594891158
2018-12-21,18,18,0,0,1.0,0.0,0.0,18,1.0,0.00016273061057113408,0.0019772756529613713,0.9978599937364687
2018-12-22,1,1,0,0,1.0,0.0,0.0,1,1.0,1.6436190064699031e-06,6.369977984397062e-06,0.9999919864030101
2018-12-23,2,2,0,0,1.0,0.0,0.0,2,1.0,4.210291365892856e-06,5.433424627710589e-05,0.9999414554623589
2018-12-24,69,69,0,0,1.0,0.0,0.0,69,1.0,7.001253239764024e-05,0.003216693047236462,0.9967132944203652
2018-12-26,18,18,0,0,1.0,0.0,0.0,18,1.0,0.00031804345887894407,0.006464587935355285,0.9932173686057647
2018-12-27,23,23,0,0,1.0,0.0,0.0,23,1.0,9.782000537090074e-05,0.0006958448226739839,0.9992063351719542
2018-12-28,24,24,0,0,1.0,0.0,0.0,24,1.0,1.6424892484382215e-05,0.00018348102795658473,0.9998000940795585
2018-12-29,2,2,0,0,1.0,0.0,0.0,2,1.0,0.005070812292661431,0.15584023522214682,0.8390889524851914
2018-12-30,5,5,0,0,1.0,0.0,0.0,5,1.0,0.00033040078822619146,0.004658457149039666,0.9950111420627312
2018-12-31,13,13,0,0,1.0,0.0,0.0,13,1.0,0.0012681280253696034,0.012107111630821309,0.9866247603438102
2019-01-02,31,31,0,0,1.0,0.0,0.0,31,1.0,0.0012109692141545113,0.009386391130059426,0.9894026396557868
2019-01-03,141,141,0,0,1.0,0.0,0.0,141,1.0,0.0006239544697147778,0.006113405814659802,0.9932626397156253
2019-01-04,56,56,0,0,1.0,0.0,0.0,56,1.0,0.00026884075733366904,0.002048995832279209,0.9976821634103868
2019-01-05,3,3,0,0,1.0,0.0,0.0,3,1.0,2.5865926848890094e-06,1.2494955260078578e-05,0.9999849184520517
2019-01-06,4,4,0,0,1.0,0.0,0.0,4,1.0,0.0016604751616505987,0.01657087875841052,0.9817686460799426
2019-01-07,25,25,0,0,1.0,0.0,0.0,25,1.0,0.0004481324250659313,0.004229782218385064,0.9953220853565482
2019-01-08,27,27,0,0,1.0,0.0,0.0,27,1.0,0.0004871702383226374,0.005369820286371499,0.9941430094753062
2019-01-09,27,27,0,0,1.0,0.0,0.0,27,1.0,0.0009638012022599347,0.013176097030023329,0.9858601017677171
2019-01-10,30,30,0,0,1.0,0.0,0.0,30,1.0,0.00035343190639858013,0.006413409401543265,0.9932331586920572
2019-01-11,116,116,0,0,1.0,0.0,0.0,116,1.0,0.00010578862867117317,0.001257868496216877,0.9986363428751114
2019-01-12,4,4,0,0,1.0,0.0,0.0,4,1.0,0.0006963724237472669,0.010932677449539206,0.9883709501267164
2019-01-13,2,2,0,0,1.0,0.0,0.0,2,1.0,0.007586489364866932,0.03489788402090014,0.9575156266142357
2019-01-14,26,26,0,0,1.0,0.0,0.0,26,1.0,0.0007376618258869208,0.006033070735232057,0.9932292674388814
2019-01-15,32,31,0,1,0.96875,0.0,0.03125,31,0.96875,0.0030519611880463044,0.034701259310484116,0.9622467795014678
2019-01-16,101,101,0,0,1.0,0.0,0.0,101,1.0,0.0002708983756390604,0.003072328888979266,0.9966567727353819
2019-01-17,45,45,0,0,1.0,0.0,0.0,45,1.0,0.0004371004869489092,0.0034290358933840204,0.996133863619667
2019-01-18,37,37,0,0,1.0,0.0,0.0,37,1.0,7.692465391008397e-05,0.0007169936664162019,0.9992060816796737
2019-01-19,5,5,0,0,1.0,0.0,0.0,5,1.0,9.033232303160376e-06,3.127199683201824e-05,0.9999596947708603
2019-01-20,4,4,0,0,1.0,0.0,0.0,4,1.0,5.597056307595946e-06,5.613122668098319e-05,0.9999382717170121
2019-01-21,13,13,0,0,1.0,0.0,0.0,13,1.0,4.1558216129323725e-06,2.7506628294810947e-05,0.9999683375500908
2019-01-22,24,24,0,0,1.0,0.0,0.0,24,1.0,0.00054620017557925,0.005701197898157578,0.9937526019262632
2019-01-23,22,22,0,0,1.0,0.0,0.0,22,1.0,7.004360323281631e-05,0.0004964934487410317,0.9994334629480264
2019-01-24,144,144,0,0,1.0,0.0,0.0,144,1.0,8.269320481606639e-05,0.001337308832713461,0.998579997962471
2019-01-25,24,24,0,0,1.0,0.0,0.0,24,1.0,7.198419134662644e-05,0.0007677833006039864,0.9991602325080491
2019-01-26,4,4,0,0,1.0,0.0,0.0,4,1.0,0.003400538405252827,0.01647388240929953,0.980125579185446
2019-01-27,4,4,0,0,1.0,0.0,0.0,4,1.0,8.965713650480458e-06,0.00017146178489874165,0.9998195725014454
2019-01-28,38,38,0,0,1.0,0.0,0.0,38,1.0,0.00041527333106653125,0.0030549347633171673,0.9965297919056157
2019-01-29,42,42,0,0,1.0,0.0,0.0,42,1.0,0.0005037977748761078,0.00833581263371444,0.9911603895914096
2019-01-30,65,65,0,0,1.0,0.0,0.0,65,1.0,0.0006666276043416282,0.012161710537540525,0.9871716618581184
2019-01-31,40,40,0,0,1.0,0.0,0.0,40,1.0,0.0003817783681134314,0.002903043321279199,0.9967151783106065
2019-02-01,114,114,0,0,1.0,0.0,0.0,114,1.0,1.4866428353326731e-05,0.00013862033925726472,0.99984651323239
2019-02-02,3,3,0,0,1.0,0.0,0.0,3,1.0,0.003149431648870866,0.01572231887621442,0.9811282494749215
2019-02-03,3,3,0,0,1.0,0.0,0.0,3,1.0,0.010716697050646458,0.020681321958376655,0.9686019809909808
2019-02-04,31,31,0,0,1.0,0.0,0.0,31,1.0,0.0009232950851630078,0.013683650534164475,0.9853930543806743
2019-02-05,22,22,0,0,1.0,0.0,0.0,22,1.0,0.0006761327939000928,0.008429607288287703,0.9908942599178124
2019-02-06,28,28,0,0,1.0,0.0,0.0,28,1.0,2.57248467485617e-05,0.0001425879915082273,0.999831687161742
2019-02-07,25,25,0,0,1.0,0.0,0.0,25,1.0,0.0007835663050793262,0.00977832784913198,0.989438105845788
2019-02-08,15,15,0,0,1.0,0.0,0.0,15,1.0,0.00045350405665901285,0.004096572583707755,0.9954499233596358
2019-02-09,1,1,0,0,1.0,0.0,0.0,1,1.0,0.005499124358874185,0.07648454797639058,0.9180163276647345
2019-02-10,3,3,0,0,1.0,0.0,0.0,3,1.0,0.002501793919148585,0.02445722860347797,0.9730409774773751
2019-02-11,18,18,0,0,1.0,0.0,0.0,18,1.0,0.0008442563025911322,0.006035363003619752,0.9931203806937918
2019-02-12,19,19,0,0,1.0,0.0,0.0,19,1.0,0.00013846528553934016,0.0007574744961717425,0.9991040602182885
2019-02-13,25,25,0,0,1.0,0.0,0.0,25,1.0,0.0011962292271432643,0.007077014147722294,0.991726756625134
2019-02-14,25,25,0,0,1.0,0.0,0.0,25,1.0,0.0009405152387470428,0.006023375331788125,0.9930361094294635
2019-02-15,23,23,0,0,1.0,0.0,0.0,23,1.0,0.0005038004632172453,0.005619503776656765,0.9938766957601253
2019-02-16,4,4,0,0,1.0,0.0,0.0,4,1.0,4.490090792904623e-06,3.738459448754846e-05,0.9999581253147198
2019-02-17,1,1,0,0,1.0,0.0,0.0,1,1.0,2.638275551570567e-06,7.156806218760226e-06,0.9999902049182302
2019-02-18,2,2,0,0,1.0,0.0,0.0,2,1.0,0.0007051975252068449,0.002725746627412875,0.9965690558473754
2019-02-19,18,18,0,0,1.0,0.0,0.0,18,1.0,0.0005890040317353625,0.008275832317638879,0.9911351636506259
2019-02-20,22,22,0,0,1.0,0.0,0.0,22,1.0,0.0004701671191171923,0.0031344982866462414,0.9963953345942358
2019-02-21,24,24,0,0,1.0,0.0,0.0,24,1.0,0.00039629401185379594,0.004036054776161539,0.9955676512119842
2019-02-22,21,21,0,0,1.0,0.0,0.0,21,1.0,0.0013051875770430578,0.006215902382089118,0.9924789100408695
2019-02-23,2,2,0,0,1.0,0.0,0.0,2,1.0,0.0024295215529566557,0.02110078474141829,0.9764696937056214
2019-02-24,5,5,0,0,1.0,0.0,0.0,5,1.0,0.0010491126731114846,0.014299029065153604,0.9846518582617362
2019-02-25,18,18,0,0,1.0,0.0,0.0,18,1.0,1.1111224247307573e-05,9.271781408816822e-05,0.9998961709616617
2019-02-26,22,22,0,0,1.0,0.0,0.0,22,1.0,0.0004078547810744423,0.0028622166733522454,0.9967299285455731
2019-02-27,24,24,0,0,1.0,0.0,0.0,24,1.0,2.1528646273744777e-05,7.894193086431536e-05,0.9998995294228638
2019-02-28,20,20,0,0,1.0,0.0,0.0,20,1.0,0.0005596145237346502,0.002930004412920901,0.9965103810633433
2019-03-01,15,15,0,0,1.0,0.0,0.0,15,1.0,0.00028849959174863805,0.0015613490049170393,0.9981501514033354
2019-03-03,7,7,0,0,1.0,0.0,0.0,7,1.0,0.0074432029464663735,0.019313676343068967,0.9732431207104622
2019-03-04,12,12,0,0,1.0,0.0,0.0,12,1.0,0.0006540025052169428,0.009806831892673163,0.9895391656021096
2019-03-05,20,20,0,0,1.0,0.0,0.0,20,1.0,1.4227852803781377e-05,6.339152279131991e-05,0.9999223806244035
2019-03-06,17,17,0,0,1.0,0.0,0.0,17,1.0,0.0003042770935632807,0.0029869648656270834,0.9967087580408079
2019-03-07,20,20,0,0,1.0,0.0,0.0,20,1.0,0.001100607031824467,0.012929750187379147,0.9859696427807961
2019-03-08,16,16,0,0,1.0,0.0,0.0,16,1.0,0.0003673844487396548,0.003724226573626795,0.9959083889776345
2019-03-09,5,5,0,0,1.0,0.0,0.0,5,1.0,1.2138022198506857e-05,6.610379175150643e-05,0.9999217581860498
2019-03-10,3,3,0,0,1.0,0.0,0.0,3,1.0,1.2215590539752257e-05,4.244614465371188e-05,0.9999453382648067
2019-03-11,33,33,0,0,1.0,0.0,0.0,33,1.0,0.0005187771717587342,0.0066994663931351246,0.9927817564351058
2019-03-12,33,33,0,0,1.0,0.0,0.0,33,1.0,0.0006513888422056652,0.008243404545121005,0.9911052066126733
2019-03-13,21,21,0,0,1.0,0.0,0.0,21,1.0,7.356200950698472e-05,0.0005309961393475968,0.999395441851144
2019-03-14,23,23,0,0,1.0,0.0,0.0,23,1.0,0.0001816170939008478,0.002253519587536458,0.9975648633185614
2019-03-15,21,21,0,0,1.0,0.0,0.0,21,1.0,0.0044843328063688005,0.01982251486400487,0.9756931523296272
2019-03-16,2,2,0,0,1.0,0.0,0.0,2,1.0,0.002800696837894989,0.012792499615019388,0.9844068035470888
2019-03-17,3,3,0,0,1.0,0.0,0.0,3,1.0,0.001700633224659574,0.017330708898653836,0.9809686578766863
2019-03-18,22,22,0,0,1.0,0.0,0.0,22,1.0,0.0003588471867810703,0.008214672333444323,0.9914264804797757
2019-03-19,24,24,0,0,1.0,0.0,0.0,24,1.0,0.0005450483819083321,0.006073374491043786,0.9933815771270481
2019-03-20,22,22,0,0,1.0,0.0,0.0,22,1.0,0.0007485029678303361,0.019807310523507284,0.9794441865086622
2019-03-21,24,24,0,0,1.0,0.0,0.0,24,1.0,8.717110450633782e-05,0.0014143870523040773,0.9984984418431893
2019-03-22,18,18,0,0,1.0,0.0,0.0,18,1.0,0.0002798176251865771,0.0019481755683868171,0.9977720068064271
2019-03-23,4,4,0,0,1.0,0.0,0.0,4,1.0,0.00030491617352243857,0.003875860406664973,0.9958192234198148
2019-03-24,4,4,0,0,1.0,0.0,0.0,4,1.0,0.0035045863855292835,0.042928085832772134,0.9535673277816994
2019-03-25,70,70,0,0,1.0,0.0,0.0,70,1.0,0.0015236153338388236,0.012053831223509243,0.9864225534426526
2019-03-26,49,49,0,0,1.0,0.0,0.0,49,1.0,0.0005820533413280595,0.005165002749107934,0.9942529439095643
2019-03-27,31,31,0,0,1.0,0.0,0.0,31,1.0,0.0017230254217940047,0.009678850381234833,0.9885981241969707
2019-03-28,18,18,0,0,1.0,0.0,0.0,18,1.0,0.0006301651944045515,0.00944587728903698,0.989923957516559
2019-03-29,12,12,0,0,1.0,0.0,0.0,12,1.0,0.0014679896986564314,0.02188183233893777,0.9766501779624055
2019-03-30,5,5,0,0,1.0,0.0,0.0,5,1.0,0.0004645022903583958,0.003442536718721907,0.9960929609909199
2019-03-31,3,3,0,0,1.0,0.0,0.0,3,1.0,3.597962021475326e-06,1.681630489838864e-05,0.9999795857330817
2019-04-01,20,20,0,0,1.0,0.0,0.0,20,1.0,0.0008853688285650974,0.005130638180594631,0.9939839929908396
2019-04-02,26,26,0,0,1.0,0.0,0.0,26,1.0,0.0008341942916995122,0.010994171047123597,0.9881716346611776
2019-04-03,20,20,0,0,1.0,0.0,0.0,20,1.0,0.00031447539090632043,0.005296636740870024,0.9943888878682232
2019-04-04,17,17,0,0,1.0,0.0,0.0,17,1.0,0.00018909003150136978,0.002294620294621668,0.9975162896738785
2019-04-05,18,18,0,0,1.0,0.0,0.0,18,1.0,0.0013652318576903753,0.009983383099561545,0.9886513850427493
2019-04-06,2,2,0,0,1.0,0.0,0.0,2,1.0,0.000735456582963825,0.003558110653617972,0.9957064327634204
2019-04-07,6,6,0,0,1.0,0.0,0.0,6,1.0,1.7394856471218182e-05,8.363023464175032e-05,0.9998989749088842
2019-04-08,16,16,0,0,1.0,0.0,0.0,16,1.0,0.000533747870178373,0.01079229395948838,0.9886739581703323
2019-04-09,27,27,0,0,1.0,0.0,0.0,27,1.0,0.0009936691759414441,0.008755242076671301,0.9902510887473892
2019-04-10,17,17,0,0,1.0,0.0,0.0,17,1.0,0.0005223382809344153,0.0077318636211683904,0.9917457980978971
2019-04-11,15,15,0,0,1.0,0.0,0.0,15,1.0,0.0005226203054752641,0.007221270525029248,0.9922561091694977
2019-04-12,19,19,0,0,1.0,0.0,0.0,19,1.0,0.0017396911548109354,0.014522222207449642,0.9837380866377391
2019-04-13,1,1,0,0,1.0,0.0,0.0,1,1.0,0.0020416707055782445,0.048528509218955095,0.9494298200754671
2019-04-14,5,5,0,0,1.0,0.0,0.0,5,1.0,0.0008934500441526423,0.015106914399270487,0.9839996355565761
2019-04-15,15,15,0,0,1.0,0.0,0.0,15,1.0,0.0007330144607465718,0.005121709659638346,0.9941452758796159
2019-04-16,25,25,0,0,1.0,0.0,0.0,25,1.0,0.001394715897065242,0.012876743264666462,0.9857285408382688
2019-04-17,43,43,0,0,1.0,0.0,0.0,43,1.0,0.0012481698689019679,0.013119079346077369,0.9856327507850208
2019-04-18,19,19,0,0,1.0,0.0,0.0,19,1.0,0.00042798635166800813,0.007572983082169363,0.9919990305661617
2019-04-19,4,4,0,0,1.0,0.0,0.0,4,1.0,0.0024764436691090373,0.014561218771556275,0.9829623375593346
2019-04-20,4,4,0,0,1.0,0.0,0.0,4,1.0,2.9439316689565106e-05,0.0005203085865659611,0.9994502520967458
2019-04-21,3,3,0,0,1.0,0.0,0.0,3,1.0,0.001309350695331091,0.01905117098180154,0.9796394783228685
2019-04-22,17,17,0,0,1.0,0.0,0.0,17,1.0,0.00028257108506218875,0.002968144705663658,0.9967492842092722
2019-04-23,22,22,0,0,1.0,0.0,0.0,22,1.0,0.0008503222470028299,0.01676465740519202,0.9823850203478064
2019-04-24,18,18,0,0,1.0,0.0,0.0,18,1.0,0.0010422348236079479,0.005883778429867096,0.9930739867465262
2019-04-25,10,10,0,0,1.0,0.0,0.0,10,1.0,0.000911068772463982,0.009046360032609451,0.9900425711949298
2019-04-26,21,21,0,0,1.0,0.0,0.0,21,1.0,0.0007943606321077901,0.007179890177728763,0.9920257491901645
2019-04-27,3,3,0,0,1.0,0.0,0.0,3,1.0,0.004237111810059994,0.03259780898855489,0.9631650792013845
2019-04-28,4,4,0,0,1.0,0.0,0.0,4,1.0,0.0006785316844411552,0.004903550717711789,0.9944179175978531
2019-04-29,21,21,0,0,1.0,0.0,0.0,21,1.0,0.0004816667964197508,0.004581166948993281,0.9949371662545855
2019-04-30,28,28,0,0,1.0,0.0,0.0,28,1.0,0.0005912815978577035,0.009681593392600746,0.9897271250095422
2019-05-01,35,35,0,0,1.0,0.0,0.0,35,1.0,0.0009688169642653134,0.008081461005906888,0.9909497220298281
2019-05-02,21,21,0,0,1.0,0.0,0.0,21,1.0,0.0010073936820405632,0.007125134960887508,0.9918674713570719
2019-05-03,19,19,0,0,1.0,0.0,0.0,19,1.0,0.0002018708880943759,0.0004513089329122734,0.9993468201789921
2019-05-05,5,5,0,0,1.0,0.0,0.0,5,1.0,0.002424457334237404,0.01785732816961077,0.9797182144961564
2019-05-06,15,15,0,0,1.0,0.0,0.0,15,1.0,0.0003111005507316113,0.004463384479893915,0.9952255149693745
2019-05-07,5,5,0,0,1.0,0.0,0.0,5,1.0,0.0011324675327222887,0.008958197091352451,0.9899093353759258
2019-05-08,15,15,0,0,1.0,0.0,0.0,15,1.0,0.0005854580655763186,0.004351597785644473,0.9950629441487805
2019-05-09,11,11,0,0,1.0,0.0,0.0,11,1.0,0.0006889306971156608,0.005814512308513214,0.9934965569943691
2019-05-10,16,16,0,0,1.0,0.0,0.0,16,1.0,0.0003008793631402514,0.003567270217550567,0.9961318504193084
2019-05-11,4,4,0,0,1.0,0.0,0.0,4,1.0,0.0025576466693376675,0.019980200793646794,0.9774621525370122
2019-05-13,22,22,0,0,1.0,0.0,0.0,22,1.0,0.0008655618463282497,0.011333145623320691,0.9878012925303504
2019-05-14,14,14,0,0,1.0,0.0,0.0,14,1.0,0.0003207387677657713,0.005287627628818304,0.9943916336034162
2019-05-15,19,19,0,0,1.0,0.0,0.0,19,1.0,0.0011082582643297911,0.011575539265572971,0.9873162024700963
2019-05-16,13,13,0,0,1.0,0.0,0.0,13,1.0,0.0007153096120855094,0.007694340042051439,0.991590350345864
2019-05-17,10,10,0,0,1.0,0.0,0.0,10,1.0,1.7618993769857847e-05,0.0002051562834551339,0.9997772247227733
2019-05-18,4,4,0,0,1.0,0.0,0.0,4,1.0,0.0036707016988591695,0.02930830489766388,0.9670209934034779
2019-05-20,16,16,0,0,1.0,0.0,0.0,16,1.0,0.001247562724612066,0.012293951294176115,0.9864584859812122
2019-05-21,15,15,0,0,1.0,0.0,0.0,15,1.0,8.484587963697157e-05,0.0005823496115212393,0.9993328045088422
2019-05-22,19,19,0,0,1.0,0.0,0.0,19,1.0,0.002956954425095712,0.030426277696265595,0.9666167678786386
2019-05-23,13,13,0,0,1.0,0.0,0.0,13,1.0,0.0012376742603201717,0.018346259859098792,0.9804160658805796
2019-05-24,14,14,0,0,1.0,0.0,0.0,14,1.0,0.0006225388869722115,0.007133492746339899,0.9922439683666904
2019-05-25,4,4,0,0,1.0,0.0,0.0,4,1.0,0.0025185805130797222,0.01986487602124432,0.9776165434656777
2019-05-27,4,4,0,0,1.0,0.0,0.0,4,1.0,0.0008262624356466431,0.009432001029186761,0.9897417365351674
2019-05-28,19,19,0,0,1.0,0.0,0.0,19,1.0,0.000942543535825089,0.0066859640790438825,0.9923714923851308
2019-05-29,14,14,0,0,1.0,0.0,0.0,14,1.0,5.5053113638608665e-05,0.00040034319159004927,0.99954460369477
2019-05-30,19,19,0,0,1.0,0.0,0.0,19,1.0,0.0006129205993204538,0.013066492287439908,0.9863205871132394
2019-05-31,9,9,0,0,1.0,0.0,0.0,9,1.0,0.00046523115429131126,0.004705307279155524,0.9948294615665509
2019-06-01,3,2,0,1,0.6666666666666666,0.0,0.3333333333333333,2,0.6666666666666666,0.008741711368594004,0.29510162400079615,0.6961566646306095
2019-06-02,5,5,0,0,1.0,0.0,0.0,5,1.0,0.001695010422908288,0.02227703177056021,0.9760279578065312
2019-06-03,23,22,0,1,0.9565217391304348,0.0,0.043478260869565216,22,0.9565217391304348,0.0020184249585141804,0.03643438638251357,0.9615471886589716
2019-06-04,16,16,0,0,1.0,0.0,0.0,16,1.0,0.0010121875544870738,0.01115059959847057,0.9878372128470406
2019-06-05,22,22,0,0,1.0,0.0,0.0,22,1.0,0.00042337094184802335,0.004279171144130558,0.9952974579140221
2019-06-06,13,13,0,0,1.0,0.0,0.0,13,1.0,4.50473963400053e-05,0.00023491993399500454,0.9997200326696638
2019-06-07,17,17,0,0,1.0,0.0,0.0,17,1.0,0.0014219861582920284,0.014233271908338433,0.9843447419333683
2019-06-08,1,1,0,0,1.0,0.0,0.0,1,1.0,1.5491005058950552e-06,2.7299275902852462e-05,0.9999711516235835
2019-06-09,1,1,0,0,1.0,0.0,0.0,1,1.0,0.0018090026232543647,0.07403540665602873,0.9241555907207201
2019-06-10,11,11,0,0,1.0,0.0,0.0,11,1.0,5.5582706261700826e-05,0.0009895988963916668,0.9989548183973493
2019-06-11,16,16,0,0,1.0,0.0,0.0,16,1.0,0.0017644373017464494,0.01732927482523143,0.9809062878730217
2019-06-12,20,20,0,0,1.0,0.0,0.0,20,1.0,0.00044001586355060985,0.0042333688490679994,0.9953266152873826
2019-06-13,15,15,0,0,1.0,0.0,0.0,15,1.0,0.001187944794452763,0.010871709032574648,0.9879403461729735
2019-06-14,13,13,0,0,1.0,0.0,0.0,13,1.0,0.001729578055624468,0.01775254127376165,0.9805178806706134
2019-06-15,3,3,0,0,1.0,0.0,0.0,3,1.0,0.015151283176865067,0.05961795748513391,0.9252307593380055
2019-06-17,16,16,0,0,1.0,0.0,0.0,16,1.0,1.8563927264512913e-05,0.00023563084783601926,0.999745805224899
2019-06-18,11,11,0,0,1.0,0.0,0.0,11,1.0,0.0008517274858389173,0.01113254781922467,0.9880157246949364
2019-06-19,15,15,0,0,1.0,0.0,0.0,15,1.0,0.0008411978395303861,0.0036365535222759814,0.9955222486381933
2019-06-20,15,15,0,0,1.0,0.0,0.0,15,1.0,0.0009291891010215538,0.01061990849284059,0.9884509024061383
2019-06-21,15,15,0,0,1.0,0.0,0.0,15,1.0,0.0014031827793266913,0.018423058781912187,0.9801737584387606
2019-06-24,14,14,0,0,1.0,0.0,0.0,14,1.0,0.0017439830164065369,0.021984513334739532,0.9762715036488562
2019-06-25,9,9,0,0,1.0,0.0,0.0,9,1.0,4.420058066756979e-05,0.00038676095994094123,0.9995690384593914
2019-06-26,13,13,0,0,1.0,0.0,0.0,13,1.0,0.00017800103331770545,0.0014502391723159023,0.9983717597943674
2019-06-27,16,16,0,0,1.0,0.0,0.0,16,1.0,0.00026504215802177,0.0016178113870218246,0.9981171464549561
2019-06-28,17,15,0,2,0.8823529411764706,0.0,0.11764705882352941,15,0.8823529411764706,0.0030586484564164565,0.10525713750122186,0.8916842140423624
2019-06-29,5,5,0,0,1.0,0.0,0.0,5,1.0,7.15185678401927e-05,0.0014524370569162668,0.9984760443752435
2019-06-30,2,2,0,0,1.0,0.0,0.0,2,1.0,1.5335105501255208e-05,5.4452891380406214e-05,0.9999302120031186
2019-07-01,12,12,0,0,1.0,0.0,0.0,12,1.0,4.1828502788567684e-05,0.000832666422758192,0.9991255050744531
2019-07-02,14,14,0,0,1.0,0.0,0.0,14,1.0,0.0019997406332143922,0.01727072554028655,0.9807295338264987
2019-07-03,12,12,0,0,1.0,0.0,0.0,12,1.0,0.00041148648428756597,0.01585255886134395,0.9837359546543688
2019-07-04,2,2,0,0,1.0,0.0,0.0,2,1.0,0.00036339718158061226,0.0065338382738963285,0.9931027645445198
2019-07-05,9,9,0,0,1.0,0.0,0.0,9,1.0,0.002628319335903413,0.028410976960986364,0.9689607037031099
2019-07-06,2,2,0,0,1.0,0.0,0.0,2,1.0,0.0013492152801652538,0.008448705971596042,0.9902020787482413
2019-07-07,1,0,0,1,0.0,0.0,1.0,0,0.0,0.01139998145909842,0.521033915909799,0.46756610263110293
2019-07-08,16,16,0,0,1.0,0.0,0.0,16,1.0,0.0015828645143987526,0.010409376619493205,0.9880077588661076
2019-07-09,14,14,0,0,1.0,0.0,0.0,14,1.0,0.0008491469711201478,0.019442405820644975,0.979708447208235
2019-07-10,12,12,0,0,1.0,0.0,0.0,12,1.0,0.0006838014735841201,0.00832034538556096,0.990995853140855
2019-07-11,15,15,0,0,1.0,0.0,0.0,15,1.0,0.0006230212254332287,0.009913555759798992,0.9894634230147665
2019-07-12,11,11,0,0,1.0,0.0,0.0,11,1.0,0.001591924981507533,0.011713329175379712,0.9866947458431148
2019-07-14,1,1,0,0,1.0,0.0,0.0,1,1.0,7.409545062769062e-08,5.895597584721264e-07,0.9999993363447928
2019-07-15,18,18,0,0,1.0,0.0,0.0,18,1.0,9.028266240289222e-05,0.0008555826215328971,0.9990541347160625
2019-07-16,15,15,0,0,1.0,0.0,0.0,15,1.0,0.00011782248686673993,0.0012420509623392282,0.998640126550793
2019-07-17,11,11,0,0,1.0,0.0,0.0,11,1.0,4.541318325789374e-05,0.00023298527946623933,0.999721601537276
2019-07-18,15,15,0,0,1.0,0.0,0.0,15,1.0,9.931905514547886e-05,0.0008408131002076649,0.9990598678446462
2019-07-19,13,13,0,0,1.0,0.0,0.0,13,1.0,0.0010420414279527339,0.011834551464058566,0.9871234071079891
2019-07-20,1,1,0,0,1.0,0.0,0.0,1,1.0,0.0019089258947286483,0.014002711189677258,0.984088362915594
2019-07-21,3,3,0,0,1.0,0.0,0.0,3,1.0,0.0008322551241014458,0.010872520506290612,0.9882952243696073
2019-07-22,20,20,0,0,1.0,0.0,0.0,20,1.0,0.0020045988800747538,0.028149803966607056,0.9698455971533193
2019-07-23,24,24,0,0,1.0,0.0,0.0,24,1.0,0.0004466973369373398,0.0034688920368419114,0.996084410626222
2019-07-24,20,20,0,0,1.0,0.0,0.0,20,1.0,0.0009738967566537754,0.015291385203378579,0.9837347180399687
2019-07-25,22,22,0,0,1.0,0.0,0.0,22,1.0,0.0009033983997991534,0.010220591376850208,0.9888760102233508
2019-07-26,27,27,0,0,1.0,0.0,0.0,27,1.0,0.0014766479414806688,0.019952049462636925,0.9785713025958833
2019-07-27,3,3,0,0,1.0,0.0,0.0,3,1.0,0.0025186695358793785,0.021064710703163885,0.9764166197609527
2019-07-28,7,7,0,0,1.0,0.0,0.0,7,1.0,0.0006121648552723148,0.004233056963182377,0.9951547781815424
2019-07-29,22,22,0,0,1.0,0.0,0.0,22,1.0,0.000359268445777378,0.004247423443131531,0.9953933081110923
2019-07-30,27,27,0,0,1.0,0.0,0.0,27,1.0,0.0008442964381983338,0.010788223122200425,0.9883674804396003
2019-07-31,37,37,0,0,1.0,0.0,0.0,37,1.0,0.001278602102739806,0.017562252889149945,0.9811591450081115
2019-08-01,18,18,0,0,1.0,0.0,0.0,18,1.0,0.0019282545735135044,0.005063352538878435,0.9930083928876093
2019-08-02,16,16,0,0,1.0,0.0,0.0,16,1.0,0.0016382180882594357,0.03662037475807274,0.9617414071536667
2019-08-03,4,4,0,0,1.0,0.0,0.0,4,1.0,4.360891424923222e-06,1.2746665948156979e-05,0.9999828924426264
2019-08-04,3,3,0,0,1.0,0.0,0.0,3,1.0,0.00222767685570928,0.01518149642640571,0.9825908267178866
2019-08-05,22,22,0,0,1.0,0.0,0.0,22,1.0,0.0013659894910048162,0.015660609574082607,0.9829734009349113
2019-08-06,27,27,0,0,1.0,0.0,0.0,27,1.0,0.0007264460530812366,0.004957538305753506,0.9943160156411671
2019-08-07,14,14,0,0,1.0,0.0,0.0,14,1.0,7.150155292532844e-05,0.0002628205004836551,0.9996656779465909
2019-08-08,18,18,0,0,1.0,0.0,0.0,18,1.0,0.00032637917904093715,0.003206540357842331,0.9964670804631149
2019-08-09,18,18,0,0,1.0,0.0,0.0,18,1.0,0.0007708471334501594,0.011038049018090391,0.9881911038484598
2019-08-10,3,3,0,0,1.0,0.0,0.0,3,1.0,0.00011037237063211252,0.0005880544022198482,0.9993015732271484
2019-08-11,1,1,0,0,1.0,0.0,0.0,1,1.0,5.807902743753817e-06,1.144160805017347e-05,0.9999827504891965
2019-08-12,17,17,0,0,1.0,0.0,0.0,17,1.0,0.00024082501987100356,0.005505813682207396,0.9942533612979235
2019-08-13,18,18,0,0,1.0,0.0,0.0,18,1.0,0.0012245239826220772,0.010861895274639877,0.9879135807427377
2019-08-14,15,15,0,0,1.0,0.0,0.0,15,1.0,0.0008481742752639264,0.015463507759340899,0.9836883179653955
2019-08-15,11,11,0,0,1.0,0.0,0.0,11,1.0,2.2692805973363843e-05,0.00013719133384124842,0.9998401158601858
2019-08-16,8,8,0,0,1.0,0.0,0.0,8,1.0,0.001776897692289013,0.0293912516295332,0.9688318506781759
2019-08-17,2,2,0,0,1.0,0.0,0.0,2,1.0,0.0025167440989317634,0.027617305591929882,0.9698659503091382
2019-08-18,1,1,0,0,1.0,0.0,0.0,1,1.0,6.719466488015609e-05,9.854419422170148e-05,0.9998342611408947
2019-08-19,21,21,0,0,1.0,0.0,0.0,21,1.0,0.0003579127617219322,0.0065334737365399164,0.993108613501739
2019-08-20,22,22,0,0,1.0,0.0,0.0,22,1.0,0.00022915322068277336,0.004443586444534177,0.9953272603347817
2019-08-21,18,18,0,0,1.0,0.0,0.0,18,1.0,0.0004885142357908367,0.01193390934109379,0.9875775764231136
2019-08-22,20,20,0,0,1.0,0.0,0.0,20,1.0,0.001021039386214256,0.01909778002321218,0.9798811805905723
2019-08-23,15,15,0,0,1.0,0.0,0.0,15,1.0,0.0020416423145160584,0.012160439079135565,0.9857979186063489
2019-08-25,1,1,0,0,1.0,0.0,0.0,1,1.0,2.0104356814649817e-06,2.8766376422689585e-06,0.999995112926688
2019-08-26,30,30,0,0,1.0,0.0,0.0,30,1.0,0.0006991987479249957,0.006625257922868878,0.9926755433292073
2019-08-27,17,17,0,0,1.0,0.0,0.0,17,1.0,0.0002084173058907509,0.0022604833616915528,0.9975310993324177
2019-08-28,11,11,0,0,1.0,0.0,0.0,11,1.0,5.46949345408994e-05,0.0003707845696794032,0.9995745204957793
2019-08-29,11,11,0,0,1.0,0.0,0.0,11,1.0,0.0024612309578978084,0.043426948893427346,0.9541118201486737
2019-08-30,9,9,0,0,1.0,0.0,0.0,9,1.0,3.451986503039547e-05,0.00016610120660960338,0.9997993789283606
2019-08-31,1,1,0,0,1.0,0.0,0.0,1,1.0,0.009485235890713617,0.07814928785104906,0.9123654762582363
2019-09-01,3,3,0,0,1.0,0.0,0.0,3,1.0,0.00020102523320601786,0.0012351386747411271,0.9985638360920491
2019-09-02,2,2,0,0,1.0,0.0,0.0,2,1.0,1.0147432211255914e-05,5.11168557873937e-05,0.9999387357120038
2019-09-03,17,17,0,0,1.0,0.0,0.0,17,1.0,0.0007924854601167169,0.014470818864787476,0.984736695675095
2019-09-04,23,23,0,0,1.0,0.0,0.0,23,1.0,0.0009742679601609884,0.016689754720515714,0.9823359773193241
2019-09-05,15,15,0,0,1.0,0.0,0.0,15,1.0,0.0009046549580814364,0.010133665341007328,0.9889616797009086
2019-09-06,11,11,0,0,1.0,0.0,0.0,11,1.0,0.0004886293379988023,0.006984410611765337,0.9925269600502346
2019-09-07,5,5,0,0,1.0,0.0,0.0,5,1.0,0.0012030091881410914,0.008680623373801353,0.9901163674380561
2019-09-08,3,3,0,0,1.0,0.0,0.0,3,1.0,0.0009461826463302013,0.006082629431568711,0.992971187922102
2019-09-09,23,23,0,0,1.0,0.0,0.0,23,1.0,0.001070199414134316,0.015946111320853388,0.9829836892650121
2019-09-10,28,28,0,0,1.0,0.0,0.0,28,1.0,0.0014395520533246123,0.04874467138832918,0.9498157765583464
2019-09-11,36,36,0,0,1.0,0.0,0.0,36,1.0,0.0010556346494943621,0.027776081417991098,0.9711682839325153
2019-09-12,20,20,0,0,1.0,0.0,0.0,20,1.0,0.0002503086085416195,0.006708057713696346,0.9930416336777625
2019-09-13,14,14,0,0,1.0,0.0,0.0,14,1.0,0.0012498039222632313,0.011865495924541367,0.9868847001531933
2019-09-14,3,3,0,0,1.0,0.0,0.0,3,1.0,0.0068506910501316895,0.01883260494812818,0.9743167040017421
2019-09-15,6,6,0,0,1.0,0.0,0.0,6,1.0,0.0019202186109301643,0.016470032334301197,0.9816097490547712
2019-09-16,21,21,0,0,1.0,0.0,0.0,21,1.0,0.0006030805574850023,0.01453448503016099,0.9848624344123548
2019-09-17,25,25,0,0,1.0,0.0,0.0,25,1.0,0.00017444064849914663,0.0019857107100233274,0.9978398486414781
2019-09-18,21,21,0,0,1.0,0.0,0.0,21,1.0,0.0006085641367891507,0.011820943409519419,0.9875704924536907
2019-09-19,17,17,0,0,1.0,0.0,0.0,17,1.0,2.875304070815215e-05,0.0002707095670108582,0.9997005373922804
2019-09-20,17,17,0,0,1.0,0.0,0.0,17,1.0,0.0009538043009492424,0.006308202559703789,0.992737993139347
2019-09-21,2,2,0,0,1.0,0.0,0.0,2,1.0,4.8196465030319046e-06,2.756892213978221e-05,0.9999676114313572
2019-09-22,3,3,0,0,1.0,0.0,0.0,3,1.0,4.603124027023473e-05,0.00011235245943128334,0.9998416163002967
2019-09-23,22,22,0,0,1.0,0.0,0.0,22,1.0,0.00021856952349697724,0.0028113470460185545,0.9969700834304859
2019-09-24,20,20,0,0,1.0,0.0,0.0,20,1.0,0.000572791377274727,0.007681977716855815,0.9917452309058692
2019-09-25,10,10,0,0,1.0,0.0,0.0,10,1.0,0.0012634300941602133,0.014821102746882506,0.9839154671589572
2019-09-26,10,10,0,0,1.0,0.0,0.0,10,1.0,0.0003152145051406511,0.0015601856103804105,0.9981245998844794
2019-09-27,10,10,0,0,1.0,0.0,0.0,10,1.0,0.0008857013218169076,0.004202931289841825,0.9949113673883405
2019-09-28,3,3,0,0,1.0,0.0,0.0,3,1.0,0.0008308446607892907,0.00779484628203304,0.9913743090571775
2019-09-29,6,6,0,0,1.0,0.0,0.0,6,1.0,0.00048218614135838887,0.009374580203801613,0.9901432336548402
2019-09-30,25,25,0,0,1.0,0.0,0.0,25,1.0,0.0012090523250380659,0.01968405525199878,0.9791068924229624
2019-10-01,23,23,0,0,1.0,0.0,0.0,23,1.0,0.0003173646152458204,0.0023231188535409657,0.9973595165312126
2019-10-02,14,14,0,0,1.0,0.0,0.0,14,1.0,0.0015959681179670941,0.019830724032600323,0.9785733078494347
2019-10-03,15,15,0,0,1.0,0.0,0.0,15,1.0,2.7519040335971707e-05,0.00014241555462162444,0.9998300654050417
2019-10-04,19,19,0,0,1.0,0.0,0.0,19,1.0,0.0003592189806308724,0.006264738997632017,0.9933760420217376
2019-10-05,4,4,0,0,1.0,0.0,0.0,4,1.0,0.0003413056939716626,0.0036339433392163353,0.9960247509668128
2019-10-06,5,5,0,0,1.0,0.0,0.0,5,1.0,0.00045660103608484914,0.006509141966365756,0.9930342569975472
2019-10-07,20,20,0,0,1.0,0.0,0.0,20,1.0,0.001045794977683544,0.006828013699064895,0.9921261913232506
2019-10-08,18,18,0,0,1.0,0.0,0.0,18,1.0,0.0006873301860901914,0.005154406936567855,0.994158262877341
2019-10-09,20,20,0,0,1.0,0.0,0.0,20,1.0,0.0005263671117526907,0.01043752737116807,0.9890361055170791
2019-10-10,20,20,0,0,1.0,0.0,0.0,20,1.0,0.00035994669355797926,0.00304588379130151,0.9965941695151395
2019-10-11,20,20,0,0,1.0,0.0,0.0,20,1.0,0.0008201653760957538,0.011729769723792687,0.9874500649001124
2019-10-12,4,4,0,0,1.0,0.0,0.0,4,1.0,0.0028185535814854623,0.021070428591629643,0.9761110178268835
2019-10-13,11,11,0,0,1.0,0.0,0.0,11,1.0,1.1381156175125697e-05,3.367147564523738e-05,0.999954947368182
2019-10-14,20,20,0,0,1.0,0.0,0.0,20,1.0,0.0006560235633257953,0.013327367761525091,0.9860166086751478
2019-10-15,24,24,0,0,1.0,0.0,0.0,24,1.0,0.0009275654426355331,0.006684723893029507,0.9923877106643357
2019-10-16,20,20,0,0,1.0,0.0,0.0,20,1.0,0.00134474063025605,0.017518429431461896,0.9811368299382796
2019-10-17,19,19,0,0,1.0,0.0,0.0,19,1.0,0.00047227748209865706,0.012360240073834012,0.9871674824440673
2019-10-18,16,16,0,0,1.0,0.0,0.0,16,1.0,0.00020003946562828913,0.0034324064511760508,0.9963675540831975
2019-10-19,2,2,0,0,1.0,0.0,0.0,2,1.0,1.969296067690963e-06,8.361265248992311e-06,0.9999896694386885
2019-10-20,3,3,0,0,1.0,0.0,0.0,3,1.0,0.0011254465942318274,0.02921334576873584,0.9696612076370328
2019-10-21,8,8,0,0,1.0,0.0,0.0,8,1.0,0.00014981828769330347,0.002017270724494813,0.997832910987816
2019-10-22,17,17,0,0,1.0,0.0,0.0,17,1.0,0.0005049062383080051,0.0082829900100123,0.9912121037516805
2019-10-23,20,20,0,0,1.0,0.0,0.0,20,1.0,0.0005823419679653327,0.003460720203455386,0.9959569378285792
2019-10-24,17,17,0,0,1.0,0.0,0.0,17,1.0,0.00013213052758507025,0.0005329188696829223,0.9993349506027326
2019-10-25,16,16,0,0,1.0,0.0,0.0,16,1.0,7.060919142794172e-05,0.0007808008496647497,0.9991485899589055
2019-10-26,6,6,0,0,1.0,0.0,0.0,6,1.0,0.000614142717289986,0.007830537836809122,0.9915553194458996
2019-10-27,5,5,0,0,1.0,0.0,0.0,5,1.0,8.79916729524038e-05,0.0013104591199094811,0.9986015492071398
2019-10-28,26,26,0,0,1.0,0.0,0.0,26,1.0,0.0017043452691177046,0.014614265526706444,0.983681389204177
2019-10-29,29,29,0,0,1.0,0.0,0.0,29,1.0,0.0002761510355896744,0.0032305680098758116,0.9964932809545349
2019-10-30,27,27,0,0,1.0,0.0,0.0,27,1.0,0.0005312997903729413,0.008540966693602275,0.9909277335160241
2019-10-31,33,33,0,0,1.0,0.0,0.0,33,1.0,0.0006116742437971123,0.008873893788265908,0.9905144319679356
2019-11-01,28,28,0,0,1.0,0.0,0.0,28,1.0,0.000626065434729862,0.00551005386025616,0.9938638807050146
2019-11-03,5,5,0,0,1.0,0.0,0.0,5,1.0,0.0018204322442531436,0.013213596839825304,0.9849659709159203
2019-11-04,16,16,0,0,1.0,0.0,0.0,16,1.0,0.0008207475654825424,0.029920182719549757,0.9692590697149666
2019-11-05,23,23,0,0,1.0,0.0,0.0,23,1.0,0.0008997891977740513,0.008326758494731145,0.9907734523074951
2019-11-06,24,24,0,0,1.0,0.0,0.0,24,1.0,0.0008087542906596903,0.006736283291800577,0.9924549624175377
2019-11-07,20,20,0,0,1.0,0.0,0.0,20,1.0,0.000626533577429813,0.007084789157703017,0.9922886772648674
2019-11-08,20,20,0,0,1.0,0.0,0.0,20,1.0,0.0005397582153397622,0.004674887547848409,0.9947853542368135
2019-11-09,3,3,0,0,1.0,0.0,0.0,3,1.0,1.3218910509101249e-05,4.778027859380902e-05,0.9999390008108984
2019-11-10,4,4,0,0,1.0,0.0,0.0,4,1.0,0.0008768019687528774,0.011025414328301612,0.9880977837029483
2019-11-11,27,27,0,0,1.0,0.0,0.0,27,1.0,0.00027614059206041856,0.0041890755507688745,0.9955347838571718
2019-11-12,19,19,0,0,1.0,0.0,0.0,19,1.0,0.0007083694507470295,0.004349349045517391,0.9949422815037361
2019-11-13,23,23,0,0,1.0,0.0,0.0,23,1.0,0.0006697984282861007,0.0069654313777732305,0.9923647701939415
2019-11-14,27,27,0,0,1.0,0.0,0.0,27,1.0,0.0008517318165864234,0.00799290534223271,0.9911553628411817
2019-11-15,29,29,0,0,1.0,0.0,0.0,29,1.0,0.0010185090136561855,0.02112864167649229,0.9778528493098508
2019-11-16,6,6,0,0,1.0,0.0,0.0,6,1.0,0.0004305936119229676,0.0045635311587241155,0.9950058752293524
2019-11-17,2,2,0,0,1.0,0.0,0.0,2,1.0,5.37966741476261e-06,2.438427886193839e-05,0.9999702360537219
2019-11-18,23,23,0,0,1.0,0.0,0.0,23,1.0,0.0007926333018956018,0.011073768637715154,0.9881335980603889
2019-11-19,20,20,0,0,1.0,0.0,0.0,20,1.0,5.677022938484704e-05,0.00022902073914484925,0.9997142090314695
2019-11-20,24,24,0,0,1.0,0.0,0.0,24,1.0,0.0005862620071626676,0.00465329397465967,0.9947604440181772
2019-11-21,24,24,0,0,1.0,0.0,0.0,24,1.0,0.0012441101538824926,0.032990457633563196,0.9657654322125543
2019-11-22,17,17,0,0,1.0,0.0,0.0,17,1.0,0.0023211310776570485,0.010948646606604944,0.9867302223157361
2019-11-23,2,2,0,0,1.0,0.0,0.0,2,1.0,0.0028858162545506954,0.02269160442737797,0.9744225793180712
2019-11-24,10,10,0,0,1.0,0.0,0.0,10,1.0,1.3836894793144342e-05,4.907475895115424e-05,0.9999370883462568
2019-11-25,23,23,0,0,1.0,0.0,0.0,23,1.0,5.6655057051904385e-05,0.00042078781509890677,0.9995225571278483
2019-11-26,21,21,0,0,1.0,0.0,0.0,21,1.0,0.00012627690536854165,0.0018632652661818956,0.9980104578284503
2019-11-27,24,24,0,0,1.0,0.0,0.0,24,1.0,0.0006911690484242091,0.006688331691565314,0.9926204992600098
2019-11-28,4,3,0,1,0.75,0.0,0.25,3,0.75,0.004611503818950589,0.21476807158303646,0.7806204245980136
2019-11-29,6,6,0,0,1.0,0.0,0.0,6,1.0,0.003131370309762667,0.04635945734997151,0.9505091723402638
2019-11-30,6,6,0,0,1.0,0.0,0.0,6,1.0,0.0027649800860126694,0.04662950812267274,0.950605511791312
2019-12-01,5,5,0,0,1.0,0.0,0.0,5,1.0,0.02317267351803477,0.03400092276063241,0.9428264037213341
2019-12-02,21,21,0,0,1.0,0.0,0.0,21,1.0,0.0015510750889848538,0.02109366593461439,0.9773552589764017
2019-12-03,27,27,0,0,1.0,0.0,0.0,27,1.0,0.0013452424796680893,0.02347812050139215,0.9751766370189408
2019-12-04,25,25,0,0,1.0,0.0,0.0,25,1.0,0.0009043997311911088,0.028837062857991508,0.970258537410816
2019-12-05,17,17,0,0,1.0,0.0,0.0,17,1.0,0.0014026929738485121,0.009746012638404421,0.9888512943877449
2019-12-06,19,19,0,0,1.0,0.0,0.0,19,1.0,0.00126235978845224,0.031671973655025935,0.9670656665565222
2019-12-07,4,4,0,0,1.0,0.0,0.0,4,1.0,0.002860343280919836,0.0998263250432721,0.8973133316758127
2019-12-08,5,5,0,0,1.0,0.0,0.0,5,1.0,0.00016827559137080653,0.0028723272584609285,0.9969593971501706
2019-12-09,22,22,0,0,1.0,0.0,0.0,22,1.0,0.0017052815943034408,0.041918004610738406,0.9563767137949584
2019-12-10,13,13,0,0,1.0,0.0,0.0,13,1.0,0.0007162047884868278,0.008979128299139136,0.9903046669123755
2019-12-11,21,21,0,0,1.0,0.0,0.0,21,1.0,0.0005216557152651773,0.00990817332262675,0.9895701709621075
2019-12-12,22,22,0,0,1.0,0.0,0.0,22,1.0,0.0010550536561556533,0.034664861169314824,0.9642800851745291
2019-12-13,23,23,0,0,1.0,0.0,0.0,23,1.0,0.0019773538410648326,0.029226360978471734,0.9687962851804638
2019-12-14,2,2,0,0,1.0,0.0,0.0,2,1.0,3.439724816606227e-06,4.9335848716341646e-05,0.9999472244264624
2019-12-15,1,1,0,0,1.0,0.0,0.0,1,1.0,3.498597547923812e-07,1.9295414890483393e-06,0.9999977205987535
2019-12-16,16,16,0,0,1.0,0.0,0.0,16,1.0,8.75237482537281e-05,0.0012552846699080192,0.9986571915818394
2019-12-17,22,22,0,0,1.0,0.0,0.0,22,1.0,0.0004395865663617875,0.005714731722274314,0.9938456817113646
2019-12-18,14,14,0,0,1.0,0.0,0.0,14,1.0,0.000405390984109958,0.011964202787389938,0.9876304062285032
2019-12-19,21,21,0,0,1.0,0.0,0.0,21,1.0,0.00023923424645581418,0.004207569507122398,0.9955531962464215
2019-12-20,22,22,0,0,1.0,0.0,0.0,22,1.0,0.00026545024874684693,0.004034712284374369,0.995699837466879
2019-12-21,4,4,0,0,1.0,0.0,0.0,4,1.0,0.0005266992280835671,0.007059708370985124,0.9924135924009312
2019-12-22,3,3,0,0,1.0,0.0,0.0,3,1.0,1.253057133567254e-05,9.909448832510939e-05,0.9998883749403431
2019-12-23,18,18,0,0,1.0,0.0,0.0,18,1.0,0.00031369775927728974,0.0035104177234815837,0.9961758845172413
2019-12-24,8,8,0,0,1.0,0.0,0.0,8,1.0,6.318817645397848e-05,0.00047607927327689283,0.9994607325502695
2019-12-25,3,3,0,0,1.0,0.0,0.0,3,1.0,6.78218823787159e-05,0.0004248397175303107,0.9995073384000945
2019-12-26,19,19,0,0,1.0,0.0,0.0,19,1.0,0.00015068214779148474,0.0014009012981294345,0.9984484165540791
2019-12-27,15,15,0,0,1.0,0.0,0.0,15,1.0,0.0004319885533807224,0.015508234751817222,0.9840597766948027
2019-12-28,3,3,0,0,1.0,0.0,0.0,3,1.0,0.00030718298475135704,0.00390826243745849,0.9957845545777911
2019-12-29,3,3,0,0,1.0,0.0,0.0,3,1.0,6.943571237259706e-06,4.9635808714934803e-05,0.9999434206200554
2019-12-30,19,19,0,0,1.0,0.0,0.0,19,1.0,0.00013146843634819635,0.001333346639016979,0.9985351849246339
2019-12-31,13,13,0,0,1.0,0.0,0.0,13,1.0,0.0017749552300862464,0.006666319978390293,0.9915587247915246
2020-01-01,5,5,0,0,1.0,0.0,0.0,5,1.0,0.0006523026660447034,0.0016100684143349688,0.997737628919619
2020-01-02,25,25,0,0,1.0,0.0,0.0,25,1.0,0.0001838323645713586,0.004856261368442087,0.9949599062669866
2020-01-03,25,25,0,0,1.0,0.0,0.0,25,1.0,0.0003445534449452557,0.004115764737688171,0.9955396818173665
2020-01-04,1,1,0,0,1.0,0.0,0.0,1,1.0,0.0033367946532992247,0.0452210103735949,0.9514421949731058
2020-01-05,5,5,0,0,1.0,0.0,0.0,5,1.0,0.000604199953836165,0.00890996565848021,0.9904858343876846
2020-01-06,18,18,0,0,1.0,0.0,0.0,18,1.0,0.0005097722710396446,0.004259273809506236,0.9952309539194535
2020-01-07,10,10,0,0,1.0,0.0,0.0,10,1.0,1.1721328458179305e-05,6.780758621046394e-05,0.9999204710853326
2020-01-08,19,19,0,0,1.0,0.0,0.0,19,1.0,0.0002869063253608163,0.005952332487543044,0.9937607611870951
2020-01-09,20,20,0,0,1.0,0.0,0.0,20,1.0,0.00043091529494076574,0.005217238126304249,0.9943518465787553
2020-01-10,13,13,0,0,1.0,0.0,0.0,13,1.0,7.899009642626763e-05,0.0006465758601812458,0.9992744340433893
2020-01-11,3,3,0,0,1.0,0.0,0.0,3,1.0,0.004251129921508357,0.027361648876643673,0.9683872212018523
2020-01-12,5,5,0,0,1.0,0.0,0.0,5,1.0,0.002159997649364903,0.008753065502504601,0.9890869368481271
2020-01-13,15,15,0,0,1.0,0.0,0.0,15,1.0,0.0006171849020138626,0.007943841427496918,0.9914389736704873
2020-01-14,21,21,0,0,1.0,0.0,0.0,21,1.0,0.0004985512562298756,0.005717827736160865,0.9937836210076089
2020-01-15,24,24,0,0,1.0,0.0,0.0,24,1.0,0.00030978900835582285,0.0034500527946743236,0.996240158196971
2020-01-16,21,21,0,0,1.0,0.0,0.0,21,1.0,0.0005031240699829153,0.006550390243822933,0.992946485686194
2020-01-17,20,20,0,0,1.0,0.0,0.0,20,1.0,0.0004473710151170214,0.004431922788800481,0.9951207061960838
2020-01-18,6,6,0,0,1.0,0.0,0.0,6,1.0,0.00046515642186859755,0.004393744305151155,0.9951410992729821
2020-01-19,7,7,0,0,1.0,0.0,0.0,7,1.0,0.002433710584192905,0.020061513401080457,0.9775047760147296
2020-01-20,4,4,0,0,1.0,0.0,0.0,4,1.0,0.0015472043033077953,0.019826811215052708,0.9786259844816396
2020-01-21,23,23,0,0,1.0,0.0,0.0,23,1.0,0.0005085797756222833,0.0030695908245033346,0.9964218293998759
2020-01-22,20,20,0,0,1.0,0.0,0.0,20,1.0,0.0007272291864643472,0.006968319563586586,0.992304451249951
2020-01-23,22,22,0,0,1.0,0.0,0.0,22,1.0,0.0008903434220204311,0.0058039358486909306,0.9933057207292877
2020-01-24,27,27,0,0,1.0,0.0,0.0,27,1.0,0.0004661940937301545,0.008127473152425027,0.9914063327538449
2020-01-25,6,6,0,0,1.0,0.0,0.0,6,1.0,0.000589737656980653,0.005875115591909892,0.9935351467511078
2020-01-26,4,4,0,0,1.0,0.0,0.0,4,1.0,0.0007063063812906318,0.006981886060480695,0.9923118075582282
2020-01-27,13,13,0,0,1.0,0.0,0.0,13,1.0,0.0007209090587899634,0.013989692960054026,0.9852893979811573
2020-01-28,31,31,0,0,1.0,0.0,0.0,31,1.0,0.0009509865613711186,0.008239712792666382,0.9908093006459605
2020-01-29,43,43,0,0,1.0,0.0,0.0,43,1.0,0.0010480559998947369,0.007425165936134614,0.9915267780639713
2020-01-30,30,30,0,0,1.0,0.0,0.0,30,1.0,0.0017332188287515831,0.006428011124084991,0.9918387700471634
2020-01-31,18,18,0,0,1.0,0.0,0.0,18,1.0,0.00206779843374074,0.010515619506058314,0.987416582060199
2020-02-01,2,2,0,0,1.0,0.0,0.0,2,1.0,9.386831183290094e-06,6.907656125885066e-05,0.9999215366075529
2020-02-02,2,2,0,0,1.0,0.0,0.0,2,1.0,0.008806952347553432,0.016056794676092435,0.9751362529763478
2020-02-03,19,19,0,0,1.0,0.0,0.0,19,1.0,0.0012864666609796326,0.008563220644914849,0.9901503126941059
2020-02-04,20,20,0,0,1.0,0.0,0.0,20,1.0,0.0004465221255268674,0.004031846772138752,0.9955216311023334
2020-02-05,21,21,0,0,1.0,0.0,0.0,21,1.0,0.00026196314189269945,0.0023769378247661716,0.9973610990333404
2020-02-06,28,28,0,0,1.0,0.0,0.0,28,1.0,0.0013729674874909613,0.01276079067634088,0.9858662418361683
2020-02-07,19,19,0,0,1.0,0.0,0.0,19,1.0,0.0005759276923324392,0.009495235333528168,0.9899288369741402
2020-02-08,2,2,0,0,1.0,0.0,0.0,2,1.0,2.2266561019074966e-05,6.338933644644428e-05,0.9999143441025327
2020-02-09,7,7,0,0,1.0,0.0,0.0,7,1.0,0.0007353100418752891,0.006276346347042876,0.9929883436110819
2020-02-10,26,26,0,0,1.0,0.0,0.0,26,1.0,0.0012096116299537421,0.009247263042269006,0.9895431253277764
2020-02-11,27,27,0,0,1.0,0.0,0.0,27,1.0,0.0016695249294342352,0.0124163120130886,0.9859141630574757
2020-02-12,27,27,0,0,1.0,0.0,0.0,27,1.0,0.0013020406260716743,0.014284642692466484,0.98441331668146
2020-02-13,17,17,0,0,1.0,0.0,0.0,17,1.0,0.001005584081108396,0.0066887554984127575,0.9923056604204765
2020-02-14,18,18,0,0,1.0,0.0,0.0,18,1.0,0.0002893165080627447,0.002538685816327604,0.9971719976756083
2020-02-15,4,4,0,0,1.0,0.0,0.0,4,1.0,7.96857778521624e-06,2.4500546205985734e-05,0.9999675308760093
2020-02-16,3,3,0,0,1.0,0.0,0.0,3,1.0,3.3186982136446173e-06,2.2995968520475848e-05,0.9999736853332607
2020-02-17,10,10,0,0,1.0,0.0,0.0,10,1.0,0.001683464724737737,0.019454895305998025,0.9788616399692639
2020-02-18,46,46,0,0,1.0,0.0,0.0,46,1.0,0.000968257875495503,0.009440106212192285,0.9895916359123124
2020-02-19,23,23,0,0,1.0,0.0,0.0,23,1.0,0.0009949606949477697,0.009280557948383204,0.9897244813566684
2020-02-20,27,27,0,0,1.0,0.0,0.0,27,1.0,0.0008847496067379035,0.005962817632841449,0.9931524327604213
2020-02-21,15,15,0,0,1.0,0.0,0.0,15,1.0,0.0010545522309153214,0.0017885566271784526,0.9971568911419072
2020-02-22,4,4,0,0,1.0,0.0,0.0,4,1.0,1.4023249754734675e-05,6.144706803369938e-05,0.9999245296822119
2020-02-23,4,4,0,0,1.0,0.0,0.0,4,1.0,0.0002443345771999497,0.0046065998354329115,0.9951490655873707
2020-02-24,25,25,0,0,1.0,0.0,0.0,25,1.0,0.0021310365121796045,0.01220542127454888,0.9856635422132715
2020-02-25,21,21,0,0,1.0,0.0,0.0,21,1.0,0.0009463061985867367,0.007100760854234323,0.9919529329471777
2020-02-26,26,26,0,0,1.0,0.0,0.0,26,1.0,0.0007659468854653159,0.008732683676536967,0.9905013694379989
2020-02-27,26,26,0,0,1.0,0.0,0.0,26,1.0,0.0001273339676685899,0.001475517349954029,0.9983971486823773
2020-02-28,22,22,0,0,1.0,0.0,0.0,22,1.0,0.0003803030070101902,0.0034862030677597733,0.9961334939252293
2020-02-29,4,4,0,0,1.0,0.0,0.0,4,1.0,0.0009505560732198883,0.017930687557823854,0.9811187563689534
2020-03-01,7,7,0,0,1.0,0.0,0.0,7,1.0,0.013623538455651046,0.02236868195742767,0.9640077795869211
2020-03-02,17,17,0,0,1.0,0.0,0.0,17,1.0,0.0003110724293137875,0.004326879063257906,0.9953620485074268
2020-03-03,26,26,0,0,1.0,0.0,0.0,26,1.0,0.0004932812965343614,0.006845831852301235,0.9926608868511629
2020-03-04,17,17,0,0,1.0,0.0,0.0,17,1.0,0.0006296063833760159,0.007559521571529636,0.9918108720450954
2020-03-05,16,16,0,0,1.0,0.0,0.0,16,1.0,7.698294370544537e-05,0.000978024058201664,0.9989449929980956
2020-03-06,12,12,0,0,1.0,0.0,0.0,12,1.0,0.00018514790345958048,0.0010547215932300228,0.9987601305033094
2020-03-07,3,3,0,0,1.0,0.0,0.0,3,1.0,0.0011997622866683321,0.004749625381778671,0.9940506123315519
2020-03-08,4,4,0,0,1.0,0.0,0.0,4,1.0,4.911584434538835e-06,3.3982943986486284e-05,0.9999611054715757
2020-03-09,12,12,0,0,1.0,0.0,0.0,12,1.0,0.0005825038709273311,0.0038705393807862646,0.995546956748286
2020-03-10,20,20,0,0,1.0,0.0,0.0,20,1.0,0.001807358821240844,0.01637547223876814,0.9818171689399913
2020-03-11,26,26,0,0,1.0,0.0,0.0,26,1.0,0.00229696837148572,0.026430856001140625,0.9712721756273747
2020-03-12,15,15,0,0,1.0,0.0,0.0,15,1.0,0.0010693957479053155,0.010759178302943142,0.9881714259491508
2020-03-13,33,33,0,0,1.0,0.0,0.0,33,1.0,0.0017808564745456631,0.01593970153222074,0.9822794419932346
2020-03-14,6,6,0,0,1.0,0.0,0.0,6,1.0,0.001542468721736387,0.011455991924982834,0.9870015393532819
2020-03-15,10,10,0,0,1.0,0.0,0.0,10,1.0,0.0016115556081264608,0.014475395316557916,0.983913049075316
2020-03-16,24,24,0,0,1.0,0.0,0.0,24,1.0,0.0013936709420760932,0.01052189540584983,0.9880844336520728
2020-03-17,32,32,0,0,1.0,0.0,0.0,32,1.0,0.0017278488882220546,0.016883590606661558,0.9813885605051168
2020-03-18,20,20,0,0,1.0,0.0,0.0,20,1.0,0.0015563745712906382,0.028859019758195086,0.9695846056705142
2020-03-19,18,18,0,0,1.0,0.0,0.0,18,1.0,0.0006065494899658143,0.010955862011224395,0.9884375884988089
2020-03-20,18,18,0,0,1.0,0.0,0.0,18,1.0,0.00044900494818173503,0.004425190801527473,0.9951258042502898
2020-03-21,3,3,0,0,1.0,0.0,0.0,3,1.0,0.0007109820188336853,0.005665036972202507,0.9936239810089615
2020-03-22,5,5,0,0,1.0,0.0,0.0,5,1.0,8.892571028799114e-06,3.312649556153084e-05,0.9999579809334118
2020-03-23,14,14,0,0,1.0,0.0,0.0,14,1.0,0.0022483185297181847,0.017783915245101267,0.9799677662251798
2020-03-24,26,26,0,0,1.0,0.0,0.0,26,1.0,0.0016304300501120536,0.01340624957483779,0.9849633203750506
2020-03-25,27,27,0,0,1.0,0.0,0.0,27,1.0,0.0012145281877590452,0.0180553550355919,0.9807301167766489
2020-03-26,25,25,0,0,1.0,0.0,0.0,25,1.0,0.0001216397460831059,0.00211069446248269,0.9977676657914358
2020-03-27,22,22,0,0,1.0,0.0,0.0,22,1.0,0.0020354010891120897,0.02381990612462109,0.9741446927862668
2020-03-28,5,5,0,0,1.0,0.0,0.0,5,1.0,0.0012584091961374715,0.007323980658801481,0.99141761014506
2020-03-29,7,7,0,0,1.0,0.0,0.0,7,1.0,0.002153375656269728,0.027359779499284812,0.9704868448444455
2020-03-30,13,13,0,0,1.0,0.0,0.0,13,1.0,0.001426240708225031,0.023026125773403426,0.9755476335183728
2020-03-31,12,12,0,0,1.0,0.0,0.0,12,1.0,0.0029743523854449776,0.025063304416098418,0.9719623431984564
2020-04-01,19,19,0,0,1.0,0.0,0.0,19,1.0,0.000860029641448201,0.005880484020203544,0.9932594863383485
2020-04-02,23,23,0,0,1.0,0.0,0.0,23,1.0,0.0006009940554164433,0.005286016074193226,0.994112989870389
2020-04-03,22,22,0,0,1.0,0.0,0.0,22,1.0,0.0012310799687829123,0.01199566602512887,0.9867732540060886
2020-04-04,3,3,0,0,1.0,0.0,0.0,3,1.0,0.004544780589087535,0.01805423931172649,0.9774009800991875
2020-04-05,5,5,0,0,1.0,0.0,0.0,5,1.0,0.0005100872407006862,0.0035503422358964024,0.9959395705234024
2020-04-06,17,17,0,0,1.0,0.0,0.0,17,1.0,0.0027937539468617352,0.020426772965817824,0.9767794730873218
2020-04-07,16,16,0,0,1.0,0.0,0.0,16,1.0,0.0005461714872534448,0.00586712911075678,0.993586699401989
2020-04-08,28,28,0,0,1.0,0.0,0.0,28,1.0,0.002957209335788953,0.018303059887249673,0.978739730776962
2020-04-09,31,31,0,0,1.0,0.0,0.0,31,1.0,0.0010226236074597622,0.010000436260119911,0.9889769401324211
2020-04-10,3,3,0,0,1.0,0.0,0.0,3,1.0,0.0003684280204450552,0.006176479140504019,0.9934550928390543
2020-04-11,2,2,0,0,1.0,0.0,0.0,2,1.0,0.0013982008156076988,0.024505533808662498,0.9740962653757324
2020-04-12,6,6,0,0,1.0,0.0,0.0,6,1.0,0.00028150784988334026,0.004125921200401701,0.995592570949715
2020-04-13,17,17,0,0,1.0,0.0,0.0,17,1.0,0.0025595482594474124,0.02578730477816551,0.9716531469623879
2020-04-14,33,33,0,0,1.0,0.0,0.0,33,1.0,0.0008855744381981916,0.00911535463789171,0.9899990709239107
2020-04-15,32,32,0,0,1.0,0.0,0.0,32,1.0,0.0010863884010874792,0.009553510374577672,0.9893601012243356
2020-04-16,28,28,0,0,1.0,0.0,0.0,28,1.0,0.0026858763128842665,0.022586179127034374,0.9747279445600816
2020-04-17,33,33,0,0,1.0,0.0,0.0,33,1.0,0.001863955108595837,0.013942838365831638,0.9841932065255729
2020-04-18,7,7,0,0,1.0,0.0,0.0,7,1.0,0.000359592149905245,0.0029849480167884117,0.9966554598333047
2020-04-19,5,5,0,0,1.0,0.0,0.0,5,1.0,0.0005465154688560658,0.006417455112136389,0.9930360294190074
2020-04-20,18,18,0,0,1.0,0.0,0.0,18,1.0,0.00040055821102912004,0.00641121443299955,0.9931882273559702
2020-04-21,16,16,0,0,1.0,0.0,0.0,16,1.0,0.0015376594108486466,0.015772222788698623,0.982690117800452
2020-04-22,23,23,0,0,1.0,0.0,0.0,23,1.0,0.001189433956572356,0.009749053241296641,0.9890615128021317
2020-04-23,23,23,0,0,1.0,0.0,0.0,23,1.0,0.0008638534322386723,0.011197646954045362,0.9879384996137175
2020-04-24,17,17,0,0,1.0,0.0,0.0,17,1.0,0.002836481009148523,0.0363749652068436,0.9607885537840074
2020-04-25,3,3,0,0,1.0,0.0,0.0,3,1.0,0.00029576765599822536,0.005332774113808423,0.9943714582301895
2020-04-26,9,9,0,0,1.0,0.0,0.0,9,1.0,0.00017671010208798383,0.0023755365167275116,0.9974477533811865
2020-04-27,44,44,0,0,1.0,0.0,0.0,44,1.0,0.0017697057091878678,0.017714244205176245,0.9805160500856354
2020-04-28,24,24,0,0,1.0,0.0,0.0,24,1.0,0.00015790985683887578,0.0018644055454365637,0.9979776845977248
2020-04-29,34,34,0,0,1.0,0.0,0.0,34,1.0,0.002397957002490706,0.00831734563916251,0.9892846973583479
2020-04-30,68,68,0,0,1.0,0.0,0.0,68,1.0,0.0016555411299943746,0.01705427028360415,0.9812901885864015
2020-05-01,64,64,0,0,1.0,0.0,0.0,64,1.0,0.0029182681478132234,0.04023692539268982,0.9568448064594974
2020-05-02,3,3,0,0,1.0,0.0,0.0,3,1.0,0.00025809990737863346,0.002758425893069122,0.9969834741995487
2020-05-03,11,11,0,0,1.0,0.0,0.0,11,1.0,0.013599252162618654,0.01665367906341731,0.9697470687739621
2020-05-04,35,35,0,0,1.0,0.0,0.0,35,1.0,0.0013164145729371377,0.019777313005671794,0.9789062724213902
2020-05-05,27,27,0,0,1.0,0.0,0.0,27,1.0,0.0014990890927213086,0.014883607259653207,0.9836173036476259
2020-05-06,26,26,0,0,1.0,0.0,0.0,26,1.0,0.0008570723274114345,0.009248123068728452,0.9898948046038605
2020-05-07,17,17,0,0,1.0,0.0,0.0,17,1.0,0.001210591855767907,0.007000524437933788,0.9917888837062975
2020-05-08,30,30,0,0,1.0,0.0,0.0,30,1.0,0.0028071678952294667,0.020466547296063252,0.9767262848087077
2020-05-09,3,3,0,0,1.0,0.0,0.0,3,1.0,0.00694124823482365,0.024256445484133245,0.9688023062810417
2020-05-10,3,3,0,0,1.0,0.0,0.0,3,1.0,4.9202861044955965e-05,0.000625738556091423,0.999325058582862
2020-05-11,22,22,0,0,1.0,0.0,0.0,22,1.0,0.0008463519486344763,0.013548857455265557,0.9856047905960998
2020-05-12,29,29,0,0,1.0,0.0,0.0,29,1.0,0.0038971519746295825,0.026463974621531057,0.9696388734038408
2020-05-13,23,23,0,0,1.0,0.0,0.0,23,1.0,0.0016528319206766061,0.014172026278185066,0.9841751418011392
2020-05-14,21,21,0,0,1.0,0.0,0.0,21,1.0,0.001572607713364691,0.014161749416699352,0.9842656428699367
2020-05-15,41,41,0,0,1.0,0.0,0.0,41,1.0,0.001334578527738556,0.01235310346896169,0.9863123180032994
2020-05-16,2,2,0,0,1.0,0.0,0.0,2,1.0,0.001208606518250868,0.019853691839850272,0.978937701641899
2020-05-17,7,7,0,0,1.0,0.0,0.0,7,1.0,0.0011703957163373187,0.012850066305504029,0.9859795379781581
2020-05-18,18,18,0,0,1.0,0.0,0.0,18,1.0,0.0001900865812641536,0.0032076477463215303,0.9966022656724136
2020-05-19,21,21,0,0,1.0,0.0,0.0,21,1.0,0.0005393835119208266,0.0058938237745831306,0.9935667927134947
2020-05-20,18,18,0,0,1.0,0.0,0.0,18,1.0,0.0015435786173270442,0.008539166877456046,0.9899172545052165
2020-05-21,15,15,0,0,1.0,0.0,0.0,15,1.0,0.004519123104796782,0.020538223788449234,0.9749426531067531
2020-05-22,8,8,0,0,1.0,0.0,0.0,8,1.0,0.0002747938383925881,0.0017872229610422852,0.997937983200565
2020-05-23,4,4,0,0,1.0,0.0,0.0,4,1.0,4.825634097360035e-05,0.00014921484779187232,0.9998025288112323
2020-05-24,3,3,0,0,1.0,0.0,0.0,3,1.0,1.220645891234624e-05,4.8073544450735423e-05,0.9999397199966381
2020-05-25,3,3,0,0,1.0,0.0,0.0,3,1.0,0.003710595139801151,0.008476357446241239,0.9878130474139569
2020-05-26,14,14,0,0,1.0,0.0,0.0,14,1.0,0.0004652204614618732,0.004596298742578374,0.9949384807959613
2020-05-27,27,27,0,0,1.0,0.0,0.0,27,1.0,0.0033798123254709417,0.03603136874474055,0.9605888189297899
2020-05-28,24,24,0,0,1.0,0.0,0.0,24,1.0,0.0017876551561746851,0.020421147161786214,0.9777911976820391
2020-05-29,13,13,0,0,1.0,0.0,0.0,13,1.0,0.0015576404527404691,0.01180797023796083,0.9866343893092979
2020-05-30,8,8,0,0,1.0,0.0,0.0,8,1.0,0.004687378965394865,0.023413109174486108,0.9718995118601168
2020-05-31,10,10,0,0,1.0,0.0,0.0,10,1.0,0.0073734899249203335,0.021276434076187074,0.971350075998892
2020-06-01,22,22,0,0,1.0,0.0,0.0,22,1.0,0.0019930717498270263,0.011260647195523303,0.9867462810546498
2020-06-02,29,29,0,0,1.0,0.0,0.0,29,1.0,0.0015444515769937276,0.011053668359240541,0.9874018800637654
2020-06-03,17,17,0,0,1.0,0.0,0.0,17,1.0,5.818504270360656e-05,0.0006322569022210983,0.9993095580550765
2020-06-04,6,6,0,0,1.0,0.0,0.0,6,1.0,7.007033138541081e-06,0.00021550029723131634,0.9997774926696299
2020-06-05,6,6,0,0,1.0,0.0,0.0,6,1.0,0.00013971939265485447,0.003382133826112717,0.9964781467812346
2020-06-06,3,3,0,0,1.0,0.0,0.0,3,1.0,3.0401562089006934e-06,3.24058852154401e-05,0.9999645539585765
2020-06-08,11,11,0,0,1.0,0.0,0.0,11,1.0,0.00020014460298348226,0.001784328127809497,0.9980155272692034
2020-06-09,23,23,0,0,1.0,0.0,0.0,23,1.0,0.0015018609796372553,0.0095208548329637,0.988977284187399
2020-06-10,27,27,0,0,1.0,0.0,0.0,27,1.0,0.0003822980330120208,0.009761586613176507,0.989856115353812
2020-06-11,13,13,0,0,1.0,0.0,0.0,13,1.0,0.00040202771369236666,0.0071005710526137605,0.9924974012336931
2020-06-12,9,9,0,0,1.0,0.0,0.0,9,1.0,0.00027925084895688725,0.000956710208690178,0.9987640389423527
2020-06-13,1,1,0,0,1.0,0.0,0.0,1,1.0,1.1441971821069326e-05,6.327715560689445e-05,0.9999252808725786
2020-06-14,2,2,0,0,1.0,0.0,0.0,2,1.0,2.466122705044231e-05,5.944135811726463e-05,0.999915897414829
2020-06-15,11,11,0,0,1.0,0.0,0.0,11,1.0,0.00010919773987934778,0.0018598843646806572,0.9980309178954393
2020-06-16,9,9,0,0,1.0,0.0,0.0,9,1.0,0.00020640938621529906,0.006077169794370506,0.9937164208194128
2020-06-17,9,9,0,0,1.0,0.0,0.0,9,1.0,2.787082605618943e-05,0.000499542123511238,0.9994725870504292
2020-06-18,8,8,0,0,1.0,0.0,0.0,8,1.0,0.00023197236961348846,0.001789184622644088,0.9979788430077421
2020-06-19,17,17,0,0,1.0,0.0,0.0,17,1.0,1.637539860692017e-05,0.00020386200644296004,0.9997797625949507
2020-06-20,4,4,0,0,1.0,0.0,0.0,4,1.0,1.8487148180450374e-05,9.435561855321547e-05,0.9998871572332667
2020-06-21,2,2,0,0,1.0,0.0,0.0,2,1.0,1.9999038581698193e-05,0.00048645547312816133,0.9994935454882932
2020-06-22,23,23,0,0,1.0,0.0,0.0,23,1.0,4.275885743844939e-05,0.0015108306387172363,0.9984464105038459
2020-06-23,27,27,0,0,1.0,0.0,0.0,27,1.0,0.0001210040659212018,0.0019189060520887291,0.9979600898819897
2020-06-24,15,15,0,0,1.0,0.0,0.0,15,1.0,6.691985460669173e-05,0.0009503736249793804,0.9989827065204118
2020-06-25,13,13,0,0,1.0,0.0,0.0,13,1.0,6.980048522507574e-05,0.0006884854234592327,0.9992417140913153
2020-06-26,8,8,0,0,1.0,0.0,0.0,8,1.0,9.67742142121919e-05,0.00044141970129064705,0.9994618060844953
2020-06-28,3,3,0,0,1.0,0.0,0.0,3,1.0,3.8669597246588115e-05,0.00044820626572004643,0.999513124137038
2020-06-29,12,12,0,0,1.0,0.0,0.0,12,1.0,3.733371161298648e-05,0.0006240311056514414,0.9993386351827364
2020-06-30,22,22,0,0,1.0,0.0,0.0,22,1.0,0.00010431363086329241,0.0018182554755949974,0.9980774308935427
2020-07-01,16,16,0,0,1.0,0.0,0.0,16,1.0,0.00019166993995640817,0.0023280244884705545,0.9974803055715726
2020-07-02,18,18,0,0,1.0,0.0,0.0,18,1.0,0.00012559167325860486,0.0008706706888443436,0.9990037376378937
2020-07-03,3,3,0,0,1.0,0.0,0.0,3,1.0,1.7836538953893325e-05,0.00019358909455401897,0.9997885743664904
2020-07-04,2,2,0,0,1.0,0.0,0.0,2,1.0,7.01832715123055e-07,3.3262632072795766e-06,0.9999959719040644
2020-07-05,6,6,0,0,1.0,0.0,0.0,6,1.0,8.643543719112585e-06,0.00011180258711928275,0.999879553869166
2020-07-06,15,15,0,0,1.0,0.0,0.0,15,1.0,0.00010488560989052648,0.0006502227341362287,0.9992448916559714
2020-07-07,15,15,0,0,1.0,0.0,0.0,15,1.0,0.0001274096209469916,0.0010993101932447742,0.9987732801858117
2020-07-08,16,16,0,0,1.0,0.0,0.0,16,1.0,0.00010540771898727373,0.0008971807478739154,0.998997411533137
2020-07-09,16,16,0,0,1.0,0.0,0.0,16,1.0,6.786780679411317e-05,0.0009283717834492335,0.9990037604097579
2020-07-10,15,15,0,0,1.0,0.0,0.0,15,1.0,8.758237507762735e-05,0.0017128152965858253,0.998199602328336
2020-07-11,4,4,0,0,1.0,0.0,0.0,4,1.0,5.4031017594079075e-06,4.894106754916062e-05,0.9999456558306851
2020-07-12,3,3,0,0,1.0,0.0,0.0,3,1.0,2.061980152516721e-06,2.116082850380894e-05,0.9999767771913411
2020-07-13,11,11,0,0,1.0,0.0,0.0,11,1.0,1.6660528637992284e-05,0.00019823472759128728,0.9997851047437688
2020-07-14,18,18,0,0,1.0,0.0,0.0,18,1.0,5.603964911399965e-05,0.0006486702514093506,0.9992952900994747
2020-07-15,23,23,0,0,1.0,0.0,0.0,23,1.0,8.671198806417313e-05,0.0009979095844238456,0.9989153784275103
2020-07-16,14,14,0,0,1.0,0.0,0.0,14,1.0,0.0002439919665097304,0.0012199340805096582,0.9985360739529822
2020-07-17,10,10,0,0,1.0,0.0,0.0,10,1.0,3.074793171729168e-05,0.00013124980912002868,0.9998380022591611
2020-07-18,4,4,0,0,1.0,0.0,0.0,4,1.0,3.9500740365695113e-05,0.000843500373468151,0.9991169988861665
2020-07-19,2,2,0,0,1.0,0.0,0.0,2,1.0,4.772887592671619e-06,1.5988337321837797e-05,0.9999792387750847
2020-07-20,9,9,0,0,1.0,0.0,0.0,9,1.0,1.8456919822584417e-05,0.00016269657772522399,0.9998188465024529
2020-07-21,10,10,0,0,1.0,0.0,0.0,10,1.0,9.139991284675624e-05,0.0005599078135171345,0.9993486922736345
2020-07-22,10,10,0,0,1.0,0.0,0.0,10,1.0,5.636427237536372e-05,0.00018863927815974404,0.9997549964494669
2020-07-23,22,22,0,0,1.0,0.0,0.0,22,1.0,4.1657438130936775e-05,0.00033399602826494256,0.999624346533605
2020-07-24,19,19,0,0,1.0,0.0,0.0,19,1.0,0.006567533424289273,0.0069065353165957575,0.9865259312591149
2020-07-25,2,2,0,0,1.0,0.0,0.0,2,1.0,4.816998731685253e-05,0.00010789564177786845,0.9998439343709029
2020-07-26,6,6,0,0,1.0,0.0,0.0,6,1.0,8.783575654111505e-06,3.2837552444559815e-05,0.9999583788719026
2020-07-27,24,24,0,0,1.0,0.0,0.0,24,1.0,7.517489786226831e-05,0.0009090281161023839,0.9990157969860362
2020-07-28,24,24,0,0,1.0,0.0,0.0,24,1.0,0.00016624332117596844,0.0015163683341111404,0.9983173883447128
2020-07-29,25,25,0,0,1.0,0.0,0.0,25,1.0,5.3671371878308375e-05,0.0004490543759371635,0.9994972742521836
2020-07-30,37,37,0,0,1.0,0.0,0.0,37,1.0,9.732101936567645e-05,0.00048109718660191387,0.9994215817940321
2020-07-31,40,40,0,0,1.0,0.0,0.0,40,1.0,4.360742568600745e-05,0.0006495011980388902,0.9993068913762742
2020-08-01,2,2,0,0,1.0,0.0,0.0,2,1.0,2.4680507443797813e-07,1.910180817220987e-06,0.9999978430141134
2020-08-02,6,6,0,0,1.0,0.0,0.0,6,1.0,0.0029680308790738363,0.00548145307717534,0.9915505160437483
2020-08-03,26,26,0,0,1.0,0.0,0.0,26,1.0,5.350814491295475e-05,0.00048764288274545577,0.9994588489723402
2020-08-04,22,22,0,0,1.0,0.0,0.0,22,1.0,5.908675224616761e-05,0.0005512382826472001,0.9993896749651064
2020-08-05,25,25,0,0,1.0,0.0,0.0,25,1.0,0.0001764429962346414,0.0011801286690422258,0.9986434283347237
2020-08-06,17,17,0,0,1.0,0.0,0.0,17,1.0,0.0002068354611901824,0.0004599957149108209,0.9993331688238966
2020-08-07,24,24,0,0,1.0,0.0,0.0,24,1.0,0.00011754727545236502,0.000570318104666745,0.9993121346198809
2020-08-08,1,1,0,0,1.0,0.0,0.0,1,1.0,3.813783443780781e-05,0.0001796129242631179,0.9997822492412929
2020-08-09,1,1,0,0,1.0,0.0,0.0,1,1.0,1.404590380851388e-06,7.727005387898477e-06,0.9999908684042382
2020-08-10,14,14,0,0,1.0,0.0,0.0,14,1.0,3.702208040444495e-05,0.00017515822623997228,0.9997878196933543
2020-08-11,15,15,0,0,1.0,0.0,0.0,15,1.0,0.00013052261636860586,0.001666085372002066,0.9982033920116314
2020-08-12,14,14,0,0,1.0,0.0,0.0,14,1.0,4.567381498071708e-05,0.0006223991596521091,0.9993319270253647
2020-08-13,27,27,0,0,1.0,0.0,0.0,27,1.0,5.573214628339281e-05,0.0010827306792460323,0.9988615371744713
2020-08-14,25,25,0,0,1.0,0.0,0.0,25,1.0,0.0002085072786384801,0.002515609553601798,0.9972758831677578
2020-08-15,3,3,0,0,1.0,0.0,0.0,3,1.0,7.016972387543741e-05,0.0009060079054125325,0.9990238223707131
2020-08-16,3,3,0,0,1.0,0.0,0.0,3,1.0,2.2847204547815463e-05,8.06011404956529e-05,0.9998965516549544
2020-08-17,9,9,0,0,1.0,0.0,0.0,9,1.0,0.00031389043489202294,0.0027951917891474057,0.9968909177759614
2020-08-18,25,25,0,0,1.0,0.0,0.0,25,1.0,9.803614788219014e-05,0.0007047708227080158,0.9991971930294102
2020-08-19,13,13,0,0,1.0,0.0,0.0,13,1.0,4.4436518921722276e-05,0.0005248250734030236,0.9994307384076746
2020-08-20,16,16,0,0,1.0,0.0,0.0,16,1.0,1.2341094293523703e-05,0.00013388831966017342,0.999853770586046
2020-08-21,23,23,0,0,1.0,0.0,0.0,23,1.0,2.004713537691782e-05,0.0002499411949442259,0.9997300116696807
2020-08-22,2,2,0,0,1.0,0.0,0.0,2,1.0,1.3575688478662591e-05,4.249850622483899e-05,0.9999439258052967
2020-08-23,5,5,0,0,1.0,0.0,0.0,5,1.0,9.05315945746955e-06,2.023014298080805e-05,0.9999707166975653
2020-08-24,28,28,0,0,1.0,0.0,0.0,28,1.0,0.0001820866587524449,0.0016132081644787204,0.9982047051767685
2020-08-25,30,30,0,0,1.0,0.0,0.0,30,1.0,3.691800099875423e-05,0.0008223182616437525,0.9991407637373572
2020-08-26,33,33,0,0,1.0,0.0,0.0,33,1.0,0.00011557419001609187,0.0010512068732424263,0.9988332189367414
2020-08-27,14,14,0,0,1.0,0.0,0.0,14,1.0,5.7273657474451075e-05,0.00041463232202075507,0.999528094020506
2020-08-28,11,11,0,0,1.0,0.0,0.0,11,1.0,1.8031589223637127e-05,0.00015734188145479885,0.99982462652932
2020-08-29,2,2,0,0,1.0,0.0,0.0,2,1.0,9.63659135924542e-07,3.2655737218676713e-06,0.9999957707671403
2020-08-30,3,3,0,0,1.0,0.0,0.0,3,1.0,1.1016420198631808e-05,7.054675862755552e-05,0.9999184368211762
2020-08-31,21,21,0,0,1.0,0.0,0.0,21,1.0,1.4421073203921653e-05,0.0003314779898048173,0.9996541009369928
2020-09-01,31,31,0,0,1.0,0.0,0.0,31,1.0,5.31520421633868e-05,0.0010054461983217708,0.9989414017595155
2020-09-02,28,28,0,0,1.0,0.0,0.0,28,1.0,4.438194302023792e-05,0.0006602761815103592,0.999295341875469
2020-09-03,19,19,0,0,1.0,0.0,0.0,19,1.0,3.239122843431131e-05,0.0005992736142577644,0.9993683351573074
2020-09-04,19,19,0,0,1.0,0.0,0.0,19,1.0,1.794373429342971e-05,0.0003957734775455455,0.9995862827881616
2020-09-05,4,4,0,0,1.0,0.0,0.0,4,1.0,1.1019334759012976e-05,4.979010453555631e-05,0.9999391905607075
2020-09-06,2,2,0,0,1.0,0.0,0.0,2,1.0,2.539757475425616e-06,1.3260689430373678e-05,0.99998419955309
2020-09-07,4,4,0,0,1.0,0.0,0.0,4,1.0,0.0005582155802207377,0.007246362959900147,0.9921954214598778
2020-09-08,26,26,0,0,1.0,0.0,0.0,26,1.0,7.327428113734797e-05,0.0007369685280149728,0.9991897571908473
2020-09-09,19,19,0,0,1.0,0.0,0.0,19,1.0,2.069368505040266e-05,9.350608817674044e-05,0.9998858002267738
2020-09-10,14,14,0,0,1.0,0.0,0.0,14,1.0,1.4636281246277276e-05,0.00013910557507971618,0.9998462581436743
2020-09-11,30,30,0,0,1.0,0.0,0.0,30,1.0,5.6993424480835215e-05,0.0005740932817401168,0.9993689132937782
2020-09-12,1,1,0,0,1.0,0.0,0.0,1,1.0,8.549612303519831e-06,3.05032931824221e-05,0.9999609470945091
2020-09-13,4,4,0,0,1.0,0.0,0.0,4,1.0,0.0001437379519078046,0.0017728738615158137,0.9980833881865752
2020-09-14,16,16,0,0,1.0,0.0,0.0,16,1.0,8.818960332919907e-05,0.0016799061159705675,0.9982319042807004
2020-09-15,18,18,0,0,1.0,0.0,0.0,18,1.0,3.863554842222647e-05,0.0006218418216098028,0.9993395226299676
2020-09-16,32,32,0,0,1.0,0.0,0.0,32,1.0,3.4800774361077416e-05,0.0006751464630309678,0.9992900527626078
2020-09-17,20,20,0,0,1.0,0.0,0.0,20,1.0,0.00011412505635400411,0.001250590666750357,0.9986352842768946
2020-09-18,25,25,0,0,1.0,0.0,0.0,25,1.0,6.838090108268902e-05,0.000949249855719647,0.998982369243199
2020-09-19,2,2,0,0,1.0,0.0,0.0,2,1.0,0.0003121476358457797,0.00305100736304281,0.9966368450011074
2020-09-20,5,5,0,0,1.0,0.0,0.0,5,1.0,0.0005622429317471988,0.003870943347962871,0.9955668137202925
2020-09-21,12,12,0,0,1.0,0.0,0.0,12,1.0,4.247180176816711e-05,0.00031815975492694007,0.9996393684433064
2020-09-22,22,22,0,0,1.0,0.0,0.0,22,1.0,2.4675469009847137e-05,0.00038231944622464843,0.999593005084765
2020-09-23,21,21,0,0,1.0,0.0,0.0,21,1.0,0.00012164644840554727,0.0007757845497454032,0.9991025690018486
2020-09-24,29,29,0,0,1.0,0.0,0.0,29,1.0,0.00010692445941922792,0.0014072596735813293,0.9984858158670001
2020-09-25,22,22,0,0,1.0,0.0,0.0,22,1.0,0.00012485655777005628,0.0008607177473437856,0.9990144256948859
2020-09-26,2,2,0,0,1.0,0.0,0.0,2,1.0,6.168038403085185e-07,3.797981852327829e-06,0.9999955852142991
2020-09-27,7,7,0,0,1.0,0.0,0.0,7,1.0,0.0005157244640849611,0.0027374723445132655,0.9967468031913984
2020-09-28,21,21,0,0,1.0,0.0,0.0,21,1.0,2.7859367097573926e-05,0.00039875094283610256,0.9995733896900676
2020-09-29,17,17,0,0,1.0,0.0,0.0,17,1.0,0.00023169311692646845,0.001279177782203488,0.9984891291008692
2020-09-30,22,22,0,0,1.0,0.0,0.0,22,1.0,3.0115912602546076e-05,0.0002114040458691038,0.999758480041526
2020-10-01,21,21,0,0,1.0,0.0,0.0,21,1.0,1.8814459294746553e-05,0.0002493360634678625,0.9997318494772351
2020-10-02,14,14,0,0,1.0,0.0,0.0,14,1.0,0.00015808029371441656,0.0009834291792938795,0.9988584905269917
2020-10-03,1,1,0,0,1.0,0.0,0.0,1,1.0,5.456482626083158e-05,0.00016516923575788533,0.9997802659379854
2020-10-04,6,6,0,0,1.0,0.0,0.0,6,1.0,0.0008881117768191551,0.0017648401823501059,0.9973470480408282
2020-10-05,14,14,0,0,1.0,0.0,0.0,14,1.0,2.229999888104467e-05,0.0002042824182229368,0.9997734175828973
2020-10-06,20,20,0,0,1.0,0.0,0.0,20,1.0,0.0001142001084329397,0.0010994053500313745,0.998786394541536
2020-10-07,12,12,0,0,1.0,0.0,0.0,12,1.0,0.00014004962423444986,0.0017816281458699916,0.9980783222298966
2020-10-08,14,14,0,0,1.0,0.0,0.0,14,1.0,0.0003008074557112749,0.0056575225077416655,0.9940416700365488
2020-10-09,19,19,0,0,1.0,0.0,0.0,19,1.0,1.666794955498582e-05,0.00013800395265797284,0.9998453280977856
2020-10-10,5,5,0,0,1.0,0.0,0.0,5,1.0,8.326755464760734e-06,2.3931051142842777e-05,0.9999677421933917
2020-10-11,1,1,0,0,1.0,0.0,0.0,1,1.0,5.977229867135143e-05,0.00010190494768739087,0.9998383227536346
2020-10-12,24,24,0,0,1.0,0.0,0.0,24,1.0,9.408876345980064e-05,0.0014004343455671876,0.9985054768909717
2020-10-13,26,26,0,0,1.0,0.0,0.0,26,1.0,5.6902945249504366e-05,0.001548511617819846,0.9983945854369298
2020-10-14,24,24,0,0,1.0,0.0,0.0,24,1.0,7.212682388377507e-05,0.0007569186072869928,0.9991709545688284
2020-10-15,18,18,0,0,1.0,0.0,0.0,18,1.0,3.7654175449512505e-05,0.0005976034741290814,0.999364742350423
2020-10-16,15,15,0,0,1.0,0.0,0.0,15,1.0,2.7447877887337047e-05,0.00015646097264120724,0.9998160911494711
2020-10-17,4,4,0,0,1.0,0.0,0.0,4,1.0,1.922989484943752e-05,5.9298718920194386e-05,0.9999214713862262
2020-10-18,6,6,0,0,1.0,0.0,0.0,6,1.0,2.4887206553220038e-05,0.00021902914901068753,0.9997560836444347
2020-10-19,15,15,0,0,1.0,0.0,0.0,15,1.0,1.4905986303309497e-05,0.00011231989246854796,0.9998727741212284
2020-10-20,7,7,0,0,1.0,0.0,0.0,7,1.0,7.526822580775363e-06,6.875099115621466e-05,0.9999237221862651
2020-10-21,20,20,0,0,1.0,0.0,0.0,20,1.0,0.00028319066596887586,0.0012782358864991995,0.998438573447532
2020-10-22,15,15,0,0,1.0,0.0,0.0,15,1.0,4.840123994485368e-05,0.00018582564654178862,0.9997657731135118
2020-10-23,17,17,0,0,1.0,0.0,0.0,17,1.0,5.7951206122144683e-05,0.0003388750523074447,0.9996031737415675
2020-10-24,5,5,0,0,1.0,0.0,0.0,5,1.0,3.36737022207103e-06,1.710166736304634e-05,0.9999795309624142
2020-10-25,6,6,0,0,1.0,0.0,0.0,6,1.0,0.00026060365072902685,0.0020213507113893974,0.9977180456378812
2020-10-26,24,24,0,0,1.0,0.0,0.0,24,1.0,7.51779770995935e-05,0.0010196309152162282,0.9989051911076863
2020-10-27,20,20,0,0,1.0,0.0,0.0,20,1.0,1.0827139753905795e-05,0.00014752822506065082,0.9998416446351855
2020-10-28,24,24,0,0,1.0,0.0,0.0,24,1.0,9.48054630159352e-05,0.0007033566158643834,0.9992018379211182
2020-10-29,27,27,0,0,1.0,0.0,0.0,27,1.0,2.9056246268582124e-05,0.000222373933589661,0.999748569820141
2020-10-30,29,29,0,0,1.0,0.0,0.0,29,1.0,0.0001023273213493526,0.0009955918333172018,0.9989020808453365
2020-10-31,4,4,0,0,1.0,0.0,0.0,4,1.0,3.9797219300636345e-05,0.00023851021675240405,0.9997216925639414
2020-11-01,6,6,0,0,1.0,0.0,0.0,6,1.0,0.018167521056690734,0.0208096756720462,0.9610228032712603
2020-11-02,19,19,0,0,1.0,0.0,0.0,19,1.0,7.307122729491354e-05,0.0006910994374413594,0.9992358293352651
2020-11-03,15,15,0,0,1.0,0.0,0.0,15,1.0,4.375278197224678e-05,0.000929274494851138,0.9990269727231805
2020-11-04,34,34,0,0,1.0,0.0,0.0,34,1.0,0.0001897563187783336,0.0013664370785010976,0.9984438066027203
2020-11-05,24,24,0,0,1.0,0.0,0.0,24,1.0,0.0001258194951658667,0.00044883983322281635,0.9994253406716105
2020-11-06,21,21,0,0,1.0,0.0,0.0,21,1.0,7.701751091682434e-05,0.0007501962813544458,0.9991727862077281
2020-11-07,5,5,0,0,1.0,0.0,0.0,5,1.0,4.714924306831115e-05,0.0002236654643704114,0.9997291852925608
2020-11-08,3,3,0,0,1.0,0.0,0.0,3,1.0,2.460664212974231e-05,0.00013986527715831494,0.9998355280807049
2020-11-09,15,15,0,0,1.0,0.0,0.0,15,1.0,3.26044385391689e-05,0.0007706382219351646,0.9991967573395278
2020-11-10,28,28,0,0,1.0,0.0,0.0,28,1.0,7.496963440074367e-05,0.0019804767850979273,0.9979445535805028
2020-11-11,29,29,0,0,1.0,0.0,0.0,29,1.0,0.00010423983084240574,0.0011240919945371783,0.9987716681746197
2020-11-12,23,23,0,0,1.0,0.0,0.0,23,1.0,0.00013278762955192826,0.0010157929681130888,0.9988514194023348
2020-11-13,16,16,0,0,1.0,0.0,0.0,16,1.0,9.473890919335626e-05,0.0005242772913239246,0.9993809837994803
2020-11-14,4,4,0,0,1.0,0.0,0.0,4,1.0,5.5638256994675e-05,0.00029869671215286873,0.9996456650308483
2020-11-15,4,4,0,0,1.0,0.0,0.0,4,1.0,2.460439908409187e-06,6.245528999303716e-05,0.9999350842700957
2020-11-16,11,11,0,0,1.0,0.0,0.0,11,1.0,5.919027597168307e-05,0.0008838007912299529,0.999057008932797
2020-11-17,9,9,0,0,1.0,0.0,0.0,9,1.0,3.306542029683838e-05,0.0006478557332121555,0.9993190788464931
2020-11-18,20,20,0,0,1.0,0.0,0.0,20,1.0,4.4051443443732684e-05,0.000677713981277751,0.9992782345752798
2020-11-19,16,16,0,0,1.0,0.0,0.0,16,1.0,3.9849036074733184e-05,0.0002814514068113678,0.9996786995571141
2020-11-20,14,14,0,0,1.0,0.0,0.0,14,1.0,0.000214673477830798,0.001138843077175636,0.9986464834449935
2020-11-21,5,5,0,0,1.0,0.0,0.0,5,1.0,1.779738299963692e-05,8.119785537469195e-05,0.9999010047616302
2020-11-22,8,8,0,0,1.0,0.0,0.0,8,1.0,1.9969133607731047e-05,9.869180750430085e-05,0.9998813390588892
2020-11-23,10,10,0,0,1.0,0.0,0.0,10,1.0,3.7498400742116546e-05,0.00046041177048777095,0.9995020898287688
2020-11-24,6,6,0,0,1.0,0.0,0.0,6,1.0,5.85525046979764e-05,0.001408669106254046,0.9985327783890514
2020-11-25,10,10,0,0,1.0,0.0,0.0,10,1.0,2.4566852673749358e-05,0.0002542685843278759,0.9997211645629985
2020-11-26,3,3,0,0,1.0,0.0,0.0,3,1.0,6.772689558311085e-06,3.121130917863844e-05,0.9999620160012634
2020-11-27,8,8,0,0,1.0,0.0,0.0,8,1.0,2.1873938777305403e-05,0.0002827956141346662,0.9996953304470904
2020-11-28,1,1,0,0,1.0,0.0,0.0,1,1.0,2.454895012482469e-06,8.159642687852755e-06,0.9999893854623024
2020-11-30,13,13,0,0,1.0,0.0,0.0,13,1.0,8.737919625509927e-05,0.0008090276026326624,0.9991035932011123
2020-12-01,14,14,0,0,1.0,0.0,0.0,14,1.0,3.383031574631086e-05,0.0003145254142654425,0.9996516442699895
2020-12-02,16,16,0,0,1.0,0.0,0.0,16,1.0,0.00031164622611267264,0.00077144791356711,0.9989169058603216
2020-12-03,10,10,0,0,1.0,0.0,0.0,10,1.0,1.1505217957043861e-05,6.064609373394616e-05,0.9999278486883085
2020-12-04,13,13,0,0,1.0,0.0,0.0,13,1.0,0.0001434229810788762,0.0006266430197307038,0.9992299339991877
2020-12-05,6,6,0,0,1.0,0.0,0.0,6,1.0,1.505476108171357e-05,7.251296562788067e-05,0.9999124322732932
2020-12-06,4,4,0,0,1.0,0.0,0.0,4,1.0,3.128553691462356e-05,6.80976881449978e-05,0.9999006167749404
2020-12-07,23,23,0,0,1.0,0.0,0.0,23,1.0,0.00019384610826290473,0.0020437302930729558,0.9977624235986637
2020-12-08,12,12,0,0,1.0,0.0,0.0,12,1.0,0.00010945236476404027,0.001911442634660085,0.9979791050005763
2020-12-09,15,15,0,0,1.0,0.0,0.0,15,1.0,0.00019812752505524674,0.0016842003377445021,0.998117672137199
2020-12-10,13,13,0,0,1.0,0.0,0.0,13,1.0,1.8285962755107375e-05,0.00020852603624063362,0.9997731880010042
2020-12-11,29,29,0,0,1.0,0.0,0.0,29,1.0,5.556319017643016e-05,0.0008613832466354268,0.9990830535631877
2020-12-12,5,5,0,0,1.0,0.0,0.0,5,1.0,7.129841966603233e-06,3.1542394354402104e-05,0.999961327763681
2020-12-13,2,2,0,0,1.0,0.0,0.0,2,1.0,8.966896777840214e-07,1.567805677773757e-05,0.9999834252535464
2020-12-14,9,9,0,0,1.0,0.0,0.0,9,1.0,0.0006028650683343439,0.0036224900352219585,0.9957746448964424
2020-12-15,22,22,0,0,1.0,0.0,0.0,22,1.0,4.056291573902408e-05,0.0008460092531089286,0.9991134278311531
2020-12-16,12,12,0,0,1.0,0.0,0.0,12,1.0,2.1403934058347824e-05,0.00014410821660520076,0.9998344878493355
2020-12-17,12,12,0,0,1.0,0.0,0.0,12,1.0,4.146995031838957e-05,0.00020240193918212102,0.9997561281105006
2020-12-18,14,14,0,0,1.0,0.0,0.0,14,1.0,0.00013979573189618075,0.0011003834790161485,0.9987598207890889
2020-12-19,9,9,0,0,1.0,0.0,0.0,9,1.0,8.19861103084119e-05,0.00021480132277098567,0.9997032125669205
2020-12-20,4,4,0,0,1.0,0.0,0.0,4,1.0,4.07209080085298e-05,0.00015696370896283666,0.9998023153830274
2020-12-21,16,16,0,0,1.0,0.0,0.0,16,1.0,4.672468096191455e-05,0.0003239065284516593,0.9996293687905866
2020-12-22,33,33,0,0,1.0,0.0,0.0,33,1.0,7.366272945669867e-05,0.001012253475414519,0.998914083795128
2020-12-23,22,22,0,0,1.0,0.0,0.0,22,1.0,4.173083783345721e-05,0.0004433258102133342,0.9995149433519537
2020-12-24,14,14,0,0,1.0,0.0,0.0,14,1.0,9.589388141662506e-05,0.0015448740054764393,0.9983592321131084
2020-12-25,2,2,0,0,1.0,0.0,0.0,2,1.0,4.47060794139108e-06,2.8692082865607485e-05,0.9999668373091961
2020-12-26,2,2,0,0,1.0,0.0,0.0,2,1.0,3.1788446806646756e-05,7.244829061935552e-05,0.9998957632625749
2020-12-27,3,3,0,0,1.0,0.0,0.0,3,1.0,8.408973763155474e-06,4.550575507097612e-05,0.999946085271168
2020-12-28,19,19,0,0,1.0,0.0,0.0,19,1.0,0.00014651222338604692,0.0006581391951748238,0.9991953485814387
2020-12-29,19,19,0,0,1.0,0.0,0.0,19,1.0,5.709005396511929e-05,0.00027459617459357907,0.9996683137714415
2020-12-30,22,22,0,0,1.0,0.0,0.0,22,1.0,0.00011559525551511812,0.0005532279500273849,0.9993311767944565
2020-12-31,18,18,0,0,1.0,0.0,0.0,18,1.0,1.0099909586363619e-05,0.000180271885558367,0.9998096282048569
2021-01-01,1,1,0,0,1.0,0.0,0.0,1,1.0,1.6117576392553395e-06,1.490913564728442e-05,0.9999834791067219
2021-01-03,4,4,0,0,1.0,0.0,0.0,4,1.0,0.004053166023691487,0.006289838516584685,0.9896569954597253
2021-01-04,16,16,0,0,1.0,0.0,0.0,16,1.0,0.00011663229084661311,0.000903248624389955,0.9989801190847643
2021-01-05,15,15,0,0,1.0,0.0,0.0,15,1.0,4.177506431050608e-05,0.0005286752654150825,0.9994295496702748
2021-01-06,20,20,0,0,1.0,0.0,0.0,20,1.0,9.560651331475909e-05,0.0009919893747347259,0.9989124041119481
2021-01-07,14,14,0,0,1.0,0.0,0.0,14,1.0,4.7811068318297485e-05,0.0003897065634925093,0.999562482368189
2021-01-08,16,16,0,0,1.0,0.0,0.0,16,1.0,9.647304344328148e-05,0.0004855558751186751,0.9994179710814394
2021-01-09,5,5,0,0,1.0,0.0,0.0,5,1.0,2.1115084350515522e-05,8.123236668943852e-05,0.9998976525489598
2021-01-10,6,6,0,0,1.0,0.0,0.0,6,1.0,0.00014899672707950786,0.0004831852515936419,0.9993678180213289
2021-01-11,19,19,0,0,1.0,0.0,0.0,19,1.0,2.4522742354205458e-05,0.00032984044715932083,0.9996456368104871
2021-01-12,8,8,0,0,1.0,0.0,0.0,8,1.0,1.985038142169248e-05,0.00021232181466598586,0.9997678278039137
2021-01-13,19,19,0,0,1.0,0.0,0.0,19,1.0,0.00019967747463269178,0.0018426799214338089,0.997957642603933
2021-01-14,16,16,0,0,1.0,0.0,0.0,16,1.0,0.0008479125596185064,0.0018826053384815146,0.9972694821018997
2021-01-15,21,21,0,0,1.0,0.0,0.0,21,1.0,0.0002269282278471175,0.0010896902907413946,0.9986833814814108
2021-01-16,5,5,0,0,1.0,0.0,0.0,5,1.0,2.0877255299720793e-05,5.8741485785010354e-05,0.9999203812589199
2021-01-17,5,5,0,0,1.0,0.0,0.0,5,1.0,2.806199971662173e-05,0.00024527477153619563,0.9997266632287483
2021-01-18,5,5,0,0,1.0,0.0,0.0,5,1.0,3.2118197056320825e-05,0.00018962038543603204,0.9997782614175026
2021-01-19,22,22,0,0,1.0,0.0,0.0,22,1.0,2.3349677272198823e-05,0.00013742432869292233,0.9998392259940339
2021-01-20,10,10,0,0,1.0,0.0,0.0,10,1.0,1.7649081190679722e-05,7.829208065220611e-05,0.9999040588381558
2021-01-21,17,17,0,0,1.0,0.0,0.0,17,1.0,1.3225085452543497e-05,0.00013106922473137933,0.9998557056898169
2021-01-22,21,21,0,0,1.0,0.0,0.0,21,1.0,2.63867209857925e-05,0.0001451527733904221,0.9998284605056232
2021-01-23,3,3,0,0,1.0,0.0,0.0,3,1.0,6.917332129618041e-05,0.00034256613168800895,0.9995882605470129
2021-01-24,13,13,0,0,1.0,0.0,0.0,13,1.0,6.781717360891607e-05,0.0002962606390575711,0.9996359221873342
2021-01-25,17,17,0,0,1.0,0.0,0.0,17,1.0,0.00016556620104264083,0.0009221471203396711,0.9989122866786159
2021-01-26,30,30,0,0,1.0,0.0,0.0,30,1.0,8.479842340957925e-05,0.00041876990646620775,0.9994964316701243
2021-01-27,40,40,0,0,1.0,0.0,0.0,40,1.0,5.962815429034048e-05,0.0003809198157875358,0.9995594520299221
2021-01-28,37,37,0,0,1.0,0.0,0.0,37,1.0,2.5440710072880506e-05,0.00021378195168842958,0.9997607773382394
2021-01-29,23,23,0,0,1.0,0.0,0.0,23,1.0,4.7511080313160134e-05,0.0005348232115522656,0.9994176657081356
2021-01-30,5,5,0,0,1.0,0.0,0.0,5,1.0,1.471524897764479e-05,0.00012117232082404475,0.9998641124301972
2021-01-31,4,4,0,0,1.0,0.0,0.0,4,1.0,3.1632638246320678e-06,4.5290200036433044e-05,0.9999515465361468
2021-02-01,22,22,0,0,1.0,0.0,0.0,22,1.0,0.00011155598566272746,0.000752351686871568,0.9991360923274648
2021-02-02,20,20,0,0,1.0,0.0,0.0,20,1.0,5.56544338435349e-05,0.00023003027096138283,0.999714315295195
2021-02-03,28,28,0,0,1.0,0.0,0.0,28,1.0,6.281926036453815e-05,0.00038845663959047387,0.9995487241000464
2021-02-04,19,19,0,0,1.0,0.0,0.0,19,1.0,6.906690630559728e-05,0.000487433070065876,0.9994435000236275
2021-02-05,21,21,0,0,1.0,0.0,0.0,21,1.0,2.5660717748349028e-05,0.00012466629416893132,0.9998496729880838
2021-02-06,6,6,0,0,1.0,0.0,0.0,6,1.0,4.694783393186992e-06,1.478093595653415e-05,0.999980524280652
2021-02-07,5,5,0,0,1.0,0.0,0.0,5,1.0,6.184628488019171e-06,2.911420022006526e-05,0.9999647011712913
2021-02-08,11,11,0,0,1.0,0.0,0.0,11,1.0,0.00021449553843295538,0.00038441489613970375,0.9994010895654278
2021-02-09,19,19,0,0,1.0,0.0,0.0,19,1.0,1.1138922035375392e-05,0.00013497914557166355,0.9998538819323938
2021-02-10,17,17,0,0,1.0,0.0,0.0,17,1.0,5.1738114372247585e-05,0.000183939223424429,0.9997643226622026
2021-02-11,9,9,0,0,1.0,0.0,0.0,9,1.0,6.378992807649147e-05,0.00020564871077776424,0.9997305613611458
2021-02-12,19,19,0,0,1.0,0.0,0.0,19,1.0,7.721294576956686e-05,0.0011597969025370545,0.998762990151693
2021-02-13,3,3,0,0,1.0,0.0,0.0,3,1.0,4.593281811305868e-06,2.2543534865850064e-05,0.9999728631833276
2021-02-14,4,4,0,0,1.0,0.0,0.0,4,1.0,1.9404288283767818e-05,0.00011595153652417387,0.9998646441751892
2021-02-15,7,7,0,0,1.0,0.0,0.0,7,1.0,0.00013366913003726473,0.0010037694254632734,0.9988625614445007
2021-02-16,14,14,0,0,1.0,0.0,0.0,14,1.0,3.595104230129452e-05,0.0002790385033897997,0.9996850104543091
2021-02-17,18,18,0,0,1.0,0.0,0.0,18,1.0,0.0003386528870571534,0.0023870630633363167,0.9972742840496073
2021-02-18,23,23,0,0,1.0,0.0,0.0,23,1.0,6.954508935365363e-05,0.0005922612953150024,0.9993381936153322
2021-02-19,9,9,0,0,1.0,0.0,0.0,9,1.0,3.273878519261194e-05,0.00012009749291700037,0.9998471637218866
2021-02-20,4,4,0,0,1.0,0.0,0.0,4,1.0,2.3484418142159648e-05,6.425787288202506e-05,0.9999122577089694
2021-02-21,4,4,0,0,1.0,0.0,0.0,4,1.0,1.8145486567831416e-05,4.1050619506802846e-05,0.9999408038939264
2021-02-22,22,22,0,0,1.0,0.0,0.0,22,1.0,8.375475563274015e-05,0.0008111205519415131,0.9991051246924253
2021-02-23,27,27,0,0,1.0,0.0,0.0,27,1.0,4.2085858178795436e-05,0.00019094645529483487,0.9997669676865248
2021-02-24,20,20,0,0,1.0,0.0,0.0,20,1.0,3.264205252439785e-05,0.00022677161707461343,0.9997405863304015
2021-02-25,33,33,0,0,1.0,0.0,0.0,33,1.0,8.239752403503085e-05,0.0008876295997850988,0.9990299728761802
2021-02-26,20,20,0,0,1.0,0.0,0.0,20,1.0,0.00015371845808918546,0.0015586736554303205,0.9982876078864805
2021-02-27,8,8,0,0,1.0,0.0,0.0,8,1.0,3.272561406955219e-05,8.717798910538634e-05,0.9998800963968244
2021-02-28,4,4,0,0,1.0,0.0,0.0,4,1.0,1.6645443233180106e-05,4.7774991777207994e-05,0.9999355795649901
2021-03-01,22,22,0,0,1.0,0.0,0.0,22,1.0,2.1002862763353445e-05,0.00022735678832925467,0.9997516403489075
2021-03-02,21,21,0,0,1.0,0.0,0.0,21,1.0,2.473700896220397e-05,0.00020382320889448865,0.9997714397821433
2021-03-03,22,22,0,0,1.0,0.0,0.0,22,1.0,0.0010577611330772295,0.0013450416370892637,0.9975971972298321
2021-03-04,23,23,0,0,1.0,0.0,0.0,23,1.0,0.0001217198590742331,0.0010531386725321592,0.9988251414683917
2021-03-05,16,16,0,0,1.0,0.0,0.0,16,1.0,7.566827269867994e-06,6.746605499933619e-05,0.9999249671177296
2021-03-07,5,5,0,0,1.0,0.0,0.0,5,1.0,3.477422142603599e-06,1.858525015808311e-05,0.9999779373277029
2021-03-08,20,20,0,0,1.0,0.0,0.0,20,1.0,1.0790128155366893e-05,0.00011677878942213667,0.999872431082421
2021-03-09,25,25,0,0,1.0,0.0,0.0,25,1.0,0.0013521737157557963,0.0012760110622221919,0.9973718152220199
2021-03-10,19,19,0,0,1.0,0.0,0.0,19,1.0,0.00014007448907374498,0.0010396547837482114,0.9988202707271793
2021-03-11,18,18,0,0,1.0,0.0,0.0,18,1.0,4.1676774674075585e-05,0.0002914643400029478,0.9996668588853233
2021-03-12,29,29,0,0,1.0,0.0,0.0,29,1.0,4.233177784951852e-05,0.00038717702551116875,0.99957049119664
2021-03-13,4,4,0,0,1.0,0.0,0.0,4,1.0,8.891265217366818e-07,3.984416138631021e-06,0.9999951264573373
2021-03-14,8,8,0,0,1.0,0.0,0.0,8,1.0,7.760582372867992e-06,2.6729702391340543e-05,0.9999655097152365
2021-03-15,17,17,0,0,1.0,0.0,0.0,17,1.0,6.272208744346778e-05,0.0008856393435847012,0.9990516385689725
2021-03-16,21,21,0,0,1.0,0.0,0.0,21,1.0,4.89522716160987e-05,0.0003833563913064775,0.9995676913370781
2021-03-17,17,17,0,0,1.0,0.0,0.0,17,1.0,4.086593743102015e-05,0.00020946457571164069,0.9997496694868566
2021-03-18,22,22,0,0,1.0,0.0,0.0,22,1.0,4.644925902873834e-05,0.00033284490520925353,0.9996207058357622
2021-03-19,19,19,0,0,1.0,0.0,0.0,19,1.0,1.7503873450223388e-05,0.00019132455962247492,0.9997911715669255
2021-03-20,2,2,0,0,1.0,0.0,0.0,2,1.0,7.196341190143773e-06,3.9055280959912004e-05,0.9999537483778493
2021-03-21,6,6,0,0,1.0,0.0,0.0,6,1.0,1.366108859718352e-06,1.0631171187083349e-05,0.9999880027199507
2021-03-22,16,16,0,0,1.0,0.0,0.0,16,1.0,1.6614370684217893e-05,0.00017677168878426665,0.9998066139405282
2021-03-23,13,13,0,0,1.0,0.0,0.0,13,1.0,7.46414940010798e-05,0.0007538688234889874,0.9991714896825091
2021-03-24,17,17,0,0,1.0,0.0,0.0,17,1.0,1.9698868737453323e-05,0.00011565060485104522,0.9998646505264136
2021-03-25,23,23,0,0,1.0,0.0,0.0,23,1.0,3.9924392252871825e-05,0.00029254432221251556,0.9996675312855325
2021-03-26,16,16,0,0,1.0,0.0,0.0,16,1.0,4.4125033170623185e-05,0.000265753633943073,0.9996901213328838
2021-03-27,6,6,0,0,1.0,0.0,0.0,6,1.0,5.115188733783122e-06,1.3098319042242475e-05,0.9999817864922173
2021-03-28,5,5,0,0,1.0,0.0,0.0,5,1.0,5.6868876206133214e-06,2.207468292729848e-05,0.9999722384294586
2021-03-29,9,9,0,0,1.0,0.0,0.0,9,1.0,3.074624201143823e-05,0.00018299283631454486,0.9997862609216719
2021-03-30,20,20,0,0,1.0,0.0,0.0,20,1.0,3.0199496930971558e-05,0.00017013891407062796,0.9997996615889978
2021-03-31,28,28,0,0,1.0,0.0,0.0,28,1.0,5.016603581978476e-05,0.0004237613539981394,0.9995260726101811
2021-04-01,15,15,0,0,1.0,0.0,0.0,15,1.0,2.3207470769961168e-05,0.0002313161695779693,0.99974547635965
2021-04-02,8,8,0,0,1.0,0.0,0.0,8,1.0,6.708444252233192e-06,5.843515900988197e-05,0.9999348563967361
2021-04-04,3,3,0,0,1.0,0.0,0.0,3,1.0,0.005732746732486441,0.009934455234179698,0.9843327980333295
2021-04-05,10,10,0,0,1.0,0.0,0.0,10,1.0,3.601279539243501e-05,0.0006059027285406364,0.9993580844760659
2021-04-06,12,12,0,0,1.0,0.0,0.0,12,1.0,2.0361006424367484e-05,0.00010143775571990403,0.9998782012378519
2021-04-07,10,10,0,0,1.0,0.0,0.0,10,1.0,4.934393296598517e-05,0.00015699341768146317,0.9997936626493544
2021-04-08,26,26,0,0,1.0,0.0,0.0,26,1.0,2.1303231881047152e-05,0.00029344736737475216,0.9996852494007431
2021-04-09,16,16,0,0,1.0,0.0,0.0,16,1.0,2.184320169657774e-05,0.00023494636560571935,0.9997432104326957
2021-04-10,1,1,0,0,1.0,0.0,0.0,1,1.0,1.1276541225554226e-06,4.528893749218782e-06,0.9999943434521268
2021-04-11,2,2,0,0,1.0,0.0,0.0,2,1.0,6.58118908210528e-06,2.2925758358687992e-05,0.999970493052568
2021-04-12,11,11,0,0,1.0,0.0,0.0,11,1.0,1.6672783286828006e-05,7.467558500723197e-05,0.9999086516317038
2021-04-13,22,22,0,0,1.0,0.0,0.0,22,1.0,0.00011628168104233927,0.0005813398764143596,0.9993023784425428
2021-04-14,23,23,0,0,1.0,0.0,0.0,23,1.0,0.00013045117413411648,0.0010079540512323722,0.9988615947746342
2021-04-15,26,26,0,0,1.0,0.0,0.0,26,1.0,2.4264910895609758e-05,0.00029246372967197326,0.9996832713594327
2021-04-16,13,13,0,0,1.0,0.0,0.0,13,1.0,9.083607514224566e-06,0.00011725338535832553,0.9998736630071274
2021-04-17,4,4,0,0,1.0,0.0,0.0,4,1.0,3.2412201613086492e-06,1.6973650045000346e-05,0.9999797851297932
2021-04-18,6,6,0,0,1.0,0.0,0.0,6,1.0,5.3090170063945416e-06,2.6208656150420707e-05,0.9999684823268414
2021-04-19,13,13,0,0,1.0,0.0,0.0,13,1.0,2.63392560991516e-05,0.000640541366599883,0.9993331193773016
2021-04-20,22,22,0,0,1.0,0.0,0.0,22,1.0,0.00018412045011804138,0.0016804596071934947,0.9981354199426895
2021-04-21,21,21,0,0,1.0,0.0,0.0,21,1.0,0.00012945538631488863,0.001908341925766736,0.9979622026879176
2021-04-22,24,24,0,0,1.0,0.0,0.0,24,1.0,4.556118860745466e-05,0.00023555999092846934,0.999718878820462
2021-04-23,20,20,0,0,1.0,0.0,0.0,20,1.0,5.7135815878639864e-05,0.00047067499700794704,0.9994721891871141
2021-04-24,6,6,0,0,1.0,0.0,0.0,6,1.0,1.711053335194538e-05,0.00021691897858740628,0.9997659704880587
2021-04-25,5,5,0,0,1.0,0.0,0.0,5,1.0,7.766661639613733e-06,2.7840498210862957e-05,0.999964392840148
2021-04-26,26,26,0,0,1.0,0.0,0.0,26,1.0,4.41343624423734e-05,0.00044978049470557636,0.9995060851428529
2021-04-27,24,24,0,0,1.0,0.0,0.0,24,1.0,9.813189331585396e-05,0.0006853921601106485,0.9992164759465734
2021-04-28,40,40,0,0,1.0,0.0,0.0,40,1.0,4.325042447962664e-05,0.0003775076959755627,0.9995792418795443
2021-04-29,34,34,0,0,1.0,0.0,0.0,34,1.0,7.873708646678266e-05,0.0005040220539609546,0.9994172408595737
2021-04-30,44,44,0,0,1.0,0.0,0.0,44,1.0,0.000181226763984472,0.0014232427282470572,0.9983955305077682
2021-05-01,4,4,0,0,1.0,0.0,0.0,4,1.0,5.12042613100783e-06,1.0204681527771515e-05,0.9999846748923361
2021-05-02,4,4,0,0,1.0,0.0,0.0,4,1.0,0.005060583051290945,0.016005876552076092,0.9789335403966357
2021-05-03,19,19,0,0,1.0,0.0,0.0,19,1.0,9.067773421428211e-06,9.255532897274902e-05,0.9998983768976052
2021-05-04,22,22,0,0,1.0,0.0,0.0,22,1.0,5.041138689543551e-05,0.00013740638845709146,0.9998121822246464
2021-05-05,30,30,0,0,1.0,0.0,0.0,30,1.0,0.0003369399653387116,0.001206209336983428,0.9984568506976799
2021-05-06,26,26,0,0,1.0,0.0,0.0,26,1.0,0.00012654156610898083,0.00039670756592223675,0.9994767508679663
2021-05-07,29,29,0,0,1.0,0.0,0.0,29,1.0,0.0013355803172026945,0.0013953673675868093,0.9972690523152098
2021-05-08,1,1,0,0,1.0,0.0,0.0,1,1.0,0.00013513363935759915,0.00014986520724900661,0.9997150011533988
2021-05-09,5,5,0,0,1.0,0.0,0.0,5,1.0,1.4900725260373179e-05,4.9337516662468266e-05,0.9999357617580789
2021-05-10,26,26,0,0,1.0,0.0,0.0,26,1.0,6.883739567457384e-05,0.00036498763972177565,0.9995661749646032
2021-05-11,24,24,0,0,1.0,0.0,0.0,24,1.0,0.007611412345209359,0.008781708525790391,0.9836068791290001
2021-05-12,20,20,0,0,1.0,0.0,0.0,20,1.0,5.2176550229152e-05,0.0004348390290126678,0.9995129844207569
2021-05-13,12,12,0,0,1.0,0.0,0.0,12,1.0,6.327812083814347e-05,0.00023952458887296384,0.9996971972902885
2021-05-14,17,17,0,0,1.0,0.0,0.0,17,1.0,8.062313818178683e-05,0.0007090393911577159,0.9992103374706599
2021-05-15,3,3,0,0,1.0,0.0,0.0,3,1.0,3.2267669475778093e-06,1.1600962846558769e-05,0.9999851722702061
2021-05-16,2,2,0,0,1.0,0.0,0.0,2,1.0,3.730917933178678e-07,5.0543868213790004e-06,0.9999945725213777
2021-05-17,15,15,0,0,1.0,0.0,0.0,15,1.0,4.004460001595482e-05,0.0002999829378711597,0.9996599724621131
2021-05-18,16,16,0,0,1.0,0.0,0.0,16,1.0,1.6764297499605758e-05,0.00018117605890168915,0.9998020596435987
2021-05-19,18,18,0,0,1.0,0.0,0.0,18,1.0,2.70262117357925e-05,0.0003558877443090536,0.9996170860439546
2021-05-20,13,13,0,0,1.0,0.0,0.0,13,1.0,4.750238035028752e-05,0.0004233248767393884,0.9995291727429078
2021-05-21,11,11,0,0,1.0,0.0,0.0,11,1.0,0.00010517184844793847,0.00159322470405714,0.9983016034474943
2021-05-22,7,7,0,0,1.0,0.0,0.0,7,1.0,2.0342536342195804e-05,5.0537255160309013e-05,0.9999291202084964
2021-05-23,4,4,0,0,1.0,0.0,0.0,4,1.0,0.00010648522885512044,0.0006949242761087424,0.9991985904950328
2021-05-24,15,15,0,0,1.0,0.0,0.0,15,1.0,1.730692378898283e-05,0.00023192022611214977,0.9997507728500995
2021-05-25,8,8,0,0,1.0,0.0,0.0,8,1.0,1.98083542356161e-05,0.00021509123835296453,0.9997651004074093
2021-05-26,14,14,0,0,1.0,0.0,0.0,14,1.0,5.717490340731261e-05,0.0005894950883849528,0.9993533300082068
2021-05-27,15,15,0,0,1.0,0.0,0.0,15,1.0,4.921912073508639e-05,0.00030274480813054775,0.9996480360711354
2021-05-28,21,21,0,0,1.0,0.0,0.0,21,1.0,2.8529054315031494e-05,0.0001376278506534195,0.9998338430950314
2021-05-29,2,2,0,0,1.0,0.0,0.0,2,1.0,2.8807141797461645e-05,7.470072726466284e-05,0.9998964921309403
2021-05-30,3,3,0,0,1.0,0.0,0.0,3,1.0,4.035730303508293e-06,3.065445278820932e-05,0.9999653098169016
2021-05-31,4,4,0,0,1.0,0.0,0.0,4,1.0,7.301987507346846e-06,3.746855783482426e-05,0.999955229454656
2021-06-01,9,9,0,0,1.0,0.0,0.0,9,1.0,0.00010995062469490593,0.0006109516659249497,0.9992790977093833
2021-06-02,16,16,0,0,1.0,0.0,0.0,16,1.0,0.00013004384316444147,0.0006763030329077438,0.9991936531239252
2021-06-03,14,14,0,0,1.0,0.0,0.0,14,1.0,1.4439561270832639e-05,0.00015662297394162505,0.999828937464785
2021-06-04,8,8,0,0,1.0,0.0,0.0,8,1.0,1.354895206726149e-05,0.00011568810599980143,0.9998707629419334
2021-06-05,5,5,0,0,1.0,0.0,0.0,5,1.0,3.195702643383364e-05,8.663438034293428e-05,0.9998814085932249
2021-06-06,5,5,0,0,1.0,0.0,0.0,5,1.0,0.00020774005475220026,0.0005522573473792441,0.9992400025978656
2021-06-07,19,19,0,0,1.0,0.0,0.0,19,1.0,3.2971699971973355e-05,0.000529618747531935,0.9994374095524957
2021-06-08,19,19,0,0,1.0,0.0,0.0,19,1.0,3.219376058984167e-05,0.0002293235750548492,0.9997384826643548
2021-06-09,9,9,0,0,1.0,0.0,0.0,9,1.0,5.593304062175495e-05,0.0002653612685852786,0.9996787056907915
2021-06-10,17,17,0,0,1.0,0.0,0.0,17,1.0,0.00014045790828352012,0.001287849300280011,0.9985716927914376
2021-06-11,14,14,0,0,1.0,0.0,0.0,14,1.0,9.466310707050543e-05,0.0004183451458135056,0.9994869917471135
2021-06-12,3,3,0,0,1.0,0.0,0.0,3,1.0,4.587876116042892e-05,6.480816353611201e-05,0.9998893130752986
2021-06-13,3,3,0,0,1.0,0.0,0.0,3,1.0,1.2571028785157333e-05,5.110374439814259e-05,0.9999363252268122
2021-06-14,14,14,0,0,1.0,0.0,0.0,14,1.0,6.899245142219031e-05,0.0002806671766708734,0.999650340371906
2021-06-15,11,11,0,0,1.0,0.0,0.0,11,1.0,0.00015999727029432066,0.0011512163042243133,0.9986887864254819
2021-06-16,12,12,0,0,1.0,0.0,0.0,12,1.0,0.00010957256649903156,0.0015598954760601268,0.9983305319574409
2021-06-17,11,11,0,0,1.0,0.0,0.0,11,1.0,1.6446148570332142e-05,0.00016602801617389036,0.9998175258352567
2021-06-18,11,11,0,0,1.0,0.0,0.0,11,1.0,0.0003662312941785677,0.001116398771790343,0.9985173699340323
2021-06-19,2,2,0,0,1.0,0.0,0.0,2,1.0,2.7186859177955723e-06,1.666583721585867e-05,0.9999806154768632
2021-06-20,6,6,0,0,1.0,0.0,0.0,6,1.0,1.8976432325871038e-05,6.115561826523807e-05,0.9999198679494046
2021-06-21,25,25,0,0,1.0,0.0,0.0,25,1.0,4.920124254147828e-05,0.00037713888323949354,0.9995736598742196
2021-06-22,18,18,0,0,1.0,0.0,0.0,18,1.0,8.370599780491329e-05,0.001189672875797236,0.9987266211263971
2021-06-23,12,12,0,0,1.0,0.0,0.0,12,1.0,5.365330439458483e-05,0.0003576464620626593,0.9995887002335443
2021-06-24,14,14,0,0,1.0,0.0,0.0,14,1.0,1.4872081351285222e-05,0.00012656132209013196,0.9998585665965586
2021-06-25,9,9,0,0,1.0,0.0,0.0,9,1.0,5.7000733737129326e-05,0.0002919328179573777,0.9996510664483037
2021-06-26,2,2,0,0,1.0,0.0,0.0,2,1.0,1.842233878292947e-06,1.617356343083717e-05,0.9999819842026916
2021-06-27,4,4,0,0,1.0,0.0,0.0,4,1.0,4.273847588319385e-06,5.871969308738859e-05,0.9999370064593213
2021-06-28,27,27,0,0,1.0,0.0,0.0,27,1.0,3.0864438808517044e-05,0.00028662599599399094,0.9996825095651963
2021-06-29,14,14,0,0,1.0,0.0,0.0,14,1.0,2.2470704255376475e-05,0.0001039170759694223,0.999873612219773
2021-06-30,22,22,0,0,1.0,0.0,0.0,22,1.0,1.3540850601711487e-05,0.00011462224895813659,0.9998718369004393
2021-07-01,10,10,0,0,1.0,0.0,0.0,10,1.0,3.0814259064514754e-05,0.0006628465907800696,0.9993063391501578
2021-07-02,11,11,0,0,1.0,0.0,0.0,11,1.0,1.756845210384746e-05,9.252345751622885e-05,0.9998899080903808
2021-07-03,2,2,0,0,1.0,0.0,0.0,2,1.0,4.455458194428838e-05,0.0002852068747141358,0.99967023854334
2021-07-04,3,3,0,0,1.0,0.0,0.0,3,1.0,0.006227907067009247,0.009779421283984195,0.9839926716490064
2021-07-05,3,3,0,0,1.0,0.0,0.0,3,1.0,7.481876426222988e-05,0.0002208088773736623,0.9997043723583663
2021-07-06,14,14,0,0,1.0,0.0,0.0,14,1.0,2.7817822711428736e-05,0.0002442535713438706,0.9997279286059471
2021-07-07,15,15,0,0,1.0,0.0,0.0,15,1.0,1.8708621932497548e-05,0.00019968008341475005,0.999781611294653
2021-07-08,11,11,0,0,1.0,0.0,0.0,11,1.0,0.004122125170995884,0.007225592420610166,0.988652282408392
2021-07-09,20,20,0,0,1.0,0.0,0.0,20,1.0,2.9892743918200744e-05,0.00022287058031366158,0.9997472366757683
2021-07-10,5,5,0,0,1.0,0.0,0.0,5,1.0,3.049135553391698e-05,0.00010255822601271561,0.9998669504184539
2021-07-11,4,4,0,0,1.0,0.0,0.0,4,1.0,1.8944599324075454e-06,1.0713224570422809e-05,0.9999873923154989
2021-07-12,14,14,0,0,1.0,0.0,0.0,14,1.0,2.9801048859885083e-05,0.0003157955938810094,0.9996544033572589
2021-07-13,21,21,0,0,1.0,0.0,0.0,21,1.0,0.00016248468740988773,0.0014115579800681828,0.9984259573325215
2021-07-14,25,25,0,0,1.0,0.0,0.0,25,1.0,0.0001374644869627642,0.0009154198583884879,0.9989471156546493
2021-07-15,26,26,0,0,1.0,0.0,0.0,26,1.0,8.008607648708738e-05,0.0006273694787967386,0.9992925444447166
2021-07-16,17,17,0,0,1.0,0.0,0.0,17,1.0,2.107632902854188e-05,0.0001369429724289685,0.9998419806985417
2021-07-17,1,1,0,0,1.0,0.0,0.0,1,1.0,1.5483478692197e-06,8.17245895418792e-06,0.9999902791931807
2021-07-18,5,5,0,0,1.0,0.0,0.0,5,1.0,4.0298904665914486e-05,0.00019052905569227706,0.99976917203964
2021-07-19,12,12,0,0,1.0,0.0,0.0,12,1.0,4.152795069744728e-05,0.0005338786051818965,0.9994245934441232
2021-07-20,19,19,0,0,1.0,0.0,0.0,19,1.0,0.00018453432917287145,0.0010243376048089765,0.9987911280660199
2021-07-21,20,20,0,0,1.0,0.0,0.0,20,1.0,1.9961158469842653e-05,0.00023051250565359676,0.9997495263358764
2021-07-22,24,24,0,0,1.0,0.0,0.0,24,1.0,0.0002014705937630817,0.000525263042338258,0.9992732663638978
2021-07-23,22,22,0,0,1.0,0.0,0.0,22,1.0,1.1077402256814922e-05,0.00012138053002600451,0.9998675420677153
2021-07-24,4,4,0,0,1.0,0.0,0.0,4,1.0,2.4038129755622922e-05,0.00032431623443293504,0.9996516456358158
2021-07-25,7,7,0,0,1.0,0.0,0.0,7,1.0,4.794059883757697e-06,2.1571314284692584e-05,0.9999736346258257
2021-07-26,26,26,0,0,1.0,0.0,0.0,26,1.0,1.1913007824411384e-05,0.00010039859142609879,0.9998876884007489
2021-07-27,28,28,0,0,1.0,0.0,0.0,28,1.0,3.43616394651568e-05,0.00026436008466168266,0.9997012782758742
2021-07-28,34,34,0,0,1.0,0.0,0.0,34,1.0,0.002962405404103654,0.0030782071742172274,0.99395938742168
2021-07-29,20,20,0,0,1.0,0.0,0.0,20,1.0,2.4129896839213776e-05,0.00020028863006628605,0.9997755814730948
2021-07-30,22,22,0,0,1.0,0.0,0.0,22,1.0,0.00021352771951265397,0.0005669965083243983,0.9992194757721617
2021-07-31,5,5,0,0,1.0,0.0,0.0,5,1.0,1.0387561702760033e-05,3.5327386205250854e-05,0.9999542850520886
2021-08-01,8,8,0,0,1.0,0.0,0.0,8,1.0,0.002436835662559795,0.003704682971541477,0.9938584813658984
2021-08-02,15,15,0,0,1.0,0.0,0.0,15,1.0,6.152322715095951e-05,0.0006319560802759539,0.9993065206925722
2021-08-03,23,23,0,0,1.0,0.0,0.0,23,1.0,0.0002841545733088873,0.000775656858188393,0.9989401885685041
2021-08-04,20,20,0,0,1.0,0.0,0.0,20,1.0,4.212698027307337e-05,0.00021685128631673893,0.9997410217334078
2021-08-05,14,14,0,0,1.0,0.0,0.0,14,1.0,0.00010955068320684279,0.000411381367866194,0.9994790679489257
2021-08-06,16,16,0,0,1.0,0.0,0.0,16,1.0,2.602952781288613e-05,0.00016686500359701053,0.9998071054685879
2021-08-07,7,7,0,0,1.0,0.0,0.0,7,1.0,1.210240921258506e-05,4.0018426352969336e-05,0.999947879164431
2021-08-08,4,4,0,0,1.0,0.0,0.0,4,1.0,2.3858658453843005e-06,7.776947887186712e-06,0.9999898371862682
2021-08-09,8,8,0,0,1.0,0.0,0.0,8,1.0,4.25195238372275e-05,0.000252385671986419,0.9997050948041757
2021-08-10,16,16,0,0,1.0,0.0,0.0,16,1.0,5.1774665986397055e-05,0.0002808746471514098,0.9996673506868647
2021-08-11,12,12,0,0,1.0,0.0,0.0,12,1.0,8.609438435065969e-05,0.0017540791214686767,0.9981598264941797
2021-08-12,18,18,0,0,1.0,0.0,0.0,18,1.0,3.02463446723578e-05,0.00010508976889703449,0.999864663886429
2021-08-13,9,9,0,0,1.0,0.0,0.0,9,1.0,1.366304496788788e-05,7.773962538855006e-05,0.9999085973296415
2021-08-14,4,4,0,0,1.0,0.0,0.0,4,1.0,0.00012295714845677095,0.00020681044116352702,0.9996702324103813
2021-08-15,8,8,0,0,1.0,0.0,0.0,8,1.0,0.0002477801845281448,0.0008111615076742175,0.9989410583077962
2021-08-16,20,20,0,0,1.0,0.0,0.0,20,1.0,2.837324661034054e-05,0.00016461643290162573,0.999807010320491
2021-08-17,15,15,0,0,1.0,0.0,0.0,15,1.0,5.589242743433065e-05,0.0005437495743377156,0.9994003579982286
2021-08-18,15,15,0,0,1.0,0.0,0.0,15,1.0,6.50734947885482e-05,0.0002485295069324261,0.9996863969982799
2021-08-19,14,14,0,0,1.0,0.0,0.0,14,1.0,8.506971719657945e-05,0.003124522796815379,0.996790407485987
2021-08-20,14,14,0,0,1.0,0.0,0.0,14,1.0,1.8538069130449447e-05,0.00015155472962606853,0.9998299072012404
2021-08-21,4,4,0,0,1.0,0.0,0.0,4,1.0,6.838083869852065e-07,1.7590818621852663e-06,0.9999975571097484
2021-08-22,6,6,0,0,1.0,0.0,0.0,6,1.0,1.4936562935393926e-05,7.83266181269592e-05,0.999906736818938
2021-08-23,16,16,0,0,1.0,0.0,0.0,16,1.0,4.9495021078744896e-05,0.0006605818004173457,0.9992899231785033
2021-08-24,19,19,0,0,1.0,0.0,0.0,19,1.0,0.00017377964646562248,0.002010843034529842,0.997815377319005
2021-08-25,9,9,0,0,1.0,0.0,0.0,9,1.0,0.0001611243915553159,0.001770198683794478,0.9980686769246516
2021-08-26,9,9,0,0,1.0,0.0,0.0,9,1.0,7.188335010593563e-05,0.00036522587017057503,0.9995628907797239
2021-08-27,21,21,0,0,1.0,0.0,0.0,21,1.0,4.154727089034354e-05,0.0005219383970749263,0.9994365143320342
2021-08-28,3,3,0,0,1.0,0.0,0.0,3,1.0,4.530614772174823e-06,2.309855758609047e-05,0.9999723708276491
2021-08-29,3,3,0,0,1.0,0.0,0.0,3,1.0,2.383701881140275e-06,1.1967111920201318e-05,0.9999856491861993
2021-08-30,23,23,0,0,1.0,0.0,0.0,23,1.0,0.00012703667653782492,0.000790434878986472,0.999082528444477
2021-08-31,19,19,0,0,1.0,0.0,0.0,19,1.0,9.790510800615532e-05,0.0008900676056087176,0.999012027286385
2021-09-01,19,19,0,0,1.0,0.0,0.0,19,1.0,1.549246395397202e-05,0.00010867038812604607,0.9998758371479181
2021-09-02,21,21,0,0,1.0,0.0,0.0,21,1.0,0.00013904556867544766,0.0028439338428468846,0.9970170205884757
2021-09-03,14,14,0,0,1.0,0.0,0.0,14,1.0,4.156416012306447e-05,0.00048541949197603674,0.9994730163478996
2021-09-04,3,3,0,0,1.0,0.0,0.0,3,1.0,6.880824364774812e-06,1.844620379791213e-05,0.9999746729718341
2021-09-05,4,4,0,0,1.0,0.0,0.0,4,1.0,2.717037466953998e-06,1.0014545027947007e-05,0.99998726841751
2021-09-06,1,1,0,0,1.0,0.0,0.0,1,1.0,0.00011256989588438812,0.0008696770907730705,0.9990177530133381
2021-09-07,17,17,0,0,1.0,0.0,0.0,17,1.0,0.00013380972326608416,0.0009600722034456106,0.9989061180732887
2021-09-08,18,18,0,0,1.0,0.0,0.0,18,1.0,0.00014448581932869937,0.001132547194089351,0.9987229669865828
2021-09-09,17,17,0,0,1.0,0.0,0.0,17,1.0,3.2923043080771795e-05,0.0004311636812405956,0.9995359132756789
2021-09-10,20,20,0,0,1.0,0.0,0.0,20,1.0,0.00020865207227956204,0.0016547427395633234,0.9981366051881565
2021-09-11,6,6,0,0,1.0,0.0,0.0,6,1.0,1.3341187497628914e-05,0.00010834602252203839,0.9998783127899834
2021-09-12,3,3,0,0,1.0,0.0,0.0,3,1.0,6.257852955295112e-07,3.9775036782721005e-06,0.9999953967110317
2021-09-13,18,18,0,0,1.0,0.0,0.0,18,1.0,1.5860399651299854e-05,0.00023698671457089284,0.9997471528857758
2021-09-14,25,25,0,0,1.0,0.0,0.0,25,1.0,2.9520263325791905e-05,0.0014091930617858841,0.9985612866748882
2021-09-15,17,17,0,0,1.0,0.0,0.0,17,1.0,4.1221051119936535e-05,0.0002934892088634986,0.9996652897400172
2021-09-16,16,16,0,0,1.0,0.0,0.0,16,1.0,0.0001276267134086916,0.0008255467796921711,0.9990468265069022
2021-09-17,8,8,0,0,1.0,0.0,0.0,8,1.0,3.302451097559863e-05,0.0010528750312981587,0.9989141004577231
2021-09-18,3,3,0,0,1.0,0.0,0.0,3,1.0,9.733587542064595e-06,3.606782332099493e-05,0.9999541985891384
2021-09-19,9,9,0,0,1.0,0.0,0.0,9,1.0,0.0014054977710190007,0.008229691080013663,0.9903648111489649
2021-09-20,25,25,0,0,1.0,0.0,0.0,25,1.0,0.00019765465805181762,0.0009754923466488911,0.9988268529953
2021-09-21,18,18,0,0,1.0,0.0,0.0,18,1.0,2.127173101904645e-05,0.00014624123195353496,0.9998324870370272
2021-09-22,4,4,0,0,1.0,0.0,0.0,4,1.0,1.770302571565619e-05,0.00010167800254245324,0.9998806189717414
2021-09-23,15,15,0,0,1.0,0.0,0.0,15,1.0,5.52379111813478e-05,0.0003196473657303254,0.9996251147230865
2021-09-24,17,17,0,0,1.0,0.0,0.0,17,1.0,5.74860909992747e-05,0.0004099952029170082,0.9995325187060885
2021-09-25,3,3,0,0,1.0,0.0,0.0,3,1.0,4.989902542564008e-06,2.8751964339601167e-05,0.9999662581331205
2021-09-26,5,5,0,0,1.0,0.0,0.0,5,1.0,2.7997720901292844e-06,8.195593492075606e-06,0.9999890046344163
2021-09-27,15,15,0,0,1.0,0.0,0.0,15,1.0,7.308268565728959e-05,0.00038212362640872437,0.9995447936879341
2021-09-28,12,12,0,0,1.0,0.0,0.0,12,1.0,0.00012000998049350245,0.0007536380016525166,0.9991263520178552
2021-09-29,14,14,0,0,1.0,0.0,0.0,14,1.0,8.485780162863121e-05,0.0008913910747245198,0.9990237511236467
2021-09-30,6,6,0,0,1.0,0.0,0.0,6,1.0,1.2823249275148626e-05,0.0001390024056445135,0.9998481743450794
2021-10-01,11,11,0,0,1.0,0.0,0.0,11,1.0,2.4278379464436117e-05,0.00017491170796192935,0.9998008099125734
2021-10-02,6,6,0,0,1.0,0.0,0.0,6,1.0,4.98875582597327e-05,0.00016909640416848466,0.9997810160375648
2021-10-03,6,6,0,0,1.0,0.0,0.0,6,1.0,0.0035070640292365635,0.004802385104265877,0.9916905508664987
2021-10-04,21,21,0,0,1.0,0.0,0.0,21,1.0,0.00015776334046491857,0.0012671523928745464,0.9985750842666574
2021-10-05,17,17,0,0,1.0,0.0,0.0,17,1.0,6.500711739509824e-05,0.0008630149925273437,0.9990719778900771
2021-10-06,17,17,0,0,1.0,0.0,0.0,17,1.0,0.00012867340325689976,0.0011661131421950542,0.9987052134545487
2021-10-07,18,18,0,0,1.0,0.0,0.0,18,1.0,0.000133544576580572,0.001987865806530371,0.9978785896168865
2021-10-08,8,8,0,0,1.0,0.0,0.0,8,1.0,0.0004558487909516888,0.0020961252054277407,0.9974480260036223
2021-10-09,2,2,0,0,1.0,0.0,0.0,2,1.0,1.2919909047854256e-06,9.16467574846215e-06,0.9999895433333397
2021-10-10,2,2,0,0,1.0,0.0,0.0,2,1.0,6.442006127683867e-06,1.4872378208320838e-05,0.9999786856156611
2021-10-11,18,18,0,0,1.0,0.0,0.0,18,1.0,0.00020587900964496808,0.0013641101194417598,0.9984300108709108
2021-10-12,18,18,0,0,1.0,0.0,0.0,18,1.0,4.325534526970825e-05,0.0004879816932024206,0.9994687629615299
2021-10-13,26,26,0,0,1.0,0.0,0.0,26,1.0,2.603486853630212e-05,0.0004779717391094205,0.9994959933923523
2021-10-14,23,23,0,0,1.0,0.0,0.0,23,1.0,8.299246061988732e-05,0.0006252300554668771,0.9992917774839158
2021-10-15,15,15,0,0,1.0,0.0,0.0,15,1.0,7.971151746767484e-06,0.00012983363251666872,0.9998621952157344
2021-10-16,3,3,0,0,1.0,0.0,0.0,3,1.0,1.040263077779801e-05,1.7369342179910274e-05,0.999972228027036
2021-10-17,7,7,0,0,1.0,0.0,0.0,7,1.0,1.6505061495682643e-05,7.906615105957577e-05,0.9999044287874492
2021-10-18,17,17,0,0,1.0,0.0,0.0,17,1.0,9.604176628590456e-05,0.0065898563619597285,0.9933141018717504
2021-10-19,24,24,0,0,1.0,0.0,0.0,24,1.0,0.00011146168127813061,0.0010095041501991797,0.9988790341685242
2021-10-20,10,10,0,0,1.0,0.0,0.0,10,1.0,8.078035980660356e-05,0.0007187673899502789,0.9992004522502412
2021-10-21,21,21,0,0,1.0,0.0,0.0,21,1.0,5.107326084702407e-05,0.00036776314440708976,0.9995811635947466
2021-10-22,29,29,0,0,1.0,0.0,0.0,29,1.0,5.507181138697248e-05,0.0003565646368027882,0.9995883635518099
2021-10-23,7,7,0,0,1.0,0.0,0.0,7,1.0,2.266657441848765e-05,0.00018171766499990505,0.9997956157605838
2021-10-24,7,7,0,0,1.0,0.0,0.0,7,1.0,1.606934522160758e-06,0.00012803009212961923,0.9998703629733481
2021-10-25,27,27,0,0,1.0,0.0,0.0,27,1.0,3.6723127670627895e-05,0.000306221019931558,0.9996570558523994
2021-10-26,32,32,0,0,1.0,0.0,0.0,32,1.0,3.756534582943394e-05,0.00034173346290258404,0.9996207011912671
2021-10-27,21,21,0,0,1.0,0.0,0.0,21,1.0,6.125664722618336e-05,0.0005310431389326022,0.9994077002138417
2021-10-28,29,29,0,0,1.0,0.0,0.0,29,1.0,3.7292701645115464e-05,0.00018111237887763164,0.9997815949194762
2021-10-29,50,50,0,0,1.0,0.0,0.0,50,1.0,0.0011970542317707358,0.0014431471359716533,0.9973597986322578
2021-10-30,4,4,0,0,1.0,0.0,0.0,4,1.0,3.788157165136293e-06,1.3108578828099337e-05,0.9999831032640031
2021-10-31,7,7,0,0,1.0,0.0,0.0,7,1.0,4.421363518768572e-05,0.00023198206134564521,0.9997238043034681
2021-11-01,18,18,0,0,1.0,0.0,0.0,18,1.0,4.33744896072103e-05,0.00025880918889651603,0.9996978163214989
2021-11-02,13,13,0,0,1.0,0.0,0.0,13,1.0,4.9447341387888895e-05,0.00028028613888531604,0.9996702665197268
2021-11-03,18,18,0,0,1.0,0.0,0.0,18,1.0,9.825595062575601e-05,0.0006459460767489022,0.9992557979726244
2021-11-04,27,27,0,0,1.0,0.0,0.0,27,1.0,0.0001206637375735265,0.00022955393083898856,0.9996497823315901
2021-11-05,16,16,0,0,1.0,0.0,0.0,16,1.0,4.0721101763849645e-05,0.00011327515723018195,0.9998460037410073
2021-11-06,8,8,0,0,1.0,0.0,0.0,8,1.0,3.0049966653655616e-05,0.0001089886983679131,0.9998609613349791
2021-11-07,11,11,0,0,1.0,0.0,0.0,11,1.0,8.49419444756051e-05,0.00026357731484119616,0.999651480740684
2021-11-08,13,13,0,0,1.0,0.0,0.0,13,1.0,5.4645016334398104e-05,0.0002780236418643773,0.999667331341802
2021-11-09,10,10,0,0,1.0,0.0,0.0,10,1.0,4.3466954755534636e-05,0.0003616749359822764,0.999594858109262
2021-11-10,20,20,0,0,1.0,0.0,0.0,20,1.0,5.998915895538488e-05,0.0007387609782635218,0.9992012498627831
2021-11-11,20,20,0,0,1.0,0.0,0.0,20,1.0,4.73420508421348e-05,0.0001489043838459556,0.99980375356531
2021-11-12,19,19,0,0,1.0,0.0,0.0,19,1.0,4.8022460343097316e-05,0.00030434442871399173,0.9996476331109431
2021-11-13,6,6,0,0,1.0,0.0,0.0,6,1.0,2.3404325915587904e-06,1.2065496020815393e-05,0.9999855940713854
2021-11-14,6,6,0,0,1.0,0.0,0.0,6,1.0,2.436761294316999e-05,0.0002034825534000356,0.9997721498336555
2021-11-15,17,17,0,0,1.0,0.0,0.0,17,1.0,0.0001402142515272349,0.0008890819063863866,0.9989707038420844
2021-11-16,15,15,0,0,1.0,0.0,0.0,15,1.0,3.2645450733101515e-05,0.0001939735876456502,0.9997733809616192
2021-11-17,21,21,0,0,1.0,0.0,0.0,21,1.0,0.00017249694719460558,0.0011692506244849606,0.9986582524283211
2021-11-18,13,13,0,0,1.0,0.0,0.0,13,1.0,3.090194514305095e-05,0.00019448380662009744,0.9997746142482347
2021-11-19,27,27,0,0,1.0,0.0,0.0,27,1.0,2.0798617165400094e-05,0.00014217283172653376,0.9998370285511072
2021-11-20,3,3,0,0,1.0,0.0,0.0,3,1.0,1.6377658894974329e-06,5.8368620293879404e-06,0.9999925253720784
2021-11-21,6,6,0,0,1.0,0.0,0.0,6,1.0,8.950181194089625e-06,9.580058685782442e-05,0.9998952492319502
2021-11-22,13,13,0,0,1.0,0.0,0.0,13,1.0,7.066773627602111e-05,0.0004336083131359233,0.9994957239505867
2021-11-23,14,14,0,0,1.0,0.0,0.0,14,1.0,6.398099003422525e-05,0.0004434406171071755,0.9994925783928584
2021-11-24,13,13,0,0,1.0,0.0,0.0,13,1.0,2.689896337905382e-05,0.00017236241577488928,0.999800738620848
2021-11-25,5,5,0,0,1.0,0.0,0.0,5,1.0,4.8657972213615764e-05,0.00036492488277296094,0.9995864171450121
2021-11-26,14,14,0,0,1.0,0.0,0.0,14,1.0,0.00026919399586736555,0.001166695646103811,0.998564110358027
2021-11-27,1,1,0,0,1.0,0.0,0.0,1,1.0,7.249697022198774e-05,0.0007501143514259469,0.9991773886783506
2021-11-28,5,5,0,0,1.0,0.0,0.0,5,1.0,7.774780317187761e-05,0.0008064183182803842,0.999115833878547
2021-11-29,19,19,0,0,1.0,0.0,0.0,19,1.0,9.401409515656087e-05,0.0005743805267573709,0.9993316053780884
2021-11-30,13,13,0,0,1.0,0.0,0.0,13,1.0,6.164789908122377e-05,0.00040900634872105784,0.9995293457521975
2021-12-01,19,19,0,0,1.0,0.0,0.0,19,1.0,3.171695076142124e-05,0.00031052520615523104,0.999657757843085
2021-12-02,25,25,0,0,1.0,0.0,0.0,25,1.0,7.54430490932605e-05,0.0008374408714456635,0.9990871160794615
2021-12-03,16,16,0,0,1.0,0.0,0.0,16,1.0,2.203413287166134e-05,0.00021690355359414563,0.9997610623135337
2021-12-04,2,2,0,0,1.0,0.0,0.0,2,1.0,1.3026611163832693e-06,1.4736979630693879e-05,0.9999839603592551
2021-12-05,5,5,0,0,1.0,0.0,0.0,5,1.0,6.420879106104092e-05,0.00013795456801777908,0.9997978366409246
2021-12-06,14,14,0,0,1.0,0.0,0.0,14,1.0,2.3503162761521642e-05,0.00018052237562239662,0.9997959744616136
2021-12-07,20,20,0,0,1.0,0.0,0.0,20,1.0,7.314889297851084e-05,0.0005781836077989081,0.999348667499223
2021-12-08,23,23,0,0,1.0,0.0,0.0,23,1.0,0.000269825895671723,0.0019050002082385154,0.9978251738960899
2021-12-09,15,15,0,0,1.0,0.0,0.0,15,1.0,2.5301762281800525e-05,0.00020646950085261422,0.999768228736865
2021-12-10,12,12,0,0,1.0,0.0,0.0,12,1.0,2.234256011452507e-05,0.00028822752900409384,0.9996894299108869
2021-12-11,7,7,0,0,1.0,0.0,0.0,7,1.0,2.137946957117716e-05,5.848341361595243e-05,0.9999201371168139
2021-12-12,3,3,0,0,1.0,0.0,0.0,3,1.0,1.3359191870106174e-06,1.6575555292127004e-05,0.9999820885255216
2021-12-13,25,25,0,0,1.0,0.0,0.0,25,1.0,5.5302543079790496e-05,0.00022799166239535288,0.9997167057945255
2021-12-14,20,20,0,0,1.0,0.0,0.0,20,1.0,5.544816223603274e-05,0.0002973501149797199,0.999647201722785
2021-12-15,23,23,0,0,1.0,0.0,0.0,23,1.0,0.00011661154726768802,0.0009901981586671034,0.9988931902940652
2021-12-16,24,24,0,0,1.0,0.0,0.0,24,1.0,6.91252293996792e-05,0.000923846550544266,0.9990070282200564
2021-12-17,22,22,0,0,1.0,0.0,0.0,22,1.0,7.835333501535023e-05,0.00021677722747381106,0.9997048694375125
2021-12-18,3,3,0,0,1.0,0.0,0.0,3,1.0,2.0811773793167716e-05,4.321681747211915e-05,0.999935971408734
2021-12-19,3,3,0,0,1.0,0.0,0.0,3,1.0,4.275271269545539e-06,5.499482283823302e-05,0.9999407299058958
2021-12-20,17,17,0,0,1.0,0.0,0.0,17,1.0,7.33495438795811e-05,0.0005413696807826341,0.9993852807753375
2021-12-21,17,17,0,0,1.0,0.0,0.0,17,1.0,2.390979655782594e-05,0.0002273881228006025,0.9997487020806431
2021-12-22,15,15,0,0,1.0,0.0,0.0,15,1.0,2.5810000302852766e-05,0.000153698556063502,0.9998204914436336
2021-12-23,25,25,0,0,1.0,0.0,0.0,25,1.0,5.7294095840471956e-05,0.00044466569942541506,0.9994980402047332
2021-12-24,5,5,0,0,1.0,0.0,0.0,5,1.0,0.0006386559115992017,0.013050277056938526,0.986311067031461
2021-12-26,5,5,0,0,1.0,0.0,0.0,5,1.0,6.236112942172261e-06,2.6604429627852325e-05,0.9999671594574302
2021-12-27,18,18,0,0,1.0,0.0,0.0,18,1.0,9.455160222244648e-05,0.000513042229967814,0.9993924061678086
2021-12-28,23,23,0,0,1.0,0.0,0.0,23,1.0,2.6942152408984735e-05,0.0002241380205937271,0.9997489198269968
2021-12-29,13,13,0,0,1.0,0.0,0.0,13,1.0,1.824741486204602e-05,0.0001222829832259313,0.9998594696019126
2021-12-30,16,16,0,0,1.0,0.0,0.0,16,1.0,6.776914639969568e-05,0.0004631020266837926,0.9994691288269133
2021-12-31,14,14,0,0,1.0,0.0,0.0,14,1.0,1.4392490481712356e-05,8.844590843964855e-05,0.9998971616010789
2022-01-01,4,4,0,0,1.0,0.0,0.0,4,1.0,7.221074543007306e-07,1.5729318159555884e-06,0.9999977049607367
2022-01-02,3,3,0,0,1.0,0.0,0.0,3,1.0,1.398676843298652e-06,8.217588122440228e-06,0.9999903837350366
2022-01-03,23,23,0,0,1.0,0.0,0.0,23,1.0,0.00025529694426947947,0.0013617473770284895,0.9983829556787025
2022-01-04,19,19,0,0,1.0,0.0,0.0,19,1.0,6.531793764950846e-05,0.0008460761696264933,0.9990886058927231
2022-01-05,18,18,0,0,1.0,0.0,0.0,18,1.0,2.1428281470196684e-05,0.00016020866941654429,0.9998183630491122
2022-01-06,15,15,0,0,1.0,0.0,0.0,15,1.0,7.4193873063978336e-06,6.35591942296914e-05,0.9999290214184653
2022-01-07,25,25,0,0,1.0,0.0,0.0,25,1.0,2.7569261128277336e-05,0.00022929910126470599,0.9997431316376053
2022-01-08,6,6,0,0,1.0,0.0,0.0,6,1.0,1.8469578309410705e-06,7.128475157036854e-06,0.9999910245670124
2022-01-09,6,6,0,0,1.0,0.0,0.0,6,1.0,5.44942031999347e-06,5.3698947423465615e-05,0.9999408516322599
2022-01-10,16,16,0,0,1.0,0.0,0.0,16,1.0,1.9077924946287836e-05,0.00019231825132159632,0.9997886038237334
2022-01-11,19,19,0,0,1.0,0.0,0.0,19,1.0,9.044069685217065e-05,0.0008417542191726337,0.999067805083977
2022-01-12,24,24,0,0,1.0,0.0,0.0,24,1.0,1.7790142479096183e-05,0.00021458263870532805,0.9997676272188171
2022-01-13,26,26,0,0,1.0,0.0,0.0,26,1.0,2.6217173198441466e-05,0.00018219999127371973,0.9997915828355288
2022-01-14,22,22,0,0,1.0,0.0,0.0,22,1.0,5.0827972250812004e-05,0.000284780436445517,0.9996643915913027
2022-01-15,5,5,0,0,1.0,0.0,0.0,5,1.0,0.00021645304864671014,0.005087329732121103,0.9946962172192354
2022-01-16,3,3,0,0,1.0,0.0,0.0,3,1.0,1.3481618746669986e-05,2.6842166710979915e-05,0.9999596762145447
2022-01-17,12,12,0,0,1.0,0.0,0.0,12,1.0,0.00015114037689494716,0.002984566186970818,0.996864293436135
2022-01-18,29,29,0,0,1.0,0.0,0.0,29,1.0,1.592847999763661e-05,0.00013906955230747438,0.9998450019676944
2022-01-19,28,28,0,0,1.0,0.0,0.0,28,1.0,1.610041031925641e-05,0.00017145823693692617,0.9998124413527446
2022-01-20,24,24,0,0,1.0,0.0,0.0,24,1.0,1.1194652037601085e-05,9.932390842321802e-05,0.9998894814395388
2022-01-21,34,34,0,0,1.0,0.0,0.0,34,1.0,0.00043325318138141356,0.0006884091898712414,0.9988783376287464
2022-01-22,3,3,0,0,1.0,0.0,0.0,3,1.0,4.801336636393432e-07,2.2036059971591135e-06,0.9999973162603398
2022-01-23,6,6,0,0,1.0,0.0,0.0,6,1.0,4.2715288527967435e-06,6.722569314680991e-05,0.9999285027779986
2022-01-24,37,37,0,0,1.0,0.0,0.0,37,1.0,5.519928867100947e-05,0.0006332083872582414,0.9993115923240707
2022-01-25,27,27,0,0,1.0,0.0,0.0,27,1.0,1.6774617793201903e-05,0.0001665688249664157,0.9998166565572404
2022-01-26,33,33,0,0,1.0,0.0,0.0,33,1.0,3.330548581258339e-05,0.000408872263619481,0.9995578222505684
2022-01-27,27,27,0,0,1.0,0.0,0.0,27,1.0,7.35897134158077e-05,0.0003888302200773151,0.9995375800665058
2022-01-28,37,37,0,0,1.0,0.0,0.0,37,1.0,8.396639907990819e-06,9.675091325628113e-05,0.9998948524468361
2022-01-29,5,5,0,0,1.0,0.0,0.0,5,1.0,1.4908490374562175e-05,4.647027100379988e-05,0.9999386212386183
2022-01-30,4,4,0,0,1.0,0.0,0.0,4,1.0,6.033065779653551e-07,3.8002379841701433e-06,0.9999955964554387
2022-01-31,32,32,0,0,1.0,0.0,0.0,32,1.0,9.184988885490089e-05,0.0005759285816809091,0.9993322215294662
2022-02-01,22,22,0,0,1.0,0.0,0.0,22,1.0,4.5823934762378306e-05,0.00021614111595768623,0.9997380349492779
2022-02-02,31,31,0,0,1.0,0.0,0.0,31,1.0,2.1956868309285745e-05,0.0001286192151009317,0.9998494239165892
2022-02-03,29,29,0,0,1.0,0.0,0.0,29,1.0,1.9654007496606558e-05,8.171964282132909e-05,0.999898626349683
2022-02-04,20,20,0,0,1.0,0.0,0.0,20,1.0,8.30786105570072e-05,0.0005978517932565071,0.9993190695961867
2022-02-05,5,5,0,0,1.0,0.0,0.0,5,1.0,1.2693233957405712e-06,4.890518942343491e-06,0.9999938401576605
2022-02-06,6,6,0,0,1.0,0.0,0.0,6,1.0,1.8672950406599826e-06,3.1857160767051896e-05,0.9999662755441933
2022-02-07,29,29,0,0,1.0,0.0,0.0,29,1.0,0.00016067775543388067,0.0010012592544128007,0.9988380629901535
2022-02-08,34,34,0,0,1.0,0.0,0.0,34,1.0,5.4206646294065095e-05,0.0004755308082167099,0.9994702625454887
2022-02-09,28,28,0,0,1.0,0.0,0.0,28,1.0,2.428954848082961e-05,0.00015258388994564002,0.9998231265615741
2022-02-10,28,28,0,0,1.0,0.0,0.0,28,1.0,2.1218199559677976e-05,4.63124384719632e-05,0.9999324693619694
2022-02-11,26,26,0,0,1.0,0.0,0.0,26,1.0,4.910957765751363e-05,0.00021201885616686054,0.9997388715661739
2022-02-12,6,6,0,0,1.0,0.0,0.0,6,1.0,1.516812102346285e-05,0.0001603986264493202,0.9998244332525251
2022-02-13,3,3,0,0,1.0,0.0,0.0,3,1.0,3.50955598935514e-05,0.000198788495689566,0.9997661159444156
2022-02-14,29,29,0,0,1.0,0.0,0.0,29,1.0,5.578575728485696e-05,0.0010533841765503291,0.9988908300661641
2022-02-15,24,24,0,0,1.0,0.0,0.0,24,1.0,9.901855723462481e-05,0.00027672668014943263,0.9996242547626153
2022-02-16,29,29,0,0,1.0,0.0,0.0,29,1.0,3.7210424776429245e-05,0.0003882001213814637,0.9995745894538409
2022-02-17,24,24,0,0,1.0,0.0,0.0,24,1.0,0.00015216881943449844,0.00043553524334856864,0.9994122959372165
2022-02-18,18,18,0,0,1.0,0.0,0.0,18,1.0,9.256567747995833e-06,4.6294811673414665e-05,0.9999444486205804
2022-02-19,4,4,0,0,1.0,0.0,0.0,4,1.0,2.4292183882476582e-06,1.4716621488670409e-05,0.9999828541601203
2022-02-20,5,5,0,0,1.0,0.0,0.0,5,1.0,2.9914483333589223e-06,1.262590481666163e-05,0.9999843826468542
2022-02-21,5,5,0,0,1.0,0.0,0.0,5,1.0,0.000352514078645712,0.008256254607701555,0.9913912313136584
2022-02-22,26,26,0,0,1.0,0.0,0.0,26,1.0,6.56676242325905e-05,0.0006980687926412688,0.999236263583125
2022-02-23,23,23,0,0,1.0,0.0,0.0,23,1.0,3.658083768443152e-05,0.00017572623668307948,0.9997876929256301
2022-02-24,20,20,0,0,1.0,0.0,0.0,20,1.0,3.3517028236608125e-05,0.0003404895145034145,0.9996259934572619
2022-02-25,26,26,0,0,1.0,0.0,0.0,26,1.0,2.398131986820579e-05,0.00016254786840568227,0.9998134708117268
2022-02-26,2,2,0,0,1.0,0.0,0.0,2,1.0,1.7611530673416358e-06,5.636078703779698e-06,0.9999926027682333
2022-02-27,6,6,0,0,1.0,0.0,0.0,6,1.0,0.00010742712425725456,0.0008216916176195492,0.999070881258127
2022-02-28,17,17,0,0,1.0,0.0,0.0,17,1.0,0.0001588767494996294,0.0029415790694136807,0.9968995441810881
2022-03-01,25,25,0,0,1.0,0.0,0.0,25,1.0,0.00023149417538389543,0.0010502488466559068,0.998718256977961
2022-03-02,37,37,0,0,1.0,0.0,0.0,37,1.0,0.0003531449518939029,0.0012711284227222195,0.9983757266253857
2022-03-03,25,25,0,0,1.0,0.0,0.0,25,1.0,0.00010741541064309658,0.0005770746321709527,0.9993155099571857
2022-03-04,13,13,0,0,1.0,0.0,0.0,13,1.0,4.279103562455762e-05,0.0004227049693609144,0.9995345039950106
2022-03-05,1,1,0,0,1.0,0.0,0.0,1,1.0,4.745451325699493e-07,3.2442317271517313e-06,0.9999962812231413
2022-03-06,4,4,0,0,1.0,0.0,0.0,4,1.0,1.7186845309296997e-05,4.680877803614906e-05,0.9999360043766562
2022-03-07,20,20,0,0,1.0,0.0,0.0,20,1.0,4.71103523584768e-05,0.00037303677469818124,0.999579852872943
2022-03-08,28,28,0,0,1.0,0.0,0.0,28,1.0,0.00019126008405808667,0.0005417439940171082,0.9992669959219249
2022-03-09,31,31,0,0,1.0,0.0,0.0,31,1.0,1.0879639828018147e-05,5.23412153657474e-05,0.9999367791448059
2022-03-10,28,28,0,0,1.0,0.0,0.0,28,1.0,0.00019934239245693856,0.0011233706382389208,0.9986772869693014
2022-03-11,31,31,0,0,1.0,0.0,0.0,31,1.0,2.8503799882069422e-05,7.352061598180319e-05,0.9998979755841368
2022-03-12,6,6,0,0,1.0,0.0,0.0,6,1.0,4.124232652137554e-06,1.3792898032095353e-05,0.9999820828693194
2022-03-13,4,4,0,0,1.0,0.0,0.0,4,1.0,6.699460059012155e-06,1.661414712261838e-05,0.9999766863928172
2022-03-14,24,24,0,0,1.0,0.0,0.0,24,1.0,2.7625233782280722e-05,0.00017779343286045254,0.9997945813333566
2022-03-15,29,29,0,0,1.0,0.0,0.0,29,1.0,3.543318654260098e-05,0.0002630994763825637,0.9997014673370735
2022-03-16,17,17,0,0,1.0,0.0,0.0,17,1.0,5.499085770837904e-06,4.2719990342955865e-05,0.9999517809238857
2022-03-17,30,30,0,0,1.0,0.0,0.0,30,1.0,5.771479880113143e-05,0.0003176925065235915,0.9996245926946757
2022-03-18,29,29,0,0,1.0,0.0,0.0,29,1.0,1.2511739237595804e-05,0.00010658625550151763,0.999880902005263
2022-03-19,5,5,0,0,1.0,0.0,0.0,5,1.0,6.279670405442325e-06,4.3650022466461895e-05,0.9999500703071291
2022-03-20,6,6,0,0,1.0,0.0,0.0,6,1.0,1.3615179791954828e-06,5.68862206124167e-06,0.9999929498599524
2022-03-21,24,24,0,0,1.0,0.0,0.0,24,1.0,1.3147940579216387e-05,0.00011390119360363647,0.9998729508658188
2022-03-22,248,248,0,0,1.0,0.0,0.0,248,1.0,6.155816439161019e-06,3.7280328420342586e-05,0.999956563855141
2022-03-23,16,16,0,0,1.0,0.0,0.0,16,1.0,3.452149897392552e-05,0.0004604282041951569,0.9995050502968337
2022-03-24,33,33,0,0,1.0,0.0,0.0,33,1.0,3.225920109031752e-05,0.0004594517148892538,0.9995082890840201
2022-03-25,23,23,0,0,1.0,0.0,0.0,23,1.0,0.00010985541562186525,0.0013172409685852566,0.9985729036157924
2022-03-26,3,3,0,0,1.0,0.0,0.0,3,1.0,2.0508973904770084e-07,1.3559548603078435e-06,0.9999984389554014
2022-03-27,4,4,0,0,1.0,0.0,0.0,4,1.0,0.0009089278442974961,0.005516115802676955,0.9935749563530223
2022-03-28,33,33,0,0,1.0,0.0,0.0,33,1.0,0.00018970779108477275,0.0012964239073212738,0.9985138683015952
2022-03-29,26,26,0,0,1.0,0.0,0.0,26,1.0,0.0007508649326433165,0.0010607471408723957,0.998188387926484
2022-03-30,34,34,0,0,1.0,0.0,0.0,34,1.0,2.1911122737999323e-05,0.00012936729533968765,0.9998487215819232
2022-03-31,24,24,0,0,1.0,0.0,0.0,24,1.0,0.0001327098050865588,0.0007680942514503016,0.999099195943464
2022-04-01,41,41,0,0,1.0,0.0,0.0,41,1.0,7.64419409670805e-05,0.00031047259067001085,0.9996130854683631
2022-04-02,8,8,0,0,1.0,0.0,0.0,8,1.0,2.4806269938691377e-05,0.00011769564581024197,0.9998574980842531
2022-04-03,6,6,0,0,1.0,0.0,0.0,6,1.0,0.003497699076982889,0.005064127734477526,0.9914381731885392
2022-04-04,21,21,0,0,1.0,0.0,0.0,21,1.0,1.656141714672209e-05,0.00011338514064001748,0.9998700534422132
2022-04-05,16,16,0,0,1.0,0.0,0.0,16,1.0,4.09791096054363e-05,0.00023730530149398935,0.9997217155889037
2022-04-06,18,18,0,0,1.0,0.0,0.0,18,1.0,9.327521387956256e-05,0.0007340283009353,0.9991726964851851
2022-04-07,29,29,0,0,1.0,0.0,0.0,29,1.0,4.4762046823494764e-05,0.0003432124414740089,0.9996120255117025
2022-04-08,25,25,0,0,1.0,0.0,0.0,25,1.0,8.620862744503294e-06,8.178344560437096e-05,0.9999095956916522
2022-04-09,2,2,0,0,1.0,0.0,0.0,2,1.0,4.75433575882197e-06,1.798863145021962e-05,0.9999772570327946
2022-04-10,3,3,0,0,1.0,0.0,0.0,3,1.0,2.0267326161034314e-06,9.54261877876525e-06,0.9999884306486012
2022-04-11,22,22,0,0,1.0,0.0,0.0,22,1.0,8.846646815671109e-05,0.0007437880243956978,0.9991677455074481
2022-04-12,25,25,0,0,1.0,0.0,0.0,25,1.0,1.8384025377483642e-05,0.00012522005678602008,0.9998563959178377
2022-04-13,26,26,0,0,1.0,0.0,0.0,26,1.0,6.994310374758603e-05,0.0003261228963367952,0.9996039339999162
2022-04-14,24,24,0,0,1.0,0.0,0.0,24,1.0,3.233800301530928e-05,0.0005508764881872154,0.9994167855087994
2022-04-15,6,6,0,0,1.0,0.0,0.0,6,1.0,0.000407767439489058,0.002353894109861907,0.9972383384506505
2022-04-17,5,5,0,0,1.0,0.0,0.0,5,1.0,2.2488079906059243e-05,0.00036416433062711633,0.9996133475894684
2022-04-18,25,25,0,0,1.0,0.0,0.0,25,1.0,3.9767184818098224e-05,0.00018090106556751555,0.999779331749614
2022-04-19,26,26,0,0,1.0,0.0,0.0,26,1.0,4.2907381080889e-05,0.00037299401479899246,0.9995840986041166
2022-04-20,21,21,0,0,1.0,0.0,0.0,21,1.0,0.0002811428398348328,0.0011310313488101635,0.9985878258113553
2022-04-21,34,34,0,0,1.0,0.0,0.0,34,1.0,5.7397254102262783e-05,0.0004101160001503534,0.9995324867457479
2022-04-22,29,29,0,0,1.0,0.0,0.0,29,1.0,1.1226932250620742e-05,6.189994824790657e-05,0.9999268731194999
2022-04-23,5,5,0,0,1.0,0.0,0.0,5,1.0,3.424247661980202e-06,2.5928018793512793e-05,0.9999706477335435
2022-04-24,7,7,0,0,1.0,0.0,0.0,7,1.0,1.480847771221431e-06,1.259850789820053e-05,0.9999859206443328
2022-04-25,39,39,0,0,1.0,0.0,0.0,39,1.0,1.4137964157961013e-05,8.204329683558508e-05,0.9999038187390068
2022-04-26,28,28,0,0,1.0,0.0,0.0,28,1.0,3.074463110522978e-05,0.00020670672211035003,0.9997625486467844
2022-04-27,35,35,0,0,1.0,0.0,0.0,35,1.0,7.03947519713152e-05,0.0001590915767038559,0.9997705136713261
2022-04-28,39,39,0,0,1.0,0.0,0.0,39,1.0,2.335740764330994e-05,8.830504407829358e-05,0.9998883375482785
2022-04-29,39,39,0,0,1.0,0.0,0.0,39,1.0,1.1437812414512227e-05,0.00011472344936225272,0.9998738387382234
2022-04-30,6,6,0,0,1.0,0.0,0.0,6,1.0,8.735955799404824e-06,3.2064298164660534e-05,0.9999591997460358
2022-05-01,3,3,0,0,1.0,0.0,0.0,3,1.0,2.3446935715701004e-06,7.124006325642773e-06,0.9999905313001101
2022-05-02,33,33,0,0,1.0,0.0,0.0,33,1.0,4.623946988803177e-05,0.00031503576771994764,0.9996387247623926
2022-05-03,26,26,0,0,1.0,0.0,0.0,26,1.0,0.00013246245627429538,0.0005419250851101787,0.9993256124586127
2022-05-04,20,20,0,0,1.0,0.0,0.0,20,1.0,0.00010060343816515437,0.000912146102430725,0.9989872504594036
2022-05-05,30,30,0,0,1.0,0.0,0.0,30,1.0,0.00032249564347746907,0.0007330163749121019,0.9989444879816118
2022-05-06,22,22,0,0,1.0,0.0,0.0,22,1.0,0.00011201831833273036,0.00032996473548844735,0.9995580169461801
2022-05-07,8,8,0,0,1.0,0.0,0.0,8,1.0,0.013396879911303335,0.00790333711792643,0.9786997829707708
2022-05-08,5,5,0,0,1.0,0.0,0.0,5,1.0,0.00018597130109421916,0.0006016888594445179,0.9992123398394612
2022-05-09,26,26,0,0,1.0,0.0,0.0,26,1.0,1.6593853806810106e-05,6.0496061516458924e-05,0.999922910084676
2022-05-10,24,24,0,0,1.0,0.0,0.0,24,1.0,0.006859812921100523,0.004653639250644487,0.9884865478282556
2022-05-11,30,30,0,0,1.0,0.0,0.0,30,1.0,2.383492641255116e-05,9.719434372810874e-05,0.999878970729861
2022-05-12,34,34,0,0,1.0,0.0,0.0,34,1.0,0.002139587426326397,0.0015668610398777653,0.9962935515337934
2022-05-13,27,27,0,0,1.0,0.0,0.0,27,1.0,3.6418965232021985e-05,0.00010861255053804367,0.9998549684842305
2022-05-14,3,3,0,0,1.0,0.0,0.0,3,1.0,1.339324400384112e-06,2.5141922583355607e-06,0.9999961464833412
2022-05-15,3,3,0,0,1.0,0.0,0.0,3,1.0,2.143704914175505e-06,1.5227408346064705e-05,0.9999826288867378
2022-05-16,25,25,0,0,1.0,0.0,0.0,25,1.0,4.4299001065767704e-05,0.00020126766013801991,0.999754433338795
2022-05-17,24,24,0,0,1.0,0.0,0.0,24,1.0,1.4724215431626656e-05,8.084279197396626e-05,0.9999044329925951
2022-05-18,30,30,0,0,1.0,0.0,0.0,30,1.0,3.304809163086717e-05,0.0001341293404340517,0.9998328225679346
2022-05-19,31,31,0,0,1.0,0.0,0.0,31,1.0,2.847183289789318e-05,0.00019019022931784915,0.999781337937786
2022-05-20,26,26,0,0,1.0,0.0,0.0,26,1.0,8.07465387379059e-05,0.000485415665487099,0.9994338377957733
2022-05-21,6,6,0,0,1.0,0.0,0.0,6,1.0,1.4584039980547844e-06,7.699303349722346e-06,0.999990842292649
2022-05-22,4,4,0,0,1.0,0.0,0.0,4,1.0,1.5210769264522201e-05,3.541616194845285e-05,0.9999493730687895
2022-05-23,24,24,0,0,1.0,0.0,0.0,24,1.0,7.28376620154546e-05,0.0003132969908217585,0.9996138653471635
2022-05-24,30,30,0,0,1.0,0.0,0.0,30,1.0,3.0697608576597205e-05,0.00024268959712496287,0.9997266127942995
2022-05-25,23,23,0,0,1.0,0.0,0.0,23,1.0,2.028750575720651e-05,0.00021566314121752305,0.9997640493530244
2022-05-26,26,26,0,0,1.0,0.0,0.0,26,1.0,7.962207670890563e-05,0.0002818795132748757,0.9996384984100157
2022-05-27,16,16,0,0,1.0,0.0,0.0,16,1.0,3.514546300409707e-05,0.0003456394313025147,0.9996192151056941
2022-05-28,2,2,0,0,1.0,0.0,0.0,2,1.0,2.8938591061980753e-06,7.142137527529631e-06,0.9999899640033645
2022-05-29,6,6,0,0,1.0,0.0,0.0,6,1.0,7.477402337159099e-07,6.096813374425829e-06,0.9999931554463916
2022-05-30,10,10,0,0,1.0,0.0,0.0,10,1.0,1.611164091481817e-05,2.8418188686657314e-05,0.9999554701703988
2022-05-31,20,20,0,0,1.0,0.0,0.0,20,1.0,4.918151300022539e-05,0.00010772726550314923,0.9998430912214962
2022-06-01,18,18,0,0,1.0,0.0,0.0,18,1.0,2.1898411180503114e-05,0.0001297684214577601,0.999848333167362
2022-06-02,18,18,0,0,1.0,0.0,0.0,18,1.0,0.00034713203849893657,0.0020939511462409067,0.9975589168152607
2022-06-03,28,28,0,0,1.0,0.0,0.0,28,1.0,4.3506283668528235e-05,0.00023909345190716537,0.9997174002644265
2022-06-04,2,2,0,0,1.0,0.0,0.0,2,1.0,3.272578584779599e-06,9.233430098520529e-06,0.9999874939913195
2022-06-05,6,6,0,0,1.0,0.0,0.0,6,1.0,1.776887993379959e-05,4.43479477917728e-05,0.9999378831722731
2022-06-06,30,30,0,0,1.0,0.0,0.0,30,1.0,8.582728872795697e-05,0.010289968971917746,0.9896242037393553
2022-06-07,33,33,0,0,1.0,0.0,0.0,33,1.0,0.00015841283254325103,0.0022145407325508413,0.9976270464349052
2022-06-08,35,35,0,0,1.0,0.0,0.0,35,1.0,0.00015085566501568402,0.0009471211093440217,0.9989020232256411
2022-06-09,42,42,0,0,1.0,0.0,0.0,42,1.0,2.1364560860535353e-05,0.00036121102636393535,0.9996174244127752
2022-06-10,31,31,0,0,1.0,0.0,0.0,31,1.0,4.6657650754367104e-05,0.0005945181333884968,0.9993588242158569
2022-06-11,7,7,0,0,1.0,0.0,0.0,7,1.0,0.012617040937199753,0.00966915967195702,0.9777137993908409
2022-06-12,7,7,0,0,1.0,0.0,0.0,7,1.0,2.9229336489077255e-06,2.7500197635488417e-05,0.9999695768687177
2022-06-13,26,26,0,0,1.0,0.0,0.0,26,1.0,5.2184734957317946e-05,0.00033277614770722233,0.9996150391173351
2022-06-14,22,22,0,0,1.0,0.0,0.0,22,1.0,5.560849552566429e-05,0.0005997583067625617,0.9993446331977132
2022-06-15,30,30,0,0,1.0,0.0,0.0,30,1.0,9.073606262554596e-05,0.001034078267026853,0.998875185670347
2022-06-16,26,26,0,0,1.0,0.0,0.0,26,1.0,9.43289947893336e-06,6.695667710176179e-05,0.9999236104234216
2022-06-17,32,32,0,0,1.0,0.0,0.0,32,1.0,7.889243769109038e-05,0.0006808438418417428,0.9992402637204674
2022-06-18,4,4,0,0,1.0,0.0,0.0,4,1.0,5.564165124112556e-06,2.5299887450555618e-05,0.999969135947422
2022-06-19,5,5,0,0,1.0,0.0,0.0,5,1.0,1.511208198789075e-06,4.93419246587242e-06,0.9999935545993306
2022-06-20,14,14,0,0,1.0,0.0,0.0,14,1.0,0.0002022809048888618,0.0009159913837805348,0.9988817277113312
2022-06-21,30,30,0,0,1.0,0.0,0.0,30,1.0,0.00011001625038748203,0.0003495592270901683,0.9995404245225237
2022-06-22,21,21,0,0,1.0,0.0,0.0,21,1.0,3.500292894265721e-05,0.00044917821243537837,0.9995158188586218
2022-06-23,33,33,0,0,1.0,0.0,0.0,33,1.0,0.00012448034377888432,0.0007836094200322589,0.999091910236189
2022-06-24,23,23,0,0,1.0,0.0,0.0,23,1.0,9.226080348710595e-05,0.0005405697199601054,0.9993671694765531
2022-06-25,5,5,0,0,1.0,0.0,0.0,5,1.0,3.4447600992054112e-06,1.831647760293359e-05,0.9999782387622986
2022-06-26,9,9,0,0,1.0,0.0,0.0,9,1.0,0.0002522539455906331,0.0009593445950052375,0.9987884014594047
2022-06-27,25,25,0,0,1.0,0.0,0.0,25,1.0,0.0002654553485150179,0.0011696665030107621,0.9985648781484752
2022-06-28,24,24,0,0,1.0,0.0,0.0,24,1.0,0.00018139260969528035,0.000875410747585759,0.9989431966427196
2022-06-29,36,36,0,0,1.0,0.0,0.0,36,1.0,0.00015788528200115861,0.0009106677754473368,0.9989314469425514
2022-06-30,38,38,0,0,1.0,0.0,0.0,38,1.0,0.00018480902614672495,0.0016947416983262894,0.9981204492755265
2022-07-01,30,30,0,0,1.0,0.0,0.0,30,1.0,5.641611945501002e-05,0.0003173000946633055,0.9996262837858827
2022-07-02,10,10,0,0,1.0,0.0,0.0,10,1.0,9.307383858843282e-06,3.946951611201849e-05,0.9999512231000287
2022-07-03,4,4,0,0,1.0,0.0,0.0,4,1.0,0.004116331516116509,0.006413136333477648,0.9894705321504084
2022-07-04,9,9,0,0,1.0,0.0,0.0,9,1.0,1.3891356369114488e-05,0.0001752124500728791,0.999810896193558
2022-07-05,16,16,0,0,1.0,0.0,0.0,16,1.0,0.001018208662998837,0.0020939813753095733,0.9968878099616925
2022-07-06,23,23,0,0,1.0,0.0,0.0,23,1.0,0.00026017068444685135,0.0013488405272280447,0.9983909887883277
2022-07-07,20,20,0,0,1.0,0.0,0.0,20,1.0,4.051659268283033e-05,0.00027747547356013035,0.9996820079337574
2022-07-08,9,9,0,0,1.0,0.0,0.0,9,1.0,4.192491730430344e-05,0.0003744748765021944,0.9995836002061925
2022-07-09,4,4,0,0,1.0,0.0,0.0,4,1.0,5.819779113349855e-05,0.0002682340708150685,0.9996735681380544
2022-07-10,3,3,0,0,1.0,0.0,0.0,3,1.0,7.93934943923955e-06,7.553357783997979e-05,0.9999165270727205
2022-07-11,17,17,0,0,1.0,0.0,0.0,17,1.0,2.4610152210950258e-05,0.00023381820565600997,0.999741571642133
2022-07-12,32,32,0,0,1.0,0.0,0.0,32,1.0,0.00012261865536554017,0.001436583345217784,0.9984407979994148
2022-07-13,24,24,0,0,1.0,0.0,0.0,24,1.0,0.00010333155010168865,0.0004771581596704104,0.9994195102902279
2022-07-14,32,32,0,0,1.0,0.0,0.0,32,1.0,3.3243294871148786e-05,0.00023237269326948024,0.9997343840118603
2022-07-15,24,24,0,0,1.0,0.0,0.0,24,1.0,0.00015946164054661158,0.0007115993025397361,0.9991289390569126
2022-07-17,8,8,0,0,1.0,0.0,0.0,8,1.0,4.351100058312219e-05,0.00011774586713053389,0.9998387431322892
2022-07-18,33,33,0,0,1.0,0.0,0.0,33,1.0,0.00020211271963290313,0.0012049298184932736,0.9985929574618737
2022-07-19,51,51,0,0,1.0,0.0,0.0,51,1.0,6.803904656415804e-05,0.0006910677455028205,0.999240893207933
2022-07-20,33,33,0,0,1.0,0.0,0.0,33,1.0,0.0001227548758909221,0.0006078227406884554,0.9992694223834213
2022-07-21,28,28,0,0,1.0,0.0,0.0,28,1.0,4.590297477372481e-05,0.0005759914041656539,0.9993781056210629
2022-07-22,45,45,0,0,1.0,0.0,0.0,45,1.0,0.00010092777453890494,0.0005940182256040682,0.999305053999856
2022-07-23,4,4,0,0,1.0,0.0,0.0,4,1.0,3.343834614734309e-07,3.329456910486627e-06,0.9999963361596275
2022-07-24,14,14,0,0,1.0,0.0,0.0,14,1.0,7.594561878010628e-06,0.00010568330097268079,0.9998867221371482
2022-07-25,52,52,0,0,1.0,0.0,0.0,52,1.0,2.9410441158768263e-05,0.0002060505061229163,0.9997645390527194
2022-07-26,30,30,0,0,1.0,0.0,0.0,30,1.0,3.869277980408787e-05,0.0003751820753656657,0.9995861251448328
2022-07-27,36,36,0,0,1.0,0.0,0.0,36,1.0,5.8316204399706533e-05,0.0005805262020886878,0.9993611575935127
2022-07-28,44,44,0,0,1.0,0.0,0.0,44,1.0,0.00013496375994734758,0.0007433087126998056,0.999121727527352
2022-07-29,45,45,0,0,1.0,0.0,0.0,45,1.0,1.8119942205029804e-05,0.00017521771240420797,0.9998066623453901
2022-07-30,3,3,0,0,1.0,0.0,0.0,3,1.0,2.668821011787742e-06,2.193873389852048e-05,0.9999753924450886
2022-07-31,5,5,0,0,1.0,0.0,0.0,5,1.0,1.5227941715088205e-05,0.00010755726826098061,0.9998772147900274
2022-08-01,31,31,0,0,1.0,0.0,0.0,31,1.0,7.569133649006853e-05,0.0004373227686605631,0.9994869858948489
2022-08-02,16,16,0,0,1.0,0.0,0.0,16,1.0,3.1151241813779945e-05,0.00016387995179805397,0.9998049688063873
2022-08-03,33,33,0,0,1.0,0.0,0.0,33,1.0,0.0018465228821426059,0.0017474112846730327,0.9964060658331846
2022-08-04,28,28,0,0,1.0,0.0,0.0,28,1.0,8.268128329435022e-05,0.0005448085363709402,0.9993725101803321
2022-08-05,16,16,0,0,1.0,0.0,0.0,16,1.0,0.0002549580468100819,0.0010421302873513585,0.9987029116658396
2022-08-06,14,14,0,0,1.0,0.0,0.0,14,1.0,2.958566936342556e-05,0.00023538233271470257,0.9997350319979226
2022-08-07,8,8,0,0,1.0,0.0,0.0,8,1.0,1.7795694731655506e-05,5.039359212774785e-05,0.999931810713137
2022-08-08,18,18,0,0,1.0,0.0,0.0,18,1.0,1.7731298091861464e-05,0.00016498850098894914,0.9998172802009176
2022-08-09,29,29,0,0,1.0,0.0,0.0,29,1.0,0.00021005926317790432,0.0021166212325104757,0.997673319504311
2022-08-10,30,30,0,0,1.0,0.0,0.0,30,1.0,2.12449557724187e-05,0.00017205602037890057,0.9998066990238479
2022-08-11,20,20,0,0,1.0,0.0,0.0,20,1.0,3.20798779822963e-05,0.00013019306538735785,0.9998377270566285
2022-08-12,23,23,0,0,1.0,0.0,0.0,23,1.0,0.0007708404667415663,0.0016886948513629748,0.9975404646818954
2022-08-13,5,5,0,0,1.0,0.0,0.0,5,1.0,8.772889448164614e-06,3.901047326485987e-05,0.9999522166372845
2022-08-14,5,5,0,0,1.0,0.0,0.0,5,1.0,0.00027195280667693207,0.0012499619328301872,0.9984780852604931
2022-08-15,29,29,0,0,1.0,0.0,0.0,29,1.0,0.00021191229968036787,0.0005736187581310511,0.9992144689421885
2022-08-16,19,19,0,0,1.0,0.0,0.0,19,1.0,4.351057890397945e-05,0.0004520138979165395,0.9995044755231781
2022-08-17,23,23,0,0,1.0,0.0,0.0,23,1.0,0.00029365323342606066,0.0032736951770871068,0.9964326515894861
2022-08-18,20,20,0,0,1.0,0.0,0.0,20,1.0,0.00015827015323454486,0.0013730011138423724,0.9984687287329234
2022-08-19,26,26,0,0,1.0,0.0,0.0,26,1.0,9.877419912118098e-05,0.001670340471782774,0.9982308853290965
2022-08-20,8,8,0,0,1.0,0.0,0.0,8,1.0,0.007157973513821341,0.008457560110001965,0.984384466376173
2022-08-21,10,10,0,0,1.0,0.0,0.0,10,1.0,9.03997159215947e-05,0.00018316143480720556,0.9997264388492715
2022-08-22,23,23,0,0,1.0,0.0,0.0,23,1.0,0.00046156964463909574,0.002562521273730647,0.9969759090816273
2022-08-23,27,27,0,0,1.0,0.0,0.0,27,1.0,0.0002013631798828434,0.00121524531378145,0.9985833915063346
2022-08-24,16,16,0,0,1.0,0.0,0.0,16,1.0,8.33244597646068e-05,0.0013314802368420051,0.9985851953033947
2022-08-25,18,18,0,0,1.0,0.0,0.0,18,1.0,7.818254495530074e-05,0.00047401266501123835,0.9994478047900343
2022-08-26,28,28,0,0,1.0,0.0,0.0,28,1.0,0.00026686961386662906,0.000933949190678551,0.9987991811954532
2022-08-27,6,6,0,0,1.0,0.0,0.0,6,1.0,3.799806563857779e-05,5.433381240720953e-05,0.9999076681219542
2022-08-28,6,6,0,0,1.0,0.0,0.0,6,1.0,2.2646199403745065e-06,8.431039760403875e-06,0.9999893043402986
2022-08-29,31,31,0,0,1.0,0.0,0.0,31,1.0,7.03472964633098e-05,0.00041546813702747655,0.9995141845665078
2022-08-30,20,20,0,0,1.0,0.0,0.0,20,1.0,0.00011534996050242392,0.0006968590523931803,0.9991877909871055
2022-08-31,26,26,0,0,1.0,0.0,0.0,26,1.0,0.0003014979031851165,0.002756992242452914,0.9969415098543617
2022-09-01,26,26,0,0,1.0,0.0,0.0,26,1.0,1.3610929857253575e-05,0.00017325579504999397,0.9998131332750926
2022-09-02,18,18,0,0,1.0,0.0,0.0,18,1.0,0.0004451404766175998,0.004509330863054716,0.9950455286603277
2022-09-03,4,4,0,0,1.0,0.0,0.0,4,1.0,1.8354102274723064e-05,5.2867166776863425e-05,0.999928778730951
2022-09-04,3,3,0,0,1.0,0.0,0.0,3,1.0,0.004813897368910831,0.0062905692064973845,0.9888955334245927
2022-09-05,8,8,0,0,1.0,0.0,0.0,8,1.0,0.00012809071656684717,0.002658680011696599,0.9972132292717373
2022-09-06,30,30,0,0,1.0,0.0,0.0,30,1.0,0.00011215014455945618,0.000983659246473944,0.9989041906089652
2022-09-07,32,32,0,0,1.0,0.0,0.0,32,1.0,0.00013715048719715184,0.002170096851755168,0.9976927526610484
2022-09-08,28,28,0,0,1.0,0.0,0.0,28,1.0,6.899410456208028e-05,0.0009052359972972653,0.9990257698981411
2022-09-09,30,30,0,0,1.0,0.0,0.0,30,1.0,0.0001281318957870217,0.0013773096614495435,0.9984945584427628
2022-09-10,4,4,0,0,1.0,0.0,0.0,4,1.0,3.580394061556285e-05,0.00018788620262929042,0.999776309856754
2022-09-11,3,3,0,0,1.0,0.0,0.0,3,1.0,1.335694717559013e-05,0.00023840029580659368,0.9997482427570178
2022-09-12,21,21,0,0,1.0,0.0,0.0,21,1.0,0.00014140864476524408,0.0020712076310318117,0.9977873837242038
2022-09-13,35,35,0,0,1.0,0.0,0.0,35,1.0,0.00013958148612237825,0.0010547208034224335,0.9988056977104552
2022-09-14,32,32,0,0,1.0,0.0,0.0,32,1.0,7.752807158919912e-05,0.0006006675925383297,0.9993218043358738
2022-09-15,23,23,0,0,1.0,0.0,0.0,23,1.0,5.9919128516765454e-05,0.0005185600033571459,0.9994215208681286
2022-09-16,15,15,0,0,1.0,0.0,0.0,15,1.0,0.0003734554724088463,0.0010038363076863642,0.9986227082199074
2022-09-17,8,8,0,0,1.0,0.0,0.0,8,1.0,0.00013996867308390594,0.0029148908346755538,0.9969451404922396
2022-09-18,3,3,0,0,1.0,0.0,0.0,3,1.0,4.583076663997168e-06,2.4080722583991343e-05,0.9999713362007555
2022-09-19,25,25,0,0,1.0,0.0,0.0,25,1.0,6.186757321831993e-05,0.0005850403557759891,0.9993530920710074
2022-09-20,23,23,0,0,1.0,0.0,0.0,23,1.0,3.231824563892043e-05,0.00024081530564276518,0.9997268664487163
2022-09-21,19,19,0,0,1.0,0.0,0.0,19,1.0,5.802408418326004e-05,0.0006369798705945747,0.9993049960452227
2022-09-22,34,34,0,0,1.0,0.0,0.0,34,1.0,3.621335783277179e-05,0.00024082964275869422,0.9997229569994088
2022-09-23,24,24,0,0,1.0,0.0,0.0,24,1.0,0.0010685551755295925,0.002462130343399221,0.9964693144810691
2022-09-24,2,2,0,0,1.0,0.0,0.0,2,1.0,0.00024789238763447453,0.0007043710977606998,0.9990477365146055
2022-09-25,5,5,0,0,1.0,0.0,0.0,5,1.0,1.9414806067727493e-05,0.000123544596457774,0.9998570405974754
2022-09-26,34,34,0,0,1.0,0.0,0.0,34,1.0,5.098351019945349e-05,0.0005294945704356025,0.9994195219193638
2022-09-27,30,30,0,0,1.0,0.0,0.0,30,1.0,8.354809935619212e-05,0.0009267804603913623,0.998989671440253
2022-09-28,40,40,0,0,1.0,0.0,0.0,40,1.0,7.741936833210807e-05,0.0008395446675789157,0.9990830359640874
2022-09-29,35,35,0,0,1.0,0.0,0.0,35,1.0,8.302603643044188e-05,0.00047320066195284243,0.9994437733016154
2022-09-30,22,22,0,0,1.0,0.0,0.0,22,1.0,0.0002675546835769649,0.004465018917880861,0.9952674263985412
2022-10-01,6,6,0,0,1.0,0.0,0.0,6,1.0,8.83702915730845e-05,0.000167627732531617,0.999744001975893
2022-10-02,7,7,0,0,1.0,0.0,0.0,7,1.0,1.0677796615056731e-06,6.157767783881107e-06,0.9999927744525534
2022-10-03,29,29,0,0,1.0,0.0,0.0,29,1.0,0.00027327200125649157,0.0017396149248515235,0.9979871130738933
2022-10-04,36,36,0,0,1.0,0.0,0.0,36,1.0,0.0001586610682883792,0.0012359194232095423,0.9986054195085029
2022-10-05,30,30,0,0,1.0,0.0,0.0,30,1.0,0.0001521929487240753,0.0010052236119003782,0.9988425834393742
2022-10-06,19,19,0,0,1.0,0.0,0.0,19,1.0,0.00029796152697175824,0.002092457692637079,0.9976095807803912
2022-10-07,19,19,0,0,1.0,0.0,0.0,19,1.0,7.73588625451991e-05,0.0005670321797128606,0.9993556089577421
2022-10-08,11,11,0,0,1.0,0.0,0.0,11,1.0,0.00012688196224890444,0.0006802694155136965,0.9991928486222346
2022-10-09,3,3,0,0,1.0,0.0,0.0,3,1.0,5.850793169532416e-06,1.656700060757322e-05,0.9999775822062252
2022-10-10,18,18,0,0,1.0,0.0,0.0,18,1.0,0.00011944208462501179,0.0007835239002068751,0.9990970340151679
2022-10-11,20,20,0,0,1.0,0.0,0.0,20,1.0,1.5851933632980366e-05,0.00039636780472924137,0.9995877802616399
2022-10-12,23,23,0,0,1.0,0.0,0.0,23,1.0,3.946466265663013e-05,0.000799167495872624,0.9991613678414712
2022-10-13,25,25,0,0,1.0,0.0,0.0,25,1.0,0.00010293658209725022,0.0014798636576682273,0.9984171997602347
2022-10-14,15,15,0,0,1.0,0.0,0.0,15,1.0,6.427248242779516e-05,0.0003050784026595424,0.999630649114911
2022-10-15,8,8,0,0,1.0,0.0,0.0,8,1.0,0.0007174321404164629,0.0015415250998060913,0.997741042759777
2022-10-16,6,6,0,0,1.0,0.0,0.0,6,1.0,7.200205949465745e-06,2.3129165148284132e-05,0.9999696706288996
2022-10-17,30,30,0,0,1.0,0.0,0.0,30,1.0,0.0001310483034565381,0.0014417635536775333,0.9984271881428662
2022-10-18,26,26,0,0,1.0,0.0,0.0,26,1.0,0.0001001327608775255,0.004482015903043952,0.9954178513360787
2022-10-19,16,16,0,0,1.0,0.0,0.0,16,1.0,0.00011077343430616643,0.0007042545128625366,0.9991849720528316
2022-10-20,24,24,0,0,1.0,0.0,0.0,24,1.0,0.00011407871736266881,0.0006583713528212838,0.9992275499298158
2022-10-21,28,28,0,0,1.0,0.0,0.0,28,1.0,3.3728323498729594e-05,0.0002579767564113913,0.9997082949200872
2022-10-22,4,4,0,0,1.0,0.0,0.0,4,1.0,7.900430890708237e-05,0.00011137148160181274,0.9998096242094892
2022-10-23,6,6,0,0,1.0,0.0,0.0,6,1.0,3.9069025430115445e-06,7.730122949075894e-05,0.9999187918679642
2022-10-24,32,32,0,0,1.0,0.0,0.0,32,1.0,1.2922351799501296e-05,0.00014870090404318304,0.999838376744157
2022-10-25,41,41,0,0,1.0,0.0,0.0,41,1.0,5.087146764604298e-05,0.0003083925153147448,0.9996407360170397
2022-10-26,27,27,0,0,1.0,0.0,0.0,27,1.0,3.274272678184845e-05,0.0003812581034789375,0.9995859991697384
2022-10-27,42,42,0,0,1.0,0.0,0.0,42,1.0,4.151365366383937e-05,0.000521474021717633,0.9994370123246176
2022-10-28,39,39,0,0,1.0,0.0,0.0,39,1.0,3.513642356279847e-05,0.00025210481329533994,0.9997127587631434
2022-10-29,9,9,0,0,1.0,0.0,0.0,9,1.0,6.554623464858927e-05,0.00016802247720206645,0.9997664312881471
2022-10-30,4,4,0,0,1.0,0.0,0.0,4,1.0,0.0012568832161401595,0.003932986752751715,0.9948101300311053
2022-10-31,34,34,0,0,1.0,0.0,0.0,34,1.0,0.0003033075128898617,0.0009854034866781918,0.9987112890004316
2022-11-01,25,25,0,0,1.0,0.0,0.0,25,1.0,0.00023868560462937173,0.0008891684699993492,0.9988721459253681
2022-11-02,25,25,0,0,1.0,0.0,0.0,25,1.0,0.00027312019491859837,0.0009274120491688084,0.9987994677559122
2022-11-03,28,28,0,0,1.0,0.0,0.0,28,1.0,2.580927619880645e-05,0.00017342468716859466,0.999800766036632
2022-11-04,16,16,0,0,1.0,0.0,0.0,16,1.0,4.8011346142384976e-05,0.0006410559950271948,0.9993109326588276
2022-11-05,11,11,0,0,1.0,0.0,0.0,11,1.0,0.004821772237068699,0.0059301845253733445,0.9892480432375595
2022-11-06,8,8,0,0,1.0,0.0,0.0,8,1.0,6.10849561464364e-05,0.000664625823515542,0.9992742892203386
2022-11-07,27,27,0,0,1.0,0.0,0.0,27,1.0,8.285258024248031e-05,0.00048671489783204527,0.9994304325219252
2022-11-08,28,28,0,0,1.0,0.0,0.0,28,1.0,4.357472061465525e-05,0.00029503258239033364,0.999661392696997
2022-11-09,28,28,0,0,1.0,0.0,0.0,28,1.0,0.00022641744035680148,0.001046839038610408,0.998726743521033
2022-11-10,31,31,0,0,1.0,0.0,0.0,31,1.0,0.00010854510953156037,0.0003345918605906451,0.9995568630298766
2022-11-11,26,26,0,0,1.0,0.0,0.0,26,1.0,0.0001113134840864779,0.0005689123270031079,0.99931977418891
2022-11-12,4,4,0,0,1.0,0.0,0.0,4,1.0,8.0958240949868e-05,0.000722566595732658,0.9991964751633176
2022-11-13,5,5,0,0,1.0,0.0,0.0,5,1.0,6.8658522366592844e-06,3.487463713019385e-05,0.999958259510629
2022-11-14,24,24,0,0,1.0,0.0,0.0,24,1.0,0.00035484999913064016,0.00247029479543481,0.9971748552054324
2022-11-15,21,21,0,0,1.0,0.0,0.0,21,1.0,0.00010785279058340294,0.0006296297182923237,0.9992625174911237
2022-11-16,17,17,0,0,1.0,0.0,0.0,17,1.0,5.489222855240875e-05,0.0006333056758932806,0.9993118020955575
2022-11-17,22,22,0,0,1.0,0.0,0.0,22,1.0,0.00010787242504724133,0.000875369956073721,0.9990167576188805
2022-11-18,26,26,0,0,1.0,0.0,0.0,26,1.0,0.0002865410719604081,0.00179856754405448,0.9979148913839857
2022-11-19,7,7,0,0,1.0,0.0,0.0,7,1.0,3.1931462277393188e-06,9.669137736587169e-06,0.9999871377160353
2022-11-20,8,8,0,0,1.0,0.0,0.0,8,1.0,9.222316911117376e-05,0.0003742906863153848,0.9995334861445739
2022-11-21,18,18,0,0,1.0,0.0,0.0,18,1.0,3.138753049849726e-05,8.518868131376604e-05,0.9998834237881868
2022-11-22,23,23,0,0,1.0,0.0,0.0,23,1.0,0.0002071943691097515,0.0009918992425175523,0.9988009063883716
2022-11-23,22,22,0,0,1.0,0.0,0.0,22,1.0,0.0002585339186621113,0.0018324377995519272,0.9979090282817832
2022-11-24,8,8,0,0,1.0,0.0,0.0,8,1.0,0.00045060355575449044,0.003315568143176852,0.9962338283010672
2022-11-25,25,25,0,0,1.0,0.0,0.0,25,1.0,3.793681566278484e-05,0.0002807292645144444,0.9996813339198232
2022-11-26,4,4,0,0,1.0,0.0,0.0,4,1.0,0.00011617624778045191,0.00014376290525883057,0.9997400608469625
2022-11-27,1,1,0,0,1.0,0.0,0.0,1,1.0,1.1674437438168447e-06,3.4830918405699505e-06,0.9999953494644125
2022-11-28,40,40,0,0,1.0,0.0,0.0,40,1.0,0.0002614852083023078,0.0014868519168959077,0.9982516628748026
2022-11-29,35,35,0,0,1.0,0.0,0.0,35,1.0,0.00012772194424956232,0.0010179670497210867,0.9988543110060302
2022-11-30,26,26,0,0,1.0,0.0,0.0,26,1.0,0.0002101815115295516,0.0012156334374720833,0.9985741850509982
2022-12-01,29,29,0,0,1.0,0.0,0.0,29,1.0,6.410944961731185e-05,0.0003004839648388842,0.9996354065855404
2022-12-02,33,33,0,0,1.0,0.0,0.0,33,1.0,0.00011177820274108714,0.0004309088385131,0.9994573129587446
2022-12-03,5,5,0,0,1.0,0.0,0.0,5,1.0,8.590625455964982e-05,0.00014835487171362108,0.9997657388737231
2022-12-04,11,11,0,0,1.0,0.0,0.0,11,1.0,0.001412445389653295,0.0022407428102037747,0.9963468118001437
2022-12-05,25,25,0,0,1.0,0.0,0.0,25,1.0,0.00015225096271596637,0.0008062561130694205,0.9990414929242172
2022-12-06,27,27,0,0,1.0,0.0,0.0,27,1.0,0.000316699127289197,0.0013236115930293012,0.9983596892796809
2022-12-07,32,32,0,0,1.0,0.0,0.0,32,1.0,0.00011554410075118794,0.0012112535552185207,0.9986732023440315
2022-12-08,31,31,0,0,1.0,0.0,0.0,31,1.0,9.928525343520703e-05,0.0006109015584318989,0.999289813188133
2022-12-09,17,17,0,0,1.0,0.0,0.0,17,1.0,9.72507981816021e-05,0.001193349653127953,0.9987093995486913
2022-12-10,5,5,0,0,1.0,0.0,0.0,5,1.0,5.9295016991972486e-05,0.0020128389432523272,0.9979278660397535
2022-12-11,8,8,0,0,1.0,0.0,0.0,8,1.0,8.081469348309203e-06,0.0001445213878202889,0.9998473971428319
2022-12-12,20,20,0,0,1.0,0.0,0.0,20,1.0,9.330752753029736e-05,0.0008013110111978695,0.9991053814612721
2022-12-13,17,17,0,0,1.0,0.0,0.0,17,1.0,7.041764454481967e-05,0.0007328774295519607,0.9991967049259043
2022-12-14,15,15,0,0,1.0,0.0,0.0,15,1.0,0.00017429049700490429,0.0010565854565690973,0.9987691240464263
2022-12-15,29,29,0,0,1.0,0.0,0.0,29,1.0,2.476780399812131e-05,0.00023123139056125183,0.999744000805441
2022-12-16,22,22,0,0,1.0,0.0,0.0,22,1.0,0.0001037432933937247,0.0011313436014101998,0.9987649131051998
2022-12-17,6,6,0,0,1.0,0.0,0.0,6,1.0,4.452271236679928e-06,3.0075718936930716e-05,0.9999654720098256
2022-12-18,8,8,0,0,1.0,0.0,0.0,8,1.0,0.00011648084345223524,0.001095401010814635,0.9987881181457321
2022-12-19,19,19,0,0,1.0,0.0,0.0,19,1.0,7.680253747005897e-05,0.0005833289244589246,0.9993398685380723
2022-12-20,18,18,0,0,1.0,0.0,0.0,18,1.0,3.629086839857538e-05,0.00025439404343442616,0.999709315088167
2022-12-21,19,19,0,0,1.0,0.0,0.0,19,1.0,3.6929239917577584e-05,0.0003442199554750162,0.9996188508046057
2022-12-22,22,22,0,0,1.0,0.0,0.0,22,1.0,0.0003486101196293233,0.0015032653578004416,0.9981481245225704
2022-12-23,19,19,0,0,1.0,0.0,0.0,19,1.0,0.004648378365984654,0.005691615246871402,0.9896600063871441
2022-12-24,5,5,0,0,1.0,0.0,0.0,5,1.0,5.563996877755687e-05,0.0001348858525871296,0.9998094741786365
2022-12-25,5,5,0,0,1.0,0.0,0.0,5,1.0,1.5217476276404523e-06,8.941549215701187e-06,0.999989536703152
2022-12-26,7,7,0,0,1.0,0.0,0.0,7,1.0,2.5825253602966536e-05,0.00030358723412518047,0.9996705875122761
2022-12-27,26,26,0,0,1.0,0.0,0.0,26,1.0,0.0002835130688065864,0.0011672477752197328,0.9985492391559745
2022-12-28,28,28,0,0,1.0,0.0,0.0,28,1.0,0.00016259446348097054,0.000361737219795484,0.9994756683167242
2022-12-29,27,27,0,0,1.0,0.0,0.0,27,1.0,0.0008845520609549036,0.0009176546213089291,0.9981977933177364
2022-12-30,25,25,0,0,1.0,0.0,0.0,25,1.0,2.0125917022090297e-05,0.00012318627909319404,0.9998566878038843
2022-12-31,7,7,0,0,1.0,0.0,0.0,7,1.0,7.4726311492638995e-06,2.9837376451191074e-05,0.9999626899924011
2023-01-01,4,4,0,0,1.0,0.0,0.0,4,1.0,2.117437542356871e-05,2.9640534978910714e-05,0.9999491850895968
2023-01-02,12,12,0,0,1.0,0.0,0.0,12,1.0,0.0002669962908312193,0.0010513967620506771,0.9986816069471165
2023-01-03,38,38,0,0,1.0,0.0,0.0,38,1.0,5.297890506534795e-05,0.00039469616328609736,0.9995523249316467
2023-01-04,30,30,0,0,1.0,0.0,0.0,30,1.0,9.38232467594871e-05,0.0009004628613369928,0.9990057138919045
2023-01-05,25,25,0,0,1.0,0.0,0.0,25,1.0,0.0016512133969590458,0.0021971854455161196,0.9961516011575243
2023-01-06,25,25,0,0,1.0,0.0,0.0,25,1.0,5.665094839248801e-05,0.00014286074007368492,0.9998004883115363
2023-01-07,8,8,0,0,1.0,0.0,0.0,8,1.0,0.0007627063568571235,0.0010473106759293503,0.9981899829672112
2023-01-08,5,5,0,0,1.0,0.0,0.0,5,1.0,1.475208736743178e-06,3.82917020151883e-06,0.9999946956210574
2023-01-09,28,28,0,0,1.0,0.0,0.0,28,1.0,0.00023209931526310882,0.0006865650135011622,0.9990813356712371
2023-01-10,25,25,0,0,1.0,0.0,0.0,25,1.0,9.746698756880049e-05,0.0010590138367319907,0.9988435191756995
2023-01-11,27,27,0,0,1.0,0.0,0.0,27,1.0,0.0003266978361529676,0.0021196064323187706,0.997553695731527
2023-01-12,26,26,0,0,1.0,0.0,0.0,26,1.0,0.0012575870965451836,0.004673216801741509,0.9940691961017124
2023-01-13,22,22,0,0,1.0,0.0,0.0,22,1.0,0.00015654164700003103,0.000851130524283903,0.9989923278287164
2023-01-14,9,9,0,0,1.0,0.0,0.0,9,1.0,1.613175046948144e-05,5.015582032948968e-05,0.9999337124292048
2023-01-15,6,6,0,0,1.0,0.0,0.0,6,1.0,3.0156485192656845e-06,1.2738710982743122e-05,0.9999842456404928
2023-01-16,18,18,0,0,1.0,0.0,0.0,18,1.0,0.00010706103989916046,0.0005247720167146125,0.999368166943384
2023-01-17,24,24,0,0,1.0,0.0,0.0,24,1.0,0.00015208950703367977,0.008084752125982296,0.9917631583669859
2023-01-18,28,28,0,0,1.0,0.0,0.0,28,1.0,5.658338833043656e-05,0.00042426132315681196,0.9995191552885119
2023-01-19,23,23,0,0,1.0,0.0,0.0,23,1.0,7.998135214944264e-05,0.000697780708345658,0.9992222379395047
2023-01-20,25,25,0,0,1.0,0.0,0.0,25,1.0,0.0003177312265369272,0.002129740445573531,0.9975525283278884
2023-01-21,11,11,0,0,1.0,0.0,0.0,11,1.0,1.747312761903887e-05,3.968909334650497e-05,0.9999428377790331
2023-01-22,10,10,0,0,1.0,0.0,0.0,10,1.0,2.2078562852540775e-06,2.3427265311839072e-05,0.9999743648784027
2023-01-23,32,32,0,0,1.0,0.0,0.0,32,1.0,4.893969040809073e-05,0.000488727596232457,0.9994623327133607
2023-01-24,30,30,0,0,1.0,0.0,0.0,30,1.0,7.05519218771119e-05,0.00028894744066970717,0.9996405006374521
2023-01-25,25,25,0,0,1.0,0.0,0.0,25,1.0,6.708162980715893e-05,0.00019358651770398416,0.9997393318524881
2023-01-26,29,29,0,0,1.0,0.0,0.0,29,1.0,7.656640868979523e-05,0.0007651906245636442,0.999158242966748
2023-01-27,17,17,0,0,1.0,0.0,0.0,17,1.0,2.4734580907276787e-05,0.0003213843830094075,0.9996538810360855
2023-01-28,4,4,0,0,1.0,0.0,0.0,4,1.0,2.3583925383373954e-05,5.289679584644298e-05,0.9999235192787665
2023-01-29,12,12,0,0,1.0,0.0,0.0,12,1.0,2.623123724413483e-05,0.0002795349801397554,0.9996942337826179
2023-01-30,39,39,0,0,1.0,0.0,0.0,39,1.0,2.6175831218185993e-05,0.00021666172168256515,0.9997571624470993
2023-01-31,46,46,0,0,1.0,0.0,0.0,46,1.0,0.00016821540260213524,0.000940955862684428,0.9988908287347135
2023-02-01,35,35,0,0,1.0,0.0,0.0,35,1.0,2.4314314406927344e-05,0.00020953867910581935,0.9997661470064866
2023-02-02,49,49,0,0,1.0,0.0,0.0,49,1.0,0.00015828324496393363,0.0009874703444458387,0.9988542464105908
2023-02-03,53,53,0,0,1.0,0.0,0.0,53,1.0,5.201056604496708e-05,0.00029965084906609466,0.9996483385848886
2023-02-04,4,4,0,0,1.0,0.0,0.0,4,1.0,0.005931257022064735,0.005279938933691287,0.9887888040442481
2023-02-05,7,7,0,0,1.0,0.0,0.0,7,1.0,7.892859839977906e-05,0.0013195686348943766,0.9986015027667031
2023-02-06,35,35,0,0,1.0,0.0,0.0,35,1.0,0.00010008794017669264,0.0006604303136033385,0.9992394817462212
2023-02-07,30,30,0,0,1.0,0.0,0.0,30,1.0,0.00011632939224755569,0.0008281967959038892,0.9990554738118474
2023-02-08,26,26,0,0,1.0,0.0,0.0,26,1.0,0.00012390111781719802,0.0010948277654463077,0.9987812711167388
2023-02-09,23,23,0,0,1.0,0.0,0.0,23,1.0,0.0002748767492992757,0.0009817862038606444,0.9987433370468399
2023-02-10,22,22,0,0,1.0,0.0,0.0,22,1.0,0.00015190750762137414,0.0007066875780316387,0.9991414049143486
2023-02-11,6,6,0,0,1.0,0.0,0.0,6,1.0,1.8664929151551987e-06,1.1570845190681146e-05,0.9999865626618921
2023-02-12,6,6,0,0,1.0,0.0,0.0,6,1.0,2.0611213936961883e-06,1.6891555212856174e-05,0.9999810473233918
2023-02-13,23,23,0,0,1.0,0.0,0.0,23,1.0,9.721131950644492e-05,0.0005061790315039006,0.9993966096489908
2023-02-14,25,25,0,0,1.0,0.0,0.0,25,1.0,3.4745577054127796e-05,0.00025011450479326373,0.9997151399181518
2023-02-15,21,21,0,0,1.0,0.0,0.0,21,1.0,0.0001027958216744016,0.0006285219131360655,0.9992686822651871
2023-02-16,13,13,0,0,1.0,0.0,0.0,13,1.0,8.413844044086927e-05,0.0008103436642505241,0.9991055178953062
2023-02-17,20,20,0,0,1.0,0.0,0.0,20,1.0,0.0001127520911122175,0.000615901382237545,0.99927134652665
2023-02-18,5,5,0,0,1.0,0.0,0.0,5,1.0,4.686944409887622e-05,0.0001002418210726953,0.9998528887348218
2023-02-19,12,12,0,0,1.0,0.0,0.0,12,1.0,0.00017163875943395496,0.000829279250098606,0.9989990819904699
2023-02-20,11,11,0,0,1.0,0.0,0.0,11,1.0,0.0002560377375306093,0.0008309051806600808,0.9989130570818058
2023-02-21,23,23,0,0,1.0,0.0,0.0,23,1.0,0.0005593099969354854,0.002245743910171504,0.9971949460928933
2023-02-22,18,18,0,0,1.0,0.0,0.0,18,1.0,0.007512086660436887,0.0043882510464668765,0.9880996622930949
2023-02-23,23,23,0,0,1.0,0.0,0.0,23,1.0,0.00012171851029863998,0.0009114108493937569,0.9989668706403071
2023-02-24,15,15,0,0,1.0,0.0,0.0,15,1.0,0.00012225540891372803,0.0011670780089735333,0.9987106665821133
2023-02-25,6,6,0,0,1.0,0.0,0.0,6,1.0,0.0006581853627055095,0.0009467684304110701,0.9983950462068845
2023-02-26,5,5,0,0,1.0,0.0,0.0,5,1.0,2.592568536490857e-06,1.05248267954667e-05,0.9999868826046721
2023-02-27,22,22,0,0,1.0,0.0,0.0,22,1.0,0.0001072202753931286,0.0011146957605306321,0.9987780839640771
2023-02-28,25,25,0,0,1.0,0.0,0.0,25,1.0,0.0002009424715646443,0.0017051392596086753,0.9980939182688282
2023-03-01,29,29,0,0,1.0,0.0,0.0,29,1.0,0.00014667388844614212,0.00038201430630902254,0.9994713118052445
2023-03-02,23,23,0,0,1.0,0.0,0.0,23,1.0,8.478147978512188e-05,0.0008323296646375546,0.9990828888555753
2023-03-03,28,28,0,0,1.0,0.0,0.0,28,1.0,0.00014039312972738757,0.0006680830928217802,0.9991915237774497
2023-03-04,4,4,0,0,1.0,0.0,0.0,4,1.0,0.0007343737207941844,0.0011025467317636488,0.9981630795474415
2023-03-05,10,10,0,0,1.0,0.0,0.0,10,1.0,7.839316220979157e-05,0.00028577053262104424,0.999635836305165
2023-03-06,29,29,0,0,1.0,0.0,0.0,29,1.0,4.5708969332212625e-05,0.00012180877573065519,0.9998324822549375
2023-03-07,21,21,0,0,1.0,0.0,0.0,21,1.0,0.00012528446409681691,0.0014834914479289233,0.9983912240879741
2023-03-08,11,11,0,0,1.0,0.0,0.0,11,1.0,1.8786178437809094e-05,0.00016236459834074275,0.999818849223222
2023-03-09,27,27,0,0,1.0,0.0,0.0,27,1.0,0.0001542505536741729,0.00044497613291254737,0.9994007733134133
2023-03-10,15,15,0,0,1.0,0.0,0.0,15,1.0,0.00035484972830558903,0.0017694786222518168,0.9978756716494444
2023-03-11,5,5,0,0,1.0,0.0,0.0,5,1.0,2.687342362524267e-05,5.538891578588523e-05,0.9999177376605882
2023-03-12,7,7,0,0,1.0,0.0,0.0,7,1.0,7.848881128581115e-07,1.6272676935299667e-05,0.9999829424349506
2023-03-13,20,20,0,0,1.0,0.0,0.0,20,1.0,0.00031989287590461946,0.0015805292072749674,0.9980995779168194
2023-03-14,22,22,0,0,1.0,0.0,0.0,22,1.0,0.00016099133443491518,0.0008523058818773389,0.9989867027836873
2023-03-15,17,17,0,0,1.0,0.0,0.0,17,1.0,4.07706461592819e-05,0.0004036300553068908,0.9995555992985357
2023-03-16,20,20,0,0,1.0,0.0,0.0,20,1.0,0.00017480796313711745,0.0004559465537507132,0.9993692454831118
2023-03-17,19,19,0,0,1.0,0.0,0.0,19,1.0,6.77211560714139e-05,0.00029659690140342455,0.9996356819425238
2023-03-18,7,7,0,0,1.0,0.0,0.0,7,1.0,1.31863974209148e-06,7.292311456647334e-06,0.999991389048801
2023-03-19,7,7,0,0,1.0,0.0,0.0,7,1.0,5.5685238790379756e-05,0.00015928400931618364,0.9997850307518963
2023-03-20,10,10,0,0,1.0,0.0,0.0,10,1.0,0.00011299826522800532,0.0007431947381096042,0.9991438069966634
2023-03-21,18,18,0,0,1.0,0.0,0.0,18,1.0,0.0001854809984657469,0.0004951742836509542,0.9993193447178838
2023-03-22,28,28,0,0,1.0,0.0,0.0,28,1.0,9.336154573738175e-05,0.0003160512006779097,0.999590587253585
2023-03-23,31,31,0,0,1.0,0.0,0.0,31,1.0,0.0001398948494420335,0.0006228864190954906,0.9992372187314623
2023-03-24,28,28,0,0,1.0,0.0,0.0,28,1.0,0.00026101001142493,0.0012253398705982799,0.9985136501179767
2023-03-25,4,4,0,0,1.0,0.0,0.0,4,1.0,3.0540607037399595e-06,1.4995760271586002e-05,0.9999819501790248
2023-03-26,9,9,0,0,1.0,0.0,0.0,9,1.0,0.018554170009788287,0.00870071800288024,0.9727451119873292
2023-03-27,26,26,0,0,1.0,0.0,0.0,26,1.0,0.00020967583995299815,0.0007218187052965735,0.9990685054547515
2023-03-28,29,29,0,0,1.0,0.0,0.0,29,1.0,0.00020994066838559515,0.0021486489502320952,0.9976414103813794
2023-03-29,18,18,0,0,1.0,0.0,0.0,18,1.0,7.485877571222353e-05,0.00032817062805827344,0.9995969705962318
2023-03-30,31,31,0,0,1.0,0.0,0.0,31,1.0,0.00016640469421755536,0.0007052364534691967,0.9991283588523147
2023-03-31,27,27,0,0,1.0,0.0,0.0,27,1.0,0.00021887610665360642,0.0009077675714118736,0.9988733563219347
2023-04-01,9,9,0,0,1.0,0.0,0.0,9,1.0,0.00027329448049460015,0.0006140194877168514,0.9991126860317894
2023-04-02,8,8,0,0,1.0,0.0,0.0,8,1.0,0.010292977060858651,0.011822177241327924,0.977884845697816
2023-04-03,27,27,0,0,1.0,0.0,0.0,27,1.0,0.00012608632129273566,0.0003150700271336251,0.9995588436515738
2023-04-04,30,30,0,0,1.0,0.0,0.0,30,1.0,0.00033046818816673517,0.0015148485760111455,0.9981546832358213
2023-04-05,39,39,0,0,1.0,0.0,0.0,39,1.0,5.8944701750097414e-05,0.0007577687760770988,0.9991832865221733
2023-04-06,31,31,0,0,1.0,0.0,0.0,31,1.0,0.00011531867258673743,0.00043489796396839497,0.9994497833634463
2023-04-07,6,6,0,0,1.0,0.0,0.0,6,1.0,0.00046624359236428623,0.0007486914446395238,0.9987850649629998
2023-04-08,10,10,0,0,1.0,0.0,0.0,10,1.0,0.00027690690336815295,0.004171246471766108,0.9955518466248693
2023-04-09,8,8,0,0,1.0,0.0,0.0,8,1.0,7.412519118175557e-05,0.00046146665814530963,0.9994644081506745
2023-04-10,27,27,0,0,1.0,0.0,0.0,27,1.0,0.00016697379343433177,0.000831717426386325,0.9990013087801825
2023-04-11,23,23,0,0,1.0,0.0,0.0,23,1.0,0.00025137186469860516,0.0012679409729646513,0.9984806871623363
2023-04-12,23,23,0,0,1.0,0.0,0.0,23,1.0,9.802761620919762e-05,0.0012600220986012751,0.9986419502851888
2023-04-13,38,38,0,0,1.0,0.0,0.0,38,1.0,0.0001704762657877476,0.0011799556664745176,0.9986495680677383
2023-04-14,20,20,0,0,1.0,0.0,0.0,20,1.0,2.059256616626286e-05,7.015079124670176e-05,0.9999092566425871
2023-04-15,6,6,0,0,1.0,0.0,0.0,6,1.0,7.329118440057199e-05,0.00020522549219233072,0.9997214833234077
2023-04-16,13,13,0,0,1.0,0.0,0.0,13,1.0,7.203473121106047e-06,3.945401627128493e-05,0.999953342510607
2023-04-17,30,30,0,0,1.0,0.0,0.0,30,1.0,0.00019722732386812892,0.0011472105247591056,0.9986555621513735
2023-04-18,23,23,0,0,1.0,0.0,0.0,23,1.0,0.00019424528392102984,0.0020271175964241385,0.9977786371196539
2023-04-19,21,21,0,0,1.0,0.0,0.0,21,1.0,0.00020935091024205948,0.0011237350292298595,0.99866691406053
2023-04-20,26,26,0,0,1.0,0.0,0.0,26,1.0,0.00014318047746229306,0.0005299774482822069,0.9993268420742563
2023-04-21,21,21,0,0,1.0,0.0,0.0,21,1.0,0.0001847990228170721,0.0007883561647257313,0.9990268448124553
2023-04-22,7,7,0,0,1.0,0.0,0.0,7,1.0,7.141044417305948e-05,0.0009766496294525548,0.9989519399263769
2023-04-23,9,9,0,0,1.0,0.0,0.0,9,1.0,2.9278649758930006e-06,3.3355872525421625e-05,0.9999637162624965
2023-04-24,31,31,0,0,1.0,0.0,0.0,31,1.0,0.00023236050039083598,0.0010693792321567529,0.9986982602674528
2023-04-25,29,29,0,0,1.0,0.0,0.0,29,1.0,0.00018368045588093527,0.0007834258711066643,0.9990328936730131
2023-04-26,26,26,0,0,1.0,0.0,0.0,26,1.0,0.00019535615054593053,0.0018903647735009483,0.9979142790759536
2023-04-27,22,22,0,0,1.0,0.0,0.0,22,1.0,0.00013075237662412524,0.00024793209437010155,0.9996213155290053
2023-04-28,23,23,0,0,1.0,0.0,0.0,23,1.0,0.012133422185847467,0.008655818867992637,0.9792107589461579
2023-04-29,8,8,0,0,1.0,0.0,0.0,8,1.0,3.4236134109924604e-05,9.617015382638381e-05,0.9998695937120592
2023-04-30,7,7,0,0,1.0,0.0,0.0,7,1.0,2.0528880901984794e-06,8.964868531355195e-06,0.9999889822433754
2023-05-01,28,28,0,0,1.0,0.0,0.0,28,1.0,0.0004644393686045089,0.0012675251856215633,0.998268035445772
2023-05-02,31,31,0,0,1.0,0.0,0.0,31,1.0,0.00020906312082396376,0.0008952023367226236,0.9988957345424542
2023-05-03,39,39,0,0,1.0,0.0,0.0,39,1.0,5.5713584414941015e-05,0.00035300541156227817,0.9995912810040232
2023-05-04,44,44,0,0,1.0,0.0,0.0,44,1.0,0.000187256673589376,0.0006453328970795534,0.9991674104293307
2023-05-05,68,68,0,0,1.0,0.0,0.0,68,1.0,0.0002344913027796684,0.0015602853814857733,0.9982052233157345
2023-05-06,10,10,0,0,1.0,0.0,0.0,10,1.0,4.828036522182125e-05,0.0003327371214820945,0.9996189825132953
2023-05-07,10,10,0,0,1.0,0.0,0.0,10,1.0,4.1249837418244965e-06,4.801156736854529e-05,0.9999478634488881
2023-05-08,38,38,0,0,1.0,0.0,0.0,38,1.0,0.00022031114614810073,0.0006386193872562558,0.9991410694665975
2023-05-09,42,42,0,0,1.0,0.0,0.0,42,1.0,8.406619799734506e-05,0.00019953263393239848,0.9997164011680691
2023-05-10,26,26,0,0,1.0,0.0,0.0,26,1.0,0.00014051685266098629,0.002590506529903645,0.9972689766174349
2023-05-11,21,21,0,0,1.0,0.0,0.0,21,1.0,0.00017382138971197181,0.0005613523539463578,0.9992648262563405
2023-05-12,26,26,0,0,1.0,0.0,0.0,26,1.0,0.0011758360573751662,0.002147477442665638,0.9966766864999586
2023-05-13,4,4,0,0,1.0,0.0,0.0,4,1.0,0.03371782113761573,0.029957694526369115,0.9363244843360167
2023-05-14,6,6,0,0,1.0,0.0,0.0,6,1.0,4.007566037064922e-06,1.2307046870277693e-05,0.9999836853870935
2023-05-15,22,22,0,0,1.0,0.0,0.0,22,1.0,0.0002497362873191725,0.0015326042369108658,0.9982176594757687
2023-05-16,21,21,0,0,1.0,0.0,0.0,21,1.0,0.00023337184055437395,0.0012634412626370145,0.99850318689681
2023-05-17,31,31,0,0,1.0,0.0,0.0,31,1.0,0.00019446883045805852,0.0008061389111419555,0.9989993922583981
2023-05-18,35,35,0,0,1.0,0.0,0.0,35,1.0,0.00022635109696197143,0.001000298914646998,0.9987733499883902
2023-05-19,36,36,0,0,1.0,0.0,0.0,36,1.0,0.00013995226970817443,0.0008106644348820844,0.9990493832954108
2023-05-20,4,4,0,0,1.0,0.0,0.0,4,1.0,2.150480720701209e-06,5.569076850347021e-06,0.9999922804424275
2023-05-21,11,11,0,0,1.0,0.0,0.0,11,1.0,5.329891431261641e-06,3.701513888245794e-05,0.9999576549696875
2023-05-22,30,30,0,0,1.0,0.0,0.0,30,1.0,0.00020484011371707636,0.0006166582155549902,0.999178501670731
2023-05-23,36,36,0,0,1.0,0.0,0.0,36,1.0,7.571492307720164e-05,0.0005087116992695288,0.9994155733776537
2023-05-24,27,27,0,0,1.0,0.0,0.0,27,1.0,0.0002988754093028067,0.0013156877018063065,0.998385436888892
2023-05-25,26,26,0,0,1.0,0.0,0.0,26,1.0,0.000264179142434249,0.0009609284610362916,0.99877489239653
2023-05-26,23,23,0,0,1.0,0.0,0.0,23,1.0,0.002891100941027644,0.002715302610745321,0.9943935964482281
2023-05-27,11,11,0,0,1.0,0.0,0.0,11,1.0,2.081967619481333e-05,6.707787505036974e-05,0.9999121024487553
2023-05-28,9,9,0,0,1.0,0.0,0.0,9,1.0,2.0929021990739883e-06,1.8850427176239007e-05,0.999979056670625
2023-05-29,12,12,0,0,1.0,0.0,0.0,12,1.0,0.00023603440413353717,0.00037538396511254535,0.9993885816307541
2023-05-30,28,28,0,0,1.0,0.0,0.0,28,1.0,0.00014296893829560472,0.0004943662972606465,0.9993626647644428
2023-05-31,29,29,0,0,1.0,0.0,0.0,29,1.0,0.00018079994048463954,0.0007956608123865631,0.9990235392471274
2023-06-01,36,36,0,0,1.0,0.0,0.0,36,1.0,8.924233464107589e-05,0.0005044415071501603,0.999406316158209
2023-06-02,38,38,0,0,1.0,0.0,0.0,38,1.0,0.00024881310256560197,0.0009091934277899724,0.9988419934696445
2023-06-03,7,7,0,0,1.0,0.0,0.0,7,1.0,0.0004672870408799383,0.0017578228270316632,0.9977748901320879
2023-06-04,11,11,0,0,1.0,0.0,0.0,11,1.0,0.009095351305686537,0.007607164912588491,0.983297483781729
2023-06-05,41,41,0,0,1.0,0.0,0.0,41,1.0,0.00021997397422202504,0.008062173242148087,0.9917178527836292
2023-06-06,38,38,0,0,1.0,0.0,0.0,38,1.0,0.00030496426534389157,0.007574867284235674,0.9921201684504205
2023-06-07,29,29,0,0,1.0,0.0,0.0,29,1.0,0.0002931269381191693,0.000663383009184989,0.9990434900526945
2023-06-08,33,33,0,0,1.0,0.0,0.0,33,1.0,0.0004576026541028623,0.0018814594904402128,0.9976609378554564
2023-06-09,56,56,0,0,1.0,0.0,0.0,56,1.0,0.0003945818569061898,0.000803347864427662,0.9988020702786665
2023-06-10,12,12,0,0,1.0,0.0,0.0,12,1.0,0.0006482203249064044,0.0008310469058525261,0.9985207327692392
2023-06-11,14,14,0,0,1.0,0.0,0.0,14,1.0,0.0005355310737802055,0.0007310589693316402,0.9987334099568884
2023-06-12,44,44,0,0,1.0,0.0,0.0,44,1.0,0.00024106724249653704,0.0004568307095785817,0.9993021020479248
2023-06-13,51,51,0,0,1.0,0.0,0.0,51,1.0,0.00014174219841015857,0.0002674072386164817,0.9995908505629743
2023-06-14,47,47,0,0,1.0,0.0,0.0,47,1.0,0.00034148948532206313,0.0014651754275169433,0.9981933350871595
2023-06-15,60,60,0,0,1.0,0.0,0.0,60,1.0,0.00017237079816376935,0.00041932443048765746,0.9994083047713479
2023-06-16,37,37,0,0,1.0,0.0,0.0,37,1.0,0.00031954856328475154,0.0009072693731071637,0.9987731820636062
2023-06-17,11,11,0,0,1.0,0.0,0.0,11,1.0,0.00035056310348979917,0.0017116568510021702,0.9979377800455087
2023-06-18,14,14,0,0,1.0,0.0,0.0,14,1.0,0.0005124386588028616,0.0006904615090655767,0.9987970998321362
2023-06-19,23,23,0,0,1.0,0.0,0.0,23,1.0,0.00011801968188459486,0.0007518131432458741,0.9991301671748702
2023-06-20,47,47,0,0,1.0,0.0,0.0,47,1.0,0.00024716635518410733,0.0009346311085710107,0.9988182025362444
2023-06-21,40,40,0,0,1.0,0.0,0.0,40,1.0,0.0002731485140200564,0.0008521721575548084,0.998874679328425
2023-06-22,42,42,0,0,1.0,0.0,0.0,42,1.0,0.0002650712838260296,0.0005406147201095347,0.9991943139960634
2023-06-23,41,41,0,0,1.0,0.0,0.0,41,1.0,0.00010601118120936846,0.00033228474520764133,0.9995617040735858
2023-06-24,4,4,0,0,1.0,0.0,0.0,4,1.0,0.00012899921534832397,0.0006446100024863045,0.9992263907821688
2023-06-25,15,15,0,0,1.0,0.0,0.0,15,1.0,2.823105887184323e-05,0.00010797324173115226,0.999863795699395
2023-06-26,52,52,0,0,1.0,0.0,0.0,52,1.0,0.00013759844778678287,0.0008545811996697208,0.9990078203525427
2023-06-27,44,44,0,0,1.0,0.0,0.0,44,1.0,0.00029027555620761517,0.0009696759830627077,0.9987400484607292
2023-06-28,54,54,0,0,1.0,0.0,0.0,54,1.0,0.00014483882472353602,0.00033269114506560864,0.9995224700302109
2023-06-29,63,63,0,0,1.0,0.0,0.0,63,1.0,0.0001506419125606479,0.0005303504300845761,0.9993190076573548
2023-06-30,63,63,0,0,1.0,0.0,0.0,63,1.0,0.00021791055031272655,0.00039718365684233254,0.9993849057928453
2023-07-01,8,8,0,0,1.0,0.0,0.0,8,1.0,0.00016293020765532947,0.0018040635609426795,0.9980330062314021
2023-07-02,20,20,0,0,1.0,0.0,0.0,20,1.0,0.00247371027381731,0.0019333259475854427,0.9955929637785982
2023-07-03,60,60,0,0,1.0,0.0,0.0,60,1.0,0.00024569970893695574,0.001739992896910948,0.9980143073941516
2023-07-04,32,32,0,0,1.0,0.0,0.0,32,1.0,0.0003494424344892309,0.0010484087442868388,0.9986021488212248
2023-07-05,49,49,0,0,1.0,0.0,0.0,49,1.0,0.0002553069528684384,0.0005643118325337638,0.9991803812145976
2023-07-06,51,51,0,0,1.0,0.0,0.0,51,1.0,0.00015478478329049666,0.0004631261629524847,0.9993820890537557
2023-07-07,43,43,0,0,1.0,0.0,0.0,43,1.0,7.93559884241942e-05,0.00020221876777052155,0.9997184252438043
2023-07-08,12,12,0,0,1.0,0.0,0.0,12,1.0,5.599346977849509e-05,0.0001045983493574777,0.9998394081808638
2023-07-09,12,12,0,0,1.0,0.0,0.0,12,1.0,0.00020827878004730084,0.0003549911894126701,0.9994367300305386
2023-07-10,46,46,0,0,1.0,0.0,0.0,46,1.0,0.0001281942193592687,0.0006113071096536386,0.9992604986709877
2023-07-11,49,49,0,0,1.0,0.0,0.0,49,1.0,0.00013052649618410328,0.000991026770919161,0.998878446732896
2023-07-12,43,43,0,0,1.0,0.0,0.0,43,1.0,7.716848454684433e-05,0.00021315725317042132,0.9997096742622831
2023-07-13,54,54,0,0,1.0,0.0,0.0,54,1.0,9.047800834319149e-05,0.00028962976911527615,0.9996198922225408
2023-07-14,47,47,0,0,1.0,0.0,0.0,47,1.0,6.544336599756555e-05,0.0002442039537472781,0.9996903526802542
2023-07-15,8,8,0,0,1.0,0.0,0.0,8,1.0,7.83935880178665e-05,0.000208226636282581,0.9997133797756972
2023-07-16,20,20,0,0,1.0,0.0,0.0,20,1.0,0.00012148455734826792,0.00021374561509951485,0.9996647698275547
2023-07-17,47,47,0,0,1.0,0.0,0.0,47,1.0,0.00014144503289646425,0.0008149467564929966,0.9990436082106099
2023-07-18,55,55,0,0,1.0,0.0,0.0,55,1.0,0.00035686834825926196,0.0012078153367038385,0.998435316315037
2023-07-19,38,38,0,0,1.0,0.0,0.0,38,1.0,0.00010867865649887096,0.00047733343911438605,0.9994139879043861
2023-07-20,45,45,0,0,1.0,0.0,0.0,45,1.0,7.601988315888316e-05,0.00034145417736626435,0.9995825259394753
2023-07-21,38,38,0,0,1.0,0.0,0.0,38,1.0,9.992352798915238e-05,0.00028180863613136995,0.9996182678358778
2023-07-22,7,7,0,0,1.0,0.0,0.0,7,1.0,0.00018122211606744578,0.0010593436385121975,0.9987594342454208
2023-07-23,9,9,0,0,1.0,0.0,0.0,9,1.0,0.00026271661218479377,0.0004317342527644307,0.999305549135051
2023-07-24,54,54,0,0,1.0,0.0,0.0,54,1.0,7.574667574799089e-05,0.0009626303956145959,0.9989616229286369
2023-07-25,46,46,0,0,1.0,0.0,0.0,46,1.0,0.0001035233382023873,0.0005644664893117762,0.9993320101724856
2023-07-26,47,47,0,0,1.0,0.0,0.0,47,1.0,8.050564840631797e-05,0.00027238152758685277,0.9996471128240061
2023-07-27,48,48,0,0,1.0,0.0,0.0,48,1.0,0.00016153741974890074,0.0008022094441457188,0.9990362531361049
2023-07-28,41,41,0,0,1.0,0.0,0.0,41,1.0,0.00020030762074773535,0.00036903983103462766,0.9994306525482181
2023-07-29,9,9,0,0,1.0,0.0,0.0,9,1.0,1.8302266681400286e-05,6.073739877797445e-05,0.9999209603345375
2023-07-30,21,21,0,0,1.0,0.0,0.0,21,1.0,0.0001323859558499477,0.0003031575656914827,0.9995644564784585
2023-07-31,54,54,0,0,1.0,0.0,0.0,54,1.0,0.0003296329509259154,0.0006652060105634255,0.9990051610385111
2023-08-01,51,51,0,0,1.0,0.0,0.0,51,1.0,0.00010813400370384104,0.00041675083171683545,0.9994751151645798
2023-08-02,57,57,0,0,1.0,0.0,0.0,57,1.0,0.00011511799483869461,0.0006555859743183145,0.9992292960308429
2023-08-03,61,61,0,0,1.0,0.0,0.0,61,1.0,8.345010489033472e-05,0.000712829763315694,0.9992037201317946
2023-08-04,72,72,0,0,1.0,0.0,0.0,72,1.0,0.0002516333108603646,0.001057922597489105,0.9986904440916502
2023-08-05,17,17,0,0,1.0,0.0,0.0,17,1.0,0.00017202935061103638,0.0004103518723280287,0.9994176187770594
2023-08-06,19,19,0,0,1.0,0.0,0.0,19,1.0,0.0001365802444654572,0.0002399364571716584,0.9996234832983625
2023-08-07,48,48,0,0,1.0,0.0,0.0,48,1.0,2.93009057231562e-05,0.00029980575504518484,0.9996708933392306
2023-08-08,47,47,0,0,1.0,0.0,0.0,47,1.0,0.00017977564516457044,0.0007650151670658832,0.9990552091877694
2023-08-09,46,46,0,0,1.0,0.0,0.0,46,1.0,0.00017356450309726762,0.0008982920019782785,0.9989281434949235
2023-08-10,45,45,0,0,1.0,0.0,0.0,45,1.0,0.00018170578205792593,0.0008945272127902433,0.9989237670051516
2023-08-11,32,32,0,0,1.0,0.0,0.0,32,1.0,0.00015086443865726642,0.00044534879924405693,0.9994037867620988
2023-08-12,4,4,0,0,1.0,0.0,0.0,4,1.0,4.497534022954102e-05,0.00012140601312698382,0.9998336186466432
2023-08-13,12,12,0,0,1.0,0.0,0.0,12,1.0,0.008047178261082656,0.006596225549386538,0.9853565961895311
2023-08-14,36,36,0,0,1.0,0.0,0.0,36,1.0,7.762754934694046e-05,0.00048357181404769093,0.9994388006366042
2023-08-15,33,33,0,0,1.0,0.0,0.0,33,1.0,0.00011248771143177079,0.00028545514566907397,0.9996020571428993
2023-08-16,27,27,0,0,1.0,0.0,0.0,27,1.0,9.170515876844758e-05,0.00029986400072438263,0.9996084308405064
2023-08-17,30,30,0,0,1.0,0.0,0.0,30,1.0,0.00014249719263903884,0.0005017713272551396,0.9993557314801056
2023-08-18,29,29,0,0,1.0,0.0,0.0,29,1.0,0.0014797053474979273,0.0019758952488978226,0.9965443994036052
2023-08-19,9,9,0,0,1.0,0.0,0.0,9,1.0,8.56332217379882e-05,0.0006778469134031651,0.999236519864858
2023-08-20,5,5,0,0,1.0,0.0,0.0,5,1.0,4.9672563984396695e-05,0.00025811891406112274,0.9996922085219564
2023-08-21,24,24,0,0,1.0,0.0,0.0,24,1.0,0.0004737412555579487,0.0017204753650190607,0.9978057833794235
2023-08-22,24,24,0,0,1.0,0.0,0.0,24,1.0,0.00020116444771715893,0.0009348710410431689,0.998863964511238
2023-08-23,38,38,0,0,1.0,0.0,0.0,38,1.0,9.722981215004017e-05,0.0003817946008849545,0.9995209755869654
2023-08-24,42,42,0,0,1.0,0.0,0.0,42,1.0,0.00014033484885948933,0.0005138585746351135,0.9993458065765053
2023-08-25,33,33,0,0,1.0,0.0,0.0,33,1.0,0.0001757717428170031,0.00034874502090335145,0.9994754832362797
2023-08-26,9,9,0,0,1.0,0.0,0.0,9,1.0,5.3433721861337084e-05,8.664383211840194e-05,0.9998599224460185
2023-08-27,12,12,0,0,1.0,0.0,0.0,12,1.0,0.00021352114859587374,0.001586941370491756,0.9981995374809145
2023-08-28,20,20,0,0,1.0,0.0,0.0,20,1.0,3.862644637500731e-05,0.00028417149270587523,0.999677202060919
2023-08-29,21,21,0,0,1.0,0.0,0.0,21,1.0,5.7984580420176635e-05,0.0005357270652602624,0.9994062883543181
2023-08-30,37,37,0,0,1.0,0.0,0.0,37,1.0,4.704455070050159e-05,0.0003020356244408306,0.9996509198248591
2023-08-31,32,32,0,0,1.0,0.0,0.0,32,1.0,1.8734566351373758e-05,0.00022443153610855068,0.9997568338975393
2023-09-01,15,15,0,0,1.0,0.0,0.0,15,1.0,2.932315373702641e-05,0.0005959836093054375,0.9993746932369547
2023-09-02,5,5,0,0,1.0,0.0,0.0,5,1.0,0.0004036387082172259,0.0016335131234710063,0.9979628481683115
2023-09-03,7,7,0,0,1.0,0.0,0.0,7,1.0,3.2875914308117122e-06,3.116581397647594e-05,0.9999655465945926
2023-09-04,12,12,0,0,1.0,0.0,0.0,12,1.0,6.995812460607787e-05,0.000980521866841293,0.9989495200085546
2023-09-05,33,33,0,0,1.0,0.0,0.0,33,1.0,0.0001967911114481584,0.0010902219407678128,0.9987129869477834
2023-09-06,41,41,0,0,1.0,0.0,0.0,41,1.0,8.007021152820052e-05,0.00043922685215113,0.9994807029363197
2023-09-07,63,63,0,0,1.0,0.0,0.0,63,1.0,0.00020757589614764791,0.0017025461235288305,0.9980898779803241
2023-09-08,56,56,0,0,1.0,0.0,0.0,56,1.0,0.00013897991058750604,0.001137980826997269,0.9987230392624156
2023-09-09,11,11,0,0,1.0,0.0,0.0,11,1.0,1.7198940047031943e-05,0.000113557393577462,0.9998692436663739
2023-09-10,12,12,0,0,1.0,0.0,0.0,12,1.0,3.692357227306797e-05,0.0003004183786853016,0.9996626580490449
2023-09-11,51,51,0,0,1.0,0.0,0.0,51,1.0,5.4024240523192105e-05,0.0002971810792091538,0.9996487946802688
2023-09-12,65,65,0,0,1.0,0.0,0.0,65,1.0,0.0002005484616570177,0.0022234179370051173,0.9975760336013376
2023-09-13,63,63,0,0,1.0,0.0,0.0,63,1.0,9.118839665588385e-05,0.0012775987616247557,0.9986312128417189
2023-09-14,49,49,0,0,1.0,0.0,0.0,49,1.0,8.537990607980993e-05,0.0010889141434558595,0.9988257059504642
2023-09-15,38,38,0,0,1.0,0.0,0.0,38,1.0,0.00015205764788828622,0.0029315828711619953,0.9969163594809506
2023-09-16,11,11,0,0,1.0,0.0,0.0,11,1.0,9.294671768986952e-06,0.00017186751136217328,0.9998188378168705
2023-09-17,14,14,0,0,1.0,0.0,0.0,14,1.0,7.072327767607501e-05,0.0003943187585219865,0.9995349579638025
2023-09-18,27,27,0,0,1.0,0.0,0.0,27,1.0,4.3713731162262564e-05,0.00039971138744266397,0.9995565748813939
2023-09-19,31,31,0,0,1.0,0.0,0.0,31,1.0,8.565987718784069e-05,0.0006579348262809288,0.9992564052965311
2023-09-20,32,32,0,0,1.0,0.0,0.0,32,1.0,2.363519901747279e-05,0.0004058007648610253,0.9995705640361237
2023-09-21,32,32,0,0,1.0,0.0,0.0,32,1.0,4.246038656404634e-05,0.0005699319421438342,0.9993876076712919
2023-09-22,38,38,0,0,1.0,0.0,0.0,38,1.0,0.0001309430019603099,0.0010021016115108151,0.9988669553865294
2023-09-23,9,9,0,0,1.0,0.0,0.0,9,1.0,0.00010351876727379324,0.0011357707044870942,0.9987607105282367
2023-09-24,12,12,0,0,1.0,0.0,0.0,12,1.0,7.726388372899227e-05,0.0003420460988768042,0.9995806900173944
2023-09-25,23,23,0,0,1.0,0.0,0.0,23,1.0,0.00018254005725897683,0.0012477036613637782,0.9985697562813762
2023-09-26,41,41,0,0,1.0,0.0,0.0,41,1.0,0.0001574469494338152,0.001966735560511296,0.9978758174900546
2023-09-27,41,41,0,0,1.0,0.0,0.0,41,1.0,0.000300509057979772,0.002133029377071547,0.9975664615649479
2023-09-28,32,32,0,0,1.0,0.0,0.0,32,1.0,0.0002147300738875824,0.0013514674658315772,0.9984338024602821
2023-09-29,33,33,0,0,1.0,0.0,0.0,33,1.0,0.00011758701146843332,0.0012142160333829014,0.9986681969551494
2023-09-30,11,11,0,0,1.0,0.0,0.0,11,1.0,3.8204633980604114e-05,0.000880418781905767,0.9990813765841096
2023-10-01,11,11,0,0,1.0,0.0,0.0,11,1.0,9.566365501792415e-05,0.0003644012128418346,0.9995399351321386
2023-10-02,35,35,0,0,1.0,0.0,0.0,35,1.0,0.0001439140642089143,0.0011158569064806483,0.9987402290293103
2023-10-03,33,33,0,0,1.0,0.0,0.0,33,1.0,5.013219914293829e-05,0.0005136417045413586,0.9994362260963143
2023-10-04,30,30,0,0,1.0,0.0,0.0,30,1.0,3.8061865715023154e-05,0.0004917351705636711,0.9994702029637211
2023-10-05,22,22,0,0,1.0,0.0,0.0,22,1.0,0.00020007355280879252,0.0013030815684528625,0.998496844878737
2023-10-06,18,18,0,0,1.0,0.0,0.0,18,1.0,9.739756080351509e-05,0.0009150338011674679,0.9989875686380285
2023-10-07,8,8,0,0,1.0,0.0,0.0,8,1.0,4.705421963461249e-05,0.00048169726993555867,0.9994712485104299
2023-10-08,7,7,0,0,1.0,0.0,0.0,7,1.0,4.4611908199310624e-06,1.9284643050015746e-05,0.9999762541661328
2023-10-09,32,32,0,0,1.0,0.0,0.0,32,1.0,6.371507822602434e-05,0.0006135484920707495,0.9993227364297046
2023-10-10,32,32,0,0,1.0,0.0,0.0,32,1.0,0.0002730887601446321,0.0011276070442184434,0.9985993041956367
2023-10-11,26,26,0,0,1.0,0.0,0.0,26,1.0,0.00035147177509317666,0.000824839411540542,0.9988236888133635
2023-10-12,19,19,0,0,1.0,0.0,0.0,19,1.0,0.0004077741337712328,0.0009557819064469501,0.9986364439597843
2023-10-13,34,34,0,0,1.0,0.0,0.0,34,1.0,0.0005459192760234842,0.001645860176127017,0.9978082205478493
2023-10-14,8,8,0,0,1.0,0.0,0.0,8,1.0,2.1431827249523737e-05,8.442802185637768e-05,0.9998941401508925
2023-10-15,18,18,0,0,1.0,0.0,0.0,18,1.0,0.00039638342064146983,0.0005494794135294946,0.9990541371658281
2023-10-16,30,30,0,0,1.0,0.0,0.0,30,1.0,3.497288450931035e-05,0.0003613195959993913,0.9996037075194928
2023-10-17,26,26,0,0,1.0,0.0,0.0,26,1.0,0.0002427665214983088,0.0003617071925764648,0.999395526285925
2023-10-18,27,27,0,0,1.0,0.0,0.0,27,1.0,0.00025446595684397135,0.0006351553013919443,0.999110378741763
2023-10-19,33,33,0,0,1.0,0.0,0.0,33,1.0,0.0002775650532304274,0.0012707531416161623,0.9984516818051519
2023-10-20,32,32,0,0,1.0,0.0,0.0,32,1.0,0.0002836677328468036,0.0007133453383448237,0.999002986928809
2023-10-21,8,8,0,0,1.0,0.0,0.0,8,1.0,1.0571860463382295e-05,5.059510022468009e-05,0.9999388330393114
2023-10-22,13,13,0,0,1.0,0.0,0.0,13,1.0,0.0008263266507306271,0.0017489785291137723,0.9974246948201575
2023-10-23,28,28,0,0,1.0,0.0,0.0,28,1.0,7.66325837076713e-05,0.0008152538584986383,0.9991081135577937
2023-10-24,31,31,0,0,1.0,0.0,0.0,31,1.0,0.0008747207748881697,0.002093365090175415,0.9970319141349359
2023-10-25,39,39,0,0,1.0,0.0,0.0,39,1.0,0.00018820370402991627,0.0005995136366235055,0.999212282659347
2023-10-26,38,38,0,0,1.0,0.0,0.0,38,1.0,0.00030512122072884297,0.0007981000789984373,0.998896778700271
2023-10-27,29,29,0,0,1.0,0.0,0.0,29,1.0,0.00036985228942979865,0.0019260904133414558,0.9977040572972294
2023-10-28,7,7,0,0,1.0,0.0,0.0,7,1.0,5.725406259184481e-05,0.00032361063616355597,0.999619135301242
2023-10-29,12,12,0,0,1.0,0.0,0.0,12,1.0,0.0006128784187410506,0.0012132535044113906,0.9981738680768458
2023-10-30,50,49,0,1,0.98,0.0,0.02,49,0.98,0.00014602837945891086,0.012030703452099532,0.987823268168441
2023-10-31,34,34,0,0,1.0,0.0,0.0,34,1.0,0.00035787273075133197,0.0020133530276188814,0.9976287742416299
2023-11-01,47,47,0,0,1.0,0.0,0.0,47,1.0,0.0002912955495848189,0.0009343697427696211,0.9987743347076461
2023-11-02,59,59,0,0,1.0,0.0,0.0,59,1.0,0.00015537403944045807,0.00040341709204419534,0.9994412088685158
2023-11-03,43,43,0,0,1.0,0.0,0.0,43,1.0,0.00019631525069611043,0.00035565815299051773,0.9994480265963127
2023-11-04,5,5,0,0,1.0,0.0,0.0,5,1.0,1.2295693043545058e-05,8.450082837356117e-05,0.9999032034785813
2023-11-05,13,13,0,0,1.0,0.0,0.0,13,1.0,0.0005488529889445824,0.0006815305193058794,0.9987696164917478
2023-11-06,30,30,0,0,1.0,0.0,0.0,30,1.0,0.00018010204543145598,0.0010271013393206134,0.9987927966152478
2023-11-07,37,37,0,0,1.0,0.0,0.0,37,1.0,0.00024155444990103152,0.0007741092531997869,0.9989843362969001
2023-11-08,33,33,0,0,1.0,0.0,0.0,33,1.0,0.0002777307655199723,0.0008790367059676217,0.998843232528513
2023-11-09,29,29,0,0,1.0,0.0,0.0,29,1.0,0.000532435977553396,0.0013754142553906656,0.9980921497670546
2023-11-10,21,21,0,0,1.0,0.0,0.0,21,1.0,0.001069299214494902,0.003222653013766013,0.995708047771738
2023-11-11,8,8,0,0,1.0,0.0,0.0,8,1.0,8.751317912050784e-05,0.00018310364011055782,0.9997293831807699
2023-11-12,8,8,0,0,1.0,0.0,0.0,8,1.0,0.000906595069550523,0.0012272394804953856,0.9978661654499528
2023-11-13,27,27,0,0,1.0,0.0,0.0,27,1.0,4.5696133378704726e-05,0.00029669814193728676,0.9996576057246842
2023-11-14,39,39,0,0,1.0,0.0,0.0,39,1.0,0.0011705413084366165,0.004628111516456287,0.9942013471751071
2023-11-15,28,28,0,0,1.0,0.0,0.0,28,1.0,0.00026664327033518447,0.0007455431722219583,0.9989878135574445
2023-11-16,23,23,0,0,1.0,0.0,0.0,23,1.0,0.0004460401347572328,0.0010904850658110758,0.9984634747994329
2023-11-17,22,22,0,0,1.0,0.0,0.0,22,1.0,0.0005898886255101469,0.0009883204345808815,0.9984217909399089
2023-11-18,10,10,0,0,1.0,0.0,0.0,10,1.0,0.000237544546927083,0.0017984351586634508,0.9979640202944079
2023-11-19,5,5,0,0,1.0,0.0,0.0,5,1.0,0.0014012998870272524,0.0016612538872684828,0.9969374462257026
2023-11-20,20,20,0,0,1.0,0.0,0.0,20,1.0,0.0003562090787800595,0.0013956760132303558,0.998248114907987
2023-11-21,19,19,0,0,1.0,0.0,0.0,19,1.0,0.0004816219586636517,0.0009844424855271698,0.9985339355558084
2023-11-22,24,24,0,0,1.0,0.0,0.0,24,1.0,0.0011385180335859925,0.00407586001672088,0.9947856219496912
2023-11-23,24,24,0,0,1.0,0.0,0.0,24,1.0,0.000337611467498759,0.0006936101194203601,0.9989687784130817
2023-11-24,24,24,0,0,1.0,0.0,0.0,24,1.0,0.0004254804567723795,0.000899261356675439,0.9986752581865513
2023-11-25,6,6,0,0,1.0,0.0,0.0,6,1.0,3.054584459548394e-05,0.00010207921369420842,0.999867374941709
2023-11-26,9,9,0,0,1.0,0.0,0.0,9,1.0,0.0008110958119533405,0.0012815273171338764,0.9979073768709112
2023-11-27,21,21,0,0,1.0,0.0,0.0,21,1.0,6.117482540457838e-05,0.00038450914893060087,0.999554316025665
2023-11-28,25,25,0,0,1.0,0.0,0.0,25,1.0,0.0002753798034578625,0.0004453578472560863,0.9992792623492871
2023-11-29,28,28,0,0,1.0,0.0,0.0,28,1.0,0.00025595906542163316,0.0004808804209454752,0.9992631605136324
2023-11-30,25,25,0,0,1.0,0.0,0.0,25,1.0,0.000398227067509388,0.00129560668017562,0.9983061662523148
2023-12-01,33,33,0,0,1.0,0.0,0.0,33,1.0,0.00038629558407080554,0.0015919942052477168,0.9980217102106818
2023-12-02,9,9,0,0,1.0,0.0,0.0,9,1.0,0.0001211439598392808,0.000531512053318628,0.9993473439868392
2023-12-03,27,27,0,0,1.0,0.0,0.0,27,1.0,0.000262513831177907,0.00034324628303056455,0.9993942398857905
2023-12-04,33,33,0,0,1.0,0.0,0.0,33,1.0,0.00017450451983456433,0.000915695702719611,0.9989097997774458
2023-12-05,40,40,0,0,1.0,0.0,0.0,40,1.0,0.000240422891693658,0.000872661137587513,0.9988869159707197
2023-12-06,36,36,0,0,1.0,0.0,0.0,36,1.0,0.0002533380562404395,0.0007072261545817543,0.9990394357891783
2023-12-07,38,38,0,0,1.0,0.0,0.0,38,1.0,0.0002342264341312595,0.0006047760263598487,0.9991609975395105
2023-12-08,28,28,0,0,1.0,0.0,0.0,28,1.0,0.0006740815622940326,0.0014839122346905847,0.997842006203017
2023-12-09,8,8,0,0,1.0,0.0,0.0,8,1.0,3.2020856081470106e-05,6.616996636016799e-05,0.9999018091775591
2023-12-10,17,17,0,0,1.0,0.0,0.0,17,1.0,0.00042823493962272624,0.000709284786830658,0.9988624802735442
2023-12-11,59,59,0,0,1.0,0.0,0.0,59,1.0,0.00028998985631461426,0.0009341858764607738,0.9987758242672249
2023-12-12,62,62,0,0,1.0,0.0,0.0,62,1.0,0.00031847124589047825,0.0012785918321922085,0.9984029369219168
2023-12-13,42,42,0,0,1.0,0.0,0.0,42,1.0,0.00026652405845162703,0.0007959486475040458,0.9989375272940442
2023-12-14,17,17,0,0,1.0,0.0,0.0,17,1.0,4.56310516781882e-05,0.00026961598731344624,0.9996847529610072
2023-12-15,9,9,0,0,1.0,0.0,0.0,9,1.0,0.0007917238293681711,0.0012745426914787174,0.9979337334791558
2023-12-16,159,159,0,0,1.0,0.0,0.0,159,1.0,0.00010011230184430531,0.0005381622837602876,0.9993617254143952
2023-12-21,1,1,0,0,1.0,0.0,0.0,1,1.0,1.1245051229503023e-06,8.339037753194687e-06,0.9999905364571203
2023-12-22,1,1,0,0,1.0,0.0,0.0,1,1.0,3.410336054913892e-06,2.8372248109402532e-05,0.9999682174158356
2023-12-28,2,2,0,0,1.0,0.0,0.0,2,1.0,2.950147426099654e-06,1.8286177793736345e-05,0.9999787636747839
2023-12-29,2,2,0,0,1.0,0.0,0.0,2,1.0,1.7077337131388331e-06,2.2090686443562637e-05,0.9999762015798421
2024-01-01,1,1,0,0,1.0,0.0,0.0,1,1.0,1.4789717865666157e-05,7.792802248095788e-05,0.999907282259641
2024-01-02,4,4,0,0,1.0,0.0,0.0,4,1.0,1.9985802166166663e-06,1.5560759825552513e-05,0.999982440659961
2024-01-03,2,2,0,0,1.0,0.0,0.0,2,1.0,1.0036122880154201e-06,2.049699120344688e-05,0.9999784993965054
2024-01-04,5,5,0,0,1.0,0.0,0.0,5,1.0,5.4455558536448537e-05,0.0002613490471033035,0.9996841953943593
2024-01-05,1,1,0,0,1.0,0.0,0.0,1,1.0,2.878943279330045e-07,2.437350337638008e-06,0.9999972747553345
2024-01-08,3,3,0,0,1.0,0.0,0.0,3,1.0,2.7454215087027994e-06,4.3573282464420375e-05,0.9999536812960281
