expirationDate,optionType,contractSymbol,lastTradeDate,strike,lastPrice,bid,ask,change,percentChange,volume,openInterest,impliedVolatility,inTheMoney,contractSize,currency
2025-12-12,call,AAPL251212C00120000,2025-11-14 19:27:23+00:00,120.0,154.48,155.65,158.55,0.0,0.0,1.0,1,4.562504296875,True,REGULAR,USD
2025-12-12,call,AAPL251212C00150000,2025-12-08 15:45:43+00:00,150.0,127.5,125.7,128.55,0.0,0.0,1.0,2,3.469727888183594,True,REGULAR,USD
2025-12-12,call,AAPL251212C00155000,2025-11-28 17:50:00+00:00,155.0,123.05,120.6,123.55,0.0,0.0,1.0,1,3.308595478515625,True,REGULAR,USD
2025-12-12,call,AAPL251212C00160000,2025-12-09 17:37:02+00:00,160.0,118.22,116.5,117.9,-0.7799988,-0.65546113,2.0,3,1.7968760156249999,True,REGULAR,USD
2025-12-12,call,AAPL251212C00170000,2025-12-04 14:43:58+00:00,170.0,113.23,105.75,108.6,0.0,0.0,2.0,3,2.874026252441406,True,REGULAR,USD
2025-12-12,call,AAPL251212C00180000,2025-12-09 15:16:30+00:00,180.0,97.82,96.55,97.95,-8.470001,-7.9687657,2.0,2,1.6328143359374998,True,REGULAR,USD
2025-12-12,call,AAPL251212C00185000,2025-12-09 15:16:39+00:00,185.0,92.53,91.6,92.95,-8.32,-8.249876,2.0,4,1.5937520312499998,True,REGULAR,USD
2025-12-12,call,AAPL251212C00190000,2025-12-05 16:36:21+00:00,190.0,88.97,85.7,88.6,0.0,0.0,1.0,2,2.3154338989257806,True,REGULAR,USD
2025-12-12,call,AAPL251212C00195000,2025-12-04 16:12:38+00:00,195.0,87.35,80.9,83.2,0.0,0.0,2.0,5,2.036626002197266,True,REGULAR,USD
2025-12-12,call,AAPL251212C00200000,2025-12-09 15:05:59+00:00,200.0,78.0,76.8,78.15,0.58000183,0.7491628,2.0,85,1.53515857421875,True,REGULAR,USD
2025-12-12,call,AAPL251212C00205000,2025-12-09 17:12:55+00:00,205.0,72.91,71.95,73.35,-1.6399994,-2.1998649,1.0,11,1.5478538232421872,True,REGULAR,USD
2025-12-12,call,AAPL251212C00210000,2025-12-09 17:58:49+00:00,210.0,68.25,66.65,67.95,1.0299988,1.5322802,6.0,162,1.171879140625,True,REGULAR,USD
2025-12-12,call,AAPL251212C00215000,2025-12-09 16:05:24+00:00,215.0,62.8,61.6,62.95,-0.24000168,-0.3807133,3.0,20,1.05078599609375,True,REGULAR,USD
2025-12-12,call,AAPL251212C00220000,2025-12-08 18:51:01+00:00,220.0,56.65,56.65,57.9,0.0,0.0,1.0,144,0.9648441015625,True,REGULAR,USD
2025-12-12,call,AAPL251212C00225000,2025-12-08 19:09:14+00:00,225.0,51.83,51.85,52.55,0.0,0.0,131.0,267,0.73437765625,True,REGULAR,USD
2025-12-12,call,AAPL251212C00227500,2025-12-05 20:32:09+00:00,227.5,51.42,48.2,51.1,0.0,0.0,18.0,20,1.378421076660156,True,REGULAR,USD
2025-12-12,call,AAPL251212C00230000,2025-12-09 15:19:22+00:00,230.0,47.52,46.9,47.45,-0.11999893,-0.25188693,3.0,171,0.9355475195312499,True,REGULAR,USD
2025-12-12,call,AAPL251212C00232500,2025-12-08 17:03:19+00:00,232.5,45.13,43.2,46.15,0.27000046,0.6018735,1.0,810,1.2714880175781247,True,REGULAR,USD
2025-12-12,call,AAPL251212C00235000,2025-12-09 20:48:28+00:00,235.0,43.08,41.65,42.95,0.38000107,0.8899322,16.0,358,0.7421900781249999,True,REGULAR,USD
2025-12-12,call,AAPL251212C00240000,2025-12-09 19:52:47+00:00,240.0,38.35,37.1,37.45,1.1499977,3.0913916,11.0,1575,0.6367223828125,True,REGULAR,USD
2025-12-12,call,AAPL251212C00245000,2025-12-09 19:54:05+00:00,245.0,33.01,31.55,32.6,0.86999893,2.706904,10.0,230,0.72070591796875,True,REGULAR,USD
2025-12-12,call,AAPL251212C00247500,2025-12-08 17:18:23+00:00,247.5,30.3,28.3,31.15,0.0,0.0,8.0,105,0.9169930175781251,True,REGULAR,USD
2025-12-12,call,AAPL251212C00250000,2025-12-09 20:51:36+00:00,250.0,28.05,26.95,27.6,1.4499989,5.451123,43.0,1037,0.624027197265625,True,REGULAR,USD
2025-12-12,call,AAPL251212C00252500,2025-12-09 18:43:21+00:00,252.5,25.65,24.15,25.5,0.6399994,2.558974,7.0,169,0.6757844921875001,True,REGULAR,USD
2025-12-12,call,AAPL251212C00255000,2025-12-09 18:03:21+00:00,255.0,23.64,22.0,22.8,0.9899998,4.37086,1477.0,1923,0.57812921875,True,REGULAR,USD
2025-12-12,call,AAPL251212C00257500,2025-12-09 18:40:08+00:00,257.5,20.9,19.05,20.15,1.6199989,8.402484,12.0,74,0.49121602539062503,True,REGULAR,USD
2025-12-12,call,AAPL251212C00260000,2025-12-09 18:44:53+00:00,260.0,18.68,17.15,17.7,0.6800003,3.7777796,15.0,948,0.45264219238281256,True,REGULAR,USD
2025-12-12,call,AAPL251212C00262500,2025-12-09 17:02:21+00:00,262.5,15.8,14.75,15.45,1.6000004,11.267608,2.0,106,0.4480035668945312,True,REGULAR,USD
2025-12-12,call,AAPL251212C00265000,2025-12-09 20:58:00+00:00,265.0,12.45,12.25,12.65,-0.31000042,-2.4294703,49.0,1653,0.33887379882812496,True,REGULAR,USD
2025-12-12,call,AAPL251212C00267500,2025-12-09 20:52:52+00:00,267.5,10.22,9.95,10.2,-0.42999935,-4.037553,141.0,2485,0.29492892578124996,True,REGULAR,USD
2025-12-12,call,AAPL251212C00270000,2025-12-09 20:58:15+00:00,270.0,7.65,7.7,8.0,-0.7999997,-9.467452,4568.0,3013,0.2810130493164062,True,REGULAR,USD
2025-12-12,call,AAPL251212C00272500,2025-12-09 20:59:18+00:00,272.5,5.55,5.55,5.7,-0.60999966,-9.902592,572.0,2218,0.2395095581054687,True,REGULAR,USD
2025-12-12,call,AAPL251212C00275000,2025-12-09 20:59:27+00:00,275.0,3.71,3.65,3.8,-0.84000015,-18.46154,4902.0,5257,0.2224198852539062,True,REGULAR,USD
2025-12-12,call,AAPL251212C00277500,2025-12-09 20:59:59+00:00,277.5,2.2,2.18,2.23,-0.71000004,-24.398624,16957.0,6899,0.20606262695312497,False,REGULAR,USD
2025-12-12,call,AAPL251212C00280000,2025-12-09 20:59:59+00:00,280.0,1.13,1.12,1.16,-0.58000004,-33.91813,82485.0,28309,0.1977619287109375,False,REGULAR,USD
2025-12-12,call,AAPL251212C00282500,2025-12-09 20:59:57+00:00,282.5,0.52,0.51,0.54,-0.40000004,-43.478264,40807.0,12365,0.1948322705078125,False,REGULAR,USD
2025-12-12,call,AAPL251212C00285000,2025-12-09 20:59:45+00:00,285.0,0.22,0.22,0.24,-0.24000001,-52.173912,43254.0,25078,0.19751779052734375,False,REGULAR,USD
2025-12-12,call,AAPL251212C00287500,2025-12-09 20:59:56+00:00,287.5,0.11,0.1,0.11,-0.120000005,-52.173912,27388.0,26871,0.20508607421874997,False,REGULAR,USD
2025-12-12,call,AAPL251212C00290000,2025-12-09 20:59:37+00:00,290.0,0.05,0.04,0.05,-0.06999999,-58.333332,13794.0,43639,0.21289849609375,False,REGULAR,USD
2025-12-12,call,AAPL251212C00292500,2025-12-09 20:59:19+00:00,292.5,0.02,0.02,0.04,-0.04,-66.66667,3881.0,7300,0.23828886718749998,False,REGULAR,USD
2025-12-12,call,AAPL251212C00295000,2025-12-09 20:59:15+00:00,295.0,0.02,0.02,0.03,-0.01,-33.333336,1298.0,9558,0.2617261328125,False,REGULAR,USD
2025-12-12,call,AAPL251212C00297500,2025-12-09 20:57:17+00:00,297.5,0.01,0.0,0.02,-0.02,-66.66667,1058.0,2981,0.27735097656249996,False,REGULAR,USD
2025-12-12,call,AAPL251212C00300000,2025-12-09 20:31:45+00:00,300.0,0.01,0.0,0.01,0.0,0.0,1926.0,10453,0.28125718749999995,False,REGULAR,USD
2025-12-12,call,AAPL251212C00302500,2025-12-09 20:23:37+00:00,302.5,0.01,0.0,0.01,0.0,0.0,51.0,214,0.31250687499999996,False,REGULAR,USD
2025-12-12,call,AAPL251212C00305000,2025-12-09 16:53:46+00:00,305.0,0.01,0.0,0.01,0.0,0.0,18.0,2004,0.335944140625,False,REGULAR,USD
2025-12-12,call,AAPL251212C00307500,2025-12-09 17:46:31+00:00,307.5,0.01,0.0,0.01,0.0,0.0,1.0,276,0.35938140625,False,REGULAR,USD
2025-12-12,call,AAPL251212C00310000,2025-12-09 18:18:49+00:00,310.0,0.01,0.0,0.01,0.0,0.0,3.0,2002,0.38281867187499996,False,REGULAR,USD
2025-12-12,call,AAPL251212C00315000,2025-12-08 18:23:47+00:00,315.0,0.01,0.0,0.01,0.0,0.0,1.0,1289,0.437505625,False,REGULAR,USD
2025-12-12,call,AAPL251212C00320000,2025-12-05 20:39:29+00:00,320.0,0.01,0.0,0.01,0.0,0.0,7.0,380,0.48438015625,False,REGULAR,USD
2025-12-12,call,AAPL251212C00325000,2025-12-05 15:56:33+00:00,325.0,0.01,0.0,0.01,0.0,0.0,5.0,222,0.500005,False,REGULAR,USD
2025-12-12,call,AAPL251212C00330000,2025-12-03 17:57:15+00:00,330.0,0.01,0.0,0.01,0.0,0.0,52.0,99,0.5468795312500001,False,REGULAR,USD
2025-12-12,call,AAPL251212C00335000,2025-11-28 17:25:27+00:00,335.0,0.01,0.0,0.01,0.0,0.0,11.0,45,0.57812921875,False,REGULAR,USD
2025-12-12,call,AAPL251212C00340000,2025-11-17 19:13:05+00:00,340.0,0.01,0.0,0.01,0.0,0.0,100.0,160,0.6250037500000001,False,REGULAR,USD
2025-12-12,call,AAPL251212C00345000,2025-11-28 16:58:34+00:00,345.0,0.01,0.0,0.01,0.0,0.0,5.0,9,0.6562534375000001,False,REGULAR,USD
2025-12-12,call,AAPL251212C00350000,2025-11-21 17:52:52+00:00,350.0,0.01,0.0,0.01,0.0,0.0,4.0,23,0.70312796875,False,REGULAR,USD
2025-12-12,call,AAPL251212C00365000,2025-12-05 20:38:53+00:00,365.0,0.01,0.0,0.01,0.0,0.0,1.0,4,0.8125018749999999,False,REGULAR,USD
2025-12-12,call,AAPL251212C00370000,2025-12-05 15:12:47+00:00,370.0,0.01,0.0,0.04,0.0,0.0,3.0,3,0.9687503125,False,REGULAR,USD
2025-12-12,call,AAPL251212C00380000,2025-11-21 17:52:54+00:00,380.0,0.01,0.0,0.01,0.0,0.0,2.0,2,0.937500625,False,REGULAR,USD
2025-12-12,call,AAPL251212C00390000,2025-12-09 15:01:09+00:00,390.0,0.01,0.0,0.01,0.0,0.0,1.0,1,0.98437515625,False,REGULAR,USD
2025-12-12,call,AAPL251212C00400000,2025-12-09 20:22:39+00:00,400.0,0.01,0.0,0.01,0.0,0.0,11.0,6,1.0625046875000002,False,REGULAR,USD
2025-12-12,put,AAPL251212P00110000,2025-12-05 16:35:31+00:00,110.0,0.01,0.0,0.01,0.0,0.0,2.0,3,2.6250034375,False,REGULAR,USD
2025-12-12,put,AAPL251212P00120000,2025-11-06 18:51:21+00:00,120.0,0.01,0.0,0.01,0.0,0.0,,1,2.3750040624999995,False,REGULAR,USD
2025-12-12,put,AAPL251212P00125000,2025-11-06 18:51:15+00:00,125.0,0.01,0.0,0.01,0.0,0.0,,1,2.2500043749999996,False,REGULAR,USD
2025-12-12,put,AAPL251212P00135000,2025-11-11 19:02:42+00:00,135.0,0.01,0.0,0.01,0.0,0.0,,1,2.0625048437499998,False,REGULAR,USD
2025-12-12,put,AAPL251212P00145000,2025-11-18 15:01:04+00:00,145.0,0.01,0.0,0.01,0.0,0.0,1.0,10,1.875000625,False,REGULAR,USD
2025-12-12,put,AAPL251212P00155000,2025-12-04 19:38:07+00:00,155.0,0.01,0.0,0.01,0.0,0.0,2.0,41,1.6875015625,False,REGULAR,USD
2025-12-12,put,AAPL251212P00165000,2025-12-03 16:24:17+00:00,165.0,0.01,0.0,0.01,0.0,0.0,5.0,5,1.5000025,False,REGULAR,USD
2025-12-12,put,AAPL251212P00170000,2025-12-01 14:45:06+00:00,170.0,0.01,0.0,0.03,0.0,0.0,2.0,79,1.5625021874999998,False,REGULAR,USD
2025-12-12,put,AAPL251212P00175000,2025-11-03 14:49:52+00:00,175.0,0.03,0.0,0.03,0.0,0.0,,10,1.484377578125,False,REGULAR,USD
2025-12-12,put,AAPL251212P00180000,2025-11-21 17:26:19+00:00,180.0,0.04,0.0,0.04,0.0,0.0,2.0,25,1.4375028125,False,REGULAR,USD
2025-12-12,put,AAPL251212P00185000,2025-12-02 19:23:29+00:00,185.0,0.01,0.0,0.03,0.0,0.0,12.0,28,1.3125034374999998,False,REGULAR,USD
2025-12-12,put,AAPL251212P00190000,2025-12-01 20:33:07+00:00,190.0,0.01,0.0,0.01,0.0,0.0,2.0,96,1.125004375,False,REGULAR,USD
2025-12-12,put,AAPL251212P00195000,2025-12-01 16:19:59+00:00,195.0,0.01,0.0,0.04,0.0,0.0,1.0,118,1.1875040625,False,REGULAR,USD
2025-12-12,put,AAPL251212P00200000,2025-12-05 14:35:49+00:00,200.0,0.01,0.0,0.04,0.0,0.0,1.0,2188,1.109379453125,False,REGULAR,USD
2025-12-12,put,AAPL251212P00205000,2025-12-02 17:41:56+00:00,205.0,0.01,0.0,0.03,0.0,0.0,41.0,208,1.000005,False,REGULAR,USD
2025-12-12,put,AAPL251212P00210000,2025-12-03 20:45:49+00:00,210.0,0.01,0.0,0.03,0.0,0.0,2.0,187,0.929688203125,False,REGULAR,USD
2025-12-12,put,AAPL251212P00215000,2025-12-03 17:49:43+00:00,215.0,0.01,0.0,0.03,0.0,0.0,2.0,156,0.85937640625,False,REGULAR,USD
2025-12-12,put,AAPL251212P00220000,2025-12-08 18:25:28+00:00,220.0,0.01,0.0,0.01,0.0,0.0,5.0,378,0.7187528125,False,REGULAR,USD
2025-12-12,put,AAPL251212P00222500,2025-12-05 20:42:54+00:00,222.5,0.01,0.0,0.05,0.0,0.0,1.0,244,0.789064609375,False,REGULAR,USD
2025-12-12,put,AAPL251212P00225000,2025-12-05 20:43:01+00:00,225.0,0.01,0.0,0.01,0.0,0.0,10.0,271,0.6562534375000001,False,REGULAR,USD
2025-12-12,put,AAPL251212P00227500,2025-12-08 14:32:29+00:00,227.5,0.01,0.0,0.04,0.0,0.0,1.0,567,0.70312796875,False,REGULAR,USD
2025-12-12,put,AAPL251212P00230000,2025-12-05 16:06:30+00:00,230.0,0.01,0.0,0.04,0.0,0.0,182.0,533,0.6640658593750002,False,REGULAR,USD
2025-12-12,put,AAPL251212P00232500,2025-12-05 17:11:59+00:00,232.5,0.01,0.0,0.04,0.0,0.0,314.0,469,0.632816171875,False,REGULAR,USD
2025-12-12,put,AAPL251212P00235000,2025-12-09 15:47:40+00:00,235.0,0.01,0.0,0.01,0.0,0.0,25.0,855,0.51562984375,False,REGULAR,USD
2025-12-12,put,AAPL251212P00240000,2025-12-09 20:46:06+00:00,240.0,0.01,0.0,0.03,0.0,0.0,4.0,1134,0.507817421875,False,REGULAR,USD
2025-12-12,put,AAPL251212P00245000,2025-12-09 16:13:56+00:00,245.0,0.01,0.0,0.02,0.0,0.0,277.0,2932,0.45703667968750006,False,REGULAR,USD
2025-12-12,put,AAPL251212P00247500,2025-12-09 17:19:47+00:00,247.5,0.01,0.01,0.03,0.0,0.0,6.0,440,0.445318046875,False,REGULAR,USD
2025-12-12,put,AAPL251212P00250000,2025-12-09 20:46:42+00:00,250.0,0.02,0.01,0.02,0.01,100.0,290.0,4091,0.39063109375,False,REGULAR,USD
2025-12-12,put,AAPL251212P00252500,2025-12-09 20:36:51+00:00,252.5,0.01,0.01,0.03,-0.02,-66.66667,353.0,429,0.37500625,False,REGULAR,USD
2025-12-12,put,AAPL251212P00255000,2025-12-09 20:40:08+00:00,255.0,0.02,0.02,0.03,-0.01,-33.333336,727.0,2377,0.3398503515625,False,REGULAR,USD
2025-12-12,put,AAPL251212P00257500,2025-12-09 20:46:47+00:00,257.5,0.04,0.02,0.04,0.0,0.0,229.0,1386,0.31641308593749995,False,REGULAR,USD
2025-12-12,put,AAPL251212P00260000,2025-12-09 20:58:33+00:00,260.0,0.05,0.04,0.05,-0.02,-28.571428,388.0,4013,0.2890696093749999,False,REGULAR,USD
2025-12-12,put,AAPL251212P00262500,2025-12-09 20:58:53+00:00,262.5,0.08,0.06,0.08,-0.030000001,-27.272728,365.0,4666,0.270515107421875,False,REGULAR,USD
2025-12-12,put,AAPL251212P00265000,2025-12-09 20:59:25+00:00,265.0,0.13,0.11,0.13,-0.060000002,-31.578947,1465.0,3858,0.25196060546875,False,REGULAR,USD
2025-12-12,put,AAPL251212P00267500,2025-12-09 20:59:29+00:00,267.5,0.22,0.2,0.22,-0.060000002,-21.428572,1494.0,4768,0.23438265625,False,REGULAR,USD
2025-12-12,put,AAPL251212P00270000,2025-12-09 20:59:51+00:00,270.0,0.4,0.38,0.4,-0.060000002,-13.043478,4279.0,7110,0.22022264160156246,False,REGULAR,USD
2025-12-12,put,AAPL251212P00272500,2025-12-09 20:59:58+00:00,272.5,0.75,0.71,0.74,-0.060000002,-7.4074073,7053.0,5480,0.20777159423828123,False,REGULAR,USD
2025-12-12,put,AAPL251212P00275000,2025-12-09 20:59:57+00:00,275.0,1.36,1.32,1.34,-0.01999998,-1.449274,18193.0,6931,0.19654123779296873,False,REGULAR,USD
2025-12-12,put,AAPL251212P00277500,2025-12-09 20:59:43+00:00,277.5,2.35,2.27,2.32,0.059999943,2.6200848,15693.0,5774,0.18616536499023437,True,REGULAR,USD
2025-12-12,put,AAPL251212P00280000,2025-12-09 20:59:06+00:00,280.0,3.86,3.7,3.85,-0.13000011,-3.2581482,4780.0,5770,0.18506674316406246,True,REGULAR,USD
2025-12-12,put,AAPL251212P00282500,2025-12-09 20:52:34+00:00,282.5,5.75,5.45,5.8,0.1500001,2.6785731,902.0,1761,0.18677571044921876,True,REGULAR,USD
2025-12-12,put,AAPL251212P00285000,2025-12-09 20:59:58+00:00,285.0,7.8,7.8,8.1,0.05000019,0.6451638,723.0,2189,0.20557435058593748,True,REGULAR,USD
2025-12-12,put,AAPL251212P00287500,2025-12-09 20:54:41+00:00,287.5,10.29,10.15,10.6,0.119999886,1.1799399,278.0,2198,0.2514723291015625,True,REGULAR,USD
2025-12-12,put,AAPL251212P00290000,2025-12-09 20:54:40+00:00,290.0,12.8,12.5,13.0,0.3000002,2.4000015,69.0,1710,0.26807372558593745,True,REGULAR,USD
2025-12-12,put,AAPL251212P00292500,2025-12-09 17:42:14+00:00,292.5,14.28,14.9,15.9,-1.9800005,-12.177124,7.0,129,0.40381455566406255,True,REGULAR,USD
2025-12-12,put,AAPL251212P00295000,2025-12-09 15:50:55+00:00,295.0,17.28,17.5,18.4,-1.4099998,-7.5441403,6.0,1,0.44922425781249997,True,REGULAR,USD
2025-12-12,put,AAPL251212P00297500,2025-12-09 16:30:45+00:00,297.5,20.01,20.0,20.9,4.2300005,26.806087,4.0,0,0.4931691308593751,True,REGULAR,USD
2025-12-12,put,AAPL251212P00300000,2025-12-09 19:04:45+00:00,300.0,21.3,22.45,23.4,-1.5799999,-6.905595,3.0,7,0.5361374511718751,True,REGULAR,USD
2025-12-12,put,AAPL251212P00305000,2025-12-08 18:33:59+00:00,305.0,28.37,26.85,29.0,0.0,0.0,2.0,1,0.7407252490234374,True,REGULAR,USD
2025-12-12,put,AAPL251212P00310000,2025-12-08 17:56:37+00:00,310.0,32.83,31.9,33.95,0.0,0.0,1.0,0,0.5117236328125,True,REGULAR,USD
2025-12-12,put,AAPL251212P00315000,2025-12-03 19:46:07+00:00,315.0,30.43,36.85,39.0,0.0,0.0,1.0,0,0.5732464550781251,True,REGULAR,USD
2025-12-12,put,AAPL251212P00375000,2025-11-13 20:52:48+00:00,375.0,101.4,96.85,98.95,0.0,0.0,,0,1.16016044921875,True,REGULAR,USD
2025-12-12,put,AAPL251212P00380000,2025-11-13 20:52:48+00:00,380.0,106.42,101.9,103.95,0.0,0.0,,0,1.2421912890624998,True,REGULAR,USD
2025-12-19,call,AAPL251219C00005000,2025-12-09 18:34:03+00:00,5.0,273.48,271.6,273.1,0.32000732,0.11715014,40.0,143,10.015628740234376,True,REGULAR,USD
2025-12-19,call,AAPL251219C00010000,2025-12-09 17:59:39+00:00,10.0,268.25,266.4,268.1,0.269989,0.10074969,40.0,11,7.2187509765625,True,REGULAR,USD
2025-12-19,call,AAPL251219C00015000,2025-11-07 20:45:14+00:00,15.0,253.5,260.45,263.95,0.0,0.0,5.0,0,5.562503046874999,True,REGULAR,USD
2025-12-19,call,AAPL251219C00020000,2025-11-07 20:25:47+00:00,20.0,247.25,255.4,258.95,0.0,0.0,100.0,10,9.001957498779296,True,REGULAR,USD
2025-12-19,call,AAPL251219C00025000,2025-11-11 14:30:46+00:00,25.0,245.7,250.45,254.0,0.0,0.0,3.0,3,4.8906288867187495,True,REGULAR,USD
2025-12-19,call,AAPL251219C00030000,2025-11-06 17:11:56+00:00,30.0,241.24,245.4,249.0,0.0,0.0,4.0,0,4.187504765625,True,REGULAR,USD
2025-12-19,call,AAPL251219C00035000,2025-11-06 17:11:56+00:00,35.0,236.07,240.5,244.0,0.0,0.0,6.0,0,4.3828170214843745,True,REGULAR,USD
2025-12-19,call,AAPL251219C00040000,2025-11-10 16:00:18+00:00,40.0,230.91,235.45,239.0,0.0,0.0,1.0,4,3.9218751953125004,True,REGULAR,USD
2025-12-19,call,AAPL251219C00045000,2025-11-06 14:34:43+00:00,45.0,223.7,230.45,234.0,0.0,0.0,1.0,1,3.6875007812500002,True,REGULAR,USD
2025-12-19,call,AAPL251219C00050000,2025-11-05 20:58:36+00:00,50.0,220.14,226.35,228.15,0.0,0.0,1.0,161,3.6250009375000003,True,REGULAR,USD
2025-12-19,call,AAPL251219C00055000,2025-10-28 13:52:40+00:00,55.0,214.22,229.35,232.9,0.0,0.0,1.0,80,8.037602632751463,True,REGULAR,USD
2025-12-19,call,AAPL251219C00060000,2025-11-06 17:39:28+00:00,60.0,212.15,216.5,218.2,0.0,0.0,5.0,196,3.57031357421875,True,REGULAR,USD
2025-12-19,call,AAPL251219C00065000,2025-11-06 17:32:21+00:00,65.0,206.5,211.45,213.2,0.0,0.0,4.0,224,3.3281266796874993,True,REGULAR,USD
2025-12-19,call,AAPL251219C00070000,2025-11-07 20:39:55+00:00,70.0,197.95,206.35,208.2,0.0,0.0,120.0,824,3.0156274609375,True,REGULAR,USD
2025-12-19,call,AAPL251219C00075000,2025-11-21 20:00:37+00:00,75.0,197.59,201.5,203.25,0.0,0.0,11.0,192,3.113283466796875,True,REGULAR,USD
2025-12-19,call,AAPL251219C00080000,2025-12-08 14:32:10+00:00,80.0,200.05,196.4,198.2,0.0,0.0,2.0,201,2.80469048828125,True,REGULAR,USD
2025-12-19,call,AAPL251219C00085000,2025-12-08 14:31:24+00:00,85.0,195.23,191.35,193.25,0.0,0.0,1.0,382,2.6718783203125005,True,REGULAR,USD
2025-12-19,call,AAPL251219C00090000,2025-12-03 14:31:30+00:00,90.0,197.61,186.3,188.2,0.0,0.0,2.0,279,2.4062539843749997,True,REGULAR,USD
2025-12-19,call,AAPL251219C00095000,2025-11-07 14:35:08+00:00,95.0,173.2,181.35,183.25,0.0,0.0,2.0,186,2.42969142578125,True,REGULAR,USD
2025-12-19,call,AAPL251219C00100000,2025-12-09 16:10:19+00:00,100.0,177.29,176.9,178.2,-0.66000366,-0.37089276,1.0,2498,2.669925200195313,True,REGULAR,USD
2025-12-19,call,AAPL251219C00105000,2025-12-08 18:30:17+00:00,105.0,171.95,171.55,173.3,0.0,0.0,11.0,138,2.4140664648437498,True,REGULAR,USD
2025-12-19,call,AAPL251219C00110000,2025-12-08 15:22:57+00:00,110.0,168.47,166.5,167.55,0.020004272,0.011875496,1.0,974,2.4355507861328123,True,REGULAR,USD
2025-12-19,call,AAPL251219C00115000,2025-12-05 14:39:00+00:00,115.0,165.14,161.55,163.3,0.0,0.0,1.0,216,2.2011763720703117,True,REGULAR,USD
2025-12-19,call,AAPL251219C00120000,2025-12-09 16:26:12+00:00,120.0,157.64,156.8,157.6,-0.30999756,-0.1962631,150.0,973,1.609376953125,True,REGULAR,USD
2025-12-19,call,AAPL251219C00125000,2025-12-09 20:22:01+00:00,125.0,152.6,151.55,153.3,-2.0399933,-1.3191886,1.0,538,2.00781748046875,True,REGULAR,USD
2025-12-19,call,AAPL251219C00130000,2025-12-09 15:45:02+00:00,130.0,148.05,146.3,148.25,1.3099976,0.89273375,10.0,879,1.7070327148437499,True,REGULAR,USD
2025-12-19,call,AAPL251219C00135000,2025-12-09 15:47:25+00:00,135.0,142.85,141.95,143.3,-0.019989014,-0.01399105,10.0,764,1.9873047509765625,True,REGULAR,USD
2025-12-19,call,AAPL251219C00140000,2025-12-09 19:50:46+00:00,140.0,138.25,136.45,138.3,-1.8999939,-1.3556861,12.0,1440,1.69140779296875,True,REGULAR,USD
2025-12-19,call,AAPL251219C00145000,2025-12-08 20:08:07+00:00,145.0,131.71,131.9,132.7,0.0,0.0,11.0,913,1.5195336523437497,True,REGULAR,USD
2025-12-19,call,AAPL251219C00150000,2025-12-08 20:59:49+00:00,150.0,128.05,126.95,127.75,0.0,0.0,41.0,1522,1.5078149609375,True,REGULAR,USD
2025-12-19,call,AAPL251219C00155000,2025-12-09 19:48:20+00:00,155.0,123.0,121.6,123.35,-0.25,-0.20283976,4.0,832,1.5439475927734374,True,REGULAR,USD
2025-12-19,call,AAPL251219C00160000,2025-12-09 20:56:19+00:00,160.0,117.4,116.65,117.75,-0.33999634,-0.28876877,9.0,1252,1.0781296093750001,True,REGULAR,USD
2025-12-19,call,AAPL251219C00165000,2025-12-08 15:27:59+00:00,165.0,113.05,111.45,113.35,0.0,0.0,20.0,2433,1.3378939355468746,True,REGULAR,USD
2025-12-19,call,AAPL251219C00170000,2025-12-09 16:43:32+00:00,170.0,107.54,107.05,107.8,0.13999939,0.13035324,101.0,3986,1.2871129394531249,True,REGULAR,USD
2025-12-19,call,AAPL251219C00175000,2025-12-09 18:08:48+00:00,175.0,103.62,101.8,102.75,1.9200058,1.8879113,12.0,1676,1.0781296093750001,True,REGULAR,USD
2025-12-19,call,AAPL251219C00180000,2025-12-09 14:40:53+00:00,180.0,100.0,96.85,97.75,2.0,2.0408163,5.0,16035,1.0488328808593752,True,REGULAR,USD
2025-12-19,call,AAPL251219C00185000,2025-12-09 20:52:30+00:00,185.0,93.2,91.8,92.85,0.5499954,0.593627,16.0,2466,1.01172369140625,True,REGULAR,USD
2025-12-19,call,AAPL251219C00190000,2025-12-09 18:27:42+00:00,190.0,88.51,86.55,88.2,1.8600006,2.1465673,20.0,2911,0.99023447265625,True,REGULAR,USD
2025-12-19,call,AAPL251219C00195000,2025-12-08 18:32:45+00:00,195.0,83.07,81.9,83.4,1.0699997,1.3048776,1.0,2599,1.0644578027343752,True,REGULAR,USD
2025-12-19,call,AAPL251219C00200000,2025-12-09 20:52:41+00:00,200.0,77.59,77.05,77.75,-0.23000336,-0.29555815,58.0,7911,0.885743330078125,True,REGULAR,USD
2025-12-19,call,AAPL251219C00205000,2025-12-09 17:20:36+00:00,205.0,72.62,72.15,72.75,0.3199997,0.44259983,12.0,4015,0.852540537109375,True,REGULAR,USD
2025-12-19,call,AAPL251219C00210000,2025-12-09 20:58:17+00:00,210.0,67.35,67.15,67.75,0.15999603,0.23812476,37.0,9084,0.7929708203125,True,REGULAR,USD
2025-12-19,call,AAPL251219C00215000,2025-12-09 20:59:04+00:00,215.0,62.4,62.2,62.85,-0.34999847,-0.5577665,91.0,11096,0.764650791015625,True,REGULAR,USD
2025-12-19,call,AAPL251219C00220000,2025-12-09 20:59:22+00:00,220.0,57.45,57.15,57.8,0.15000153,0.26178277,111.0,17571,0.6865265722656251,True,REGULAR,USD
2025-12-19,call,AAPL251219C00222500,2025-12-09 14:37:37+00:00,222.5,57.77,54.05,55.95,2.7600021,5.0172734,3.0,4,0.6669955175781253,True,REGULAR,USD
2025-12-19,call,AAPL251219C00225000,2025-12-09 20:14:15+00:00,225.0,52.5,52.1,52.8,0.20000076,0.38241065,224.0,6176,0.6201209863281252,True,REGULAR,USD
2025-12-19,call,AAPL251219C00227500,2025-12-09 14:37:37+00:00,227.5,52.82,49.6,50.95,2.709999,5.4081,3.0,4,0.6838410522460938,True,REGULAR,USD
2025-12-19,call,AAPL251219C00230000,2025-12-09 20:57:16+00:00,230.0,47.56,47.15,47.8,0.0,0.0,82.0,15836,0.5727581787109376,True,REGULAR,USD
2025-12-19,call,AAPL251219C00232500,2025-12-08 20:47:54+00:00,232.5,45.2,43.3,46.8,0.0,0.0,4.0,5,0.5668988623046876,True,REGULAR,USD
2025-12-19,call,AAPL251219C00235000,2025-12-09 20:58:48+00:00,235.0,42.35,42.25,42.85,-0.40000153,-0.9356761,90.0,11602,0.5380905566406251,True,REGULAR,USD
2025-12-19,call,AAPL251219C00237500,2025-12-08 20:47:54+00:00,237.5,40.2,38.35,41.8,0.0,0.0,4.0,16,0.51562984375,True,REGULAR,USD
2025-12-19,call,AAPL251219C00240000,2025-12-09 20:59:16+00:00,240.0,37.55,37.25,37.85,-0.19000244,-0.50345105,784.0,17469,0.5432174584960938,True,REGULAR,USD
2025-12-19,call,AAPL251219C00242500,2025-12-08 19:44:37+00:00,242.5,34.09,34.5,35.55,0.0,0.0,1.0,3,0.5444381494140625,True,REGULAR,USD
2025-12-19,call,AAPL251219C00245000,2025-12-09 20:54:40+00:00,245.0,32.65,32.45,32.9,-0.099998474,-0.30533886,102.0,7250,0.48901878173828134,True,REGULAR,USD
2025-12-19,call,AAPL251219C00247500,2025-12-09 19:54:05+00:00,247.5,30.76,29.1,31.05,0.42000008,1.3843114,6.0,104,0.5417526293945314,True,REGULAR,USD
2025-12-19,call,AAPL251219C00250000,2025-12-09 20:54:40+00:00,250.0,27.53,27.35,27.85,-0.9699993,-3.4035063,320.0,29041,0.4184628466796875,True,REGULAR,USD
2025-12-19,call,AAPL251219C00252500,2025-12-09 14:37:37+00:00,252.5,27.92,24.7,25.4,2.4799995,9.7484255,3.0,58,0.3940490283203125,True,REGULAR,USD
2025-12-19,call,AAPL251219C00255000,2025-12-09 20:59:10+00:00,255.0,22.35,22.5,23.1,-0.75,-3.2467532,92.0,12373,0.3869690209960937,True,REGULAR,USD
2025-12-19,call,AAPL251219C00257500,2025-12-09 15:36:46+00:00,257.5,20.59,19.8,20.6,-0.26000023,-1.2470034,9.0,144,0.35352208984374994,True,REGULAR,USD
2025-12-19,call,AAPL251219C00260000,2025-12-09 20:59:36+00:00,260.0,17.95,17.85,18.2,-0.26999855,-1.4818802,353.0,21009,0.3298406860351562,True,REGULAR,USD
2025-12-19,call,AAPL251219C00262500,2025-12-09 20:54:40+00:00,262.5,15.7,15.35,15.9,-0.40000057,-2.4844756,32.0,316,0.31323928955078123,True,REGULAR,USD
2025-12-19,call,AAPL251219C00265000,2025-12-09 20:58:52+00:00,265.0,13.02,13.2,13.5,-0.72999954,-5.3090878,384.0,19753,0.28443098388671867,True,REGULAR,USD
2025-12-19,call,AAPL251219C00267500,2025-12-09 20:58:40+00:00,267.5,10.9,11.0,11.25,-0.05000019,-0.45662275,182.0,373,0.26428958374023437,True,REGULAR,USD
2025-12-19,call,AAPL251219C00270000,2025-12-09 20:58:48+00:00,270.0,8.8,8.95,9.15,-0.90999985,-9.37178,694.0,27821,0.24890887817382812,True,REGULAR,USD
2025-12-19,call,AAPL251219C00272500,2025-12-09 20:59:46+00:00,272.5,7.09,7.0,7.2,-0.35999966,-4.83221,218.0,582,0.23511507080078126,True,REGULAR,USD
2025-12-19,call,AAPL251219C00275000,2025-12-09 20:59:56+00:00,275.0,5.34,5.3,5.5,-0.60999966,-10.252095,2035.0,20867,0.2260819580078125,True,REGULAR,USD
2025-12-19,call,AAPL251219C00277500,2025-12-09 20:59:56+00:00,277.5,3.9,3.85,4.0,-0.5499997,-12.359544,3446.0,3593,0.21643849975585935,False,REGULAR,USD
2025-12-19,call,AAPL251219C00280000,2025-12-09 20:59:56+00:00,280.0,2.72,2.7,2.8,-0.46000004,-14.465409,17433.0,30827,0.21021297607421874,False,REGULAR,USD
2025-12-19,call,AAPL251219C00282500,2025-12-09 20:59:55+00:00,282.5,1.84,1.83,1.9,-0.38,-17.117117,3018.0,3806,0.20691711059570309,False,REGULAR,USD
2025-12-19,call,AAPL251219C00285000,2025-12-09 20:59:46+00:00,285.0,1.2,1.18,1.23,-0.27999997,-18.918917,11097.0,26043,0.20423159057617185,False,REGULAR,USD
2025-12-19,call,AAPL251219C00287500,2025-12-09 20:59:46+00:00,287.5,0.76,0.75,0.78,-0.19999999,-20.833332,2328.0,4032,0.20374331420898437,False,REGULAR,USD
2025-12-19,call,AAPL251219C00290000,2025-12-09 20:59:54+00:00,290.0,0.48,0.46,0.49,-0.14000002,-22.580648,5560.0,26604,0.20508607421874997,False,REGULAR,USD
2025-12-19,call,AAPL251219C00292500,2025-12-09 20:58:47+00:00,292.5,0.3,0.29,0.31,-0.099999994,-24.999998,1210.0,5459,0.2082598706054687,False,REGULAR,USD
2025-12-19,call,AAPL251219C00295000,2025-12-09 20:58:24+00:00,295.0,0.19,0.19,0.2,-0.08000001,-29.629631,4956.0,23963,0.21289849609375,False,REGULAR,USD
2025-12-19,call,AAPL251219C00300000,2025-12-09 20:59:21+00:00,300.0,0.08,0.08,0.09,-0.030000001,-27.272728,2094.0,48403,0.225593681640625,False,REGULAR,USD
2025-12-19,call,AAPL251219C00305000,2025-12-09 20:46:31+00:00,305.0,0.05,0.04,0.05,0.0,0.0,288.0,36741,0.243171630859375,False,REGULAR,USD
2025-12-19,call,AAPL251219C00310000,2025-12-09 20:55:02+00:00,310.0,0.04,0.03,0.04,0.01,33.333336,363.0,10763,0.27149166015625,False,REGULAR,USD
2025-12-19,call,AAPL251219C00315000,2025-12-09 19:52:09+00:00,315.0,0.03,0.0,0.03,0.0,0.0,111.0,4523,0.29492892578124996,False,REGULAR,USD
2025-12-19,call,AAPL251219C00320000,2025-12-09 20:54:18+00:00,320.0,0.01,0.01,0.03,0.0,0.0,107.0,10519,0.32617861328125,False,REGULAR,USD
2025-12-19,call,AAPL251219C00325000,2025-12-09 18:17:40+00:00,325.0,0.01,0.0,0.03,-0.01,-50.0,200.0,2905,0.35742830078125,False,REGULAR,USD
2025-12-19,call,AAPL251219C00330000,2025-12-09 17:48:24+00:00,330.0,0.01,0.0,0.02,0.0,0.0,7.0,8973,0.3711000390625,False,REGULAR,USD
2025-12-19,call,AAPL251219C00335000,2025-12-04 20:58:17+00:00,335.0,0.07,0.0,0.05,0.0,0.0,3.0,349,0.4414118359375,False,REGULAR,USD
2025-12-19,call,AAPL251219C00340000,2025-12-08 17:35:21+00:00,340.0,0.01,0.0,0.02,0.0,0.0,101.0,5080,0.42578699218750005,False,REGULAR,USD
2025-12-19,call,AAPL251219C00345000,2025-12-09 14:32:59+00:00,345.0,0.01,0.0,0.05,-0.01,-50.0,20.0,545,0.500005,False,REGULAR,USD
2025-12-19,call,AAPL251219C00350000,2025-12-08 18:04:53+00:00,350.0,0.01,0.0,0.02,0.0,0.0,1.0,4706,0.4804739453125,False,REGULAR,USD
2025-12-19,call,AAPL251219C00360000,2025-12-05 17:51:39+00:00,360.0,0.01,0.0,0.02,0.0,0.0,2.0,3335,0.500005,False,REGULAR,USD
2025-12-19,call,AAPL251219C00370000,2025-12-09 19:00:03+00:00,370.0,0.01,0.0,0.01,0.0,0.0,2.0,5782,0.51562984375,False,REGULAR,USD
2025-12-19,call,AAPL251219C00380000,2025-12-03 15:02:50+00:00,380.0,0.02,0.0,0.01,0.0,0.0,10.0,2208,0.5625043750000001,False,REGULAR,USD
2025-12-19,call,AAPL251219C00390000,2025-12-09 15:25:41+00:00,390.0,0.01,0.0,0.01,0.0,0.0,2.0,1759,0.5937540625000001,False,REGULAR,USD
2025-12-19,call,AAPL251219C00400000,2025-12-05 16:59:32+00:00,400.0,0.01,0.0,0.01,0.0,0.0,1.0,12646,0.64062859375,False,REGULAR,USD
2025-12-19,call,AAPL251219C00410000,2025-11-21 16:54:35+00:00,410.0,0.01,0.0,0.01,0.0,0.0,2.0,4,0.6875031250000001,False,REGULAR,USD
2025-12-19,call,AAPL251219C00420000,2025-11-21 16:58:29+00:00,420.0,0.01,0.0,0.01,0.0,0.0,2.0,1,0.7187528125,False,REGULAR,USD
2025-12-19,call,AAPL251219C00430000,2025-11-18 15:25:44+00:00,430.0,0.01,0.0,0.01,0.0,0.0,,1,0.7500025,False,REGULAR,USD
2025-12-19,call,AAPL251219C00440000,2025-12-03 14:55:25+00:00,440.0,0.01,0.0,0.01,0.0,0.0,5.0,8,0.79687703125,False,REGULAR,USD
2025-12-19,call,AAPL251219C00450000,2025-12-09 18:43:42+00:00,450.0,0.01,0.0,0.01,0.0,0.0,2.0,127,0.8281267187499999,False,REGULAR,USD
2025-12-19,put,AAPL251219P00005000,2025-11-24 15:25:58+00:00,5.0,0.01,0.0,0.01,0.0,0.0,1.0,4888,7.00000125,False,REGULAR,USD
2025-12-19,put,AAPL251219P00010000,2025-06-25 15:51:44+00:00,10.0,0.01,0.0,0.01,0.0,0.0,5.0,89,5.7500028125,False,REGULAR,USD
2025-12-19,put,AAPL251219P00015000,2025-06-25 16:01:40+00:00,15.0,0.01,0.0,0.22,0.0,0.0,1.0,3,6.5859392675781265,False,REGULAR,USD
2025-12-19,put,AAPL251219P00020000,2025-10-07 19:35:04+00:00,20.0,0.01,0.0,0.01,0.0,0.0,14.0,53,4.500004375,False,REGULAR,USD
2025-12-19,put,AAPL251219P00025000,2025-06-24 18:30:19+00:00,25.0,0.02,0.0,0.02,0.0,0.0,4.0,6,4.312504609374999,False,REGULAR,USD
2025-12-19,put,AAPL251219P00030000,2025-06-24 14:46:12+00:00,30.0,0.02,0.0,0.02,0.0,0.0,7.0,153,3.968750078125,False,REGULAR,USD
2025-12-19,put,AAPL251219P00035000,2025-06-24 18:29:42+00:00,35.0,0.01,0.0,0.02,0.0,0.0,15.0,10,3.6875007812500002,False,REGULAR,USD
2025-12-19,put,AAPL251219P00040000,2025-10-20 17:43:11+00:00,40.0,0.01,0.0,0.02,0.0,0.0,5.0,3050,3.43750140625,False,REGULAR,USD
2025-12-19,put,AAPL251219P00045000,2025-10-31 13:37:29+00:00,45.0,0.01,0.0,0.03,0.0,0.0,2.0,308,3.3437516406249994,False,REGULAR,USD
2025-12-19,put,AAPL251219P00050000,2025-11-14 16:01:03+00:00,50.0,0.01,0.0,0.01,0.0,0.0,1.0,6843,2.8750028125,False,REGULAR,USD
2025-12-19,put,AAPL251219P00055000,2025-09-17 15:46:59+00:00,55.0,0.01,0.0,0.11,0.0,0.0,50.0,627,3.3437516406249994,False,REGULAR,USD
2025-12-19,put,AAPL251219P00060000,2025-09-10 15:33:55+00:00,60.0,0.02,0.0,0.21,0.0,0.0,1.0,733,3.3828140429687497,False,REGULAR,USD
2025-12-19,put,AAPL251219P00065000,2025-09-19 17:44:33+00:00,65.0,0.01,0.0,0.01,0.0,0.0,1.0,2196,2.43750390625,False,REGULAR,USD
2025-12-19,put,AAPL251219P00070000,2025-12-03 15:39:54+00:00,70.0,0.01,0.0,0.01,0.0,0.0,1.0,1275,2.3125042187499996,False,REGULAR,USD
2025-12-19,put,AAPL251219P00075000,2025-10-07 16:34:12+00:00,75.0,0.01,0.0,0.01,0.0,0.0,135.0,3653,2.2500043749999996,False,REGULAR,USD
2025-12-19,put,AAPL251219P00080000,2025-10-31 13:37:29+00:00,80.0,0.02,0.0,0.05,0.0,0.0,2.0,2420,2.4062539843749997,False,REGULAR,USD
2025-12-19,put,AAPL251219P00085000,2025-10-17 13:37:29+00:00,85.0,0.01,0.0,0.21,0.0,0.0,1.0,1879,2.6328159179687503,False,REGULAR,USD
2025-12-19,put,AAPL251219P00090000,2025-10-27 16:41:24+00:00,90.0,0.01,0.0,0.01,0.0,0.0,3.0,1885,1.9375003125,False,REGULAR,USD
2025-12-19,put,AAPL251219P00095000,2025-11-19 16:22:28+00:00,95.0,0.01,0.0,0.04,0.0,0.0,1.0,1688,2.0468798828125,False,REGULAR,USD
2025-12-19,put,AAPL251219P00100000,2025-12-08 14:30:07+00:00,100.0,0.01,0.0,0.01,0.0,0.0,1.0,3581,1.75000125,False,REGULAR,USD
2025-12-19,put,AAPL251219P00105000,2025-11-18 14:30:03+00:00,105.0,0.01,0.0,0.01,0.0,0.0,5.0,944,1.6875015625,False,REGULAR,USD
2025-12-19,put,AAPL251219P00110000,2025-11-20 20:52:18+00:00,110.0,0.02,0.0,0.01,0.0,0.0,451.0,2178,1.5937520312499998,False,REGULAR,USD
2025-12-19,put,AAPL251219P00115000,2025-12-04 20:26:28+00:00,115.0,0.01,0.0,0.01,0.0,0.0,9.0,2402,1.5000025,False,REGULAR,USD
2025-12-19,put,AAPL251219P00120000,2025-12-04 20:26:46+00:00,120.0,0.01,0.0,0.01,0.0,0.0,4.0,4664,1.4375028125,False,REGULAR,USD
2025-12-19,put,AAPL251219P00125000,2025-12-08 17:15:02+00:00,125.0,0.01,0.0,0.01,0.0,0.0,1.0,2341,1.3750031249999999,False,REGULAR,USD
2025-12-19,put,AAPL251219P00130000,2025-12-05 14:30:00+00:00,130.0,0.01,0.0,0.01,0.0,0.0,3.0,3393,1.3125034374999998,False,REGULAR,USD
2025-12-19,put,AAPL251219P00135000,2025-11-21 17:20:35+00:00,135.0,0.01,0.0,0.01,0.0,0.0,1.0,737,1.2500037499999999,False,REGULAR,USD
2025-12-19,put,AAPL251219P00140000,2025-12-08 14:30:00+00:00,140.0,0.01,0.0,0.01,-0.02,-66.66667,6.0,2904,1.1875040625,False,REGULAR,USD
2025-12-19,put,AAPL251219P00145000,2025-12-09 14:49:51+00:00,145.0,0.01,0.0,0.03,0.0,0.0,1.0,3307,1.2343788281249999,False,REGULAR,USD
2025-12-19,put,AAPL251219P00150000,2025-12-05 20:28:07+00:00,150.0,0.01,0.0,0.05,0.0,0.0,5.0,10918,1.2265663671875,False,REGULAR,USD
2025-12-19,put,AAPL251219P00155000,2025-12-02 17:38:44+00:00,155.0,0.01,0.0,0.05,0.0,0.0,12.0,3687,1.1640666796875,False,REGULAR,USD
2025-12-19,put,AAPL251219P00160000,2025-12-09 16:11:29+00:00,160.0,0.02,0.0,0.06,0.01,100.0,80.0,6073,1.125004375,False,REGULAR,USD
2025-12-19,put,AAPL251219P00165000,2025-12-01 19:29:53+00:00,165.0,0.01,0.0,0.06,0.0,0.0,16.0,11559,1.0703171484375003,False,REGULAR,USD
2025-12-19,put,AAPL251219P00170000,2025-12-09 20:36:17+00:00,170.0,0.01,0.0,0.06,0.0,0.0,8.0,14852,1.0078174609375,False,REGULAR,USD
2025-12-19,put,AAPL251219P00175000,2025-12-08 14:36:52+00:00,175.0,0.01,0.0,0.02,0.0,0.0,16.0,10589,0.85937640625,False,REGULAR,USD
2025-12-19,put,AAPL251219P00180000,2025-12-05 20:40:29+00:00,180.0,0.01,0.0,0.01,0.0,0.0,5.0,12823,0.7812521875,False,REGULAR,USD
2025-12-19,put,AAPL251219P00185000,2025-12-08 19:15:38+00:00,185.0,0.01,0.0,0.05,0.0,0.0,4.0,6940,0.8320329296874999,False,REGULAR,USD
2025-12-19,put,AAPL251219P00190000,2025-12-09 17:13:36+00:00,190.0,0.01,0.0,0.02,0.0,0.0,1.0,13236,0.7187528125,False,REGULAR,USD
2025-12-19,put,AAPL251219P00195000,2025-12-09 17:05:05+00:00,195.0,0.02,0.0,0.02,0.01,100.0,4.0,16932,0.6718782812500002,False,REGULAR,USD
2025-12-19,put,AAPL251219P00200000,2025-12-09 18:17:34+00:00,200.0,0.01,0.0,0.02,0.0,0.0,31.0,21629,0.6250037500000001,False,REGULAR,USD
2025-12-19,put,AAPL251219P00205000,2025-12-09 18:27:23+00:00,205.0,0.01,0.0,0.01,-0.01,-50.0,55.0,8372,0.5468795312500001,False,REGULAR,USD
2025-12-19,put,AAPL251219P00210000,2025-12-09 20:49:14+00:00,210.0,0.01,0.0,0.01,-0.01,-50.0,346.0,8075,0.51562984375,False,REGULAR,USD
2025-12-19,put,AAPL251219P00215000,2025-12-09 17:07:12+00:00,215.0,0.01,0.01,0.02,-0.01,-50.0,80.0,11848,0.51562984375,False,REGULAR,USD
2025-12-19,put,AAPL251219P00220000,2025-12-09 20:36:17+00:00,220.0,0.01,0.01,0.04,-0.03,-75.0,22.0,16106,0.500005,False,REGULAR,USD
2025-12-19,put,AAPL251219P00222500,2025-12-09 14:41:38+00:00,222.5,0.02,0.01,0.09,-0.01,-33.333336,2.0,98,0.5136767382812499,False,REGULAR,USD
2025-12-19,put,AAPL251219P00225000,2025-12-09 20:54:50+00:00,225.0,0.02,0.02,0.05,-0.01,-33.333336,62.0,10593,0.49023947265625006,False,REGULAR,USD
2025-12-19,put,AAPL251219P00227500,2025-12-08 14:44:22+00:00,227.5,0.03,0.02,0.04,-0.03,-50.0,1.0,22,0.45508357421875,False,REGULAR,USD
2025-12-19,put,AAPL251219P00230000,2025-12-09 20:57:08+00:00,230.0,0.03,0.02,0.04,-0.020000001,-40.000004,105.0,22526,0.4335994140625,False,REGULAR,USD
2025-12-19,put,AAPL251219P00232500,2025-12-08 15:22:41+00:00,232.5,0.03,0.03,0.06,-0.01,-25.0,1.0,9,0.43164630859375,False,REGULAR,USD
2025-12-19,put,AAPL251219P00235000,2025-12-09 20:50:10+00:00,235.0,0.04,0.04,0.05,-0.02,-33.333336,42.0,9470,0.398443515625,False,REGULAR,USD
2025-12-19,put,AAPL251219P00237500,2025-12-08 14:38:48+00:00,237.5,0.07,0.04,0.06,0.0,0.0,1.0,305,0.38477177734374995,False,REGULAR,USD
2025-12-19,put,AAPL251219P00240000,2025-12-09 20:41:23+00:00,240.0,0.05,0.05,0.06,-0.029999997,-37.499996,328.0,10635,0.36133451171875,False,REGULAR,USD
2025-12-19,put,AAPL251219P00242500,2025-12-09 19:43:04+00:00,242.5,0.06,0.06,0.07,-0.02,-25.0,15.0,118,0.34570966796874997,False,REGULAR,USD
2025-12-19,put,AAPL251219P00245000,2025-12-09 20:58:02+00:00,245.0,0.08,0.07,0.09,-0.020000003,-20.000002,206.0,10356,0.33399103515625,False,REGULAR,USD
2025-12-19,put,AAPL251219P00247500,2025-12-09 17:53:32+00:00,247.5,0.09,0.09,0.1,-0.03999999,-30.769224,22.0,248,0.31445998046874996,False,REGULAR,USD
2025-12-19,put,AAPL251219P00250000,2025-12-09 20:50:45+00:00,250.0,0.11,0.12,0.13,-0.030000001,-21.428572,1705.0,16904,0.30274134765625,False,REGULAR,USD
2025-12-19,put,AAPL251219P00252500,2025-12-09 20:30:04+00:00,252.5,0.14,0.15,0.16,-0.049999997,-26.315786,64.0,339,0.2880930566406249,False,REGULAR,USD
2025-12-19,put,AAPL251219P00255000,2025-12-09 20:58:17+00:00,255.0,0.2,0.19,0.21,-0.019999996,-9.090907,321.0,11558,0.2758861474609374,False,REGULAR,USD
2025-12-19,put,AAPL251219P00257500,2025-12-09 20:55:17+00:00,257.5,0.26,0.25,0.27,-0.04000002,-13.333339,53.0,3195,0.2622144091796875,False,REGULAR,USD
2025-12-19,put,AAPL251219P00260000,2025-12-09 20:58:07+00:00,260.0,0.38,0.35,0.37,-0.030000001,-7.3170733,486.0,13105,0.2512281909179687,False,REGULAR,USD
2025-12-19,put,AAPL251219P00262500,2025-12-09 20:58:43+00:00,262.5,0.52,0.48,0.51,0.0,0.0,196.0,1914,0.24073024902343748,False,REGULAR,USD
2025-12-19,put,AAPL251219P00265000,2025-12-09 20:58:52+00:00,265.0,0.71,0.68,0.71,-0.06999999,-8.974358,1061.0,16094,0.2304764453125,False,REGULAR,USD
2025-12-19,put,AAPL251219P00267500,2025-12-09 20:58:06+00:00,267.5,1.0,0.97,1.01,0.00999999,1.0101,699.0,1344,0.2219316088867187,False,REGULAR,USD
2025-12-19,put,AAPL251219P00270000,2025-12-09 20:59:21+00:00,270.0,1.41,1.4,1.44,0.06999993,5.2238755,4316.0,14859,0.2142412561035156,False,REGULAR,USD
2025-12-19,put,AAPL251219P00272500,2025-12-09 20:58:52+00:00,272.5,2.02,1.92,2.04,0.120000005,6.3157897,510.0,2866,0.2074053869628906,False,REGULAR,USD
2025-12-19,put,AAPL251219P00275000,2025-12-09 20:59:46+00:00,275.0,2.8,2.74,2.84,0.109999895,4.0892153,2568.0,16655,0.2004474487304687,False,REGULAR,USD
2025-12-19,put,AAPL251219P00277500,2025-12-09 20:58:52+00:00,277.5,3.85,3.75,3.9,0.25,6.9444447,3071.0,20802,0.19458813232421873,True,REGULAR,USD
2025-12-19,put,AAPL251219P00280000,2025-12-09 20:58:19+00:00,280.0,5.21,5.1,5.25,-0.01999998,-0.3824088,1992.0,15004,0.1901936450195313,True,REGULAR,USD
2025-12-19,put,AAPL251219P00282500,2025-12-09 20:54:41+00:00,282.5,6.75,6.7,6.9,0.21000004,3.2110097,121.0,1889,0.18775226318359373,True,REGULAR,USD
2025-12-19,put,AAPL251219P00285000,2025-12-09 20:54:41+00:00,285.0,8.85,8.4,8.8,0.21000004,2.4305558,3311.0,7015,0.18628743408203124,True,REGULAR,USD
2025-12-19,put,AAPL251219P00287500,2025-12-09 20:57:49+00:00,287.5,10.7,10.6,11.05,0.059999466,0.56390476,49.0,1420,0.19947089599609374,True,REGULAR,USD
2025-12-19,put,AAPL251219P00290000,2025-12-09 20:54:40+00:00,290.0,12.9,12.65,13.15,0.14999962,1.1764675,71.0,3112,0.18531088134765622,True,REGULAR,USD
2025-12-19,put,AAPL251219P00292500,2025-12-09 19:32:34+00:00,292.5,13.93,14.9,15.5,-1.6199999,-10.418005,3.0,276,0.18555501953124998,True,REGULAR,USD
2025-12-19,put,AAPL251219P00295000,2025-12-09 20:54:40+00:00,295.0,17.75,17.1,17.95,0.0,0.0,82.0,877,0.19678537597656248,True,REGULAR,USD
2025-12-19,put,AAPL251219P00300000,2025-12-09 20:50:00+00:00,300.0,21.8,22.5,23.4,-0.9000015,-3.9647644,2.0,62,0.3232489550781249,True,REGULAR,USD
2025-12-19,put,AAPL251219P00305000,2025-12-08 15:46:15+00:00,305.0,27.7,26.7,29.1,0.0,0.0,14.0,1,0.4572808178710938,True,REGULAR,USD
2025-12-19,put,AAPL251219P00310000,2025-11-04 17:35:02+00:00,310.0,40.12,31.75,34.0,0.0,0.0,1.0,0,0.4995167236328125,True,REGULAR,USD
2025-12-19,put,AAPL251219P00315000,2025-10-31 16:01:17+00:00,315.0,44.1,27.7,29.7,0.0,0.0,1.0,0,1.0000000000000003e-05,True,REGULAR,USD
2025-12-19,put,AAPL251219P00320000,2025-12-04 16:26:31+00:00,320.0,38.56,41.75,44.0,0.0,0.0,3.0,0,0.5988809643554689,True,REGULAR,USD
2025-12-19,put,AAPL251219P00325000,2025-11-20 20:53:48+00:00,325.0,57.37,46.7,49.1,0.0,0.0,1.0,0,0.6589389575195312,True,REGULAR,USD
2025-12-19,put,AAPL251219P00330000,2025-11-18 14:43:31+00:00,330.0,61.25,51.75,54.0,0.0,0.0,2.0,0,0.6914093359375001,True,REGULAR,USD
2025-12-19,put,AAPL251219P00335000,2025-11-13 20:52:48+00:00,335.0,60.57,56.7,59.1,0.0,0.0,,0,0.7495142236328125,True,REGULAR,USD
2025-12-19,put,AAPL251219P00350000,2025-11-14 19:08:04+00:00,350.0,76.1,71.75,74.0,0.0,0.0,2.0,0,0.5351608984375,True,REGULAR,USD
2025-12-19,put,AAPL251219P00360000,2025-05-15 19:46:41+00:00,360.0,149.64,161.95,165.0,0.0,0.0,,0,5.561892696075439,True,REGULAR,USD
2025-12-19,put,AAPL251219P00370000,2025-11-24 15:18:58+00:00,370.0,97.0,91.75,94.0,0.0,0.0,1.0,0,0.6445348046875,True,REGULAR,USD
2025-12-19,put,AAPL251219P00380000,2025-11-14 20:48:35+00:00,380.0,105.92,101.75,104.0,0.0,0.0,1.0,0,0.6972686523437501,True,REGULAR,USD
2025-12-19,put,AAPL251219P00390000,2025-10-20 14:37:27+00:00,390.0,130.1,111.75,113.95,0.0,0.0,,0,0.70312796875,True,REGULAR,USD
2025-12-19,put,AAPL251219P00400000,2025-10-10 16:55:57+00:00,400.0,152.25,126.05,129.1,0.0,0.0,6.0,0,1.67578287109375,True,REGULAR,USD
2025-12-19,put,AAPL251219P00450000,2025-12-01 15:36:07+00:00,450.0,172.05,171.75,174.0,0.0,0.0,5.0,0,1.015629921875,True,REGULAR,USD
2025-12-26,call,AAPL251226C00110000,2025-12-05 18:39:45+00:00,110.0,170.3,165.6,169.2,0.0,0.0,1.0,1,1.7773448632812499,True,REGULAR,USD
2025-12-26,call,AAPL251226C00120000,2025-12-08 15:37:49+00:00,120.0,158.22,155.75,159.2,0.0,0.0,1.0,1,1.68359533203125,True,REGULAR,USD
2025-12-26,call,AAPL251226C00125000,2025-12-03 19:20:43+00:00,125.0,160.4,150.65,154.2,0.0,0.0,,4,1.5683615332031249,True,REGULAR,USD
2025-12-26,call,AAPL251226C00150000,2025-12-08 15:45:43+00:00,150.0,127.83,125.7,129.3,0.0,0.0,1.0,2,1.2832067089843748,True,REGULAR,USD
2025-12-26,call,AAPL251226C00155000,2025-12-02 19:29:53+00:00,155.0,131.18,120.7,124.3,0.0,0.0,2.0,2,1.220707021484375,True,REGULAR,USD
2025-12-26,call,AAPL251226C00170000,2025-12-05 15:50:38+00:00,170.0,111.06,105.75,109.3,0.0,0.0,1.0,3,1.0576218994140625,True,REGULAR,USD
2025-12-26,call,AAPL251226C00180000,2025-12-03 19:53:36+00:00,180.0,105.36,95.75,99.35,0.0,0.0,,1,0.9570316796874999,True,REGULAR,USD
2025-12-26,call,AAPL251226C00185000,2025-12-04 15:15:30+00:00,185.0,97.39,91.5,93.05,0.0,0.0,1.0,3,0.7500025,True,REGULAR,USD
2025-12-26,call,AAPL251226C00190000,2025-12-09 15:13:59+00:00,190.0,88.38,86.65,88.45,-6.9900055,-7.3293543,1.0,24,0.8510757080078125,True,REGULAR,USD
2025-12-26,call,AAPL251226C00195000,2025-12-04 17:12:35+00:00,195.0,86.07,81.2,84.35,0.0,0.0,1.0,20,0.8667005517578125,True,REGULAR,USD
2025-12-26,call,AAPL251226C00200000,2025-12-08 16:19:46+00:00,200.0,77.35,75.95,77.95,0.0,0.0,1.0,5,0.8530288134765626,True,REGULAR,USD
2025-12-26,call,AAPL251226C00205000,2025-12-09 17:12:55+00:00,205.0,73.27,70.95,74.4,-8.020004,-9.865917,1.0,3,0.7358424853515625,True,REGULAR,USD
2025-12-26,call,AAPL251226C00210000,2025-12-08 16:19:44+00:00,210.0,67.62,65.85,69.4,0.0,0.0,22.0,30,0.6728548339843752,True,REGULAR,USD
2025-12-26,call,AAPL251226C00215000,2025-12-04 15:47:51+00:00,215.0,66.88,62.35,63.55,0.0,0.0,2.0,13,0.692385888671875,True,REGULAR,USD
2025-12-26,call,AAPL251226C00220000,2025-12-05 15:28:19+00:00,220.0,60.82,56.75,59.45,0.0,0.0,10.0,97,0.6650424121093752,True,REGULAR,USD
2025-12-26,call,AAPL251226C00225000,2025-12-08 14:41:20+00:00,225.0,53.4,50.9,53.85,0.0,0.0,1.0,36,0.7063017651367188,True,REGULAR,USD
2025-12-26,call,AAPL251226C00230000,2025-12-09 20:42:33+00:00,230.0,48.42,46.75,48.3,-0.08000183,-0.16495223,2.0,90,0.5864299169921875,True,REGULAR,USD
2025-12-26,call,AAPL251226C00235000,2025-12-09 14:41:56+00:00,235.0,45.11,41.75,43.7,0.7400017,1.6677973,5.0,122,0.5764202514648438,True,REGULAR,USD
2025-12-26,call,AAPL251226C00240000,2025-12-09 20:23:26+00:00,240.0,38.6,36.1,39.6,0.29999924,0.7832878,1.0,127,0.5979044116210939,True,REGULAR,USD
2025-12-26,call,AAPL251226C00245000,2025-12-09 14:34:35+00:00,245.0,34.79,31.8,34.65,2.5,7.742335,1.0,106,0.5406540075683595,True,REGULAR,USD
2025-12-26,call,AAPL251226C00250000,2025-12-09 18:15:57+00:00,250.0,29.4,27.25,28.4,1.1299992,3.997167,3.0,219,0.38281867187499996,True,REGULAR,USD
2025-12-26,call,AAPL251226C00255000,2025-12-09 18:48:58+00:00,255.0,24.3,22.7,23.4,0.69999886,2.9660969,11.0,172,0.3283758569335937,True,REGULAR,USD
2025-12-26,call,AAPL251226C00260000,2025-12-09 18:24:08+00:00,260.0,18.89,18.2,18.55,-0.11000061,-0.5789506,8.0,759,0.2838206384277343,True,REGULAR,USD
2025-12-26,call,AAPL251226C00265000,2025-12-09 20:58:48+00:00,265.0,13.7,13.7,14.05,-0.5500002,-3.8596504,15.0,1653,0.25525647094726567,True,REGULAR,USD
2025-12-26,call,AAPL251226C00270000,2025-12-09 20:58:48+00:00,270.0,9.6,9.7,10.0,-0.42000008,-4.1916175,139.0,1188,0.23535920898437498,True,REGULAR,USD
2025-12-26,call,AAPL251226C00275000,2025-12-09 20:58:44+00:00,275.0,6.25,6.2,6.4,-0.5999999,-8.759123,846.0,2295,0.21411918701171873,True,REGULAR,USD
2025-12-26,call,AAPL251226C00280000,2025-12-09 20:59:59+00:00,280.0,3.65,3.55,3.75,-0.30999994,-7.8282814,4421.0,4472,0.2039874523925781,False,REGULAR,USD
2025-12-26,call,AAPL251226C00285000,2025-12-09 20:59:17+00:00,285.0,1.86,1.85,1.9,-0.35000002,-15.837106,1104.0,3716,0.19422192504882813,False,REGULAR,USD
2025-12-26,call,AAPL251226C00290000,2025-12-09 20:59:38+00:00,290.0,0.88,0.88,0.91,-0.19000006,-17.757013,1987.0,5324,0.1928791650390625,False,REGULAR,USD
2025-12-26,call,AAPL251226C00295000,2025-12-09 20:57:19+00:00,295.0,0.39,0.39,0.42,-0.110000014,-22.000004,1005.0,4246,0.195320546875,False,REGULAR,USD
2025-12-26,call,AAPL251226C00300000,2025-12-09 20:58:04+00:00,300.0,0.19,0.18,0.19,-0.049999997,-20.833332,1335.0,6114,0.1997150341796875,False,REGULAR,USD
2025-12-26,call,AAPL251226C00305000,2025-12-09 20:38:35+00:00,305.0,0.1,0.09,0.1,-0.029999994,-23.076918,134.0,3612,0.20996883789062498,False,REGULAR,USD
2025-12-26,call,AAPL251226C00310000,2025-12-09 18:48:52+00:00,310.0,0.06,0.05,0.06,-0.010000002,-14.285716,88.0,1867,0.22266402343749997,False,REGULAR,USD
2025-12-26,call,AAPL251226C00315000,2025-12-09 19:57:36+00:00,315.0,0.02,0.02,0.24,-0.030000001,-60.0,66.0,1402,0.30762411132812495,False,REGULAR,USD
2025-12-26,call,AAPL251226C00320000,2025-12-09 15:04:30+00:00,320.0,0.02,0.0,0.07,0.0,0.0,6.0,103,0.282233740234375,False,REGULAR,USD
2025-12-26,call,AAPL251226C00325000,2025-12-08 20:00:48+00:00,325.0,0.01,0.01,0.05,0.0,0.0,2.0,447,0.295905478515625,False,REGULAR,USD
2025-12-26,call,AAPL251226C00330000,2025-12-09 20:32:23+00:00,330.0,0.02,0.0,0.03,0.0,0.0,46.0,654,0.30274134765625,False,REGULAR,USD
2025-12-26,call,AAPL251226C00335000,2025-12-09 19:37:49+00:00,335.0,0.01,0.0,0.21,-0.01,-50.0,55.0,40,0.4165097412109374,False,REGULAR,USD
2025-12-26,call,AAPL251226C00340000,2025-12-03 20:09:38+00:00,340.0,0.01,0.0,0.21,0.0,0.0,3.0,37,0.44336494140625,False,REGULAR,USD
2025-12-26,call,AAPL251226C00345000,2025-12-08 15:03:16+00:00,345.0,0.01,0.0,0.21,0.0,0.0,6.0,10,0.46973186523437505,False,REGULAR,USD
2025-12-26,call,AAPL251226C00350000,2025-11-26 14:30:12+00:00,350.0,0.02,0.0,0.21,0.0,0.0,10.0,14,0.49561051269531253,False,REGULAR,USD
2025-12-26,call,AAPL251226C00355000,2025-12-02 19:52:58+00:00,355.0,0.01,0.0,0.21,0.0,0.0,1.0,12,0.5205126074218749,False,REGULAR,USD
2025-12-26,call,AAPL251226C00360000,2025-11-17 18:37:52+00:00,360.0,0.01,0.0,0.41,0.0,0.0,,1,0.5434615966796876,False,REGULAR,USD
2025-12-26,call,AAPL251226C00365000,2025-12-01 14:30:17+00:00,365.0,0.02,0.0,0.02,0.0,0.0,2.0,3,0.4335994140625,False,REGULAR,USD
2025-12-26,call,AAPL251226C00370000,2025-12-01 20:20:25+00:00,370.0,0.01,0.0,0.41,0.0,0.0,,1,0.5908244042968751,False,REGULAR,USD
2025-12-26,call,AAPL251226C00380000,2025-11-18 20:32:44+00:00,380.0,0.02,0.0,0.21,0.0,0.0,,8,0.584965087890625,False,REGULAR,USD
2025-12-26,call,AAPL251226C00385000,2025-12-01 20:35:46+00:00,385.0,0.01,0.0,0.41,0.0,0.0,,1,0.659183095703125,False,REGULAR,USD
2025-12-26,call,AAPL251226C00400000,2025-11-14 17:42:59+00:00,400.0,0.03,0.0,0.21,0.0,0.0,1.0,1,0.6660189648437502,False,REGULAR,USD
2025-12-26,put,AAPL251226P00120000,2025-11-14 14:57:17+00:00,120.0,0.02,0.0,0.41,0.0,0.0,1.0,1,1.607423837890625,False,REGULAR,USD
2025-12-26,put,AAPL251226P00130000,2025-11-21 15:08:52+00:00,130.0,0.02,0.0,0.41,0.0,0.0,8.0,44,1.4628933105468749,False,REGULAR,USD
2025-12-26,put,AAPL251226P00145000,2025-11-20 20:51:13+00:00,145.0,0.04,0.0,0.21,0.0,0.0,199.0,202,1.1679729101562502,False,REGULAR,USD
2025-12-26,put,AAPL251226P00150000,2025-11-13 20:34:27+00:00,150.0,0.02,0.0,0.21,0.0,0.0,,10,1.11328568359375,False,REGULAR,USD
2025-12-26,put,AAPL251226P00155000,2025-11-20 19:30:58+00:00,155.0,0.03,0.0,0.21,0.0,0.0,1.0,101,1.05859845703125,False,REGULAR,USD
2025-12-26,put,AAPL251226P00170000,2025-12-08 14:30:51+00:00,170.0,0.01,0.0,0.21,0.0,0.0,10.0,15,0.9023447265625,False,REGULAR,USD
2025-12-26,put,AAPL251226P00175000,2025-12-05 14:38:22+00:00,175.0,0.01,0.0,0.21,0.0,0.0,5.0,314,0.8535170898437501,False,REGULAR,USD
2025-12-26,put,AAPL251226P00180000,2025-12-04 18:36:24+00:00,180.0,0.01,0.0,0.21,0.0,0.0,100.0,101,0.80664255859375,False,REGULAR,USD
2025-12-26,put,AAPL251226P00185000,2025-12-05 18:35:37+00:00,185.0,0.01,0.0,0.21,0.0,0.0,7.0,9,0.7597680273437502,False,REGULAR,USD
2025-12-26,put,AAPL251226P00190000,2025-12-01 19:39:34+00:00,190.0,0.01,0.0,0.02,0.0,0.0,10.0,101,0.5625043750000001,False,REGULAR,USD
2025-12-26,put,AAPL251226P00195000,2025-12-04 16:45:54+00:00,195.0,0.01,0.0,0.02,0.0,0.0,5.0,19,0.523442265625,False,REGULAR,USD
2025-12-26,put,AAPL251226P00200000,2025-12-05 18:24:20+00:00,200.0,0.02,0.01,0.02,0.0,0.0,160.0,251,0.507817421875,False,REGULAR,USD
2025-12-26,put,AAPL251226P00205000,2025-12-09 18:09:58+00:00,205.0,0.01,0.01,0.22,-0.01,-50.0,8.0,93,0.5908244042968751,False,REGULAR,USD
2025-12-26,put,AAPL251226P00210000,2025-12-09 14:30:58+00:00,210.0,0.01,0.0,0.15,0.0,0.0,5.0,530,0.5195360546875,False,REGULAR,USD
2025-12-26,put,AAPL251226P00215000,2025-12-09 18:02:24+00:00,215.0,0.02,0.01,0.03,-0.01,-33.333336,5.0,372,0.4335994140625,False,REGULAR,USD
2025-12-26,put,AAPL251226P00220000,2025-12-09 20:01:47+00:00,220.0,0.02,0.02,0.04,-0.01,-33.333336,100.0,610,0.4101621484375,False,REGULAR,USD
2025-12-26,put,AAPL251226P00225000,2025-12-09 18:09:58+00:00,225.0,0.04,0.03,0.05,-0.010000002,-20.000002,13.0,127,0.38281867187499996,False,REGULAR,USD
2025-12-26,put,AAPL251226P00230000,2025-12-09 19:50:55+00:00,230.0,0.04,0.04,0.06,-0.02,-33.333336,18.0,478,0.35547519531249994,False,REGULAR,USD
2025-12-26,put,AAPL251226P00235000,2025-12-09 20:01:05+00:00,235.0,0.06,0.06,0.08,-0.02,-25.0,99.0,718,0.331061376953125,False,REGULAR,USD
2025-12-26,put,AAPL251226P00240000,2025-12-09 20:58:09+00:00,240.0,0.11,0.1,0.11,-0.019999996,-15.384612,48.0,439,0.30713583496093744,False,REGULAR,USD
2025-12-26,put,AAPL251226P00245000,2025-12-09 20:22:01+00:00,245.0,0.13,0.15,0.16,-0.050000012,-27.777782,361.0,938,0.28516339843749994,False,REGULAR,USD
2025-12-26,put,AAPL251226P00250000,2025-12-09 20:17:18+00:00,250.0,0.21,0.22,0.24,-0.10000001,-32.258068,148.0,1330,0.26319096191406255,False,REGULAR,USD
2025-12-26,put,AAPL251226P00255000,2025-12-09 20:54:40+00:00,255.0,0.35,0.36,0.38,-0.09,-20.454546,128.0,848,0.243171630859375,False,REGULAR,USD
2025-12-26,put,AAPL251226P00260000,2025-12-09 20:58:36+00:00,260.0,0.64,0.61,0.66,-0.030000031,-4.4776163,1757.0,4660,0.22730264892578123,False,REGULAR,USD
2025-12-26,put,AAPL251226P00265000,2025-12-09 20:52:30+00:00,265.0,1.02,1.08,1.16,-0.15999997,-13.5593195,200.0,1261,0.21216608154296873,False,REGULAR,USD
2025-12-26,put,AAPL251226P00270000,2025-12-09 20:59:08+00:00,270.0,2.02,1.97,2.1,0.07999992,4.1237073,312.0,3388,0.2010577941894531,False,REGULAR,USD
2025-12-26,put,AAPL251226P00275000,2025-12-09 20:59:25+00:00,275.0,3.53,3.4,3.55,-0.06999993,-1.9444426,665.0,2106,0.1863484686279297,False,REGULAR,USD
2025-12-26,put,AAPL251226P00280000,2025-12-09 20:54:42+00:00,280.0,6.0,5.75,5.95,-0.05000019,-0.8264494,335.0,1578,0.1782308740234375,True,REGULAR,USD
2025-12-26,put,AAPL251226P00285000,2025-12-09 18:35:20+00:00,285.0,8.3,9.05,9.3,-1.25,-13.0890045,24.0,944,0.17304293762207032,True,REGULAR,USD
2025-12-26,put,AAPL251226P00290000,2025-12-09 18:59:55+00:00,290.0,13.25,13.1,13.5,-0.3000002,-2.2140236,102.0,449,0.17615569946289064,True,REGULAR,USD
2025-12-26,put,AAPL251226P00295000,2025-12-09 16:17:38+00:00,295.0,17.53,17.5,18.25,-1.1899986,-6.3568306,86.0,100,0.19654123779296873,True,REGULAR,USD
2025-12-26,put,AAPL251226P00300000,2025-12-09 18:21:08+00:00,300.0,21.2,22.25,23.3,-1.7999992,-7.8260837,2.0,340,0.2417068017578125,True,REGULAR,USD
2025-12-26,put,AAPL251226P00305000,2025-12-03 15:40:49+00:00,305.0,18.5,26.35,29.5,0.0,0.0,4.0,3,0.3878235046386719,True,REGULAR,USD
2025-12-26,put,AAPL251226P00310000,2025-12-02 16:25:43+00:00,310.0,24.2,31.45,34.35,0.0,0.0,2.0,0,0.4198056066894531,True,REGULAR,USD
2025-12-26,put,AAPL251226P00330000,2025-11-14 20:54:12+00:00,330.0,57.6,51.45,54.35,0.0,0.0,1.0,0,0.5756878369140624,True,REGULAR,USD
2025-12-26,put,AAPL251226P00335000,2025-11-13 20:52:50+00:00,335.0,60.42,56.35,59.5,0.0,0.0,,0,0.6259803027343751,True,REGULAR,USD
2025-12-26,put,AAPL251226P00365000,2025-11-18 14:32:49+00:00,365.0,95.85,86.35,89.5,0.0,0.0,,0,0.5214891601562499,True,REGULAR,USD
2025-12-26,put,AAPL251226P00395000,2025-12-03 20:58:45+00:00,395.0,110.0,116.35,119.5,0.0,0.0,2.0,0,0.648441015625,True,REGULAR,USD
2025-12-26,put,AAPL251226P00400000,2025-12-03 20:54:05+00:00,400.0,114.27,121.45,124.35,0.0,0.0,,0,0.648441015625,True,REGULAR,USD
2026-01-02,call,AAPL260102C00145000,2025-11-19 16:06:45+00:00,145.0,126.05,131.0,134.45,0.0,0.0,,6,1.2373085009765623,True,REGULAR,USD
2026-01-02,call,AAPL260102C00150000,2025-11-21 20:47:13+00:00,150.0,122.36,125.9,129.5,0.0,0.0,5.0,5,1.1704143041992188,True,REGULAR,USD
2026-01-02,call,AAPL260102C00170000,2025-11-19 14:56:35+00:00,170.0,101.27,105.95,109.7,0.0,0.0,,6,0.991211025390625,True,REGULAR,USD
2026-01-02,call,AAPL260102C00175000,2025-12-03 19:51:44+00:00,175.0,110.75,100.95,104.55,0.0,0.0,,1,0.9204109521484375,True,REGULAR,USD
2026-01-02,call,AAPL260102C00190000,2025-12-08 19:19:54+00:00,190.0,87.18,86.2,89.6,0.0,0.0,1.0,1,0.8088398022460936,True,REGULAR,USD
2026-01-02,call,AAPL260102C00195000,2025-12-08 14:31:26+00:00,195.0,85.1,81.05,84.8,0.0,0.0,1.0,7,0.7661156201171876,True,REGULAR,USD
2026-01-02,call,AAPL260102C00200000,2025-12-08 16:16:33+00:00,200.0,78.01,76.05,79.85,0.0,0.0,1.0,3,0.7236355761718749,True,REGULAR,USD
2026-01-02,call,AAPL260102C00205000,2025-12-08 17:16:57+00:00,205.0,73.25,71.1,74.85,0.0,0.0,1.0,5,0.681887946777344,True,REGULAR,USD
2026-01-02,call,AAPL260102C00210000,2025-12-09 15:15:54+00:00,210.0,68.27,66.95,68.95,-1.6200027,-2.3179321,3.0,16,0.6320837573242188,True,REGULAR,USD
2026-01-02,call,AAPL260102C00215000,2025-12-09 15:18:14+00:00,215.0,63.38,62.55,63.9,3.8199997,6.4136996,2.0,3,0.6264685791015626,True,REGULAR,USD
2026-01-02,call,AAPL260102C00220000,2025-12-08 17:49:49+00:00,220.0,58.4,56.2,59.95,0.0,0.0,8.0,113,0.5607954077148438,True,REGULAR,USD
2026-01-02,call,AAPL260102C00225000,2025-12-09 18:52:37+00:00,225.0,53.95,52.0,53.4,-2.4199982,-4.2930603,2.0,7,0.5542036767578126,True,REGULAR,USD
2026-01-02,call,AAPL260102C00230000,2025-12-08 20:25:17+00:00,230.0,49.29,47.15,48.95,1.4400024,3.0094097,1.0,264,0.5590864404296876,True,REGULAR,USD
2026-01-02,call,AAPL260102C00235000,2025-12-09 18:12:44+00:00,235.0,44.0,42.5,43.65,0.52000046,1.1959532,34.0,31,0.4848684326171875,True,REGULAR,USD
2026-01-02,call,AAPL260102C00240000,2025-12-09 20:23:26+00:00,240.0,38.95,37.3,39.1,0.9599991,2.5269783,3.0,65,0.47241738525390625,True,REGULAR,USD
2026-01-02,call,AAPL260102C00245000,2025-12-08 18:09:13+00:00,245.0,33.85,32.55,34.05,0.0,0.0,7.0,153,0.4194393994140625,True,REGULAR,USD
2026-01-02,call,AAPL260102C00250000,2025-12-09 18:51:33+00:00,250.0,29.66,27.85,28.95,1.8799992,6.767455,7.0,335,0.36340968627929693,True,REGULAR,USD
2026-01-02,call,AAPL260102C00255000,2025-12-09 19:25:53+00:00,255.0,24.45,23.5,23.9,0.20000076,0.8247454,18.0,75,0.3110420458984374,True,REGULAR,USD
2026-01-02,call,AAPL260102C00260000,2025-12-09 16:03:25+00:00,260.0,19.75,18.85,19.2,1.3500004,7.3369584,60.0,475,0.2771068383789062,True,REGULAR,USD
2026-01-02,call,AAPL260102C00265000,2025-12-09 20:56:19+00:00,265.0,14.75,14.6,14.85,0.10000038,0.6825965,103.0,1649,0.25354750366210943,True,REGULAR,USD
2026-01-02,call,AAPL260102C00270000,2025-12-09 20:31:08+00:00,270.0,11.16,10.65,10.85,-0.09000015,-0.8000014,52.0,746,0.2329178271484375,True,REGULAR,USD
2026-01-02,call,AAPL260102C00275000,2025-12-09 20:58:40+00:00,275.0,7.32,7.25,7.45,-0.4199996,-5.426352,468.0,1768,0.21857470886230468,True,REGULAR,USD
2026-01-02,call,AAPL260102C00280000,2025-12-09 20:59:19+00:00,280.0,4.59,4.55,4.7,-0.4699998,-9.288533,1376.0,2154,0.20642883422851557,False,REGULAR,USD
2026-01-02,call,AAPL260102C00285000,2025-12-09 20:59:21+00:00,285.0,2.65,2.64,2.76,-0.3499999,-11.666664,506.0,1878,0.19965399963378905,False,REGULAR,USD
2026-01-02,call,AAPL260102C00290000,2025-12-09 20:58:40+00:00,290.0,1.44,1.43,1.49,-0.23999989,-14.285707,719.0,2912,0.19495433959960937,False,REGULAR,USD
2026-01-02,call,AAPL260102C00295000,2025-12-09 20:58:06+00:00,295.0,0.75,0.75,0.8,-0.13999999,-15.730335,618.0,2737,0.19605296142578127,False,REGULAR,USD
2026-01-02,call,AAPL260102C00300000,2025-12-09 20:58:40+00:00,300.0,0.4,0.38,0.41,-0.07999998,-16.666662,757.0,11145,0.1977619287109375,False,REGULAR,USD
2026-01-02,call,AAPL260102C00305000,2025-12-09 20:41:50+00:00,305.0,0.22,0.2,0.22,-0.030000001,-12.0,176.0,1110,0.20288883056640622,False,REGULAR,USD
2026-01-02,call,AAPL260102C00310000,2025-12-09 20:37:41+00:00,310.0,0.11,0.1,0.13,-0.030000001,-21.428572,32.0,886,0.21143366699218746,False,REGULAR,USD
2026-01-02,call,AAPL260102C00315000,2025-12-09 17:42:54+00:00,315.0,0.07,0.06,0.08,-0.009999998,-12.499997,35.0,261,0.22071091796874998,False,REGULAR,USD
2026-01-02,call,AAPL260102C00320000,2025-12-09 17:20:33+00:00,320.0,0.06,0.03,0.06,0.009999998,19.999994,15.0,227,0.23438265625,False,REGULAR,USD
2026-01-02,call,AAPL260102C00325000,2025-12-09 14:35:11+00:00,325.0,0.03,0.01,0.24,0.0,0.0,1.0,303,0.31250687499999996,False,REGULAR,USD
2026-01-02,call,AAPL260102C00330000,2025-12-09 20:04:31+00:00,330.0,0.02,0.01,0.05,0.0,0.0,10.0,157,0.27149166015625,False,REGULAR,USD
2026-01-02,call,AAPL260102C00335000,2025-12-09 16:59:31+00:00,335.0,0.02,0.0,0.03,-0.01,-33.333336,25.0,33,0.27539787109374997,False,REGULAR,USD
2026-01-02,call,AAPL260102C00340000,2025-12-03 17:26:39+00:00,340.0,0.02,0.0,0.03,0.0,0.0,2.0,1,0.29492892578124996,False,REGULAR,USD
2026-01-02,call,AAPL260102C00345000,2025-12-02 19:49:03+00:00,345.0,0.01,0.0,0.01,0.0,0.0,46.0,67,0.28125718749999995,False,REGULAR,USD
2026-01-02,call,AAPL260102C00350000,2025-11-21 16:02:04+00:00,350.0,0.06,0.0,0.16,0.0,0.0,17.0,17,0.40479110839843746,False,REGULAR,USD
2026-01-02,call,AAPL260102C00355000,2025-12-04 15:21:15+00:00,355.0,0.01,0.0,0.22,0.0,0.0,,1,0.44482977050781247,False,REGULAR,USD
2026-01-02,call,AAPL260102C00400000,2025-11-14 14:35:36+00:00,400.0,0.11,0.0,0.22,0.0,0.0,2.0,2,0.56836369140625,False,REGULAR,USD
2026-01-02,put,AAPL260102P00110000,2025-12-02 18:10:24+00:00,110.0,0.01,0.0,0.21,0.0,0.0,1.0,1,1.3828155859374998,False,REGULAR,USD
2026-01-02,put,AAPL260102P00125000,2025-12-02 18:10:24+00:00,125.0,0.01,0.0,0.41,0.0,0.0,1.0,1,1.3007847460937496,False,REGULAR,USD
2026-01-02,put,AAPL260102P00130000,2025-12-02 17:41:56+00:00,130.0,0.02,0.0,0.21,0.0,0.0,69.0,69,1.1464886425781249,False,REGULAR,USD
2026-01-02,put,AAPL260102P00135000,2025-12-02 17:41:56+00:00,135.0,0.02,0.0,0.21,0.0,0.0,33.0,33,1.09375453125,False,REGULAR,USD
2026-01-02,put,AAPL260102P00140000,2025-12-02 18:10:24+00:00,140.0,0.01,0.0,0.21,0.0,0.0,71.0,72,1.0410204199218753,False,REGULAR,USD
2026-01-02,put,AAPL260102P00145000,2025-12-02 18:08:58+00:00,145.0,0.01,0.0,0.22,0.0,0.0,5.0,5,0.99804689453125,False,REGULAR,USD
2026-01-02,put,AAPL260102P00150000,2025-12-03 16:36:34+00:00,150.0,0.01,0.0,0.03,0.0,0.0,3.0,547,0.7812521875,False,REGULAR,USD
2026-01-02,put,AAPL260102P00155000,2025-12-04 18:15:59+00:00,155.0,0.01,0.0,0.22,0.0,0.0,1.0,179,0.9023447265625,False,REGULAR,USD
2026-01-02,put,AAPL260102P00175000,2025-11-25 18:53:42+00:00,175.0,0.02,0.0,0.22,0.0,0.0,12.0,12,0.72851833984375,False,REGULAR,USD
2026-01-02,put,AAPL260102P00180000,2025-12-09 14:49:24+00:00,180.0,0.01,0.0,0.03,-0.080000006,-88.88889,1.0,5,0.5625043750000001,False,REGULAR,USD
2026-01-02,put,AAPL260102P00190000,2025-12-01 15:44:09+00:00,190.0,0.02,0.0,0.23,0.0,0.0,6.0,8,0.6132851171875001,False,REGULAR,USD
2026-01-02,put,AAPL260102P00195000,2025-11-26 14:45:29+00:00,195.0,0.06,0.0,0.23,0.0,0.0,200.0,204,0.5751995605468749,False,REGULAR,USD
2026-01-02,put,AAPL260102P00200000,2025-12-08 20:16:33+00:00,200.0,0.03,0.0,0.04,0.0,0.0,10.0,40,0.476567734375,False,REGULAR,USD
2026-01-02,put,AAPL260102P00205000,2025-12-08 16:00:33+00:00,205.0,0.04,0.01,0.04,0.0,0.0,2.0,15,0.44336494140625,False,REGULAR,USD
2026-01-02,put,AAPL260102P00210000,2025-12-08 20:06:42+00:00,210.0,0.04,0.02,0.05,0.0,0.0,5.0,83,0.41992767578125,False,REGULAR,USD
2026-01-02,put,AAPL260102P00215000,2025-12-09 16:12:30+00:00,215.0,0.05,0.03,0.2,0.0,0.0,20.0,639,0.46533737792968755,False,REGULAR,USD
2026-01-02,put,AAPL260102P00220000,2025-12-09 19:24:31+00:00,220.0,0.05,0.05,0.13,-0.02,-28.571428,113.0,534,0.4023497265625,False,REGULAR,USD
2026-01-02,put,AAPL260102P00225000,2025-12-09 20:10:24+00:00,225.0,0.06,0.07,0.09,-0.030000005,-33.333336,11.0,261,0.3505924316406249,False,REGULAR,USD
2026-01-02,put,AAPL260102P00230000,2025-12-09 20:02:47+00:00,230.0,0.09,0.09,0.11,-0.029999994,-24.999994,17.0,207,0.32617861328125,False,REGULAR,USD
2026-01-02,put,AAPL260102P00235000,2025-12-08 16:16:09+00:00,235.0,0.14,0.13,0.17,-0.019999996,-12.499997,3.0,186,0.3129951513671875,False,REGULAR,USD
2026-01-02,put,AAPL260102P00240000,2025-12-09 19:54:11+00:00,240.0,0.17,0.19,0.21,-0.06999999,-29.166664,333.0,371,0.2880930566406249,False,REGULAR,USD
2026-01-02,put,AAPL260102P00245000,2025-12-09 19:49:19+00:00,245.0,0.25,0.27,0.3,-0.09,-26.470589,39.0,349,0.2700268310546875,False,REGULAR,USD
2026-01-02,put,AAPL260102P00250000,2025-12-09 19:28:30+00:00,250.0,0.33,0.4,0.43,-0.14999998,-31.249996,130.0,891,0.25098405273437496,False,REGULAR,USD
2026-01-02,put,AAPL260102P00255000,2025-12-09 20:03:07+00:00,255.0,0.57,0.62,0.65,-0.06999999,-10.937499,415.0,1825,0.23413851806640623,False,REGULAR,USD
2026-01-02,put,AAPL260102P00260000,2025-12-09 20:58:32+00:00,260.0,1.0,0.97,1.07,0.01999998,2.0408144,82.0,3100,0.22217574707031246,False,REGULAR,USD
2026-01-02,put,AAPL260102P00265000,2025-12-09 20:43:30+00:00,265.0,1.61,1.58,1.65,-0.110000014,-6.39535,795.0,909,0.20581848876953124,False,REGULAR,USD
2026-01-02,put,AAPL260102P00270000,2025-12-09 20:59:21+00:00,270.0,2.65,2.53,2.74,0.09000015,3.515631,111.0,867,0.19660227233886718,False,REGULAR,USD
2026-01-02,put,AAPL260102P00275000,2025-12-09 20:58:04+00:00,275.0,4.25,4.15,4.3,0.0,0.0,867.0,1634,0.18457846679687498,False,REGULAR,USD
2026-01-02,put,AAPL260102P00280000,2025-12-09 20:54:41+00:00,280.0,6.58,6.35,6.65,0.029999733,0.45801118,115.0,1165,0.1759725958251953,True,REGULAR,USD
2026-01-02,put,AAPL260102P00285000,2025-12-09 16:05:45+00:00,285.0,9.75,9.1,9.8,-0.23999977,-2.4024003,47.0,428,0.1682212084960938,True,REGULAR,USD
2026-01-02,put,AAPL260102P00290000,2025-12-09 20:59:28+00:00,290.0,13.66,13.05,13.7,0.10999966,0.81180555,33.0,1451,0.16199568481445312,True,REGULAR,USD
2026-01-02,put,AAPL260102P00295000,2025-12-09 15:38:09+00:00,295.0,17.77,17.85,18.4,0.27000046,1.5428598,6.0,62,0.17981777221679687,True,REGULAR,USD
2026-01-02,put,AAPL260102P00300000,2025-12-09 17:58:45+00:00,300.0,21.88,22.1,23.6,-1.4100018,-6.054108,2.0,92,0.23120885986328127,True,REGULAR,USD
2026-01-02,put,AAPL260102P00305000,2025-12-08 20:24:30+00:00,305.0,28.3,26.25,29.55,0.0,0.0,1.0,1,0.3321599987792969,True,REGULAR,USD
2026-01-02,put,AAPL260102P00310000,2025-12-08 20:25:34+00:00,310.0,33.27,31.4,34.45,0.0,0.0,1.0,0,0.3629214099121094,True,REGULAR,USD
2026-01-02,put,AAPL260102P00345000,2025-11-17 14:40:46+00:00,345.0,76.5,66.1,69.55,0.0,0.0,,0,0.5942423388671876,True,REGULAR,USD
2026-01-02,put,AAPL260102P00350000,2025-11-18 14:30:00+00:00,350.0,78.84,71.25,74.45,0.0,0.0,,0,0.6140175317382813,True,REGULAR,USD
2026-01-09,call,AAPL260109C00150000,2025-12-02 15:37:24+00:00,150.0,135.54,126.65,129.85,0.0,0.0,4.0,4,1.169926025390625,True,REGULAR,USD
2026-01-09,call,AAPL260109C00170000,2025-12-05 15:50:38+00:00,170.0,111.4,106.75,109.95,0.0,0.0,1.0,1,0.9770510107421876,True,REGULAR,USD
2026-01-09,call,AAPL260109C00190000,2025-12-04 19:07:04+00:00,190.0,90.59,86.85,90.0,0.0,0.0,,1,0.795900478515625,True,REGULAR,USD
2026-01-09,call,AAPL260109C00195000,2025-12-03 14:36:04+00:00,195.0,93.5,81.95,85.05,0.0,0.0,,2,0.7597680273437502,True,REGULAR,USD
2026-01-09,call,AAPL260109C00200000,2025-12-05 17:47:18+00:00,200.0,79.95,77.25,80.05,0.0,0.0,1.0,3,0.7319362744140624,True,REGULAR,USD
2026-01-09,call,AAPL260109C00210000,2025-12-05 17:11:33+00:00,210.0,69.66,67.05,70.15,0.0,0.0,1.0,3,0.6369665209960937,True,REGULAR,USD
2026-01-09,call,AAPL260109C00220000,2025-12-04 17:32:29+00:00,220.0,61.79,57.55,60.2,0.0,0.0,2.0,25,0.5753216296386718,True,REGULAR,USD
2026-01-09,call,AAPL260109C00225000,2025-12-09 18:52:37+00:00,225.0,54.23,52.15,55.1,1.6499977,3.1380708,1.0,117,0.5105029418945313,True,REGULAR,USD
2026-01-09,call,AAPL260109C00230000,2025-12-05 17:03:33+00:00,230.0,49.65,47.45,50.3,-0.36999893,-0.739702,1.0,11,0.5842326733398437,True,REGULAR,USD
2026-01-09,call,AAPL260109C00235000,2025-12-09 20:48:28+00:00,235.0,44.21,42.6,44.2,0.20999908,0.47727063,15.0,237,0.4681449670410156,True,REGULAR,USD
2026-01-09,call,AAPL260109C00240000,2025-12-09 19:35:37+00:00,240.0,40.01,37.75,39.35,1.1599998,2.9858427,9.0,4,0.43335527587890627,True,REGULAR,USD
2026-01-09,call,AAPL260109C00245000,2025-12-09 18:48:55+00:00,245.0,34.83,33.1,34.3,1.6600037,5.0045333,2.0,149,0.385626260986328,True,REGULAR,USD
2026-01-09,call,AAPL260109C00250000,2025-12-09 19:16:21+00:00,250.0,30.3,28.7,29.15,0.84000015,2.8513243,32.0,32,0.33264827514648443,True,REGULAR,USD
2026-01-09,call,AAPL260109C00255000,2025-12-09 20:38:54+00:00,255.0,24.8,24.05,24.45,0.07999992,0.32362428,15.0,43,0.3031075549316406,True,REGULAR,USD
2026-01-09,call,AAPL260109C00260000,2025-12-09 18:44:53+00:00,260.0,20.78,19.55,20.0,1.1100006,5.6431146,8.0,41,0.28040270385742183,True,REGULAR,USD
2026-01-09,call,AAPL260109C00265000,2025-12-09 19:52:56+00:00,265.0,16.1,15.35,15.75,0.10000038,0.6250024,32.0,107,0.258369232788086,True,REGULAR,USD
2026-01-09,call,AAPL260109C00270000,2025-12-09 20:47:38+00:00,270.0,12.06,11.55,11.9,0.10000038,0.8361236,14.0,52,0.2410354217529297,True,REGULAR,USD
2026-01-09,call,AAPL260109C00275000,2025-12-09 20:56:50+00:00,275.0,8.4,8.3,8.5,-0.5,-5.6179776,409.0,717,0.22565471618652344,True,REGULAR,USD
2026-01-09,call,AAPL260109C00280000,2025-12-09 20:58:00+00:00,280.0,5.68,5.55,5.8,-0.37000036,-6.115709,598.0,927,0.21637746520996093,False,REGULAR,USD
2026-01-09,call,AAPL260109C00285000,2025-12-09 20:51:59+00:00,285.0,3.55,3.5,3.7,-0.4000001,-10.126584,518.0,702,0.20838193969726557,False,REGULAR,USD
2026-01-09,call,AAPL260109C00290000,2025-12-09 20:47:33+00:00,290.0,2.15,2.14,2.23,-0.29999995,-12.244896,596.0,4140,0.20313296874999998,False,REGULAR,USD
2026-01-09,call,AAPL260109C00295000,2025-12-09 20:55:59+00:00,295.0,1.25,1.24,1.3,-0.110000014,-8.088237,593.0,1917,0.20117986328124998,False,REGULAR,USD
2026-01-09,call,AAPL260109C00300000,2025-12-09 20:43:30+00:00,300.0,0.75,0.7,0.75,-0.100000024,-11.764708,403.0,1307,0.20215641601562498,False,REGULAR,USD
2026-01-09,call,AAPL260109C00305000,2025-12-09 19:50:51+00:00,305.0,0.43,0.4,0.43,-0.049999982,-10.416663,156.0,909,0.20459779785156246,False,REGULAR,USD
2026-01-09,call,AAPL260109C00310000,2025-12-09 17:18:01+00:00,310.0,0.25,0.23,0.26,-0.030000001,-10.714286,34.0,344,0.20996883789062498,False,REGULAR,USD
2026-01-09,call,AAPL260109C00315000,2025-12-09 18:18:35+00:00,315.0,0.16,0.13,0.15,-0.010000005,-5.8823557,5.0,511,0.213875048828125,False,REGULAR,USD
2026-01-09,call,AAPL260109C00320000,2025-12-09 20:08:10+00:00,320.0,0.08,0.08,0.11,-0.04,-33.333336,120.0,148,0.22510540527343748,False,REGULAR,USD
2026-01-09,call,AAPL260109C00325000,2025-12-08 20:28:24+00:00,325.0,0.08,0.06,0.08,0.0,0.0,10.0,128,0.23535920898437498,False,REGULAR,USD
2026-01-09,call,AAPL260109C00330000,2025-12-09 20:06:19+00:00,330.0,0.02,0.04,0.05,-0.02,-50.0,103.0,35,0.24024197265624997,False,REGULAR,USD
2026-01-09,call,AAPL260109C00335000,2025-12-08 16:02:33+00:00,335.0,0.02,0.01,0.24,0.0,0.0,1.0,96,0.3188544677734374,False,REGULAR,USD
2026-01-09,call,AAPL260109C00340000,2025-12-08 14:30:00+00:00,340.0,0.04,0.0,0.24,0.0,0.0,4.0,28,0.3393620751953125,False,REGULAR,USD
2026-01-09,call,AAPL260109C00345000,2025-12-05 17:45:39+00:00,345.0,0.05,0.01,0.43,0.0,0.0,2.0,504,0.39502558105468755,False,REGULAR,USD
2026-01-09,call,AAPL260109C00350000,2025-12-03 17:28:16+00:00,350.0,0.01,0.0,0.38,0.0,0.0,1.0,500,0.4074766284179688,False,REGULAR,USD
2026-01-09,call,AAPL260109C00370000,2025-12-02 18:07:51+00:00,370.0,0.01,0.0,0.23,0.0,0.0,1.0,1,0.4506890869140625,False,REGULAR,USD
2026-01-09,call,AAPL260109C00375000,2025-12-03 18:57:53+00:00,375.0,0.01,0.0,0.62,0.0,0.0,8.0,7,0.5456588403320313,False,REGULAR,USD
2026-01-09,call,AAPL260109C00380000,2025-12-03 19:09:48+00:00,380.0,0.02,0.0,0.6,0.0,0.0,3.0,3,0.5039112109375,False,REGULAR,USD
2026-01-09,call,AAPL260109C00400000,2025-12-03 14:30:18+00:00,400.0,0.2,0.0,0.65,0.0,0.0,,1,0.5776409423828125,False,REGULAR,USD
2026-01-09,put,AAPL260109P00185000,2025-12-05 14:47:08+00:00,185.0,0.05,0.0,0.23,0.0,0.0,2.0,3,0.57617611328125,False,REGULAR,USD
2026-01-09,put,AAPL260109P00195000,2025-12-03 19:51:01+00:00,195.0,0.07,0.0,0.24,0.0,0.0,,1,0.5117236328125,False,REGULAR,USD
2026-01-09,put,AAPL260109P00200000,2025-12-09 18:09:58+00:00,200.0,0.05,0.01,0.25,0.0,0.0,10.0,2,0.5293015820312501,False,REGULAR,USD
2026-01-09,put,AAPL260109P00205000,2025-12-08 20:15:57+00:00,205.0,0.05,0.02,0.06,0.0,0.0,10.0,10,0.4101621484375,False,REGULAR,USD
2026-01-09,put,AAPL260109P00210000,2025-12-09 20:50:00+00:00,210.0,0.06,0.04,0.07,-0.010000002,-14.285716,1.0,13,0.38672488281249995,False,REGULAR,USD
2026-01-09,put,AAPL260109P00215000,2025-12-08 14:52:04+00:00,215.0,0.08,0.06,0.09,-0.020000003,-20.000002,10.0,13,0.36914693359375,False,REGULAR,USD
2026-01-09,put,AAPL260109P00220000,2025-12-05 20:41:45+00:00,220.0,0.11,0.08,0.12,0.0,0.0,8.0,29,0.35205726074218746,False,REGULAR,USD
2026-01-09,put,AAPL260109P00225000,2025-12-09 17:12:14+00:00,225.0,0.12,0.12,0.15,-0.04,-25.0,11.0,7,0.3320379296875,False,REGULAR,USD
2026-01-09,put,AAPL260109P00230000,2025-12-09 20:02:47+00:00,230.0,0.16,0.17,0.2,-0.049999997,-23.809523,3.0,48,0.3149482568359374,False,REGULAR,USD
2026-01-09,put,AAPL260109P00235000,2025-12-09 19:49:12+00:00,235.0,0.21,0.23,0.26,-0.07000001,-25.000004,6.0,41,0.2963937548828125,False,REGULAR,USD
2026-01-09,put,AAPL260109P00240000,2025-12-09 20:16:19+00:00,240.0,0.29,0.33,0.36,-0.08000001,-21.621624,30.0,47,0.2805247729492187,False,REGULAR,USD
2026-01-09,put,AAPL260109P00245000,2025-12-09 20:54:49+00:00,245.0,0.46,0.45,0.49,-0.08000001,-14.8148155,115.0,230,0.26319096191406255,False,REGULAR,USD
2026-01-09,put,AAPL260109P00250000,2025-12-09 20:07:01+00:00,250.0,0.62,0.66,0.7,-0.17000002,-21.51899,41.0,312,0.24805439453125,False,REGULAR,USD
2026-01-09,put,AAPL260109P00255000,2025-12-09 20:54:49+00:00,255.0,0.97,0.93,1.02,-0.049999952,-4.901956,460.0,408,0.23365024169921872,False,REGULAR,USD
2026-01-09,put,AAPL260109P00260000,2025-12-09 20:50:00+00:00,260.0,1.36,1.44,1.51,-0.16999996,-11.111109,337.0,553,0.22022264160156246,False,REGULAR,USD
2026-01-09,put,AAPL260109P00265000,2025-12-09 20:58:52+00:00,265.0,2.3,2.13,2.27,-0.16000009,-6.504068,64.0,436,0.20813780151367184,False,REGULAR,USD
2026-01-09,put,AAPL260109P00270000,2025-12-09 19:57:16+00:00,270.0,3.14,3.3,3.45,-0.51,-13.972603,83.0,983,0.1984333087158203,False,REGULAR,USD
2026-01-09,put,AAPL260109P00275000,2025-12-09 20:54:40+00:00,275.0,5.0,4.95,5.15,-0.19999981,-3.8461504,100.0,293,0.18952226501464847,False,REGULAR,USD
2026-01-09,put,AAPL260109P00280000,2025-12-09 20:52:30+00:00,280.0,7.0,7.2,7.45,-0.6799998,-8.854165,1099.0,1267,0.1803670831298828,True,REGULAR,USD
2026-01-09,put,AAPL260109P00285000,2025-12-09 20:52:30+00:00,285.0,10.0,9.8,10.85,-0.8800001,-8.088237,45.0,161,0.18586019226074219,True,REGULAR,USD
2026-01-09,put,AAPL260109P00290000,2025-12-09 19:01:12+00:00,290.0,13.04,13.8,14.35,-1.96,-13.066667,13.0,181,0.17420259399414065,True,REGULAR,USD
2026-01-09,put,AAPL260109P00295000,2025-12-09 20:28:32+00:00,295.0,17.65,18.05,18.65,-0.9899998,-5.3111577,13.0,189,0.1753012158203125,True,REGULAR,USD
2026-01-09,put,AAPL260109P00300000,2025-12-08 14:47:04+00:00,300.0,22.2,21.9,24.1,0.0,0.0,3.0,50,0.2352371398925781,True,REGULAR,USD
2026-01-09,put,AAPL260109P00305000,2025-12-08 18:02:51+00:00,305.0,27.5,26.2,29.5,0.0,0.0,2.0,20,0.29090064575195307,True,REGULAR,USD
2026-01-09,put,AAPL260109P00310000,2025-12-05 18:17:49+00:00,310.0,30.9,31.3,34.35,0.0,0.0,2.0,0,0.3149482568359374,True,REGULAR,USD
2026-01-09,put,AAPL260109P00330000,2025-12-03 18:05:49+00:00,330.0,44.1,51.3,54.35,0.0,0.0,,0,0.4318904467773438,True,REGULAR,USD
2026-01-09,put,AAPL260109P00385000,2025-12-05 19:46:56+00:00,385.0,106.08,106.2,109.45,0.0,0.0,4.0,0,0.7009307250976562,True,REGULAR,USD
2026-01-09,put,AAPL260109P00390000,2025-12-04 16:32:47+00:00,390.0,109.52,111.3,114.35,0.0,0.0,,0,0.7121610815429689,True,REGULAR,USD
2026-01-16,call,AAPL260116C00005000,2025-12-05 15:19:50+00:00,5.0,275.7,270.95,273.45,0.0,0.0,2.0,30,4.187504765625,True,REGULAR,USD
2026-01-16,call,AAPL260116C00010000,2025-11-11 18:30:49+00:00,10.0,264.65,266.15,269.1,0.0,0.0,1.0,1,4.882816396484374,True,REGULAR,USD
2026-01-16,call,AAPL260116C00015000,2025-11-07 20:25:47+00:00,15.0,252.05,260.65,264.1,0.0,0.0,80.0,0,3.746094384765625,True,REGULAR,USD
2026-01-16,call,AAPL260116C00020000,2025-11-07 20:25:47+00:00,20.0,247.35,255.55,259.15,0.0,0.0,80.0,26,3.2929705175781248,True,REGULAR,USD
2026-01-16,call,AAPL260116C00025000,2025-11-12 19:15:36+00:00,25.0,250.05,250.5,254.15,0.0,0.0,2.0,13,2.9414088964843748,True,REGULAR,USD
2026-01-16,call,AAPL260116C00030000,2025-11-25 15:21:43+00:00,30.0,249.09,245.6,249.2,0.0,0.0,2.0,135,2.8496122509765627,True,REGULAR,USD
2026-01-16,call,AAPL260116C00035000,2025-10-01 16:47:36+00:00,35.0,221.72,236.05,239.7,0.0,0.0,1.0,43,1.0000000000000003e-05,True,REGULAR,USD
2026-01-16,call,AAPL260116C00040000,2025-10-24 15:56:09+00:00,40.0,223.28,235.75,239.3,0.0,0.0,2.0,27,2.621097197265625,True,REGULAR,USD
2026-01-16,call,AAPL260116C00045000,2025-09-19 14:46:56+00:00,45.0,197.13,226.05,229.75,0.0,0.0,1.0,90,1.0000000000000003e-05,True,REGULAR,USD
2026-01-16,call,AAPL260116C00050000,2025-11-28 17:20:33+00:00,50.0,227.04,226.85,228.5,0.0,0.0,1.0,1339,2.436527346191406,True,REGULAR,USD
2026-01-16,call,AAPL260116C00055000,2025-11-18 19:12:51+00:00,55.0,213.39,221.8,223.6,0.0,0.0,1.0,292,2.318363579101562,True,REGULAR,USD
2026-01-16,call,AAPL260116C00060000,2025-08-12 16:21:08+00:00,60.0,171.17,0.0,0.0,0.0,0.0,1.0,379,1.0000000000000003e-05,True,REGULAR,USD
2026-01-16,call,AAPL260116C00065000,2025-10-24 14:33:27+00:00,65.0,196.6,211.25,214.45,0.0,0.0,1.0,82,2.16406708984375,True,REGULAR,USD
2026-01-16,call,AAPL260116C00070000,2025-10-15 16:43:18+00:00,70.0,180.48,201.3,204.95,0.0,0.0,45.0,172,1.0000000000000003e-05,True,REGULAR,USD
2026-01-16,call,AAPL260116C00075000,2025-10-01 16:48:20+00:00,75.0,182.23,196.25,200.0,0.0,0.0,2.0,268,1.0000000000000003e-05,True,REGULAR,USD
2026-01-16,call,AAPL260116C00080000,2025-12-05 14:46:56+00:00,80.0,199.93,197.0,198.65,0.0,0.0,56.0,442,1.853516357421875,True,REGULAR,USD
2026-01-16,call,AAPL260116C00085000,2025-11-07 19:15:38+00:00,85.0,184.0,191.85,193.7,0.0,0.0,28.0,230,1.74609501953125,True,REGULAR,USD
2026-01-16,call,AAPL260116C00090000,2025-12-05 20:59:03+00:00,90.0,189.03,187.1,188.7,0.0,0.0,3.0,215,1.7158217333984376,True,REGULAR,USD
2026-01-16,call,AAPL260116C00095000,2025-12-08 16:14:53+00:00,95.0,183.1,180.95,184.5,0.0,0.0,12.0,103,1.5693380908203123,True,REGULAR,USD
2026-01-16,call,AAPL260116C00100000,2025-12-04 19:57:44+00:00,100.0,180.58,177.15,178.75,0.0,0.0,2.0,1953,1.5820333398437496,True,REGULAR,USD
2026-01-16,call,AAPL260116C00105000,2025-12-03 19:43:31+00:00,105.0,180.15,171.95,173.85,0.0,0.0,2.0,200,1.495607990722656,True,REGULAR,USD
2026-01-16,call,AAPL260116C00110000,2025-11-26 18:34:54+00:00,110.0,169.39,167.1,168.35,0.17999268,0.10637236,150.0,353,1.3681672216796876,True,REGULAR,USD
2026-01-16,call,AAPL260116C00115000,2025-11-20 20:39:33+00:00,115.0,153.23,161.85,163.85,0.0,0.0,1.0,290,1.3505891845703122,True,REGULAR,USD
2026-01-16,call,AAPL260116C00120000,2025-12-01 20:46:03+00:00,120.0,162.86,156.75,158.9,0.0,0.0,1.0,797,1.2827184301757812,True,REGULAR,USD
2026-01-16,call,AAPL260116C00125000,2025-11-24 19:36:10+00:00,125.0,151.5,152.05,153.65,0.0,0.0,202.0,922,1.2329139916992187,True,REGULAR,USD
2026-01-16,call,AAPL260116C00130000,2025-12-09 17:25:59+00:00,130.0,148.76,147.45,149.1,1.4799957,1.0048858,1.0,618,1.2812535937499998,True,REGULAR,USD
2026-01-16,call,AAPL260116C00135000,2025-12-01 18:33:30+00:00,135.0,146.21,141.95,144.0,0.0,0.0,10.0,286,1.1572307763671876,True,REGULAR,USD
2026-01-16,call,AAPL260116C00140000,2025-12-08 14:43:48+00:00,140.0,138.9,137.5,139.15,0.6199951,0.4483621,4.0,957,1.1787150439453122,True,REGULAR,USD
2026-01-16,call,AAPL260116C00145000,2025-12-05 15:15:53+00:00,145.0,136.36,132.15,133.45,0.0,0.0,1.0,362,1.0112354125976561,True,REGULAR,USD
2026-01-16,call,AAPL260116C00150000,2025-12-09 16:24:05+00:00,150.0,128.25,127.5,128.5,-0.3999939,-0.31091636,6.0,57111,1.0102588549804685,True,REGULAR,USD
2026-01-16,call,AAPL260116C00155000,2025-12-03 20:58:02+00:00,155.0,130.23,122.35,124.05,0.0,0.0,2.0,2237,1.0012256970214843,True,REGULAR,USD
2026-01-16,call,AAPL260116C00160000,2025-12-09 20:47:42+00:00,160.0,118.5,117.5,118.8,-0.29000092,-0.24412906,11.0,10453,0.9445806323242187,True,REGULAR,USD
2026-01-16,call,AAPL260116C00165000,2025-12-09 19:12:19+00:00,165.0,114.53,112.45,113.85,-6.840004,-5.6356626,2.0,6195,0.8984385156249999,True,REGULAR,USD
2026-01-16,call,AAPL260116C00170000,2025-12-09 16:43:32+00:00,170.0,108.95,107.65,108.5,-0.1000061,-0.09170665,6.0,5098,0.8410660424804688,True,REGULAR,USD
2026-01-16,call,AAPL260116C00175000,2025-12-09 19:12:19+00:00,175.0,104.57,102.45,103.8,-0.19999695,-0.19089143,2.0,16730,0.8061542822265625,True,REGULAR,USD
2026-01-16,call,AAPL260116C00180000,2025-12-08 20:56:09+00:00,180.0,98.0,97.7,98.75,0.0,0.0,35.0,43911,0.7785666674804688,True,REGULAR,USD
2026-01-16,call,AAPL260116C00185000,2025-12-09 17:32:51+00:00,185.0,94.01,92.65,93.75,1.1100006,1.1948338,1.0,6799,0.7331569653320311,True,REGULAR,USD
2026-01-16,call,AAPL260116C00190000,2025-12-09 19:12:19+00:00,190.0,89.65,87.6,88.75,0.6500015,0.7303388,2.0,3953,0.6887238159179689,True,REGULAR,USD
2026-01-16,call,AAPL260116C00195000,2025-12-09 17:32:51+00:00,195.0,84.09,82.6,83.85,1.7899933,2.1749613,1.0,8011,0.6552768847656252,True,REGULAR,USD
2026-01-16,call,AAPL260116C00200000,2025-12-09 19:12:19+00:00,200.0,79.7,78.0,78.85,1.4699936,1.8790662,71.0,21697,0.6389196264648438,True,REGULAR,USD
2026-01-16,call,AAPL260116C00205000,2025-12-09 17:20:36+00:00,205.0,73.6,72.7,74.05,0.25,0.34083164,6.0,6525,0.5937540625000001,True,REGULAR,USD
2026-01-16,call,AAPL260116C00210000,2025-12-09 20:35:10+00:00,210.0,69.08,67.85,68.9,1.0999985,1.6181207,674.0,14001,0.5549360913085939,True,REGULAR,USD
2026-01-16,call,AAPL260116C00215000,2025-12-09 20:54:52+00:00,215.0,63.55,62.9,64.2,0.34999847,0.55379504,71.0,13248,0.5330857238769531,True,REGULAR,USD
2026-01-16,call,AAPL260116C00220000,2025-12-09 20:47:42+00:00,220.0,59.0,57.95,58.9,0.9000015,1.549056,145.0,13769,0.5230760583496092,True,REGULAR,USD
2026-01-16,call,AAPL260116C00225000,2025-12-09 17:51:20+00:00,225.0,54.3,53.05,54.0,0.97999954,1.8379587,8.0,24957,0.49060567993164067,True,REGULAR,USD
2026-01-16,call,AAPL260116C00230000,2025-12-09 19:44:01+00:00,230.0,49.28,48.2,49.0,0.25999832,0.53039235,65.0,20648,0.45093322509765627,True,REGULAR,USD
2026-01-16,call,AAPL260116C00235000,2025-12-09 20:58:14+00:00,235.0,43.8,43.35,44.05,-0.20000076,-0.4545472,45.0,25552,0.4146787048339844,True,REGULAR,USD
2026-01-16,call,AAPL260116C00240000,2025-12-09 20:59:16+00:00,240.0,38.85,38.55,39.2,-0.40000153,-1.0191121,276.0,28871,0.3839172937011719,True,REGULAR,USD
2026-01-16,call,AAPL260116C00245000,2025-12-09 18:09:32+00:00,245.0,34.2,34.1,34.5,-0.27000046,-0.7832911,98.0,18332,0.3596865789794922,True,REGULAR,USD
2026-01-16,call,AAPL260116C00250000,2025-12-09 20:58:48+00:00,250.0,29.3,29.4,29.75,-0.5,-1.6778524,449.0,48187,0.3301458587646484,True,REGULAR,USD
2026-01-16,call,AAPL260116C00255000,2025-12-09 20:45:13+00:00,255.0,24.74,24.85,25.1,-0.44000053,-1.7474207,210.0,32198,0.30225307128906254,True,REGULAR,USD
2026-01-16,call,AAPL260116C00260000,2025-12-09 20:56:50+00:00,260.0,20.58,20.45,20.65,-0.29999924,-1.4367781,177.0,61236,0.278327529296875,True,REGULAR,USD
2026-01-16,call,AAPL260116C00265000,2025-12-09 20:59:19+00:00,265.0,16.4,16.35,16.55,-0.6000004,-3.529414,393.0,33424,0.26050544189453123,True,REGULAR,USD
2026-01-16,call,AAPL260116C00270000,2025-12-09 20:58:17+00:00,270.0,12.6,12.6,12.8,-0.4499998,-3.4482744,284.0,86258,0.245124736328125,True,REGULAR,USD
2026-01-16,call,AAPL260116C00275000,2025-12-09 20:59:19+00:00,275.0,9.37,9.3,9.5,-0.3800001,-3.897437,1405.0,18933,0.23236851623535154,True,REGULAR,USD
2026-01-16,call,AAPL260116C00280000,2025-12-09 20:58:48+00:00,280.0,6.55,6.6,6.7,-0.5499997,-7.7464747,2565.0,40535,0.2210771252441406,False,REGULAR,USD
2026-01-16,call,AAPL260116C00285000,2025-12-09 20:59:44+00:00,285.0,4.5,4.45,4.6,-0.3000002,-6.250004,3764.0,28302,0.21558401611328126,False,REGULAR,USD
2026-01-16,call,AAPL260116C00290000,2025-12-09 20:59:48+00:00,290.0,2.93,2.9,2.98,-0.26999998,-8.437499,2699.0,51283,0.20996883789062498,False,REGULAR,USD
2026-01-16,call,AAPL260116C00295000,2025-12-09 20:58:29+00:00,295.0,1.83,1.82,1.88,-0.17999995,-8.955221,1710.0,19359,0.2074053869628906,False,REGULAR,USD
2026-01-16,call,AAPL260116C00300000,2025-12-09 20:59:59+00:00,300.0,1.14,1.13,1.15,-0.120000005,-9.523809,4703.0,59063,0.20618469604492184,False,REGULAR,USD
2026-01-16,call,AAPL260116C00305000,2025-12-09 20:46:52+00:00,305.0,0.71,0.69,0.73,-0.050000012,-6.5789485,579.0,12132,0.20911435424804684,False,REGULAR,USD
2026-01-16,call,AAPL260116C00310000,2025-12-09 20:59:55+00:00,310.0,0.44,0.42,0.44,-0.050000012,-10.204083,659.0,56697,0.2104571142578125,False,REGULAR,USD
2026-01-16,call,AAPL260116C00315000,2025-12-09 20:52:30+00:00,315.0,0.27,0.26,0.28,-0.03999999,-12.903223,753.0,11442,0.2148516015625,False,REGULAR,USD
2026-01-16,call,AAPL260116C00320000,2025-12-09 20:57:10+00:00,320.0,0.17,0.16,0.18,-0.030000001,-15.0,137.0,14004,0.2192460888671875,False,REGULAR,USD
2026-01-16,call,AAPL260116C00325000,2025-12-09 19:17:51+00:00,325.0,0.11,0.11,0.12,-0.009999998,-8.333331,64.0,2902,0.22510540527343748,False,REGULAR,USD
2026-01-16,call,AAPL260116C00330000,2025-12-09 20:52:30+00:00,330.0,0.08,0.07,0.09,-0.020000003,-20.000002,33.0,9153,0.23438265625,False,REGULAR,USD
2026-01-16,call,AAPL260116C00335000,2025-12-09 17:40:04+00:00,335.0,0.06,0.04,0.07,-0.010000002,-14.285716,7.0,441,0.243171630859375,False,REGULAR,USD
2026-01-16,call,AAPL260116C00340000,2025-12-09 19:19:36+00:00,340.0,0.03,0.03,0.05,-0.020000001,-40.000004,3.0,4831,0.2500075,False,REGULAR,USD
2026-01-16,call,AAPL260116C00350000,2025-12-09 20:56:55+00:00,350.0,0.03,0.02,0.03,0.01,50.0,353.0,12190,0.26563234375,False,REGULAR,USD
2026-01-16,call,AAPL260116C00360000,2025-12-08 20:26:36+00:00,360.0,0.02,0.0,0.06,0.0,0.0,5.0,2445,0.31641308593749995,False,REGULAR,USD
2026-01-16,call,AAPL260116C00370000,2025-12-05 16:34:54+00:00,370.0,0.01,0.01,0.02,0.0,0.0,14.0,3182,0.3086006640625,False,REGULAR,USD
2026-01-16,call,AAPL260116C00380000,2025-12-08 20:48:15+00:00,380.0,0.01,0.0,0.04,0.0,0.0,547.0,8090,0.35742830078125,False,REGULAR,USD
2026-01-16,call,AAPL260116C00390000,2025-12-08 18:32:36+00:00,390.0,0.01,0.0,0.01,0.0,0.0,890.0,14681,0.335944140625,False,REGULAR,USD
2026-01-16,call,AAPL260116C00400000,2025-12-04 17:32:10+00:00,400.0,0.01,0.0,0.05,0.0,0.0,2.0,772,0.41797457031249996,False,REGULAR,USD
2026-01-16,call,AAPL260116C00410000,2025-12-03 14:30:04+00:00,410.0,0.01,0.0,0.06,0.0,0.0,5.0,297,0.45117736328125,False,REGULAR,USD
2026-01-16,call,AAPL260116C00420000,2025-12-01 20:37:09+00:00,420.0,0.01,0.0,0.08,0.0,0.0,20.0,1650,0.4892629199218751,False,REGULAR,USD
2026-01-16,call,AAPL260116C00430000,2025-12-02 20:53:02+00:00,430.0,0.01,0.0,0.21,0.0,0.0,1.0,720,0.5283250292968751,False,REGULAR,USD
2026-01-16,call,AAPL260116C00440000,2025-12-01 14:34:10+00:00,440.0,0.01,0.0,0.25,0.0,0.0,36.0,4084,0.5634809277343751,False,REGULAR,USD
2026-01-16,call,AAPL260116C00450000,2025-12-09 14:30:00+00:00,450.0,0.01,0.0,0.01,0.0,0.0,500.0,1216,0.46094289062500005,False,REGULAR,USD
2026-01-16,put,AAPL260116P00005000,2025-11-10 15:08:41+00:00,5.0,0.01,0.0,0.01,0.0,0.0,1.0,13664,3.750000625,False,REGULAR,USD
2026-01-16,put,AAPL260116P00010000,2025-07-25 18:31:23+00:00,10.0,0.01,0.0,0.02,0.0,0.0,1.0,2191,3.1875020312499998,False,REGULAR,USD
2026-01-16,put,AAPL260116P00015000,2025-10-16 15:31:09+00:00,15.0,0.01,0.0,0.08,0.0,0.0,1.0,128,3.1406271484375,False,REGULAR,USD
2026-01-16,put,AAPL260116P00020000,2025-09-11 13:56:00+00:00,20.0,0.01,0.0,0.01,0.0,0.0,1.0,520,2.3750040624999995,False,REGULAR,USD
2026-01-16,put,AAPL260116P00025000,2025-11-10 19:16:22+00:00,25.0,0.01,0.0,0.01,0.0,0.0,7.0,17,2.1875045312499997,False,REGULAR,USD
2026-01-16,put,AAPL260116P00030000,2025-08-12 19:28:51+00:00,30.0,0.01,0.0,0.0,0.0,0.0,3.0,2367,0.500005,False,REGULAR,USD
2026-01-16,put,AAPL260116P00035000,2025-07-25 19:45:13+00:00,35.0,0.01,0.0,0.02,0.0,0.0,10.0,152,1.96875015625,False,REGULAR,USD
2026-01-16,put,AAPL260116P00040000,2025-08-27 18:51:39+00:00,40.0,0.01,0.0,0.1,0.0,0.0,5.0,1016,2.1015672460937496,False,REGULAR,USD
2026-01-16,put,AAPL260116P00045000,2025-10-13 13:35:53+00:00,45.0,0.02,0.0,0.06,0.0,0.0,1.0,2381,1.8828130859374999,False,REGULAR,USD
2026-01-16,put,AAPL260116P00050000,2025-10-22 15:55:53+00:00,50.0,0.01,0.0,0.01,0.0,0.0,1.0,6165,1.5312523437499999,False,REGULAR,USD
2026-01-16,put,AAPL260116P00055000,2025-11-20 14:30:09+00:00,55.0,0.01,0.0,0.21,0.0,0.0,1.0,866,1.8984380078125,False,REGULAR,USD
2026-01-16,put,AAPL260116P00060000,2025-11-04 16:26:37+00:00,60.0,0.01,0.0,0.1,0.0,0.0,10.0,1808,1.6640641796875002,False,REGULAR,USD
2026-01-16,put,AAPL260116P00065000,2025-10-09 19:42:03+00:00,65.0,0.01,0.0,0.01,0.0,0.0,1.0,5734,1.3125034374999998,False,REGULAR,USD
2026-01-16,put,AAPL260116P00070000,2025-11-06 16:12:02+00:00,70.0,0.01,0.0,0.21,0.0,0.0,1.0,2823,1.62109564453125,False,REGULAR,USD
2026-01-16,put,AAPL260116P00075000,2025-12-02 17:08:41+00:00,75.0,0.01,0.0,0.01,0.0,0.0,29.0,3753,1.1875040625,False,REGULAR,USD
2026-01-16,put,AAPL260116P00080000,2025-12-02 17:08:37+00:00,80.0,0.01,0.0,0.02,0.0,0.0,33.0,2477,1.1875040625,False,REGULAR,USD
2026-01-16,put,AAPL260116P00085000,2025-11-04 19:41:03+00:00,85.0,0.01,0.0,0.13,0.0,0.0,6.0,1799,1.3281283593749997,False,REGULAR,USD
2026-01-16,put,AAPL260116P00090000,2025-12-02 18:12:48+00:00,90.0,0.01,0.0,0.01,0.0,0.0,50.0,1910,1.0312548437500002,False,REGULAR,USD
2026-01-16,put,AAPL260116P00095000,2025-11-28 17:52:38+00:00,95.0,0.01,0.0,0.05,0.0,0.0,3.0,6035,1.1015669921875002,False,REGULAR,USD
2026-01-16,put,AAPL260116P00100000,2025-12-08 19:10:49+00:00,100.0,0.01,0.0,0.01,0.0,0.0,1.0,6926,0.937500625,False,REGULAR,USD
2026-01-16,put,AAPL260116P00105000,2025-12-02 17:08:11+00:00,105.0,0.01,0.0,0.21,0.0,0.0,32.0,5273,1.16016044921875,False,REGULAR,USD
2026-01-16,put,AAPL260116P00110000,2025-11-28 17:43:16+00:00,110.0,0.01,0.0,0.21,0.0,0.0,7.0,2928,1.1054732226562503,False,REGULAR,USD
2026-01-16,put,AAPL260116P00115000,2025-12-01 14:44:24+00:00,115.0,0.01,0.0,0.21,0.0,0.0,1.0,1349,1.056645341796875,False,REGULAR,USD
2026-01-16,put,AAPL260116P00120000,2025-12-03 17:52:54+00:00,120.0,0.01,0.0,0.21,0.0,0.0,1.0,3596,1.0078174609375,False,REGULAR,USD
2026-01-16,put,AAPL260116P00125000,2025-12-04 20:27:01+00:00,125.0,0.01,0.0,0.21,0.0,0.0,5.0,3277,0.96289099609375,False,REGULAR,USD
2026-01-16,put,AAPL260116P00130000,2025-12-03 17:53:01+00:00,130.0,0.01,0.0,0.15,0.0,0.0,13.0,9383,0.88476677734375,False,REGULAR,USD
2026-01-16,put,AAPL260116P00135000,2025-12-08 19:21:22+00:00,135.0,0.01,0.0,0.05,0.0,0.0,20.0,4028,0.7578149218750001,False,REGULAR,USD
2026-01-16,put,AAPL260116P00140000,2025-12-08 15:53:20+00:00,140.0,0.01,0.0,0.21,0.0,0.0,45.0,4248,0.8339860351562498,False,REGULAR,USD
2026-01-16,put,AAPL260116P00145000,2025-12-09 15:03:37+00:00,145.0,0.01,0.0,0.01,0.0,0.0,5.0,4552,0.5937540625000001,False,REGULAR,USD
2026-01-16,put,AAPL260116P00150000,2025-12-09 18:15:57+00:00,150.0,0.01,0.01,0.02,-0.01,-50.0,15.0,63357,0.6250037500000001,False,REGULAR,USD
2026-01-16,put,AAPL260116P00155000,2025-12-09 18:06:47+00:00,155.0,0.01,0.01,0.07,-0.01,-50.0,5.0,6147,0.648441015625,False,REGULAR,USD
2026-01-16,put,AAPL260116P00160000,2025-12-09 16:32:37+00:00,160.0,0.01,0.0,0.22,-0.01,-50.0,16.0,14556,0.68555001953125,False,REGULAR,USD
2026-01-16,put,AAPL260116P00165000,2025-12-09 20:36:17+00:00,165.0,0.01,0.01,0.22,-0.01,-50.0,37.0,14880,0.6543003320312502,False,REGULAR,USD
2026-01-16,put,AAPL260116P00170000,2025-12-08 20:43:12+00:00,170.0,0.01,0.01,0.07,0.0,0.0,9.0,27493,0.5507857421875001,False,REGULAR,USD
2026-01-16,put,AAPL260116P00175000,2025-12-09 17:12:44+00:00,175.0,0.01,0.01,0.05,0.0,0.0,19.0,25034,0.507817421875,False,REGULAR,USD
2026-01-16,put,AAPL260116P00180000,2025-12-09 20:36:17+00:00,180.0,0.03,0.01,0.1,0.0,0.0,6.0,61400,0.5097705273437501,False,REGULAR,USD
2026-01-16,put,AAPL260116P00185000,2025-12-09 20:36:17+00:00,185.0,0.03,0.02,0.08,0.0,0.0,97.0,16803,0.500005,False,REGULAR,USD
2026-01-16,put,AAPL260116P00190000,2025-12-09 15:45:55+00:00,190.0,0.02,0.02,0.2,-0.02,-50.0,4.0,16457,0.5283250292968751,False,REGULAR,USD
2026-01-16,put,AAPL260116P00195000,2025-12-09 20:36:17+00:00,195.0,0.04,0.03,0.05,-0.010000002,-20.000002,11.0,17963,0.41797457031249996,False,REGULAR,USD
2026-01-16,put,AAPL260116P00200000,2025-12-09 20:39:46+00:00,200.0,0.06,0.05,0.13,-0.010000002,-14.285716,862.0,43728,0.437505625,False,REGULAR,USD
2026-01-16,put,AAPL260116P00205000,2025-12-09 19:11:18+00:00,205.0,0.06,0.06,0.08,-0.02,-25.0,20.0,15389,0.383795224609375,False,REGULAR,USD
2026-01-16,put,AAPL260116P00210000,2025-12-09 20:38:43+00:00,210.0,0.09,0.08,0.09,-0.009999998,-9.999997,237.0,35652,0.36133451171875,False,REGULAR,USD
2026-01-16,put,AAPL260116P00215000,2025-12-09 20:36:17+00:00,215.0,0.1,0.11,0.13,-0.019999996,-16.666662,22.0,17330,0.3505924316406249,False,REGULAR,USD
2026-01-16,put,AAPL260116P00220000,2025-12-09 20:44:43+00:00,220.0,0.15,0.15,0.16,-0.019999996,-11.764703,5090.0,24562,0.3320379296875,False,REGULAR,USD
2026-01-16,put,AAPL260116P00225000,2025-12-09 20:39:05+00:00,225.0,0.19,0.2,0.22,-0.010000005,-5.0000024,154.0,14839,0.3188544677734374,False,REGULAR,USD
2026-01-16,put,AAPL260116P00230000,2025-12-09 20:47:28+00:00,230.0,0.25,0.26,0.29,-0.03999999,-13.7931,1544.0,26065,0.30322962402343745,False,REGULAR,USD
2026-01-16,put,AAPL260116P00235000,2025-12-09 20:52:30+00:00,235.0,0.34,0.36,0.38,-0.030000001,-8.108108,228.0,15538,0.2873606420898437,False,REGULAR,USD
2026-01-16,put,AAPL260116P00240000,2025-12-09 20:52:30+00:00,240.0,0.48,0.49,0.51,-0.030000001,-5.882353,482.0,21763,0.2722240747070312,False,REGULAR,USD
2026-01-16,put,AAPL260116P00245000,2025-12-09 20:21:58+00:00,245.0,0.61,0.67,0.7,-0.120000005,-16.438356,236.0,12386,0.2580640600585938,False,REGULAR,USD
2026-01-16,put,AAPL260116P00250000,2025-12-09 20:49:11+00:00,250.0,0.96,0.93,0.98,-0.02000004,-2.0408204,650.0,28292,0.24488059814453128,False,REGULAR,USD
2026-01-16,put,AAPL260116P00255000,2025-12-09 20:54:40+00:00,255.0,1.33,1.35,1.39,-0.06999993,-4.999995,388.0,12899,0.23236851623535154,False,REGULAR,USD
2026-01-16,put,AAPL260116P00260000,2025-12-09 20:58:23+00:00,260.0,2.0,1.93,1.99,0.00999999,0.5025121,1226.0,18610,0.22071091796874998,False,REGULAR,USD
2026-01-16,put,AAPL260116P00265000,2025-12-09 20:56:09+00:00,265.0,2.85,2.77,2.87,0.06999993,2.5179832,1035.0,13019,0.21009090698242186,False,REGULAR,USD
2026-01-16,put,AAPL260116P00270000,2025-12-09 20:58:48+00:00,270.0,4.15,4.05,4.15,0.1500001,3.7500024,1694.0,18155,0.20117986328124998,False,REGULAR,USD
2026-01-16,put,AAPL260116P00275000,2025-12-09 20:59:05+00:00,275.0,5.85,5.7,5.85,0.19999981,3.5398195,11460.0,7842,0.19129226684570313,False,REGULAR,USD
2026-01-16,put,AAPL260116P00280000,2025-12-09 20:59:51+00:00,280.0,8.1,8.0,8.15,0.20000029,2.531649,1577.0,5390,0.1829915686035156,True,REGULAR,USD
2026-01-16,put,AAPL260116P00285000,2025-12-09 20:57:47+00:00,285.0,10.95,10.85,11.1,0.05000019,0.45871738,359.0,5928,0.17603363037109376,True,REGULAR,USD
2026-01-16,put,AAPL260116P00290000,2025-12-09 20:24:34+00:00,290.0,14.05,14.15,14.65,-0.5,-3.4364262,138.0,1312,0.16938086486816406,True,REGULAR,USD
2026-01-16,put,AAPL260116P00295000,2025-12-09 19:24:07+00:00,295.0,17.18,18.35,18.7,-1.1199989,-6.120213,58.0,1116,0.16156844299316403,True,REGULAR,USD
2026-01-16,put,AAPL260116P00300000,2025-12-09 19:26:09+00:00,300.0,21.65,22.75,23.2,-1.1499996,-5.043858,4.0,1172,0.15601429931640626,True,REGULAR,USD
2026-01-16,put,AAPL260116P00305000,2025-12-08 20:35:21+00:00,305.0,28.25,27.15,28.55,0.0,0.0,2.0,489,0.2093584924316406,True,REGULAR,USD
2026-01-16,put,AAPL260116P00310000,2025-12-09 20:00:30+00:00,310.0,32.25,32.2,34.15,-0.5699997,-1.736745,6.0,27,0.27423821472167964,True,REGULAR,USD
2026-01-16,put,AAPL260116P00315000,2025-12-04 19:30:31+00:00,315.0,36.1,36.6,39.2,0.0,0.0,1.0,0,0.3045723840332031,True,REGULAR,USD
2026-01-16,put,AAPL260116P00320000,2025-12-04 20:58:13+00:00,320.0,39.8,41.7,44.1,0.0,0.0,1.0,1,0.32483585327148434,True,REGULAR,USD
2026-01-16,put,AAPL260116P00325000,2025-12-04 20:58:13+00:00,325.0,44.82,46.65,49.2,0.0,0.0,,0,0.3566958862304687,True,REGULAR,USD
2026-01-16,put,AAPL260116P00330000,2025-12-04 20:58:13+00:00,330.0,48.73,51.7,54.1,0.0,0.0,1.0,0,0.3745179736328125,True,REGULAR,USD
2026-01-16,put,AAPL260116P00335000,2025-12-04 20:58:13+00:00,335.0,53.75,56.6,59.15,0.0,0.0,1.0,0,0.4018614501953125,True,REGULAR,USD
2026-01-16,put,AAPL260116P00340000,2025-12-03 18:09:04+00:00,340.0,54.5,61.7,64.1,0.0,0.0,2.0,0,0.4211483666992188,True,REGULAR,USD
2026-01-16,put,AAPL260116P00350000,2025-09-22 19:06:30+00:00,350.0,94.24,76.4,78.9,0.0,0.0,25.0,0,0.6629672375488282,True,REGULAR,USD
2026-01-16,put,AAPL260116P00360000,2025-12-04 20:00:36+00:00,360.0,81.35,81.7,84.1,0.0,0.0,22.0,3,0.5073291455078125,True,REGULAR,USD
2026-01-16,put,AAPL260116P00370000,2025-12-01 20:54:07+00:00,370.0,86.57,91.7,94.1,0.0,0.0,2.0,0,0.5473678076171876,True,REGULAR,USD
2026-01-16,put,AAPL260116P00390000,2025-11-13 17:07:27+00:00,390.0,116.3,111.7,114.1,0.0,0.0,14.0,0,0.6223182299804688,True,REGULAR,USD
2026-01-16,put,AAPL260116P00400000,2025-12-01 20:48:24+00:00,400.0,117.67,121.7,124.1,0.0,0.0,4.0,0,0.6577182666015625,True,REGULAR,USD
2026-01-16,put,AAPL260116P00410000,2025-12-03 19:42:33+00:00,410.0,125.3,131.65,134.1,0.0,0.0,2.0,0,0.6916534741210938,True,REGULAR,USD
2026-01-16,put,AAPL260116P00420000,2025-12-04 20:58:13+00:00,420.0,138.75,141.65,144.1,0.0,0.0,,2,0.724490059814453,True,REGULAR,USD
2026-01-16,put,AAPL260116P00430000,2025-12-04 20:58:13+00:00,430.0,148.77,151.65,153.65,0.0,0.0,,0,0.70117486328125,True,REGULAR,USD
2026-01-23,call,AAPL260123C00215000,2025-12-04 18:41:12+00:00,215.0,66.61,62.3,64.85,0.0,0.0,,2,0.582889913330078,True,REGULAR,USD
2026-01-23,call,AAPL260123C00230000,2025-12-08 16:00:40+00:00,230.0,48.85,47.45,49.85,0.0,0.0,6.0,8,0.4639946179199219,True,REGULAR,USD
2026-01-23,call,AAPL260123C00240000,2025-12-09 17:09:01+00:00,240.0,40.5,37.45,41.25,1.0400009,2.6355827,521.0,3,0.44788149780273434,True,REGULAR,USD
2026-01-23,call,AAPL260123C00245000,2025-12-08 17:54:04+00:00,245.0,35.08,34.15,36.1,0.5700035,1.6517054,1.0,205,0.3996642065429688,True,REGULAR,USD
2026-01-23,call,AAPL260123C00250000,2025-12-09 20:35:56+00:00,250.0,30.45,29.55,31.35,0.95000076,3.2203417,5.0,5,0.3667055517578125,True,REGULAR,USD
2026-01-23,call,AAPL260123C00255000,2025-12-04 18:11:11+00:00,255.0,28.08,25.05,26.8,0.0,0.0,,6,0.33887379882812496,True,REGULAR,USD
2026-01-23,call,AAPL260123C00265000,2025-12-09 18:13:54+00:00,265.0,17.95,16.75,17.35,0.8500004,4.9707623,8.0,14,0.26352665191650393,True,REGULAR,USD
2026-01-23,call,AAPL260123C00270000,2025-12-09 20:42:06+00:00,270.0,13.7,13.25,14.4,-0.11000061,-0.79652864,46.0,14,0.26892820922851557,True,REGULAR,USD
2026-01-23,call,AAPL260123C00275000,2025-12-09 20:52:34+00:00,275.0,10.15,10.0,10.3,0.03999996,0.3956475,83.0,70,0.23450472534179687,True,REGULAR,USD
2026-01-23,call,AAPL260123C00280000,2025-12-09 20:58:59+00:00,280.0,7.35,7.3,8.2,-0.3499999,-4.5454535,181.0,109,0.24192042266845704,False,REGULAR,USD
2026-01-23,call,AAPL260123C00285000,2025-12-09 20:59:35+00:00,285.0,5.2,5.05,5.7,-0.23000002,-4.235728,288.0,641,0.22809609802246095,False,REGULAR,USD
2026-01-23,call,AAPL260123C00290000,2025-12-09 20:42:12+00:00,290.0,3.58,3.0,3.65,-0.120000124,-3.2432466,94.0,232,0.2136919451904297,False,REGULAR,USD
2026-01-23,call,AAPL260123C00295000,2025-12-09 20:14:08+00:00,295.0,2.38,1.97,2.37,-0.13999987,-5.55555,141.0,407,0.20880918151855465,False,REGULAR,USD
2026-01-23,call,AAPL260123C00300000,2025-12-09 20:53:27+00:00,300.0,1.49,1.44,1.55,-0.13,-8.024692,170.0,210,0.20819883605957026,False,REGULAR,USD
2026-01-23,call,AAPL260123C00305000,2025-12-09 20:47:41+00:00,305.0,0.95,0.89,1.09,-0.089999974,-8.653844,92.0,43,0.21363091064453127,False,REGULAR,USD
2026-01-23,call,AAPL260123C00310000,2025-12-09 17:55:56+00:00,310.0,0.63,0.55,0.86,-0.07999998,-11.267603,405.0,163,0.22522747436523435,False,REGULAR,USD
2026-01-23,put,AAPL260123P00185000,2025-12-05 15:53:15+00:00,185.0,0.07,0.0,0.29,0.0,0.0,1.0,1,0.5449264257812501,False,REGULAR,USD
2026-01-23,put,AAPL260123P00210000,2025-12-08 19:22:23+00:00,210.0,0.15,0.09,0.38,0.0,0.0,1.0,7,0.40991801025390623,False,REGULAR,USD
2026-01-23,put,AAPL260123P00220000,2025-12-05 14:58:12+00:00,220.0,0.2,0.0,0.47,0.0,0.0,2.0,33,0.36426416992187505,False,REGULAR,USD
2026-01-23,put,AAPL260123P00245000,2025-12-09 20:11:45+00:00,245.0,0.79,0.64,1.22,-0.120000005,-13.186812,31.0,45,0.27332269653320307,False,REGULAR,USD
2026-01-23,put,AAPL260123P00250000,2025-12-09 20:12:18+00:00,250.0,1.12,0.9,1.27,-0.08000004,-6.6666694,47.0,24,0.24231714721679687,False,REGULAR,USD
2026-01-23,put,AAPL260123P00255000,2025-12-09 20:34:24+00:00,255.0,1.69,1.44,2.03,0.0200001,1.1976109,236.0,35,0.24286645812988278,False,REGULAR,USD
2026-01-23,put,AAPL260123P00260000,2025-12-09 20:52:39+00:00,260.0,2.32,2.2,2.46,-0.00999999,-0.42918417,256.0,117,0.22095505615234373,False,REGULAR,USD
2026-01-23,put,AAPL260123P00265000,2025-12-09 20:56:04+00:00,265.0,3.3,2.91,3.45,-0.25,-7.0422535,305.0,139,0.21186090881347652,False,REGULAR,USD
2026-01-23,put,AAPL260123P00270000,2025-12-09 20:03:47+00:00,270.0,4.3,4.15,4.75,-0.099999905,-2.272725,46.0,51,0.20194279510498048,False,REGULAR,USD
2026-01-23,put,AAPL260123P00275000,2025-12-09 20:40:04+00:00,275.0,6.0,5.85,7.45,-0.9000001,-13.043479,126.0,54,0.21735401794433595,False,REGULAR,USD
2026-01-23,put,AAPL260123P00280000,2025-12-09 19:48:54+00:00,280.0,8.03,8.15,8.8,-0.97000027,-10.7777815,30.0,53,0.18518881225585934,True,REGULAR,USD
2026-01-23,put,AAPL260123P00285000,2025-12-08 18:35:41+00:00,285.0,10.9,11.15,12.5,-1.25,-10.288066,4.0,28,0.20078313873291015,True,REGULAR,USD
2026-01-23,put,AAPL260123P00300000,2025-12-08 18:30:16+00:00,300.0,23.7,22.95,23.6,0.0,0.0,5.0,42,0.17054052124023442,True,REGULAR,USD
2026-01-23,put,AAPL260123P00305000,2025-12-05 15:43:03+00:00,305.0,24.89,26.0,29.35,0.0,0.0,1.0,1,0.23578645080566402,True,REGULAR,USD
2026-01-23,put,AAPL260123P00320000,2025-12-09 14:45:12+00:00,320.0,41.03,40.95,44.0,-1.0100021,-2.402479,40.0,0,0.2930978894042968,True,REGULAR,USD
2026-02-20,call,AAPL260220C00100000,2025-12-04 18:43:50+00:00,100.0,180.65,176.85,179.8,0.0,0.0,1.0,18,1.2280312036132814,True,REGULAR,USD
2026-02-20,call,AAPL260220C00105000,2025-12-01 20:40:34+00:00,105.0,177.65,171.95,174.85,0.0,0.0,1.0,2,1.1875040625,True,REGULAR,USD
2026-02-20,call,AAPL260220C00110000,2025-11-26 20:45:21+00:00,110.0,169.45,167.0,170.0,0.0,0.0,1.0,60,1.1518597094726561,True,REGULAR,USD
2026-02-20,call,AAPL260220C00115000,2025-11-26 20:45:21+00:00,115.0,164.48,161.95,164.9,0.0,0.0,3.0,2,1.0893600219726562,True,REGULAR,USD
2026-02-20,call,AAPL260220C00120000,2025-12-01 17:20:11+00:00,120.0,160.35,157.3,160.05,0.0,0.0,2.0,75,1.0783737487792968,True,REGULAR,USD
2026-02-20,call,AAPL260220C00125000,2025-12-05 18:32:27+00:00,125.0,155.3,151.35,155.15,0.0,0.0,1.0,27,0.9687503125,True,REGULAR,USD
2026-02-20,call,AAPL260220C00130000,2025-12-02 17:10:23+00:00,130.0,156.13,147.15,150.05,0.0,0.0,32.0,83,0.9760744580078126,True,REGULAR,USD
2026-02-20,call,AAPL260220C00135000,2025-12-01 15:12:13+00:00,135.0,143.6,142.2,145.1,0.0,0.0,8.0,11,0.9392095922851562,True,REGULAR,USD
2026-02-20,call,AAPL260220C00140000,2025-12-02 17:03:52+00:00,140.0,146.45,136.7,140.15,0.0,0.0,45.0,129,0.86914193359375,True,REGULAR,USD
2026-02-20,call,AAPL260220C00145000,2025-12-02 17:11:33+00:00,145.0,143.35,132.3,135.2,0.0,0.0,8.0,14,0.8684095190429688,True,REGULAR,USD
2026-02-20,call,AAPL260220C00150000,2025-12-08 15:08:24+00:00,150.0,129.1,126.65,130.25,0.0,0.0,1.0,113,0.7946797875976561,True,REGULAR,USD
2026-02-20,call,AAPL260220C00155000,2025-12-02 16:51:12+00:00,155.0,132.18,121.7,125.3,0.0,0.0,3.0,27,0.7634301000976562,True,REGULAR,USD
2026-02-20,call,AAPL260220C00160000,2025-12-03 15:40:59+00:00,160.0,128.25,117.05,120.35,0.0,0.0,9.0,153,0.7482935327148439,True,REGULAR,USD
2026-02-20,call,AAPL260220C00165000,2025-11-20 19:32:39+00:00,165.0,104.22,111.85,115.4,0.0,0.0,35.0,59,0.7050810742187501,True,REGULAR,USD
2026-02-20,call,AAPL260220C00170000,2025-11-25 14:36:56+00:00,170.0,112.12,106.9,110.5,0.0,0.0,1.0,128,0.6774934594726563,True,REGULAR,USD
2026-02-20,call,AAPL260220C00175000,2025-12-05 15:58:23+00:00,175.0,106.5,102.4,105.55,0.0,0.0,2.0,98,0.667239655761719,True,REGULAR,USD
2026-02-20,call,AAPL260220C00180000,2025-12-02 17:41:45+00:00,180.0,108.0,97.15,100.15,0.0,0.0,1.0,180,0.6059609716796877,True,REGULAR,USD
2026-02-20,call,AAPL260220C00185000,2025-12-09 14:48:34+00:00,185.0,95.75,92.15,95.7,2.2399979,2.3954635,10.0,171,0.5959513061523438,True,REGULAR,USD
2026-02-20,call,AAPL260220C00190000,2025-12-08 18:00:07+00:00,190.0,89.25,88.25,89.95,0.0,0.0,16.0,212,0.57617611328125,True,REGULAR,USD
2026-02-20,call,AAPL260220C00195000,2025-12-09 15:27:30+00:00,195.0,84.65,83.4,85.05,5.75,7.287706,1.0,426,0.5521285021972657,True,REGULAR,USD
2026-02-20,call,AAPL260220C00200000,2025-12-09 18:03:16+00:00,200.0,80.5,78.35,80.05,0.75,0.94043887,2.0,1404,0.5185595019531251,True,REGULAR,USD
2026-02-20,call,AAPL260220C00205000,2025-12-03 16:20:51+00:00,205.0,83.75,73.65,75.2,0.0,0.0,4.0,762,0.5004932763671875,True,REGULAR,USD
2026-02-20,call,AAPL260220C00210000,2025-12-04 14:42:26+00:00,210.0,75.55,69.2,70.25,0.0,0.0,1.0,1095,0.5112963909912109,True,REGULAR,USD
2026-02-20,call,AAPL260220C00215000,2025-12-03 19:38:44+00:00,215.0,72.69,64.25,64.95,0.0,0.0,4.0,1331,0.4643608251953125,True,REGULAR,USD
2026-02-20,call,AAPL260220C00220000,2025-12-08 16:44:40+00:00,220.0,60.15,59.5,60.2,0.0,0.0,303.0,3484,0.443792183227539,True,REGULAR,USD
2026-02-20,call,AAPL260220C00225000,2025-12-08 18:53:56+00:00,225.0,55.43,55.0,55.4,1.0100021,1.8559393,3.0,2860,0.42017181396484377,True,REGULAR,USD
2026-02-20,call,AAPL260220C00230000,2025-12-09 20:03:43+00:00,230.0,51.0,50.3,50.75,0.5,0.990099,15.0,5582,0.4014952429199219,True,REGULAR,USD
2026-02-20,call,AAPL260220C00235000,2025-12-09 18:21:15+00:00,235.0,46.4,45.7,46.1,0.47000122,1.023299,22.0,4155,0.38129280822753897,True,REGULAR,USD
2026-02-20,call,AAPL260220C00240000,2025-12-09 20:49:34+00:00,240.0,41.9,41.2,41.55,1.0,2.4449878,77.0,5829,0.3627993408203125,True,REGULAR,USD
2026-02-20,call,AAPL260220C00245000,2025-12-09 17:03:52+00:00,245.0,37.53,36.8,37.1,0.19999695,0.5357539,19.0,6300,0.34534346069335936,True,REGULAR,USD
2026-02-20,call,AAPL260220C00250000,2025-12-09 20:54:11+00:00,250.0,32.9,32.55,32.8,0.58000183,1.7945602,109.0,5779,0.32959654785156245,True,REGULAR,USD
2026-02-20,call,AAPL260220C00255000,2025-12-09 20:55:07+00:00,255.0,28.61,28.4,28.65,-0.3899994,-1.3448255,151.0,41395,0.31476515319824216,True,REGULAR,USD
2026-02-20,call,AAPL260220C00260000,2025-12-09 20:52:30+00:00,260.0,24.53,24.5,24.75,-0.3199997,-1.2877251,508.0,9487,0.30240565765380856,True,REGULAR,USD
2026-02-20,call,AAPL260220C00265000,2025-12-09 20:58:56+00:00,265.0,20.8,20.85,21.15,-0.3600006,-1.7013261,75.0,7175,0.2926096130371093,True,REGULAR,USD
2026-02-20,call,AAPL260220C00270000,2025-12-09 20:54:24+00:00,270.0,17.71,17.5,17.75,-0.29000092,-1.6111162,252.0,12005,0.2822642575073242,True,REGULAR,USD
2026-02-20,call,AAPL260220C00275000,2025-12-09 20:53:47+00:00,275.0,14.5,14.4,14.6,-0.35000038,-2.356905,292.0,16772,0.27197993652343744,True,REGULAR,USD
2026-02-20,call,AAPL260220C00280000,2025-12-09 20:59:29+00:00,280.0,11.65,11.65,11.8,-0.5,-4.1152263,498.0,9168,0.2631299273681641,False,REGULAR,USD
2026-02-20,call,AAPL260220C00285000,2025-12-09 20:54:41+00:00,285.0,9.25,9.25,9.4,-0.25,-2.631579,589.0,8862,0.25629405822753903,False,REGULAR,USD
2026-02-20,call,AAPL260220C00290000,2025-12-09 20:59:41+00:00,290.0,7.33,7.25,7.4,-0.17000008,-2.2666676,626.0,14256,0.25144181182861325,False,REGULAR,USD
2026-02-20,call,AAPL260220C00295000,2025-12-09 20:40:15+00:00,295.0,5.65,5.6,5.75,0.05000019,0.8928606,229.0,7407,0.2477492218017578,False,REGULAR,USD
2026-02-20,call,AAPL260220C00300000,2025-12-09 20:58:27+00:00,300.0,4.28,4.25,4.4,-0.15999985,-3.6036,628.0,28637,0.24469749450683598,False,REGULAR,USD
2026-02-20,call,AAPL260220C00305000,2025-12-09 20:57:20+00:00,305.0,3.27,3.2,3.35,-0.099999905,-2.9673562,347.0,3364,0.2430495617675781,False,REGULAR,USD
2026-02-20,call,AAPL260220C00310000,2025-12-09 20:48:03+00:00,310.0,2.45,2.42,2.49,-0.109999895,-4.296871,699.0,66922,0.24085231811523436,False,REGULAR,USD
2026-02-20,call,AAPL260220C00315000,2025-12-09 20:21:23+00:00,315.0,1.9,1.8,1.86,0.029999971,1.6042765,109.0,1950,0.24036404174804685,False,REGULAR,USD
2026-02-20,call,AAPL260220C00320000,2025-12-09 20:41:28+00:00,320.0,1.36,1.34,1.39,-0.03999996,-2.85714,255.0,16069,0.24066921447753903,False,REGULAR,USD
2026-02-20,call,AAPL260220C00325000,2025-12-09 20:48:19+00:00,325.0,1.02,0.99,1.03,0.0,0.0,44.0,1020,0.24109645629882812,False,REGULAR,USD
2026-02-20,call,AAPL260220C00330000,2025-12-09 20:38:47+00:00,330.0,0.75,0.73,0.76,0.0,0.0,128.0,3290,0.2417068017578125,False,REGULAR,USD
2026-02-20,call,AAPL260220C00335000,2025-12-09 14:34:01+00:00,335.0,0.55,0.54,0.57,-0.00999999,-1.7857126,21.0,285,0.24341576904296874,False,REGULAR,USD
2026-02-20,call,AAPL260220C00340000,2025-12-09 19:44:42+00:00,340.0,0.43,0.4,0.42,-0.00999999,-2.272725,16.0,2502,0.24463645996093752,False,REGULAR,USD
2026-02-20,call,AAPL260220C00350000,2025-12-09 18:30:37+00:00,350.0,0.22,0.21,0.24,-0.030000001,-12.0,35.0,1645,0.24927508544921873,False,REGULAR,USD
2026-02-20,call,AAPL260220C00360000,2025-12-09 19:44:42+00:00,360.0,0.12,0.11,0.14,-0.04,-25.0,60.0,485,0.25440198730468755,False,REGULAR,USD
2026-02-20,call,AAPL260220C00370000,2025-12-09 16:02:25+00:00,370.0,0.06,0.05,0.18,-0.010000002,-14.285716,3.0,8967,0.2866282275390625,False,REGULAR,USD
2026-02-20,call,AAPL260220C00380000,2025-12-09 19:14:36+00:00,380.0,0.05,0.02,0.05,0.0,0.0,114.0,669,0.26563234375,False,REGULAR,USD
2026-02-20,call,AAPL260220C00390000,2025-12-09 19:12:40+00:00,390.0,0.03,0.0,0.23,-0.01,-25.0,13.0,911,0.340826904296875,False,REGULAR,USD
2026-02-20,call,AAPL260220C00400000,2025-12-09 19:20:23+00:00,400.0,0.02,0.01,0.12,0.0,0.0,107.0,6096,0.33399103515625,False,REGULAR,USD
2026-02-20,call,AAPL260220C00410000,2025-12-08 15:25:17+00:00,410.0,0.02,0.0,0.04,0.0,0.0,1.0,286,0.31445998046874996,False,REGULAR,USD
2026-02-20,call,AAPL260220C00420000,2025-12-08 15:42:05+00:00,420.0,0.01,0.0,0.06,0.0,0.0,100.0,162,0.344733115234375,False,REGULAR,USD
2026-02-20,call,AAPL260220C00430000,2025-12-01 14:30:01+00:00,430.0,0.01,0.0,0.07,0.0,0.0,5.0,252,0.367193828125,False,REGULAR,USD
2026-02-20,call,AAPL260220C00440000,2025-12-01 18:45:13+00:00,440.0,0.01,0.0,0.05,0.0,0.0,143.0,162,0.3711000390625,False,REGULAR,USD
2026-02-20,call,AAPL260220C00450000,2025-12-08 20:51:57+00:00,450.0,0.01,0.0,0.21,0.0,0.0,57.0,652,0.45313046875,False,REGULAR,USD
2026-02-20,put,AAPL260220P00100000,2025-12-04 19:20:42+00:00,100.0,0.02,0.01,0.18,0.0,0.0,2.0,613,0.8710950390625,False,REGULAR,USD
2026-02-20,put,AAPL260220P00105000,2025-12-03 16:12:05+00:00,105.0,0.02,0.0,0.23,0.0,0.0,30.0,372,0.84961087890625,False,REGULAR,USD
2026-02-20,put,AAPL260220P00110000,2025-12-01 19:05:41+00:00,110.0,0.02,0.0,0.38,0.0,0.0,1.0,198,0.86132951171875,False,REGULAR,USD
2026-02-20,put,AAPL260220P00115000,2025-12-01 15:45:11+00:00,115.0,0.05,0.0,0.23,0.0,0.0,20.0,81,0.7753928710937501,False,REGULAR,USD
2026-02-20,put,AAPL260220P00120000,2025-11-21 17:14:03+00:00,120.0,0.1,0.01,0.08,0.0,0.0,15.0,171,0.6699251757812501,False,REGULAR,USD
2026-02-20,put,AAPL260220P00125000,2025-12-01 20:22:03+00:00,125.0,0.04,0.03,0.25,0.0,0.0,5.0,615,0.7216824707031251,False,REGULAR,USD
2026-02-20,put,AAPL260220P00130000,2025-12-02 15:09:18+00:00,130.0,0.04,0.03,0.26,0.0,0.0,2.0,476,0.6914093359375001,False,REGULAR,USD
2026-02-20,put,AAPL260220P00135000,2025-12-09 20:28:37+00:00,135.0,0.04,0.04,0.11,0.0,0.0,30.0,606,0.6113320117187502,False,REGULAR,USD
2026-02-20,put,AAPL260220P00140000,2025-12-09 14:41:47+00:00,140.0,0.05,0.05,0.16,0.0,0.0,10.0,1261,0.6054726953125001,False,REGULAR,USD
2026-02-20,put,AAPL260220P00145000,2025-12-05 17:46:00+00:00,145.0,0.08,0.07,0.14,0.0,0.0,2.0,1681,0.57617611328125,False,REGULAR,USD
2026-02-20,put,AAPL260220P00150000,2025-12-08 20:18:12+00:00,150.0,0.09,0.08,0.11,0.0,0.0,3.0,598,0.5429733203125001,False,REGULAR,USD
2026-02-20,put,AAPL260220P00155000,2025-12-09 16:58:40+00:00,155.0,0.09,0.1,0.13,-0.019999996,-18.181814,100.0,561,0.5273484765625001,False,REGULAR,USD
2026-02-20,put,AAPL260220P00160000,2025-12-09 20:44:44+00:00,160.0,0.12,0.11,0.14,0.009999998,9.090907,221.0,3131,0.50586431640625,False,REGULAR,USD
2026-02-20,put,AAPL260220P00165000,2025-12-09 20:44:25+00:00,165.0,0.14,0.13,0.17,0.0,0.0,80.0,1005,0.499028447265625,False,REGULAR,USD
2026-02-20,put,AAPL260220P00170000,2025-12-09 20:37:20+00:00,170.0,0.16,0.16,0.18,0.0,0.0,952.0,1658,0.476567734375,False,REGULAR,USD
2026-02-20,put,AAPL260220P00175000,2025-12-05 20:58:14+00:00,175.0,0.18,0.19,0.21,-0.00999999,-5.263153,1.0,2476,0.459966337890625,False,REGULAR,USD
2026-02-20,put,AAPL260220P00180000,2025-12-09 20:58:06+00:00,180.0,0.24,0.22,0.25,0.019999996,9.090907,572.0,3998,0.4458063232421875,False,REGULAR,USD
2026-02-20,put,AAPL260220P00185000,2025-12-09 20:37:45+00:00,185.0,0.27,0.26,0.29,0.01000002,3.8461618,329.0,3910,0.42969320312500003,False,REGULAR,USD
2026-02-20,put,AAPL260220P00190000,2025-12-09 20:58:06+00:00,190.0,0.32,0.3,0.34,0.030000001,10.344828,105.0,1662,0.4145566357421875,False,REGULAR,USD
2026-02-20,put,AAPL260220P00195000,2025-12-09 18:05:12+00:00,195.0,0.33,0.37,0.4,-0.030000001,-8.333333,52.0,2062,0.3996642065429688,False,REGULAR,USD
2026-02-20,put,AAPL260220P00200000,2025-12-09 16:35:27+00:00,200.0,0.45,0.44,0.47,0.00999999,2.272725,56.0,6116,0.3850159155273437,False,REGULAR,USD
2026-02-20,put,AAPL260220P00205000,2025-12-09 16:28:59+00:00,205.0,0.5,0.53,0.56,-0.01999998,-3.8461504,176.0,4751,0.3711000390625,False,REGULAR,USD
2026-02-20,put,AAPL260220P00210000,2025-12-09 16:28:54+00:00,210.0,0.61,0.63,0.66,-0.050000012,-7.575759,32.0,7980,0.3566958862304687,False,REGULAR,USD
2026-02-20,put,AAPL260220P00215000,2025-12-09 20:56:25+00:00,215.0,0.78,0.77,0.8,0.01999998,2.6315765,106.0,3326,0.3442448388671875,False,REGULAR,USD
2026-02-20,put,AAPL260220P00220000,2025-12-09 20:58:52+00:00,220.0,0.95,0.93,0.95,0.029999971,3.2608664,341.0,16690,0.3303289624023437,False,REGULAR,USD
2026-02-20,put,AAPL260220P00225000,2025-12-09 20:47:43+00:00,225.0,1.11,1.14,1.18,-0.059999943,-5.1282005,43.0,3748,0.3197089514160155,False,REGULAR,USD
2026-02-20,put,AAPL260220P00230000,2025-12-09 20:42:36+00:00,230.0,1.35,1.39,1.45,-0.09000003,-6.2500024,59.0,8134,0.3083565258789062,False,REGULAR,USD
2026-02-20,put,AAPL260220P00235000,2025-12-09 20:42:00+00:00,235.0,1.66,1.7,1.83,-0.13,-7.26257,23.0,2110,0.29932341308593746,False,REGULAR,USD
2026-02-20,put,AAPL260220P00240000,2025-12-09 20:52:30+00:00,240.0,2.18,2.15,2.22,-0.07999992,-3.5398197,153.0,4218,0.28705546936035153,False,REGULAR,USD
2026-02-20,put,AAPL260220P00245000,2025-12-09 20:47:35+00:00,245.0,2.73,2.68,2.76,-0.00999999,-0.36496314,92.0,8681,0.2770458038330078,False,REGULAR,USD
2026-02-20,put,AAPL260220P00250000,2025-12-09 20:58:48+00:00,250.0,3.45,3.35,3.45,0.10000014,2.985079,265.0,5241,0.26782958740234375,False,REGULAR,USD
2026-02-20,put,AAPL260220P00255000,2025-12-09 20:58:48+00:00,255.0,4.3,4.2,4.3,0.0,0.0,541.0,3822,0.25867440551757814,False,REGULAR,USD
2026-02-20,put,AAPL260220P00260000,2025-12-09 20:55:02+00:00,260.0,5.3,5.25,5.35,-0.029999733,-0.5628468,209.0,3381,0.2498243963623047,False,REGULAR,USD
2026-02-20,put,AAPL260220P00265000,2025-12-09 20:52:34+00:00,265.0,6.55,6.5,6.65,0.01999998,0.3062784,150.0,7330,0.24146266357421875,False,REGULAR,USD
2026-02-20,put,AAPL260220P00270000,2025-12-09 20:39:17+00:00,270.0,7.85,8.05,8.25,-0.42999983,-5.193235,737.0,3657,0.23386386260986325,False,REGULAR,USD
2026-02-20,put,AAPL260220P00275000,2025-12-09 20:59:27+00:00,275.0,10.05,9.95,10.15,0.05000019,0.5000019,403.0,2661,0.22611247528076173,False,REGULAR,USD
2026-02-20,put,AAPL260220P00280000,2025-12-09 20:55:41+00:00,280.0,12.3,12.2,12.35,0.3000002,2.5000017,339.0,3403,0.21759815612792968,True,REGULAR,USD
2026-02-20,put,AAPL260220P00285000,2025-12-09 20:52:30+00:00,285.0,14.6,14.7,15.0,0.10000038,0.6896578,477.0,1863,0.2108233215332031,True,REGULAR,USD
2026-02-20,put,AAPL260220P00290000,2025-12-09 20:02:54+00:00,290.0,17.45,17.3,18.4,-1.0699997,-5.777536,7.0,594,0.21222711608886718,True,REGULAR,USD
2026-02-20,put,AAPL260220P00295000,2025-12-09 20:57:26+00:00,295.0,21.3,20.55,21.45,-0.30000114,-1.3888942,52.0,174,0.19770089416503905,True,REGULAR,USD
2026-02-20,put,AAPL260220P00300000,2025-12-09 19:19:55+00:00,300.0,23.75,24.6,25.1,-1.0300007,-4.1565804,55.0,728,0.18756915954589842,True,REGULAR,USD
2026-02-20,put,AAPL260220P00305000,2025-12-05 20:01:15+00:00,305.0,27.85,28.9,29.35,0.0,0.0,10.0,341,0.18598226135253904,True,REGULAR,USD
2026-02-20,put,AAPL260220P00310000,2025-12-09 14:36:46+00:00,310.0,32.7,33.2,33.7,2.3900013,7.8851905,64.0,527,0.17884121948242188,True,REGULAR,USD
2026-02-20,put,AAPL260220P00315000,2025-12-05 17:41:34+00:00,315.0,36.6,37.85,38.35,0.0,0.0,47.0,55,0.17664397583007813,True,REGULAR,USD
2026-02-20,put,AAPL260220P00320000,2025-12-04 14:34:09+00:00,320.0,37.0,41.35,43.65,0.0,0.0,10.0,18,0.21277642700195312,True,REGULAR,USD
2026-02-20,put,AAPL260220P00325000,2025-12-05 17:21:30+00:00,325.0,46.79,46.25,49.45,0.0,0.0,1.0,1,0.2703930383300781,True,REGULAR,USD
2026-02-20,put,AAPL260220P00330000,2025-12-03 15:32:04+00:00,330.0,43.11,51.35,53.6,0.0,0.0,1.0,1,0.24353783813476562,True,REGULAR,USD
2026-02-20,put,AAPL260220P00340000,2025-09-30 15:11:37+00:00,340.0,85.35,66.15,69.05,0.0,0.0,,0,0.4836477416992188,True,REGULAR,USD
2026-02-20,put,AAPL260220P00350000,2025-10-16 13:30:03+00:00,350.0,102.19,76.15,79.05,0.0,0.0,,0,0.5242357147216796,True,REGULAR,USD
2026-02-20,put,AAPL260220P00450000,2025-11-14 20:47:48+00:00,450.0,177.25,171.3,173.85,0.0,0.0,6.0,0,0.5710492114257812,True,REGULAR,USD
2026-03-20,call,AAPL260320C00090000,2025-11-26 18:25:11+00:00,90.0,189.64,186.25,190.1,0.0,0.0,1.0,133,1.1186567504882814,True,REGULAR,USD
2026-03-20,call,AAPL260320C00095000,2025-07-11 15:30:24+00:00,95.0,118.29,133.75,135.95,0.0,0.0,7.0,8,1.0000000000000003e-05,True,REGULAR,USD
2026-03-20,call,AAPL260320C00100000,2025-12-03 17:27:09+00:00,100.0,187.6,177.1,180.05,0.0,0.0,8.0,54,1.0842330944824217,True,REGULAR,USD
2026-03-20,call,AAPL260320C00105000,2025-10-31 13:32:19+00:00,105.0,170.67,180.55,184.1,0.0,0.0,1.0,30,1.6943374658203125,True,REGULAR,USD
2026-03-20,call,AAPL260320C00110000,2025-11-10 14:43:06+00:00,110.0,170.28,167.55,169.95,6.8899994,4.216904,2.0,21,1.013676806640625,True,REGULAR,USD
2026-03-20,call,AAPL260320C00115000,2025-11-26 18:21:03+00:00,115.0,164.96,161.7,165.25,0.0,0.0,1.0,189,0.9345709667968749,True,REGULAR,USD
2026-03-20,call,AAPL260320C00120000,2025-12-04 15:04:37+00:00,120.0,160.41,157.25,160.1,-2.699997,-1.6553228,2.0,76,0.9184578466796876,True,REGULAR,USD
2026-03-20,call,AAPL260320C00125000,2025-11-03 14:43:40+00:00,125.0,144.32,151.85,155.4,0.0,0.0,1.0,129,0.8725598681640624,True,REGULAR,USD
2026-03-20,call,AAPL260320C00130000,2025-12-05 18:32:27+00:00,130.0,150.73,147.75,150.45,0.0,0.0,1.0,227,0.8830578100585937,True,REGULAR,USD
2026-03-20,call,AAPL260320C00135000,2025-12-08 16:04:30+00:00,135.0,144.17,142.5,145.35,0.0,0.0,8.0,300,0.8278825805664061,True,REGULAR,USD
2026-03-20,call,AAPL260320C00140000,2025-12-08 16:58:24+00:00,140.0,139.25,137.65,140.1,0.0,0.0,10.0,327,0.7863790893554687,True,REGULAR,USD
2026-03-20,call,AAPL260320C00145000,2025-12-02 17:47:49+00:00,145.0,142.26,132.15,135.7,0.0,0.0,5.0,225,0.7556176782226562,True,REGULAR,USD
2026-03-20,call,AAPL260320C00150000,2025-12-08 19:23:24+00:00,150.0,130.88,128.1,130.5,2.880005,2.2500038,2.0,572,0.7521997436523438,True,REGULAR,USD
2026-03-20,call,AAPL260320C00155000,2025-12-02 17:47:49+00:00,155.0,132.46,122.3,125.35,0.0,0.0,1.0,218,0.6796907031250001,True,REGULAR,USD
2026-03-20,call,AAPL260320C00160000,2025-12-09 15:11:45+00:00,160.0,119.91,117.65,119.6,-1.5899963,-1.3086389,9.0,398,0.6307409973144531,True,REGULAR,USD
2026-03-20,call,AAPL260320C00165000,2025-12-08 18:32:58+00:00,165.0,115.0,113.5,115.2,0.0,0.0,2.0,269,0.6556430920410157,True,REGULAR,USD
2026-03-20,call,AAPL260320C00170000,2025-12-05 16:40:19+00:00,170.0,111.35,108.45,110.95,0.0,0.0,1.0,787,0.64648791015625,True,REGULAR,USD
2026-03-20,call,AAPL260320C00175000,2025-11-24 14:53:00+00:00,175.0,101.96,103.2,105.75,0.0,0.0,2.0,446,0.6012002770996094,True,REGULAR,USD
2026-03-20,call,AAPL260320C00180000,2025-12-08 15:25:20+00:00,180.0,100.27,98.15,101.05,0.0,0.0,2.0,633,0.5781902532958985,True,REGULAR,USD
2026-03-20,call,AAPL260320C00185000,2025-12-09 16:16:00+00:00,185.0,95.06,94.05,96.2,-1.6399994,-1.6959664,14.0,618,0.5762981823730469,True,REGULAR,USD
2026-03-20,call,AAPL260320C00190000,2025-12-08 14:39:38+00:00,190.0,90.5,89.6,90.25,0.0,0.0,1.0,699,0.5360153820800782,True,REGULAR,USD
2026-03-20,call,AAPL260320C00195000,2025-12-04 14:30:10+00:00,195.0,92.27,84.2,86.4,0.0,0.0,5.0,1820,0.524418818359375,True,REGULAR,USD
2026-03-20,call,AAPL260320C00200000,2025-12-09 18:24:00+00:00,200.0,81.3,79.5,80.9,0.5,0.61881185,46.0,5657,0.5204515728759764,True,REGULAR,USD
2026-03-20,call,AAPL260320C00210000,2025-12-09 20:45:28+00:00,210.0,70.6,70.05,71.4,0.02999878,0.042509254,11.0,4459,0.47949739257812496,True,REGULAR,USD
2026-03-20,call,AAPL260320C00220000,2025-12-09 18:30:34+00:00,220.0,62.36,60.95,61.45,1.0100021,1.6462953,95.0,5446,0.42188078125,True,REGULAR,USD
2026-03-20,call,AAPL260320C00230000,2025-12-09 14:44:10+00:00,230.0,52.73,51.85,52.35,0.5299988,1.0153233,16.0,6546,0.3900817828369141,True,REGULAR,USD
2026-03-20,call,AAPL260320C00240000,2025-12-09 20:24:44+00:00,240.0,43.82,43.0,43.4,0.79999924,1.8595984,135.0,12606,0.3567569207763671,True,REGULAR,USD
2026-03-20,call,AAPL260320C00250000,2025-12-09 20:25:39+00:00,250.0,35.17,34.65,34.95,0.61999893,1.7944977,100.0,13351,0.3284674087524414,True,REGULAR,USD
2026-03-20,call,AAPL260320C00260000,2025-12-09 20:56:24+00:00,260.0,27.15,27.0,27.25,0.44999886,1.6853889,131.0,10304,0.3061592822265625,True,REGULAR,USD
2026-03-20,call,AAPL260320C00270000,2025-12-09 20:57:05+00:00,270.0,20.25,20.15,20.35,-0.10000038,-0.49140236,500.0,11585,0.2863840893554687,True,REGULAR,USD
2026-03-20,call,AAPL260320C00280000,2025-12-09 20:47:19+00:00,280.0,14.49,14.35,14.45,-0.119999886,-0.82135445,601.0,28617,0.2694470028686523,False,REGULAR,USD
2026-03-20,call,AAPL260320C00290000,2025-12-09 20:52:30+00:00,290.0,9.78,9.7,9.9,-0.22000027,-2.2000027,368.0,11077,0.25888802642822273,False,REGULAR,USD
2026-03-20,call,AAPL260320C00300000,2025-12-09 20:58:07+00:00,300.0,6.35,6.3,6.45,-0.25,-3.7878788,756.0,13617,0.25025163818359375,False,REGULAR,USD
2026-03-20,call,AAPL260320C00310000,2025-12-09 20:58:48+00:00,310.0,4.0,4.0,4.1,-0.1500001,-3.61446,586.0,6402,0.24576559906005857,False,REGULAR,USD
2026-03-20,call,AAPL260320C00320000,2025-12-09 20:52:34+00:00,320.0,2.5,2.47,2.54,-0.03999996,-1.5748017,177.0,10448,0.24329369995117187,False,REGULAR,USD
2026-03-20,call,AAPL260320C00330000,2025-12-09 20:57:45+00:00,330.0,1.55,1.5,1.58,-0.05000007,-3.1250045,44.0,2829,0.24378197631835938,False,REGULAR,USD
2026-03-20,call,AAPL260320C00340000,2025-12-09 20:04:03+00:00,340.0,0.95,0.93,0.97,0.0,0.0,37.0,1779,0.2447585290527344,False,REGULAR,USD
2026-03-20,call,AAPL260320C00350000,2025-12-09 20:54:40+00:00,350.0,0.59,0.58,0.61,-0.02000004,-3.278695,23.0,2776,0.24781025634765624,False,REGULAR,USD
2026-03-20,call,AAPL260320C00360000,2025-12-09 20:00:50+00:00,360.0,0.38,0.36,0.38,-0.02000001,-5.0000024,2.0,1766,0.25049577636718745,False,REGULAR,USD
2026-03-20,call,AAPL260320C00370000,2025-12-09 19:50:48+00:00,370.0,0.24,0.23,0.25,0.0,0.0,144.0,13024,0.2553785400390626,False,REGULAR,USD
2026-03-20,call,AAPL260320C00380000,2025-12-09 16:55:26+00:00,380.0,0.14,0.13,0.15,-0.010000005,-6.6666694,1.0,245,0.256843369140625,False,REGULAR,USD
2026-03-20,call,AAPL260320C00390000,2025-12-09 20:26:10+00:00,390.0,0.08,0.07,0.21,-0.010000005,-11.111116,30.0,220,0.2868723657226562,False,REGULAR,USD
2026-03-20,call,AAPL260320C00400000,2025-12-08 15:18:42+00:00,400.0,0.06,0.04,0.07,-0.010000002,-14.285716,51.0,567,0.26758544921875,False,REGULAR,USD
2026-03-20,call,AAPL260320C00410000,2025-12-08 15:55:45+00:00,410.0,0.04,0.02,0.05,0.0,0.0,1.0,25,0.273444765625,False,REGULAR,USD
2026-03-20,call,AAPL260320C00420000,2025-12-08 18:18:15+00:00,420.0,0.07,0.01,0.23,0.0,0.0,2.0,95,0.34278000976562495,False,REGULAR,USD
2026-03-20,call,AAPL260320C00430000,2025-12-08 16:31:52+00:00,430.0,0.02,0.0,0.07,0.0,0.0,6.0,53,0.31250687499999996,False,REGULAR,USD
2026-03-20,call,AAPL260320C00440000,2025-12-04 15:59:02+00:00,440.0,0.01,0.0,0.07,0.0,0.0,8.0,289,0.327155166015625,False,REGULAR,USD
2026-03-20,call,AAPL260320C00450000,2025-12-05 19:52:01+00:00,450.0,0.01,0.0,0.05,0.0,0.0,95.0,1498,0.33008482421874996,False,REGULAR,USD
2026-03-20,put,AAPL260320P00090000,2025-12-03 19:35:32+00:00,90.0,0.02,0.01,0.23,0.0,0.0,151.0,1043,0.8369156933593749,False,REGULAR,USD
2026-03-20,put,AAPL260320P00095000,2025-12-04 20:18:13+00:00,95.0,0.02,0.01,0.23,0.0,0.0,5.0,259,0.79883013671875,False,REGULAR,USD
2026-03-20,put,AAPL260320P00100000,2025-12-02 17:32:35+00:00,100.0,0.03,0.0,0.21,0.0,0.0,3.0,806,0.7500025,False,REGULAR,USD
2026-03-20,put,AAPL260320P00105000,2025-12-09 17:26:35+00:00,105.0,0.03,0.03,0.07,-0.020000001,-40.000004,10.0,927,0.6640658593750002,False,REGULAR,USD
2026-03-20,put,AAPL260320P00110000,2025-12-01 20:22:30+00:00,110.0,0.05,0.03,0.26,0.0,0.0,2.0,506,0.709963837890625,False,REGULAR,USD
2026-03-20,put,AAPL260320P00115000,2025-12-05 20:39:25+00:00,115.0,0.05,0.04,0.11,0.0,0.0,100.0,501,0.6289099609375001,False,REGULAR,USD
2026-03-20,put,AAPL260320P00120000,2025-11-24 18:21:36+00:00,120.0,0.09,0.06,0.11,0.0,0.0,1.0,625,0.6093789062500001,False,REGULAR,USD
2026-03-20,put,AAPL260320P00125000,2025-12-09 15:07:34+00:00,125.0,0.06,0.07,0.19,-0.040000003,-40.000004,50.0,1121,0.6093789062500001,False,REGULAR,USD
2026-03-20,put,AAPL260320P00130000,2025-12-08 14:58:52+00:00,130.0,0.08,0.06,0.21,0.0,0.0,1.0,232,0.5839885351562499,False,REGULAR,USD
2026-03-20,put,AAPL260320P00135000,2025-12-03 15:01:28+00:00,135.0,0.1,0.1,0.12,0.0,0.0,10.0,742,0.543949873046875,False,REGULAR,USD
2026-03-20,put,AAPL260320P00140000,2025-12-09 17:46:05+00:00,140.0,0.11,0.11,0.14,-0.019999996,-15.384612,2.0,1634,0.526371923828125,False,REGULAR,USD
2026-03-20,put,AAPL260320P00145000,2025-12-03 16:48:04+00:00,145.0,0.12,0.13,0.17,0.0,0.0,5.0,803,0.5127001855468749,False,REGULAR,USD
2026-03-20,put,AAPL260320P00150000,2025-12-08 20:45:08+00:00,150.0,0.15,0.16,0.19,0.0,0.0,40.0,2577,0.5024463818359376,False,REGULAR,USD
2026-03-20,put,AAPL260320P00155000,2025-12-05 20:59:16+00:00,155.0,0.17,0.19,0.21,-0.010000005,-5.555558,10.0,3274,0.48438015625,False,REGULAR,USD
2026-03-20,put,AAPL260320P00160000,2025-12-09 19:22:29+00:00,160.0,0.19,0.21,0.25,-0.010000005,-5.0000024,192.0,5271,0.47119669433593747,False,REGULAR,USD
2026-03-20,put,AAPL260320P00165000,2025-12-09 20:52:37+00:00,165.0,0.27,0.26,0.29,0.01000002,3.8461618,68.0,3909,0.45654840332031255,False,REGULAR,USD
2026-03-20,put,AAPL260320P00170000,2025-12-09 16:46:03+00:00,170.0,0.29,0.29,0.33,0.0,0.0,1.0,10109,0.4414118359375,False,REGULAR,USD
2026-03-20,put,AAPL260320P00175000,2025-12-09 20:36:18+00:00,175.0,0.32,0.34,0.38,-0.02000001,-5.8823557,22.0,6572,0.4270076831054688,False,REGULAR,USD
2026-03-20,put,AAPL260320P00180000,2025-12-09 20:40:10+00:00,180.0,0.41,0.39,0.44,0.02000001,5.1282077,268.0,5709,0.4133359448242187,False,REGULAR,USD
2026-03-20,put,AAPL260320P00185000,2025-12-09 16:57:15+00:00,185.0,0.44,0.46,0.51,-0.02000001,-4.347828,50.0,3667,0.39990834472656256,False,REGULAR,USD
2026-03-20,put,AAPL260320P00190000,2025-12-09 20:31:29+00:00,190.0,0.52,0.55,0.59,-0.02000004,-3.703711,103.0,9336,0.3864807446289062,False,REGULAR,USD
2026-03-20,put,AAPL260320P00195000,2025-12-09 20:20:03+00:00,195.0,0.62,0.64,0.69,-0.00999999,-1.5873001,118.0,6927,0.37402969726562496,False,REGULAR,USD
2026-03-20,put,AAPL260320P00200000,2025-12-09 20:43:29+00:00,200.0,0.78,0.77,0.81,0.029999971,3.9999962,243.0,7793,0.36206692626953124,False,REGULAR,USD
2026-03-20,put,AAPL260320P00210000,2025-12-09 20:19:19+00:00,210.0,1.05,1.07,1.13,-0.0200001,-1.8691682,22.0,12855,0.3391179370117187,False,REGULAR,USD
2026-03-20,put,AAPL260320P00220000,2025-12-09 20:59:31+00:00,220.0,1.57,1.54,1.59,0.09000003,6.081084,88.0,18181,0.31726756958007807,False,REGULAR,USD
2026-03-20,put,AAPL260320P00230000,2025-12-09 20:57:06+00:00,230.0,2.25,2.22,2.29,0.03999996,1.809953,880.0,11773,0.29767548034667957,False,REGULAR,USD
2026-03-20,put,AAPL260320P00240000,2025-12-09 20:52:51+00:00,240.0,3.24,3.2,3.35,0.03999996,1.2499988,199.0,8994,0.2802806347656249,False,REGULAR,USD
2026-03-20,put,AAPL260320P00250000,2025-12-09 20:58:08+00:00,250.0,4.81,4.7,4.85,-0.07000017,-1.4344298,1297.0,19924,0.26285527191162117,False,REGULAR,USD
2026-03-20,put,AAPL260320P00260000,2025-12-09 20:39:33+00:00,260.0,6.87,6.9,7.05,-0.03000021,-0.43478563,741.0,4522,0.24738301452636718,False,REGULAR,USD
2026-03-20,put,AAPL260320P00270000,2025-12-09 20:54:42+00:00,270.0,10.05,9.95,10.15,0.05000019,0.5000019,662.0,3905,0.23307041351318358,False,REGULAR,USD
2026-03-20,put,AAPL260320P00280000,2025-12-09 20:11:29+00:00,280.0,14.0,14.1,14.3,-0.14999962,-1.060068,106.0,3767,0.21875781249999998,True,REGULAR,USD
2026-03-20,put,AAPL260320P00290000,2025-12-09 19:18:36+00:00,290.0,19.2,19.3,19.8,-0.94999886,-4.7146344,47.0,492,0.20667297241210933,True,REGULAR,USD
2026-03-20,put,AAPL260320P00300000,2025-12-09 19:26:09+00:00,300.0,25.15,25.95,27.0,-0.8999996,-3.454893,102.0,797,0.20386538330078124,True,REGULAR,USD
2026-03-20,put,AAPL260320P00310000,2025-12-08 19:02:33+00:00,310.0,34.9,33.45,34.45,0.0,0.0,6.0,335,0.1798788067626953,True,REGULAR,USD
2026-03-20,put,AAPL260320P00320000,2025-12-09 18:19:59+00:00,320.0,41.71,42.25,44.5,0.30999756,0.74878633,1.0,98,0.21595022338867187,True,REGULAR,USD
2026-03-20,put,AAPL260320P00330000,2025-12-09 18:19:59+00:00,330.0,51.7,51.95,53.75,2.0,4.0241446,1.0,3,0.21546194702148438,True,REGULAR,USD
2026-03-20,put,AAPL260320P00340000,2025-12-04 16:08:36+00:00,340.0,59.48,61.1,63.8,0.0,0.0,2.0,0,0.24585715087890625,True,REGULAR,USD
2026-03-20,put,AAPL260320P00350000,2025-05-13 14:39:20+00:00,350.0,138.33,150.6,152.7,0.0,0.0,1.0,0,1.754212654724121,True,REGULAR,USD
2026-03-20,put,AAPL260320P00360000,2025-11-03 17:45:07+00:00,360.0,92.47,81.1,83.85,0.0,0.0,10.0,0,0.3002999658203125,True,REGULAR,USD
2026-03-20,put,AAPL260320P00370000,2025-05-07 13:30:09+00:00,370.0,171.09,0.0,0.0,0.0,0.0,1.0,0,1.0000000000000003e-05,True,REGULAR,USD
2026-04-17,call,AAPL260417C00120000,2025-12-02 15:44:34+00:00,120.0,167.52,157.1,160.8,0.0,0.0,1.0,4,0.840821904296875,True,REGULAR,USD
2026-04-17,call,AAPL260417C00125000,2025-09-24 14:28:57+00:00,125.0,130.76,147.9,151.6,0.0,0.0,1.0,6,1.0000000000000003e-05,True,REGULAR,USD
2026-04-17,call,AAPL260417C00130000,2025-12-02 15:44:14+00:00,130.0,157.49,148.25,150.95,0.0,0.0,80.0,160,0.8219011950683592,True,REGULAR,USD
2026-04-17,call,AAPL260417C00135000,2025-12-08 20:00:42+00:00,135.0,143.51,143.0,145.55,0.0,0.0,14.0,2021,0.7617211328125001,True,REGULAR,USD
2026-04-17,call,AAPL260417C00140000,2025-11-04 16:47:01+00:00,140.0,133.61,138.5,141.15,0.0,0.0,36.0,94,0.7670921728515626,True,REGULAR,USD
2026-04-17,call,AAPL260417C00145000,2025-12-02 17:42:22+00:00,145.0,143.41,132.7,136.25,0.0,0.0,4.0,31,0.709963837890625,True,REGULAR,USD
2026-04-17,call,AAPL260417C00150000,2025-11-05 17:25:04+00:00,150.0,122.48,127.8,131.4,0.0,0.0,37.0,39,0.6862824340820313,True,REGULAR,USD
2026-04-17,call,AAPL260417C00155000,2025-12-04 18:39:37+00:00,155.0,127.36,124.05,126.0,0.0,0.0,3.0,602,0.6805451867675782,True,REGULAR,USD
2026-04-17,call,AAPL260417C00160000,2025-11-12 14:30:07+00:00,160.0,118.0,118.0,121.6,0.0,0.0,1.0,1,0.6367223828125,True,REGULAR,USD
2026-04-17,call,AAPL260417C00165000,2025-12-02 15:08:53+00:00,165.0,122.03,113.15,116.75,0.0,0.0,5.0,6,0.6151161535644531,True,REGULAR,USD
2026-04-17,call,AAPL260417C00170000,2025-11-26 20:09:18+00:00,170.0,111.85,108.7,111.9,0.0,0.0,12.0,20,0.6036416589355471,True,REGULAR,USD
2026-04-17,call,AAPL260417C00175000,2025-11-18 14:51:37+00:00,175.0,97.5,103.45,107.05,0.0,0.0,1.0,5,0.5721478332519532,True,REGULAR,USD
2026-04-17,call,AAPL260417C00180000,2025-12-04 19:34:09+00:00,180.0,103.22,98.6,102.2,0.0,0.0,1.0,31,0.5506026385498048,True,REGULAR,USD
2026-04-17,call,AAPL260417C00185000,2025-12-03 14:42:43+00:00,185.0,106.0,93.75,97.35,0.0,0.0,10.0,29,0.5290574438476563,True,REGULAR,USD
2026-04-17,call,AAPL260417C00190000,2025-12-08 17:57:19+00:00,190.0,90.81,89.4,92.55,0.0,0.0,1.0,69,0.5184984674072266,True,REGULAR,USD
2026-04-17,call,AAPL260417C00195000,2025-12-02 20:32:44+00:00,195.0,95.31,84.15,87.75,0.0,0.0,18.0,242,0.5523726403808593,True,REGULAR,USD
2026-04-17,call,AAPL260417C00200000,2025-12-04 15:41:39+00:00,200.0,85.61,80.3,82.15,0.0,0.0,1.0,335,0.5038501763916017,True,REGULAR,USD
2026-04-17,call,AAPL260417C00205000,2025-12-02 19:42:58+00:00,205.0,85.72,75.25,77.25,0.0,0.0,9.0,174,0.47876497802734375,True,REGULAR,USD
2026-04-17,call,AAPL260417C00210000,2025-12-09 20:35:10+00:00,210.0,72.39,71.55,71.95,1.1200027,1.5714927,660.0,287,0.44183907775878906,True,REGULAR,USD
2026-04-17,call,AAPL260417C00215000,2025-12-04 20:06:01+00:00,215.0,70.57,66.3,67.95,0.0,0.0,1.0,172,0.44312080322265623,True,REGULAR,USD
2026-04-17,call,AAPL260417C00220000,2025-12-09 20:21:51+00:00,220.0,63.33,62.35,62.95,0.83000183,1.3280029,27.0,515,0.41528905029296875,True,REGULAR,USD
2026-04-17,call,AAPL260417C00225000,2025-12-09 20:12:40+00:00,225.0,58.55,57.85,58.2,-0.75,-1.2647555,17.0,882,0.39398799377441407,True,REGULAR,USD
2026-04-17,call,AAPL260417C00230000,2025-12-09 20:15:36+00:00,230.0,54.1,53.4,53.8,1.1699982,2.2104633,3.0,592,0.38065194549560544,True,REGULAR,USD
2026-04-17,call,AAPL260417C00235000,2025-12-09 20:32:38+00:00,235.0,49.63,49.05,49.35,1.2800026,2.6473684,148.0,758,0.3648745153808594,True,REGULAR,USD
2026-04-17,call,AAPL260417C00240000,2025-12-09 17:45:13+00:00,240.0,45.65,44.8,45.1,-0.3999977,-0.8686161,4.0,3091,0.3521182952880859,True,REGULAR,USD
2026-04-17,call,AAPL260417C00245000,2025-12-09 20:58:23+00:00,245.0,40.76,40.65,40.95,-0.3600006,-0.87548786,101.0,3203,0.3397587997436523,True,REGULAR,USD
2026-04-17,call,AAPL260417C00250000,2025-12-09 20:16:50+00:00,250.0,37.25,36.6,36.95,0.34999847,0.9485053,3.0,1429,0.32840637420654295,True,REGULAR,USD
2026-04-17,call,AAPL260417C00255000,2025-12-09 20:28:16+00:00,255.0,33.4,32.8,33.25,0.6000023,1.8292754,3.0,996,0.32031929687499994,True,REGULAR,USD
2026-04-17,call,AAPL260417C00260000,2025-12-09 20:12:40+00:00,260.0,29.55,29.2,29.45,0.84000015,2.9258103,16.0,5057,0.3081734222412109,True,REGULAR,USD
2026-04-17,call,AAPL260417C00265000,2025-12-09 16:29:38+00:00,265.0,25.91,25.7,26.1,0.11000061,0.42635897,3.0,1399,0.30103238037109376,True,REGULAR,USD
2026-04-17,call,AAPL260417C00270000,2025-12-09 20:30:55+00:00,270.0,22.85,22.45,22.7,0.10000038,0.4395621,79.0,3189,0.2903513348388671,True,REGULAR,USD
2026-04-17,call,AAPL260417C00275000,2025-12-09 20:52:30+00:00,275.0,19.9,19.45,19.7,0.20999908,1.0665265,103.0,3101,0.28305770660400387,True,REGULAR,USD
2026-04-17,call,AAPL260417C00280000,2025-12-09 19:40:41+00:00,280.0,16.97,16.7,16.9,-0.030000687,-0.17647463,242.0,2995,0.2757640783691406,False,REGULAR,USD
2026-04-17,call,AAPL260417C00285000,2025-12-09 20:11:25+00:00,285.0,14.41,14.15,14.35,0.010000229,0.069446035,50.0,4496,0.2690502783203125,False,REGULAR,USD
2026-04-17,call,AAPL260417C00290000,2025-12-09 19:44:19+00:00,290.0,12.0,11.9,12.15,-0.13000011,-1.0717239,115.0,5022,0.2643506182861328,False,REGULAR,USD
2026-04-17,call,AAPL260417C00295000,2025-12-09 20:58:37+00:00,295.0,9.98,9.95,10.15,0.12999916,1.3197883,64.0,6168,0.25937630279541024,False,REGULAR,USD
2026-04-17,call,AAPL260417C00300000,2025-12-09 20:24:56+00:00,300.0,8.57,8.25,8.45,0.21999931,2.6347222,126.0,6579,0.2557447473144532,False,REGULAR,USD
2026-04-17,call,AAPL260417C00305000,2025-12-09 20:54:41+00:00,305.0,6.85,6.8,6.95,0.049999714,0.7352899,85.0,6807,0.2520826745605469,False,REGULAR,USD
2026-04-17,call,AAPL260417C00310000,2025-12-09 20:12:41+00:00,310.0,5.75,5.55,5.7,0.0,0.0,109.0,2723,0.24945818908691403,False,REGULAR,USD
2026-04-17,call,AAPL260417C00315000,2025-12-09 18:53:02+00:00,315.0,4.8,4.55,4.7,0.09000015,1.9108312,72.0,2619,0.2483595672607422,False,REGULAR,USD
2026-04-17,call,AAPL260417C00320000,2025-12-09 19:17:32+00:00,320.0,3.95,3.7,3.85,0.25,6.756757,68.0,1974,0.24738301452636718,False,REGULAR,USD
2026-04-17,call,AAPL260417C00325000,2025-12-09 20:12:40+00:00,325.0,3.1,3.0,3.1,0.099999905,3.3333302,18.0,2315,0.2456130126953125,False,REGULAR,USD
2026-04-17,call,AAPL260417C00330000,2025-12-09 20:47:19+00:00,330.0,2.5,2.41,2.52,0.059999943,2.459014,125.0,1134,0.24518577087402343,False,REGULAR,USD
2026-04-17,call,AAPL260417C00340000,2025-12-09 19:21:37+00:00,340.0,1.7,1.61,1.72,0.08000004,4.938274,13.0,561,0.24738301452636718,False,REGULAR,USD
2026-04-17,call,AAPL260417C00350000,2025-12-09 20:42:37+00:00,350.0,1.09,1.06,1.09,0.03000009,2.8301973,53.0,1036,0.24604025451660155,False,REGULAR,USD
2026-04-17,call,AAPL260417C00360000,2025-12-08 15:06:10+00:00,360.0,0.78,0.7,0.72,0.0,0.0,4.0,1051,0.24768818725585937,False,REGULAR,USD
2026-04-17,call,AAPL260417C00370000,2025-12-08 19:19:50+00:00,370.0,0.47,0.45,0.49,0.00999999,2.1739109,1.0,121,0.25086198364257806,False,REGULAR,USD
2026-04-17,call,AAPL260417C00380000,2025-12-09 18:55:05+00:00,380.0,0.32,0.3,0.32,0.01999998,6.66666,18.0,2823,0.2524488818359375,False,REGULAR,USD
2026-04-17,call,AAPL260417C00390000,2025-12-04 20:29:48+00:00,390.0,0.28,0.19,0.21,0.0,0.0,296.0,312,0.2541578491210938,False,REGULAR,USD
2026-04-17,call,AAPL260417C00400000,2025-12-08 19:07:06+00:00,400.0,0.12,0.11,0.14,0.0,0.0,3.0,13051,0.2563550927734375,False,REGULAR,USD
2026-04-17,call,AAPL260417C00410000,2025-12-08 18:30:55+00:00,410.0,0.08,0.07,0.1,0.0,0.0,2.0,30,0.260749580078125,False,REGULAR,USD
2026-04-17,call,AAPL260417C00420000,2025-12-09 14:30:02+00:00,420.0,0.07,0.04,0.07,-0.020000003,-22.222223,33.0,127,0.26416751464843746,False,REGULAR,USD
2026-04-17,call,AAPL260417C00430000,2025-12-09 16:04:23+00:00,430.0,0.03,0.02,0.05,-0.03,-50.0,1.0,10,0.26758544921875,False,REGULAR,USD
2026-04-17,call,AAPL260417C00440000,2025-12-09 16:04:23+00:00,440.0,0.03,0.01,0.24,-0.01,-25.0,1.0,189,0.33399103515625,False,REGULAR,USD
2026-04-17,call,AAPL260417C00450000,2025-12-09 14:30:01+00:00,450.0,0.03,0.0,0.06,0.0,0.0,5.0,781,0.2978585839843749,False,REGULAR,USD
2026-04-17,put,AAPL260417P00120000,2025-12-04 18:10:16+00:00,120.0,0.09,0.08,0.15,0.0,0.0,2.0,480,0.5576216113281252,False,REGULAR,USD
2026-04-17,put,AAPL260417P00125000,2025-11-11 20:01:45+00:00,125.0,0.14,0.1,0.17,0.0,0.0,1.0,36,0.5419967675781252,False,REGULAR,USD
2026-04-17,put,AAPL260417P00130000,2025-12-02 19:00:10+00:00,130.0,0.13,0.12,0.15,0.0,0.0,2.0,412,0.51758294921875,False,REGULAR,USD
2026-04-17,put,AAPL260417P00135000,2025-11-17 20:32:51+00:00,135.0,0.22,0.13,0.2,0.0,0.0,2.0,58,0.50586431640625,False,REGULAR,USD
2026-04-17,put,AAPL260417P00140000,2025-12-04 15:17:08+00:00,140.0,0.15,0.16,0.23,0.0,0.0,5.0,92,0.5029346582031251,False,REGULAR,USD
2026-04-17,put,AAPL260417P00145000,2025-12-03 17:15:24+00:00,145.0,0.2,0.19,0.26,0.0,0.0,5.0,77,0.48730981445312505,False,REGULAR,USD
2026-04-17,put,AAPL260417P00150000,2025-12-08 18:17:58+00:00,150.0,0.24,0.23,0.28,0.0,0.0,1.0,734,0.4687553125,False,REGULAR,USD
2026-04-17,put,AAPL260417P00155000,2025-12-05 17:09:20+00:00,155.0,0.27,0.26,0.34,0.0,0.0,1.0,81,0.4585015087890626,False,REGULAR,USD
2026-04-17,put,AAPL260417P00160000,2025-12-08 18:17:58+00:00,160.0,0.3,0.31,0.38,-0.01999998,-6.2499943,1.0,156,0.44312080322265623,False,REGULAR,USD
2026-04-17,put,AAPL260417P00165000,2025-12-05 16:21:51+00:00,165.0,0.36,0.35,0.45,0.0,0.0,7.0,59,0.4318904467773438,False,REGULAR,USD
2026-04-17,put,AAPL260417P00170000,2025-12-09 16:27:40+00:00,170.0,0.43,0.44,0.46,0.01000002,2.3809574,30.0,167,0.41138283935546877,False,REGULAR,USD
2026-04-17,put,AAPL260417P00175000,2025-12-09 16:25:47+00:00,175.0,0.5,0.48,0.59,-0.00999999,-1.9607825,1.0,195,0.40601179931640624,False,REGULAR,USD
2026-04-17,put,AAPL260417P00180000,2025-12-09 14:37:52+00:00,180.0,0.57,0.6,0.63,-0.01999998,-3.3898275,20.0,512,0.38867798828125,False,REGULAR,USD
2026-04-17,put,AAPL260417P00185000,2025-12-02 17:54:51+00:00,185.0,0.66,0.7,0.74,-0.00999999,-1.4925358,1.0,307,0.37793590820312495,False,REGULAR,USD
2026-04-17,put,AAPL260417P00190000,2025-12-08 14:57:54+00:00,190.0,0.81,0.82,0.87,0.0,0.0,2.0,1123,0.3676821044921875,False,REGULAR,USD
2026-04-17,put,AAPL260417P00195000,2025-12-09 18:37:41+00:00,195.0,0.88,0.95,1.0,-0.09000003,-9.278355,1.0,794,0.35584140258789054,False,REGULAR,USD
2026-04-17,put,AAPL260417P00200000,2025-12-08 19:55:59+00:00,200.0,1.09,1.12,1.18,-0.049999952,-4.3859606,2.0,4841,0.3460758752441406,False,REGULAR,USD
2026-04-17,put,AAPL260417P00205000,2025-12-09 20:41:20+00:00,205.0,1.29,1.32,1.39,0.00999999,0.7812493,3.0,773,0.3364324169921875,False,REGULAR,USD
2026-04-17,put,AAPL260417P00210000,2025-12-05 20:59:05+00:00,210.0,1.47,1.55,1.62,0.0,0.0,12.0,1219,0.32617861328125,False,REGULAR,USD
2026-04-17,put,AAPL260417P00215000,2025-12-08 16:03:29+00:00,215.0,1.84,1.83,1.9,0.0,0.0,5.0,3855,0.31653515502929686,False,REGULAR,USD
2026-04-17,put,AAPL260417P00220000,2025-12-08 20:23:13+00:00,220.0,2.19,2.13,2.26,0.0,0.0,32.0,1605,0.3081734222412109,False,REGULAR,USD
2026-04-17,put,AAPL260417P00225000,2025-12-08 19:06:44+00:00,225.0,2.61,2.53,2.64,0.0,0.0,25.0,6885,0.29846892944335934,False,REGULAR,USD
2026-04-17,put,AAPL260417P00230000,2025-12-09 19:00:07+00:00,230.0,2.84,3.0,3.1,-0.26,-8.387097,3.0,1932,0.2893747821044921,False,REGULAR,USD
2026-04-17,put,AAPL260417P00235000,2025-12-09 17:38:07+00:00,235.0,3.4,3.55,3.7,-0.099999905,-2.85714,3.0,3247,0.2819896020507812,False,REGULAR,USD
2026-04-17,put,AAPL260417P00240000,2025-12-09 20:52:46+00:00,240.0,4.25,4.25,4.35,0.05000019,1.1904808,46.0,4871,0.2733837310791015,False,REGULAR,USD
2026-04-17,put,AAPL260417P00245000,2025-12-09 20:53:54+00:00,245.0,5.05,5.05,5.15,0.05000019,1.0000038,74.0,2952,0.2657238955688477,False,REGULAR,USD
2026-04-17,put,AAPL260417P00250000,2025-12-09 20:54:40+00:00,250.0,6.0,5.95,6.1,-0.1500001,-2.4390259,49.0,3685,0.2584913018798829,False,REGULAR,USD
2026-04-17,put,AAPL260417P00255000,2025-12-09 20:46:00+00:00,255.0,6.91,7.05,7.2,-0.23000002,-3.221289,8.0,1548,0.2512281909179687,False,REGULAR,USD
2026-04-17,put,AAPL260417P00260000,2025-12-09 20:49:54+00:00,260.0,8.2,8.35,8.5,-0.40000057,-4.6511693,9.0,2047,0.24445335632324222,False,REGULAR,USD
2026-04-17,put,AAPL260417P00265000,2025-12-09 16:47:24+00:00,265.0,9.75,9.85,10.0,-0.05000019,-0.51020604,21.0,1550,0.23777007354736324,False,REGULAR,USD
2026-04-17,put,AAPL260417P00270000,2025-12-09 20:18:38+00:00,270.0,11.65,11.5,11.7,0.0,0.0,210.0,1234,0.23081213531494144,False,REGULAR,USD
2026-04-17,put,AAPL260417P00275000,2025-12-09 20:28:21+00:00,275.0,13.4,13.45,13.65,-0.10000038,-0.7407436,42.0,1805,0.22409833526611322,False,REGULAR,USD
2026-04-17,put,AAPL260417P00280000,2025-12-09 20:58:04+00:00,280.0,15.81,15.7,15.9,0.31000042,2.0000026,12.0,964,0.2180253979492187,True,REGULAR,USD
2026-04-17,put,AAPL260417P00285000,2025-12-09 20:58:39+00:00,285.0,18.4,18.15,18.5,0.29999924,1.6574544,55.0,756,0.21317315155029298,True,REGULAR,USD
2026-04-17,put,AAPL260417P00290000,2025-12-09 16:29:38+00:00,290.0,20.8,20.7,21.35,-0.20000076,-0.9523846,3.0,253,0.20789366333007808,True,REGULAR,USD
2026-04-17,put,AAPL260417P00295000,2025-12-08 20:54:30+00:00,295.0,23.85,23.65,24.95,-0.10000038,-0.4175381,1.0,293,0.21039607971191404,True,REGULAR,USD
2026-04-17,put,AAPL260417P00300000,2025-12-09 20:52:30+00:00,300.0,27.2,27.2,27.7,-0.289999,-1.0549254,1.0,328,0.19373364868164064,True,REGULAR,USD
2026-04-17,put,AAPL260417P00305000,2025-12-08 15:23:38+00:00,305.0,30.51,29.7,32.6,0.0,0.0,2.0,191,0.21234918518066404,True,REGULAR,USD
2026-04-17,put,AAPL260417P00310000,2025-12-04 20:55:00+00:00,310.0,33.2,34.65,36.3,0.0,0.0,1.0,391,0.20471986694335934,True,REGULAR,USD
2026-04-17,put,AAPL260417P00315000,2025-12-09 17:45:23+00:00,315.0,38.34,38.35,40.45,1.6399994,4.468663,2.0,267,0.20209538146972655,True,REGULAR,USD
2026-04-17,put,AAPL260417P00320000,2025-12-08 14:58:21+00:00,320.0,43.0,42.3,44.85,0.0,0.0,6.0,269,0.20179020874023437,True,REGULAR,USD
2026-04-17,put,AAPL260417P00325000,2025-12-05 20:25:58+00:00,325.0,46.91,46.6,49.55,0.0,0.0,50.0,83,0.2074053869628906,True,REGULAR,USD
2026-04-17,put,AAPL260417P00330000,2025-12-02 15:11:33+00:00,330.0,46.2,51.1,54.25,0.0,0.0,140.0,140,0.2110064251708984,True,REGULAR,USD
2026-04-17,put,AAPL260417P00340000,2025-12-04 14:37:42+00:00,340.0,57.0,61.15,63.85,0.0,0.0,10.0,0,0.22022264160156246,True,REGULAR,USD
2026-04-17,put,AAPL260417P00360000,2025-11-28 17:53:11+00:00,360.0,81.8,81.1,83.75,0.0,0.0,2.0,0,0.260749580078125,True,REGULAR,USD
2026-04-17,put,AAPL260417P00440000,2025-11-11 20:55:14+00:00,440.0,166.6,161.1,163.85,0.0,0.0,,0,0.4155331884765625,True,REGULAR,USD
2026-04-17,put,AAPL260417P00450000,2025-11-11 20:55:14+00:00,450.0,176.58,171.1,173.85,0.0,0.0,1.0,0,0.43140217041015627,True,REGULAR,USD
2026-05-15,call,AAPL260515C00005000,2025-11-24 14:38:04+00:00,5.0,270.38,271.2,274.1,0.0,0.0,1.0,12,3.1015647460937497,True,REGULAR,USD
2026-05-15,call,AAPL260515C00010000,2025-11-24 14:38:04+00:00,10.0,265.39,265.45,269.3,0.0,0.0,2.0,2,2.1523483691406247,True,REGULAR,USD
2026-05-15,call,AAPL260515C00015000,2025-11-07 18:22:29+00:00,15.0,253.05,260.5,264.3,0.0,0.0,1.0,2,1.890625546875,True,REGULAR,USD
2026-05-15,call,AAPL260515C00030000,2025-07-07 19:25:14+00:00,30.0,179.9,196.7,200.15,0.0,0.0,1.0,1,1.0000000000000003e-05,True,REGULAR,USD
2026-05-15,call,AAPL260515C00040000,2025-12-03 14:50:23+00:00,40.0,248.0,235.95,239.6,0.0,0.0,,1,1.4072295263671877,True,REGULAR,USD
2026-05-15,call,AAPL260515C00050000,2025-11-24 14:38:04+00:00,50.0,225.95,226.1,229.8,0.0,0.0,1.0,1,1.2939488427734374,True,REGULAR,USD
2026-05-15,call,AAPL260515C00060000,2025-08-04 16:03:15+00:00,60.0,146.61,0.0,0.0,0.0,0.0,,20,1.0000000000000003e-05,True,REGULAR,USD
2026-05-15,call,AAPL260515C00070000,2025-10-13 15:27:40+00:00,70.0,179.25,201.95,205.65,0.0,0.0,,1,1.0000000000000003e-05,True,REGULAR,USD
2026-05-15,call,AAPL260515C00080000,2025-11-25 16:22:04+00:00,80.0,200.04,196.65,200.35,0.0,0.0,1.0,0,1.037358328857422,True,REGULAR,USD
2026-05-15,call,AAPL260515C00085000,2025-11-25 16:22:04+00:00,85.0,195.28,191.75,195.45,0.0,0.0,1.0,0,1.0026905334472658,True,REGULAR,USD
2026-05-15,call,AAPL260515C00090000,2025-11-21 16:50:26+00:00,90.0,182.21,186.85,190.5,0.0,0.0,1.0,33,0.9665530688476562,True,REGULAR,USD
2026-05-15,call,AAPL260515C00095000,2025-11-21 16:50:26+00:00,95.0,177.32,182.05,185.6,0.0,0.0,1.0,2,0.9401861450195312,True,REGULAR,USD
2026-05-15,call,AAPL260515C00100000,2025-12-03 16:46:28+00:00,100.0,188.25,177.05,180.7,0.0,0.0,5.0,9,0.9038095556640625,True,REGULAR,USD
2026-05-15,call,AAPL260515C00105000,2025-10-16 15:21:00+00:00,105.0,146.38,167.75,171.45,0.0,0.0,,1,1.0000000000000003e-05,True,REGULAR,USD
2026-05-15,call,AAPL260515C00115000,2025-11-06 15:00:14+00:00,115.0,157.28,162.35,166.05,0.0,0.0,1.0,2,0.8190936059570311,True,REGULAR,USD
2026-05-15,call,AAPL260515C00120000,2025-12-04 15:04:37+00:00,120.0,163.84,158.15,161.15,0.0,0.0,1.0,32,0.8179949841308591,True,REGULAR,USD
2026-05-15,call,AAPL260515C00125000,2025-12-02 18:40:45+00:00,125.0,163.5,152.55,156.25,0.0,0.0,38.0,100,0.764772860107422,True,REGULAR,USD
2026-05-15,call,AAPL260515C00130000,2025-12-02 17:10:58+00:00,130.0,157.54,147.75,151.35,0.0,0.0,32.0,141,0.742068009033203,True,REGULAR,USD
2026-05-15,call,AAPL260515C00135000,2025-12-01 15:13:48+00:00,135.0,145.39,142.9,146.5,0.0,0.0,8.0,9,0.7196072961425781,True,REGULAR,USD
2026-05-15,call,AAPL260515C00140000,2025-12-02 17:04:30+00:00,140.0,147.96,138.0,141.6,0.0,0.0,45.0,86,0.6942169250488281,True,REGULAR,USD
2026-05-15,call,AAPL260515C00145000,2025-12-02 17:12:15+00:00,145.0,142.97,133.15,136.75,0.0,0.0,8.0,21,0.6722444885253909,True,REGULAR,USD
2026-05-15,call,AAPL260515C00150000,2025-12-02 17:03:00+00:00,150.0,138.29,128.3,131.85,0.0,0.0,13.0,151,0.6491123956298828,True,REGULAR,USD
2026-05-15,call,AAPL260515C00155000,2025-12-02 16:51:58+00:00,155.0,134.12,123.95,126.45,0.0,0.0,3.0,501,0.6263465100097658,True,REGULAR,USD
2026-05-15,call,AAPL260515C00160000,2025-12-08 17:00:13+00:00,160.0,120.57,118.6,122.2,0.0,0.0,1.0,86,0.6074258007812501,True,REGULAR,USD
2026-05-15,call,AAPL260515C00165000,2025-11-25 16:22:33+00:00,165.0,117.86,114.3,116.75,0.0,0.0,1.0,729,0.584965087890625,True,REGULAR,USD
2026-05-15,call,AAPL260515C00170000,2025-12-03 14:57:59+00:00,170.0,120.5,108.95,112.55,0.0,0.0,5.0,18,0.5670209313964845,True,REGULAR,USD
2026-05-15,call,AAPL260515C00175000,2025-11-10 18:51:21+00:00,175.0,99.45,104.15,107.7,0.0,0.0,1.0,31,0.5469405657958986,True,REGULAR,USD
2026-05-15,call,AAPL260515C00180000,2025-11-24 14:36:56+00:00,180.0,100.25,99.35,102.95,0.0,0.0,1.0,55,0.5286912365722658,True,REGULAR,USD
2026-05-15,call,AAPL260515C00185000,2025-12-09 15:54:52+00:00,185.0,97.0,94.6,98.2,-1.8099976,-1.8317959,3.0,118,0.511174321899414,True,REGULAR,USD
2026-05-15,call,AAPL260515C00190000,2025-12-01 20:56:10+00:00,190.0,98.0,89.85,93.35,0.0,0.0,2.0,36,0.5461165994262697,True,REGULAR,USD
2026-05-15,call,AAPL260515C00195000,2025-12-02 15:11:34+00:00,195.0,94.44,85.15,88.65,0.0,0.0,1.0,196,0.5267381311035157,True,REGULAR,USD
2026-05-15,call,AAPL260515C00200000,2025-12-09 17:15:32+00:00,200.0,82.87,81.8,82.65,-0.9300003,-1.1097856,14.0,376,0.4715018670654296,True,REGULAR,USD
2026-05-15,call,AAPL260515C00210000,2025-12-09 14:56:38+00:00,210.0,74.78,72.8,73.55,-1.1200027,-1.4756294,1.0,1104,0.44287666503906253,True,REGULAR,USD
2026-05-15,call,AAPL260515C00220000,2025-12-09 19:04:56+00:00,220.0,65.2,63.8,64.3,0.19999695,0.3076876,1.0,921,0.4080259393310547,True,REGULAR,USD
2026-05-15,call,AAPL260515C00230000,2025-12-09 15:45:23+00:00,230.0,55.71,55.1,55.5,1.079998,1.976932,1.0,1086,0.3803467727661133,True,REGULAR,USD
2026-05-15,call,AAPL260515C00240000,2025-12-09 20:46:40+00:00,240.0,47.35,46.85,47.2,1.1899986,2.5779867,3.0,4970,0.35788605987548827,True,REGULAR,USD
2026-05-15,call,AAPL260515C00250000,2025-12-09 20:58:23+00:00,250.0,39.07,38.95,39.3,0.52000046,1.3488988,9.0,2994,0.3365544860839844,True,REGULAR,USD
2026-05-15,call,AAPL260515C00260000,2025-12-09 20:50:00+00:00,260.0,32.25,31.75,32.05,0.32999992,1.0338343,15.0,3054,0.3186103295898437,True,REGULAR,USD
2026-05-15,call,AAPL260515C00270000,2025-12-09 20:54:40+00:00,270.0,25.35,25.25,25.5,0.6499996,2.6315773,5.0,2919,0.3029244512939453,True,REGULAR,USD
2026-05-15,call,AAPL260515C00280000,2025-12-09 20:22:43+00:00,280.0,20.05,19.5,19.75,0.049999237,0.24999619,155.0,2342,0.2893290061950683,False,REGULAR,USD
2026-05-15,call,AAPL260515C00290000,2025-12-09 20:17:07+00:00,290.0,15.0,14.65,14.85,0.0,0.0,44.0,3204,0.2775035629272461,False,REGULAR,USD
2026-05-15,call,AAPL260515C00300000,2025-12-09 20:37:26+00:00,300.0,10.85,10.8,10.95,0.0,0.0,221.0,8112,0.2692028646850586,False,REGULAR,USD
2026-05-15,call,AAPL260515C00310000,2025-12-09 20:52:30+00:00,310.0,7.95,7.8,7.95,0.15999985,2.0539134,5.0,4309,0.2636182037353516,False,REGULAR,USD
2026-05-15,call,AAPL260515C00320000,2025-12-09 20:56:39+00:00,320.0,5.6,5.55,5.7,0.099999905,1.8181801,72.0,5538,0.2600782000732422,False,REGULAR,USD
2026-05-15,call,AAPL260515C00330000,2025-12-09 20:47:08+00:00,330.0,3.95,3.9,4.0,0.0,0.0,25.0,1792,0.2569349209594727,False,REGULAR,USD
2026-05-15,call,AAPL260515C00340000,2025-12-09 19:02:23+00:00,340.0,2.9,2.76,2.85,0.18000007,6.61765,55.0,1230,0.25678233459472655,False,REGULAR,USD
2026-05-15,call,AAPL260515C00350000,2025-12-09 18:35:09+00:00,350.0,2.01,1.9,1.98,-0.01999998,-0.98522073,23.0,1168,0.25586681640625003,False,REGULAR,USD
2026-05-15,call,AAPL260515C00360000,2025-12-09 16:36:12+00:00,360.0,1.38,1.35,1.39,-0.03999996,-2.8168988,20.0,475,0.25641612731933594,False,REGULAR,USD
2026-05-15,call,AAPL260515C00370000,2025-12-09 14:43:31+00:00,370.0,1.06,0.94,0.99,0.059999943,5.9999943,1.0,335,0.2580640600585938,False,REGULAR,USD
2026-05-15,call,AAPL260515C00380000,2025-12-08 15:39:51+00:00,380.0,0.71,0.66,0.7,0.0,0.0,1.0,862,0.25952888916015626,False,REGULAR,USD
2026-05-15,call,AAPL260515C00390000,2025-12-04 17:09:17+00:00,390.0,0.49,0.42,0.52,-0.18,-26.865671,3.0,204,0.26319096191406255,False,REGULAR,USD
2026-05-15,call,AAPL260515C00400000,2025-12-09 18:24:58+00:00,400.0,0.35,0.31,0.34,0.00999999,2.9411736,57.0,5924,0.2617261328125,False,REGULAR,USD
2026-05-15,call,AAPL260515C00410000,2025-12-08 19:41:23+00:00,410.0,0.23,0.21,0.25,0.0,0.0,90.0,234,0.264655791015625,False,REGULAR,USD
2026-05-15,call,AAPL260515C00420000,2025-11-13 18:45:05+00:00,420.0,0.4,0.14,0.18,0.0,0.0,2.0,97,0.26709717285156254,False,REGULAR,USD
2026-05-15,call,AAPL260515C00430000,2025-12-08 20:56:31+00:00,430.0,0.13,0.09,0.13,0.0,0.0,12.0,231,0.2690502783203125,False,REGULAR,USD
2026-05-15,call,AAPL260515C00440000,2025-12-08 16:06:40+00:00,440.0,0.09,0.06,0.09,0.0,0.0,1.0,94,0.2700268310546875,False,REGULAR,USD
2026-05-15,call,AAPL260515C00450000,2025-12-05 18:07:06+00:00,450.0,0.07,0.03,0.22,0.0,0.0,16.0,1406,0.3117744604492187,False,REGULAR,USD
2026-05-15,put,AAPL260515P00005000,2025-11-18 19:48:23+00:00,5.0,0.02,0.0,0.02,0.0,0.0,1.0,3065,1.96875015625,False,REGULAR,USD
2026-05-15,put,AAPL260515P00010000,2025-10-06 14:51:02+00:00,10.0,0.02,0.0,0.01,0.0,0.0,1.0,1047,1.5000025,False,REGULAR,USD
2026-05-15,put,AAPL260515P00015000,2025-11-14 18:51:20+00:00,15.0,0.01,0.0,0.22,0.0,0.0,1.0,3,1.7382825585937498,False,REGULAR,USD
2026-05-15,put,AAPL260515P00020000,2025-11-04 18:07:51+00:00,20.0,0.01,0.0,0.22,0.0,0.0,,1,1.5546897265624997,False,REGULAR,USD
2026-05-15,put,AAPL260515P00025000,2025-11-14 18:51:20+00:00,25.0,0.01,0.0,0.22,0.0,0.0,1.0,2,1.4179716601562502,False,REGULAR,USD
2026-05-15,put,AAPL260515P00035000,2025-11-11 18:56:25+00:00,35.0,0.01,0.0,0.22,0.0,0.0,1.0,66,1.2128945605468748,False,REGULAR,USD
2026-05-15,put,AAPL260515P00040000,2025-11-20 17:55:38+00:00,40.0,0.02,0.0,0.22,0.0,0.0,1.0,144,1.1328168359375002,False,REGULAR,USD
2026-05-15,put,AAPL260515P00045000,2025-11-20 17:55:31+00:00,45.0,0.02,0.0,0.09,0.0,0.0,1.0,47,0.9726565234375,False,REGULAR,USD
2026-05-15,put,AAPL260515P00050000,2025-12-04 14:30:00+00:00,50.0,0.01,0.0,0.1,0.0,0.0,50.0,55,0.9257819921875,False,REGULAR,USD
2026-05-15,put,AAPL260515P00060000,2025-10-27 13:35:38+00:00,60.0,0.03,0.0,0.1,0.0,0.0,1.0,109,0.8281267187499999,False,REGULAR,USD
2026-05-15,put,AAPL260515P00070000,2025-12-04 14:30:10+00:00,70.0,0.02,0.0,0.23,0.0,0.0,51.0,101,0.8125018749999999,False,REGULAR,USD
2026-05-15,put,AAPL260515P00080000,2025-10-31 16:11:08+00:00,80.0,0.03,0.0,0.12,0.0,0.0,98.0,13,0.6875031250000001,False,REGULAR,USD
2026-05-15,put,AAPL260515P00085000,2025-09-17 15:51:48+00:00,85.0,0.11,0.07,0.16,0.0,0.0,20.0,22,0.70117486328125,False,REGULAR,USD
2026-05-15,put,AAPL260515P00090000,2025-11-21 16:45:43+00:00,90.0,0.1,0.03,0.26,0.0,0.0,1.0,6,0.6875031250000001,False,REGULAR,USD
2026-05-15,put,AAPL260515P00095000,2025-10-28 13:37:02+00:00,95.0,0.1,0.01,0.27,0.0,0.0,3.0,15,0.6523472265625001,False,REGULAR,USD
2026-05-15,put,AAPL260515P00100000,2025-12-03 17:25:48+00:00,100.0,0.08,0.05,0.29,0.0,0.0,10.0,139,0.637698935546875,False,REGULAR,USD
2026-05-15,put,AAPL260515P00105000,2025-12-02 14:30:03+00:00,105.0,0.1,0.07,0.27,0.0,0.0,4.0,34,0.6084023535156251,False,REGULAR,USD
2026-05-15,put,AAPL260515P00110000,2025-12-05 17:40:41+00:00,110.0,0.1,0.08,0.16,0.0,0.0,4.0,72,0.5576216113281252,False,REGULAR,USD
2026-05-15,put,AAPL260515P00115000,2025-11-25 17:21:23+00:00,115.0,0.16,0.1,0.18,0.0,0.0,1.0,25,0.5419967675781252,False,REGULAR,USD
2026-05-15,put,AAPL260515P00120000,2025-11-11 15:11:57+00:00,120.0,0.18,0.12,0.19,0.0,0.0,5.0,93,0.5239305419921875,False,REGULAR,USD
2026-05-15,put,AAPL260515P00125000,2025-11-21 17:35:27+00:00,125.0,0.32,0.15,0.22,0.0,0.0,1.0,35,0.5107470800781251,False,REGULAR,USD
2026-05-15,put,AAPL260515P00130000,2025-11-25 14:34:26+00:00,130.0,0.25,0.2,0.22,0.0,0.0,1.0,665,0.4985401708984375,False,REGULAR,USD
2026-05-15,put,AAPL260515P00135000,2025-12-09 19:05:49+00:00,135.0,0.22,0.22,0.29,-0.019999996,-8.333331,5.0,111,0.49341326904296884,False,REGULAR,USD
2026-05-15,put,AAPL260515P00140000,2025-11-17 19:42:07+00:00,140.0,0.41,0.26,0.33,0.0,0.0,4.0,91,0.47900911621093745,False,REGULAR,USD
2026-05-15,put,AAPL260515P00145000,2025-11-25 17:21:23+00:00,145.0,0.41,0.3,0.37,0.0,0.0,1.0,132,0.4643608251953125,False,REGULAR,USD
2026-05-15,put,AAPL260515P00150000,2025-12-04 20:35:29+00:00,150.0,0.4,0.37,0.4,0.0,0.0,2.0,1538,0.44727115234375,False,REGULAR,USD
2026-05-15,put,AAPL260515P00155000,2025-12-08 15:27:26+00:00,155.0,0.44,0.42,0.47,0.0,0.0,1.0,634,0.436529072265625,False,REGULAR,USD
2026-05-15,put,AAPL260515P00160000,2025-12-08 19:49:48+00:00,160.0,0.49,0.48,0.57,0.0,0.0,1.0,280,0.4282283740234375,False,REGULAR,USD
2026-05-15,put,AAPL260515P00165000,2025-12-01 14:38:16+00:00,165.0,0.56,0.57,0.62,-0.089999974,-13.84615,1.0,417,0.41260353027343744,False,REGULAR,USD
2026-05-15,put,AAPL260515P00170000,2025-12-09 19:06:33+00:00,170.0,0.65,0.68,0.73,-0.02000004,-2.9850807,51.0,676,0.4030821411132813,False,REGULAR,USD
2026-05-15,put,AAPL260515P00175000,2025-12-05 20:38:36+00:00,175.0,0.77,0.79,0.87,0.0,0.0,7.0,1011,0.39453730468750003,False,REGULAR,USD
2026-05-15,put,AAPL260515P00180000,2025-12-09 20:54:41+00:00,180.0,0.93,0.92,0.97,0.04000002,4.4943843,1.0,2449,0.38147591186523433,False,REGULAR,USD
2026-05-15,put,AAPL260515P00185000,2025-12-05 14:44:57+00:00,185.0,1.1,1.07,1.13,0.0,0.0,1.0,334,0.37183245361328127,False,REGULAR,USD
2026-05-15,put,AAPL260515P00190000,2025-12-09 20:13:02+00:00,190.0,1.21,1.22,1.31,0.0,0.0,1.0,1090,0.3621889953613281,False,REGULAR,USD
2026-05-15,put,AAPL260515P00195000,2025-12-09 20:42:24+00:00,195.0,1.43,1.43,1.52,0.00999999,0.7042247,5.0,1066,0.35278967529296873,False,REGULAR,USD
2026-05-15,put,AAPL260515P00200000,2025-12-09 19:07:07+00:00,200.0,1.6,1.7,1.76,-0.07999992,-4.7619004,51.0,1485,0.3435124243164062,False,REGULAR,USD
2026-05-15,put,AAPL260515P00210000,2025-12-08 20:39:55+00:00,210.0,2.21,2.29,2.36,-0.07999992,-3.4934466,14.0,5374,0.3254461987304687,False,REGULAR,USD
2026-05-15,put,AAPL260515P00220000,2025-12-09 16:29:39+00:00,220.0,3.08,3.1,3.2,-0.120000124,-3.7500038,3.0,2462,0.30927204406738285,False,REGULAR,USD
2026-05-15,put,AAPL260515P00230000,2025-12-09 19:23:25+00:00,230.0,4.25,4.25,4.35,-0.05000019,-1.1627951,28.0,4680,0.29431858032226554,False,REGULAR,USD
2026-05-15,put,AAPL260515P00240000,2025-12-09 19:23:25+00:00,240.0,5.49,5.7,5.85,-0.26000023,-4.5217433,29.0,5635,0.2793956338500976,False,REGULAR,USD
2026-05-15,put,AAPL260515P00250000,2025-12-09 20:50:00+00:00,250.0,7.55,7.65,7.85,-0.1699996,-2.2020674,52.0,6623,0.26544924011230464,False,REGULAR,USD
2026-05-15,put,AAPL260515P00260000,2025-12-09 20:54:40+00:00,260.0,10.37,10.3,10.45,0.019999504,0.19323191,400.0,7203,0.25196060546875,False,REGULAR,USD
2026-05-15,put,AAPL260515P00270000,2025-12-09 20:10:56+00:00,270.0,13.75,13.65,13.8,0.10000038,0.73260355,28.0,2188,0.23917386810302732,False,REGULAR,USD
2026-05-15,put,AAPL260515P00280000,2025-12-09 19:31:47+00:00,280.0,17.15,17.8,18.0,-0.9300003,-5.143807,12.0,10349,0.22666178619384764,True,REGULAR,USD
2026-05-15,put,AAPL260515P00290000,2025-12-04 18:03:40+00:00,290.0,22.2,22.9,23.25,0.0,0.0,80.0,357,0.2157060852050781,True,REGULAR,USD
2026-05-15,put,AAPL260515P00300000,2025-12-05 19:39:35+00:00,300.0,28.16,28.0,30.55,0.0,0.0,3.0,203,0.2211991943359375,True,REGULAR,USD
2026-05-15,put,AAPL260515P00310000,2025-12-08 20:46:01+00:00,310.0,36.2,35.05,37.7,0.0,0.0,2.0,202,0.21204401245117185,True,REGULAR,USD
2026-05-15,put,AAPL260515P00320000,2025-12-09 17:25:34+00:00,320.0,43.85,43.65,44.8,-0.5699997,-1.2832052,18.0,247,0.1818319122314453,True,REGULAR,USD
2026-05-15,put,AAPL260515P00330000,2025-12-09 19:54:07+00:00,330.0,52.55,52.55,53.65,-1.0400009,-1.9406623,94.0,760,0.16913672668457033,True,REGULAR,USD
2026-05-15,put,AAPL260515P00340000,2025-12-09 18:07:10+00:00,340.0,61.66,61.95,63.85,1.6399994,2.7324214,14.0,28,0.19983710327148438,True,REGULAR,USD
2026-05-15,put,AAPL260515P00350000,2025-12-03 20:14:34+00:00,350.0,65.46,71.15,73.8,0.0,0.0,3.0,2,0.21894091613769529,True,REGULAR,USD
2026-05-15,put,AAPL260515P00390000,2025-10-09 19:51:15+00:00,390.0,136.95,115.85,119.45,0.0,0.0,,0,0.4652763433837891,True,REGULAR,USD
2026-05-15,put,AAPL260515P00400000,2025-10-10 18:57:36+00:00,400.0,153.0,125.85,129.45,0.0,0.0,1.0,0,0.4871267108154297,True,REGULAR,USD
2026-06-18,call,AAPL260618C00005000,2025-11-07 20:25:47+00:00,5.0,262.55,270.4,274.2,0.0,0.0,50.0,0,2.28906677734375,True,REGULAR,USD
2026-06-18,call,AAPL260618C00010000,2025-04-08 19:37:30+00:00,10.0,160.95,187.15,189.95,0.0,0.0,1.0,0,1.0000000000000003e-05,True,REGULAR,USD
2026-06-18,call,AAPL260618C00015000,2025-07-07 17:42:08+00:00,15.0,195.15,211.25,214.55,0.0,0.0,6.0,4,1.0000000000000003e-05,True,REGULAR,USD
2026-06-18,call,AAPL260618C00020000,2025-05-09 17:16:45+00:00,20.0,178.5,183.05,186.3,0.0,0.0,1.0,7,1.0000000000000003e-05,True,REGULAR,USD
2026-06-18,call,AAPL260618C00025000,2025-07-30 17:49:42+00:00,25.0,185.35,205.8,209.05,0.0,0.0,2.0,3221,1.0000000000000003e-05,True,REGULAR,USD
2026-06-18,call,AAPL260618C00030000,2025-09-10 16:06:51+00:00,30.0,198.12,213.85,217.65,0.0,0.0,1.0,4,1.0000000000000003e-05,True,REGULAR,USD
2026-06-18,call,AAPL260618C00035000,2025-11-04 17:28:21+00:00,35.0,235.42,241.55,244.65,0.0,0.0,3.0,3,1.4658229833984375,True,REGULAR,USD
2026-06-18,call,AAPL260618C00040000,2025-05-23 17:03:31+00:00,40.0,157.25,160.25,164.05,0.0,0.0,1.0,1,1.0000000000000003e-05,True,REGULAR,USD
2026-06-18,call,AAPL260618C00045000,2025-10-09 18:50:10+00:00,45.0,209.45,226.6,230.1,0.0,0.0,1.0,3,1.0000000000000003e-05,True,REGULAR,USD
2026-06-18,call,AAPL260618C00050000,2025-12-08 15:53:19+00:00,50.0,228.1,226.65,229.6,0.05000305,0.021926355,5.0,629,1.2136269787597653,True,REGULAR,USD
2026-06-18,call,AAPL260618C00055000,2025-12-08 16:41:56+00:00,55.0,222.37,221.35,224.9,0.0,0.0,15.0,152,1.1464886425781249,True,REGULAR,USD
2026-06-18,call,AAPL260618C00060000,2025-11-07 18:26:06+00:00,60.0,209.2,216.35,219.75,0.0,0.0,2.0,142,1.070805427246094,True,REGULAR,USD
2026-06-18,call,AAPL260618C00065000,2025-11-05 15:54:45+00:00,65.0,205.2,212.15,215.15,0.0,0.0,48.0,52,1.113041544189453,True,REGULAR,USD
2026-06-18,call,AAPL260618C00070000,2025-11-05 15:55:14+00:00,70.0,200.54,207.5,210.05,0.0,0.0,109.0,431,1.0742233789062503,True,REGULAR,USD
2026-06-18,call,AAPL260618C00075000,2025-11-07 19:55:37+00:00,75.0,194.37,201.7,205.35,0.0,0.0,5.0,306,0.9907227490234375,True,REGULAR,USD
2026-06-18,call,AAPL260618C00080000,2025-11-07 19:58:13+00:00,80.0,189.2,196.85,200.5,0.0,0.0,10.0,306,0.9626468579101561,True,REGULAR,USD
2026-06-18,call,AAPL260618C00085000,2025-11-10 19:12:45+00:00,85.0,186.37,192.05,195.65,0.0,0.0,1.0,140,0.9377447631835938,True,REGULAR,USD
2026-06-18,call,AAPL260618C00090000,2025-12-05 20:14:34+00:00,90.0,190.82,187.65,190.2,0.0,0.0,1.0,1726,0.9030771411132812,True,REGULAR,USD
2026-06-18,call,AAPL260618C00095000,2025-11-05 17:18:09+00:00,95.0,176.95,182.3,185.85,0.0,0.0,25.0,311,0.8768322863769531,True,REGULAR,USD
2026-06-18,call,AAPL260618C00100000,2025-12-02 16:53:55+00:00,100.0,187.73,178.25,180.1,0.0,0.0,2.0,2240,0.8469253588867187,True,REGULAR,USD
2026-06-18,call,AAPL260618C00105000,2025-11-25 19:37:39+00:00,105.0,175.55,172.55,176.1,0.0,0.0,7.0,189,0.8220232641601561,True,REGULAR,USD
2026-06-18,call,AAPL260618C00110000,2025-11-17 17:02:33+00:00,110.0,161.94,167.65,171.25,0.0,0.0,1.0,232,0.795778409423828,True,REGULAR,USD
2026-06-18,call,AAPL260618C00115000,2025-12-01 19:48:58+00:00,115.0,169.11,163.25,166.4,0.0,0.0,1.0,228,0.78711150390625,True,REGULAR,USD
2026-06-18,call,AAPL260618C00120000,2025-12-09 16:26:12+00:00,120.0,159.87,158.75,160.7,-7.5700073,-4.5210266,150.0,412,0.7468287036132812,True,REGULAR,USD
2026-06-18,call,AAPL260618C00125000,2025-12-02 18:40:29+00:00,125.0,164.0,153.1,156.65,0.0,0.0,19.0,156,0.7240017834472656,True,REGULAR,USD
2026-06-18,call,AAPL260618C00130000,2025-11-05 20:54:37+00:00,130.0,143.07,148.2,151.8,0.0,0.0,8.0,200,0.6999541723632813,True,REGULAR,USD
2026-06-18,call,AAPL260618C00135000,2025-10-31 18:18:25+00:00,135.0,139.69,152.4,155.95,0.0,0.0,1.0,699,1.0186206295776365,True,REGULAR,USD
2026-06-18,call,AAPL260618C00140000,2025-12-03 14:31:34+00:00,140.0,150.72,138.75,141.9,0.0,0.0,1.0,486,0.6572910247802735,True,REGULAR,USD
2026-06-18,call,AAPL260618C00145000,2025-11-24 20:22:41+00:00,145.0,135.4,133.7,137.3,0.0,0.0,1.0,261,0.6369665209960937,True,REGULAR,USD
2026-06-18,call,AAPL260618C00150000,2025-12-08 14:34:51+00:00,150.0,133.02,129.35,132.2,0.0,0.0,1.0,893,0.6211585736083984,True,REGULAR,USD
2026-06-18,call,AAPL260618C00155000,2025-12-08 20:38:39+00:00,155.0,125.25,125.15,127.4,0.0,0.0,1.0,555,0.6141396008300781,True,REGULAR,USD
2026-06-18,call,AAPL260618C00160000,2025-12-03 14:30:03+00:00,160.0,130.1,119.65,122.45,0.0,0.0,1.0,1063,0.5777630114746093,True,REGULAR,USD
2026-06-18,call,AAPL260618C00165000,2025-12-05 17:41:44+00:00,165.0,117.9,115.45,117.7,0.0,0.0,1.0,555,0.5708661077880859,True,REGULAR,USD
2026-06-18,call,AAPL260618C00170000,2025-12-09 20:34:31+00:00,170.0,112.0,110.7,112.25,0.19999695,0.17888814,7.0,2061,0.5409591802978517,True,REGULAR,USD
2026-06-18,call,AAPL260618C00175000,2025-12-09 20:05:57+00:00,175.0,107.0,105.95,107.5,0.9000015,0.84825784,4.0,450,0.5237474383544922,True,REGULAR,USD
2026-06-18,call,AAPL260618C00180000,2025-12-05 16:09:27+00:00,180.0,104.93,100.9,103.1,0.0,0.0,7.0,1679,0.5072681109619142,True,REGULAR,USD
2026-06-18,call,AAPL260618C00185000,2025-12-09 15:33:01+00:00,185.0,97.97,96.75,97.9,-4.739998,-4.614933,10.0,1004,0.5085803536987304,True,REGULAR,USD
2026-06-18,call,AAPL260618C00190000,2025-12-04 18:59:56+00:00,190.0,95.0,92.15,93.15,0.0,0.0,2.0,5084,0.4899953344726563,True,REGULAR,USD
2026-06-18,call,AAPL260618C00195000,2025-12-08 15:03:17+00:00,195.0,88.65,87.75,88.35,0.0,0.0,24.0,2751,0.4701285897827149,True,REGULAR,USD
2026-06-18,call,AAPL260618C00200000,2025-12-09 14:34:00+00:00,200.0,84.0,83.2,83.75,0.069999695,0.08340247,3.0,6694,0.4551751260375977,True,REGULAR,USD
2026-06-18,call,AAPL260618C00205000,2025-12-09 16:46:08+00:00,205.0,79.1,78.6,79.15,-2.9199982,-3.560105,4.0,3922,0.4397639031982422,True,REGULAR,USD
2026-06-18,call,AAPL260618C00210000,2025-12-08 19:13:29+00:00,210.0,74.55,74.1,74.7,0.9500046,1.2907671,3.0,5475,0.4272518212890626,True,REGULAR,USD
2026-06-18,call,AAPL260618C00215000,2025-12-08 18:09:49+00:00,215.0,70.27,69.7,70.25,0.0,0.0,1.0,3764,0.41394629028320307,True,REGULAR,USD
2026-06-18,call,AAPL260618C00220000,2025-12-08 17:53:33+00:00,220.0,65.8,65.4,65.75,0.0,0.0,6.0,5901,0.398992826538086,True,REGULAR,USD
2026-06-18,call,AAPL260618C00225000,2025-12-09 14:30:00+00:00,225.0,62.1,61.1,61.55,1.4599991,2.4076502,1.0,2920,0.3890136782836914,True,REGULAR,USD
2026-06-18,call,AAPL260618C00230000,2025-12-09 20:58:23+00:00,230.0,56.85,56.9,57.25,0.099998474,0.17620876,8.0,9431,0.37616590637207037,True,REGULAR,USD
2026-06-18,call,AAPL260618C00235000,2025-12-09 20:57:18+00:00,235.0,52.95,52.8,53.1,0.6100006,1.1654578,53.0,6608,0.36496606719970703,True,REGULAR,USD
2026-06-18,call,AAPL260618C00240000,2025-12-09 20:54:41+00:00,240.0,48.95,48.75,49.15,0.40999985,0.84466386,36.0,6518,0.35587191986083977,True,REGULAR,USD
2026-06-18,call,AAPL260618C00245000,2025-12-09 20:58:48+00:00,245.0,44.85,44.9,45.15,0.579998,1.3101379,16.0,3262,0.34467208068847655,True,REGULAR,USD
2026-06-18,call,AAPL260618C00250000,2025-12-09 20:56:59+00:00,250.0,41.26,41.1,41.4,0.51999664,1.2763785,305.0,18212,0.33591362335205077,True,REGULAR,USD
2026-06-18,call,AAPL260618C00255000,2025-12-09 20:29:39+00:00,255.0,38.05,37.55,37.85,0.43999863,1.1698979,4.0,3131,0.3284674087524414,True,REGULAR,USD
2026-06-18,call,AAPL260618C00260000,2025-12-09 20:57:37+00:00,260.0,34.14,34.05,34.35,-0.09000015,-0.2629277,81.0,6101,0.3200904173278808,True,REGULAR,USD
2026-06-18,call,AAPL260618C00265000,2025-12-09 20:44:38+00:00,265.0,31.1,30.75,31.0,0.11000061,0.3549552,6.0,4814,0.3120491159057617,True,REGULAR,USD
2026-06-18,call,AAPL260618C00270000,2025-12-09 20:45:33+00:00,270.0,28.0,27.6,27.85,0.45999908,1.6702944,35.0,10322,0.3048470394897461,True,REGULAR,USD
2026-06-18,call,AAPL260618C00275000,2025-12-09 20:47:19+00:00,275.0,24.93,24.6,24.95,0.47999954,1.9631883,64.0,3961,0.2989877230834961,True,REGULAR,USD
2026-06-18,call,AAPL260618C00280000,2025-12-09 20:56:24+00:00,280.0,22.0,21.85,22.1,-0.049999237,-0.22675392,101.0,12385,0.2917856466674803,False,REGULAR,USD
2026-06-18,call,AAPL260618C00285000,2025-12-09 20:35:35+00:00,285.0,19.6,19.3,19.55,0.040000916,0.20450367,63.0,4311,0.28633831344604493,False,REGULAR,USD
2026-06-18,call,AAPL260618C00290000,2025-12-09 20:26:37+00:00,290.0,17.31,16.95,17.15,0.45999908,2.7299647,572.0,9112,0.28067735931396476,False,REGULAR,USD
2026-06-18,call,AAPL260618C00300000,2025-12-09 20:47:34+00:00,300.0,13.17,12.95,13.1,0.3699999,2.890624,252.0,17427,0.27248347152709956,False,REGULAR,USD
2026-06-18,call,AAPL260618C00310000,2025-12-09 20:36:17+00:00,310.0,9.9,9.7,9.85,0.0,0.0,477.0,8974,0.26625794784545903,False,REGULAR,USD
2026-06-18,call,AAPL260618C00320000,2025-12-09 20:27:08+00:00,320.0,7.35,7.15,7.3,-0.05000019,-0.67567825,67.0,11587,0.2615125119018554,False,REGULAR,USD
2026-06-18,call,AAPL260618C00330000,2025-12-09 19:44:10+00:00,330.0,5.5,5.25,5.4,0.3000002,5.7692347,532.0,6297,0.2589795782470704,False,REGULAR,USD
2026-06-18,call,AAPL260618C00340000,2025-12-09 18:17:23+00:00,340.0,3.89,3.85,3.95,0.09000015,2.3684251,24.0,9399,0.25702647277832036,False,REGULAR,USD
2026-06-18,call,AAPL260618C00350000,2025-12-09 20:59:36+00:00,350.0,2.84,2.8,2.87,0.03999996,1.42857,142.0,2534,0.2557447473144532,False,REGULAR,USD
2026-06-18,call,AAPL260618C00360000,2025-12-09 19:31:28+00:00,360.0,2.16,2.04,2.09,-0.059999943,-2.7027001,13.0,2099,0.2555006091308594,False,REGULAR,USD
2026-06-18,call,AAPL260618C00370000,2025-12-09 17:47:30+00:00,370.0,1.54,1.49,1.53,-0.01999998,-1.2820501,14.0,693,0.2559888854980469,False,REGULAR,USD
2026-06-18,call,AAPL260618C00380000,2025-12-09 14:30:00+00:00,380.0,1.11,1.08,1.12,0.01999998,1.8348606,3.0,424,0.256843369140625,False,REGULAR,USD
2026-06-18,call,AAPL260618C00390000,2025-12-09 19:07:25+00:00,390.0,0.84,0.79,0.82,0.01999998,2.439022,4.0,6968,0.257819921875,False,REGULAR,USD
2026-06-18,call,AAPL260618C00400000,2025-12-05 19:41:02+00:00,400.0,0.67,0.57,0.61,0.0,0.0,1.0,761,0.25965095825195317,False,REGULAR,USD
2026-06-18,call,AAPL260618C00410000,2025-12-09 18:15:57+00:00,410.0,0.44,0.41,0.45,-0.32,-42.105263,1.0,149,0.26099371826171874,False,REGULAR,USD
2026-06-18,call,AAPL260618C00420000,2025-12-08 19:22:08+00:00,420.0,0.31,0.3,0.33,0.0,0.0,6.0,468,0.2622144091796875,False,REGULAR,USD
2026-06-18,call,AAPL260618C00430000,2025-12-08 15:43:38+00:00,430.0,0.24,0.21,0.24,0.0,0.0,20.0,2631,0.26319096191406255,False,REGULAR,USD
2026-06-18,call,AAPL260618C00440000,2025-12-05 17:00:47+00:00,440.0,0.21,0.15,0.19,0.0,0.0,10.0,20,0.2668530346679688,False,REGULAR,USD
2026-06-18,call,AAPL260618C00450000,2025-12-09 19:47:51+00:00,450.0,0.13,0.11,0.14,-0.040000007,-23.529415,5.0,226,0.26807372558593745,False,REGULAR,USD
2026-06-18,put,AAPL260618P00005000,2025-11-14 18:59:38+00:00,5.0,0.01,0.0,0.22,0.0,0.0,1.0,4501,2.2656293359374997,False,REGULAR,USD
2026-06-18,put,AAPL260618P00010000,2025-11-14 18:50:19+00:00,10.0,0.01,0.0,0.22,0.0,0.0,1.0,37,1.8203133984375,False,REGULAR,USD
2026-06-18,put,AAPL260618P00015000,2025-10-30 17:35:05+00:00,15.0,0.01,0.0,0.21,0.0,0.0,1.0,83,1.5683615332031249,False,REGULAR,USD
2026-06-18,put,AAPL260618P00020000,2025-12-05 15:00:02+00:00,20.0,0.02,0.0,0.22,0.0,0.0,1.0,58,1.41015919921875,False,REGULAR,USD
2026-06-18,put,AAPL260618P00025000,2025-12-03 19:51:22+00:00,25.0,0.01,0.0,0.22,0.0,0.0,1.0,5760,1.2851598242187499,False,REGULAR,USD
2026-06-18,put,AAPL260618P00030000,2025-10-09 15:49:08+00:00,30.0,0.03,0.0,0.06,0.0,0.0,1.0,452,1.0390673046875003,False,REGULAR,USD
2026-06-18,put,AAPL260618P00035000,2025-12-01 18:11:18+00:00,35.0,0.01,0.0,0.03,0.0,0.0,49.0,1604,0.914063359375,False,REGULAR,USD
2026-06-18,put,AAPL260618P00040000,2025-12-02 18:04:01+00:00,40.0,0.01,0.0,0.22,0.0,0.0,1.0,282,1.0273486132812502,False,REGULAR,USD
2026-06-18,put,AAPL260618P00045000,2025-11-14 16:43:42+00:00,45.0,0.02,0.0,0.22,0.0,0.0,33.0,2514,0.9648441015625,False,REGULAR,USD
2026-06-18,put,AAPL260618P00050000,2025-11-26 20:48:07+00:00,50.0,0.03,0.01,0.03,0.0,0.0,20.0,2687,0.773439765625,False,REGULAR,USD
2026-06-18,put,AAPL260618P00055000,2025-10-31 17:09:40+00:00,55.0,0.02,0.0,0.13,0.0,0.0,1.0,1572,0.8125018749999999,False,REGULAR,USD
2026-06-18,put,AAPL260618P00060000,2025-10-29 18:25:11+00:00,60.0,0.06,0.0,0.13,0.0,0.0,76.0,87,0.7695335546875001,False,REGULAR,USD
2026-06-18,put,AAPL260618P00065000,2025-12-01 19:38:13+00:00,65.0,0.04,0.0,0.24,0.0,0.0,10.0,95,0.77929908203125,False,REGULAR,USD
2026-06-18,put,AAPL260618P00070000,2025-11-03 15:21:40+00:00,70.0,0.03,0.01,0.12,0.0,0.0,2.0,80,0.6953155468750001,False,REGULAR,USD
2026-06-18,put,AAPL260618P00075000,2025-11-03 18:55:35+00:00,75.0,0.06,0.02,0.26,0.0,0.0,2.0,136,0.71679970703125,False,REGULAR,USD
2026-06-18,put,AAPL260618P00080000,2025-12-08 18:09:18+00:00,80.0,0.05,0.04,0.27,0.0,0.0,101.0,844,0.6914093359375001,False,REGULAR,USD
2026-06-18,put,AAPL260618P00085000,2025-11-11 20:05:02+00:00,85.0,0.08,0.05,0.28,0.0,0.0,2.0,887,0.6630893066406252,False,REGULAR,USD
2026-06-18,put,AAPL260618P00090000,2025-12-09 20:58:02+00:00,90.0,0.1,0.07,0.29,0.0,0.0,1.0,659,0.639652041015625,False,REGULAR,USD
2026-06-18,put,AAPL260618P00095000,2025-12-05 17:37:11+00:00,95.0,0.1,0.08,0.11,0.0,0.0,1.0,702,0.567387138671875,False,REGULAR,USD
2026-06-18,put,AAPL260618P00100000,2025-12-09 19:22:10+00:00,100.0,0.11,0.11,0.15,0.009999998,9.999997,2.0,2047,0.56055126953125,False,REGULAR,USD
2026-06-18,put,AAPL260618P00105000,2025-12-09 19:22:00+00:00,105.0,0.12,0.12,0.15,-0.009999998,-7.692306,2.0,1739,0.5371140039062501,False,REGULAR,USD
2026-06-18,put,AAPL260618P00110000,2025-12-09 19:25:15+00:00,110.0,0.14,0.14,0.17,-0.010000005,-6.6666694,2.0,2180,0.5214891601562499,False,REGULAR,USD
2026-06-18,put,AAPL260618P00115000,2025-12-01 16:26:51+00:00,115.0,0.19,0.17,0.19,0.0,0.0,1.0,1436,0.506840869140625,False,REGULAR,USD
2026-06-18,put,AAPL260618P00120000,2025-12-09 19:42:16+00:00,120.0,0.2,0.2,0.22,-0.019999996,-9.090907,7.0,2548,0.49609878906250005,False,REGULAR,USD
2026-06-18,put,AAPL260618P00125000,2025-12-05 19:41:13+00:00,125.0,0.24,0.23,0.26,0.0,0.0,1.0,1456,0.48438015625,False,REGULAR,USD
2026-06-18,put,AAPL260618P00130000,2025-12-05 19:41:13+00:00,130.0,0.27,0.27,0.31,0.0,0.0,42.0,1456,0.4733939379882813,False,REGULAR,USD
2026-06-18,put,AAPL260618P00135000,2025-12-05 19:42:12+00:00,135.0,0.3,0.31,0.35,0.0,0.0,3.0,1441,0.4594780615234375,False,REGULAR,USD
2026-06-18,put,AAPL260618P00140000,2025-12-05 19:42:12+00:00,140.0,0.35,0.37,0.4,0.0,0.0,3.0,3555,0.4467828759765625,False,REGULAR,USD
2026-06-18,put,AAPL260618P00145000,2025-12-05 19:41:29+00:00,145.0,0.42,0.42,0.46,0.0,0.0,2.0,1728,0.43506424316406256,False,REGULAR,USD
2026-06-18,put,AAPL260618P00150000,2025-12-09 18:35:22+00:00,150.0,0.47,0.49,0.53,-0.02000001,-4.0816345,102.0,10854,0.42383388671875,False,REGULAR,USD
2026-06-18,put,AAPL260618P00155000,2025-12-05 19:40:39+00:00,155.0,0.57,0.57,0.61,0.0,0.0,2.0,3538,0.4128476684570312,False,REGULAR,USD
2026-06-18,put,AAPL260618P00160000,2025-12-09 19:15:51+00:00,160.0,0.62,0.66,0.7,-0.060000002,-8.823529,12.0,10538,0.4019835192871094,False,REGULAR,USD
2026-06-18,put,AAPL260618P00165000,2025-12-08 14:31:22+00:00,165.0,0.73,0.77,0.81,0.0,0.0,60.0,5671,0.3920959228515625,False,REGULAR,USD
2026-06-18,put,AAPL260618P00170000,2025-12-09 16:19:36+00:00,170.0,0.88,0.89,0.94,-0.04000002,-4.347828,250.0,8510,0.38269660278320305,False,REGULAR,USD
2026-06-18,put,AAPL260618P00175000,2025-12-08 20:01:48+00:00,175.0,1.05,1.04,1.08,0.0,0.0,21.0,5275,0.37293107543945314,False,REGULAR,USD
2026-06-18,put,AAPL260618P00180000,2025-12-09 15:27:18+00:00,180.0,1.19,1.2,1.25,0.03000009,2.5862148,21.0,5173,0.36389796264648444,False,REGULAR,USD
2026-06-18,put,AAPL260618P00185000,2025-12-09 20:13:11+00:00,185.0,1.36,1.39,1.44,-0.00999999,-0.7299263,44.0,5222,0.3548648498535155,False,REGULAR,USD
2026-06-18,put,AAPL260618P00190000,2025-12-09 19:52:03+00:00,190.0,1.57,1.62,1.66,0.05000007,3.2894785,3.0,10617,0.3460758752441406,False,REGULAR,USD
2026-06-18,put,AAPL260618P00195000,2025-12-09 14:43:58+00:00,195.0,1.82,1.88,1.92,-0.00999999,-0.5464476,11.0,10085,0.33777517700195314,False,REGULAR,USD
2026-06-18,put,AAPL260618P00200000,2025-12-09 19:54:05+00:00,200.0,2.1,2.17,2.22,-0.06000018,-2.777786,37.0,9205,0.3297796514892578,False,REGULAR,USD
2026-06-18,put,AAPL260618P00205000,2025-12-08 20:39:55+00:00,205.0,2.49,2.49,2.56,0.0,0.0,2.0,4492,0.3217841259765625,False,REGULAR,USD
2026-06-18,put,AAPL260618P00210000,2025-12-09 20:36:17+00:00,210.0,2.83,2.89,2.96,-0.00999999,-0.35211235,24.0,6565,0.31427687683105465,False,REGULAR,USD
2026-06-18,put,AAPL260618P00215000,2025-12-09 20:36:17+00:00,215.0,3.27,3.3,3.45,0.029999971,0.925925,2.0,3074,0.30774618041992186,False,REGULAR,USD
2026-06-18,put,AAPL260618P00220000,2025-12-09 19:16:52+00:00,220.0,3.72,3.8,3.95,-0.18000007,-4.6153865,1.0,8606,0.2998422067260742,False,REGULAR,USD
2026-06-18,put,AAPL260618P00225000,2025-12-09 20:48:57+00:00,225.0,4.4,4.4,4.55,0.0,0.0,13.0,2260,0.29273168212890616,False,REGULAR,USD
2026-06-18,put,AAPL260618P00230000,2025-12-09 19:44:14+00:00,230.0,5.0,5.1,5.25,-0.21999979,-4.2145557,26.0,6391,0.28610943389892574,False,REGULAR,USD
2026-06-18,put,AAPL260618P00235000,2025-12-09 20:27:01+00:00,235.0,5.82,5.9,6.05,-0.07999992,-1.3559309,56.0,3516,0.27967028930664056,False,REGULAR,USD
2026-06-18,put,AAPL260618P00240000,2025-12-09 20:28:37+00:00,240.0,6.85,6.8,6.95,-0.05000019,-0.7246404,92.0,3709,0.27317011016845705,False,REGULAR,USD
2026-06-18,put,AAPL260618P00245000,2025-12-09 20:52:30+00:00,245.0,7.8,7.85,8.0,0.05000019,0.6451638,35.0,3454,0.2672802764892578,False,REGULAR,USD
2026-06-18,put,AAPL260618P00250000,2025-12-09 20:53:50+00:00,250.0,9.0,8.95,9.1,0.0,0.0,193.0,3313,0.2601697518920898,False,REGULAR,USD
2026-06-18,put,AAPL260618P00255000,2025-12-09 20:09:47+00:00,255.0,10.1,10.25,10.45,0.010000229,0.0991103,15.0,1822,0.2547987118530274,False,REGULAR,USD
2026-06-18,put,AAPL260618P00260000,2025-12-09 19:13:41+00:00,260.0,11.31,11.65,11.9,-0.6399994,-5.3556437,38.0,2567,0.2486342227172852,False,REGULAR,USD
2026-06-18,put,AAPL260618P00265000,2025-12-09 20:36:17+00:00,265.0,13.07,13.35,13.5,-0.5300007,-3.8970637,94.0,1848,0.24228662994384764,False,REGULAR,USD
2026-06-18,put,AAPL260618P00270000,2025-12-09 20:37:40+00:00,270.0,14.95,15.05,15.3,-0.3800001,-2.4788005,33.0,1940,0.2362442098999023,False,REGULAR,USD
2026-06-18,put,AAPL260618P00275000,2025-12-09 19:39:59+00:00,275.0,16.85,17.05,17.35,-0.69999886,-3.9885976,135.0,1074,0.23093420440673829,False,REGULAR,USD
2026-06-18,put,AAPL260618P00280000,2025-12-09 20:44:00+00:00,280.0,19.15,19.3,19.55,-0.6800003,-3.4291494,11.0,1265,0.2249528189086914,True,REGULAR,USD
2026-06-18,put,AAPL260618P00285000,2025-12-09 20:08:54+00:00,285.0,21.5,21.65,22.05,-0.39999962,-1.8264823,37.0,368,0.22005479660034177,True,REGULAR,USD
2026-06-18,put,AAPL260618P00290000,2025-12-08 17:38:02+00:00,290.0,24.49,24.3,24.65,0.0,0.0,24.0,1684,0.21363091064453127,True,REGULAR,USD
2026-06-18,put,AAPL260618P00300000,2025-12-09 18:45:29+00:00,300.0,29.75,30.0,31.3,-1.25,-4.032258,3.0,181,0.21106745971679686,True,REGULAR,USD
2026-06-18,put,AAPL260618P00310000,2025-12-08 15:46:04+00:00,310.0,37.25,36.4,38.5,0.0,0.0,18.0,197,0.20517762603759765,True,REGULAR,USD
2026-06-18,put,AAPL260618P00320000,2025-12-09 19:34:30+00:00,320.0,43.95,44.8,46.35,1.5,3.5335689,1.0,97,0.19779244598388673,True,REGULAR,USD
2026-06-18,put,AAPL260618P00330000,2025-12-09 17:46:27+00:00,330.0,52.91,52.85,54.1,-1.0600014,-1.9640566,12.0,204,0.16919776123046876,True,REGULAR,USD
2026-06-18,put,AAPL260618P00340000,2025-12-09 18:07:06+00:00,340.0,61.82,62.1,63.8,0.52000046,0.8482879,2.0,267,0.1795125994873047,True,REGULAR,USD
2026-06-18,put,AAPL260618P00350000,2025-12-03 20:00:24+00:00,350.0,65.37,71.25,73.75,0.0,0.0,4.0,1,0.1966633068847656,True,REGULAR,USD
2026-06-18,put,AAPL260618P00360000,2025-12-03 17:05:43+00:00,360.0,74.28,81.4,83.75,0.0,0.0,2.0,0,0.2148516015625,True,REGULAR,USD
2026-06-18,put,AAPL260618P00370000,2025-01-06 15:17:33+00:00,370.0,124.0,0.0,0.0,0.0,0.0,1.0,0,1.0000000000000003e-05,True,REGULAR,USD
2026-06-18,put,AAPL260618P00380000,2025-10-09 19:51:15+00:00,380.0,127.0,105.85,109.4,0.0,0.0,1.0,0,0.4004271383666992,True,REGULAR,USD
2026-06-18,put,AAPL260618P00390000,2025-10-10 18:59:29+00:00,390.0,144.0,115.85,119.4,0.0,0.0,1.0,0,0.4211483666992188,True,REGULAR,USD
2026-06-18,put,AAPL260618P00400000,2025-12-02 20:01:40+00:00,400.0,113.64,121.25,123.75,0.0,0.0,1.0,0,0.280158565673828,True,REGULAR,USD
2026-07-17,call,AAPL260717C00160000,2025-12-04 18:45:12+00:00,160.0,124.6,120.35,123.5,0.0,0.0,3.0,13,0.569340244140625,True,REGULAR,USD
2026-07-17,call,AAPL260717C00175000,2025-12-03 14:52:38+00:00,175.0,118.0,106.15,109.3,0.0,0.0,,1,0.5178881219482423,True,REGULAR,USD
2026-07-17,call,AAPL260717C00180000,2025-12-09 18:08:48+00:00,180.0,103.92,102.35,103.85,-0.8800049,-0.83969927,1.0,10,0.5036060382080079,True,REGULAR,USD
2026-07-17,call,AAPL260717C00185000,2025-12-03 17:36:25+00:00,185.0,107.21,96.4,100.0,0.0,0.0,5.0,7,0.5263108892822266,True,REGULAR,USD
2026-07-17,call,AAPL260717C00200000,2025-12-08 15:04:18+00:00,200.0,85.0,83.55,85.3,0.0,0.0,2.0,6,0.45807426696777354,True,REGULAR,USD
2026-07-17,call,AAPL260717C00205000,2025-12-02 14:35:59+00:00,205.0,86.5,79.55,80.35,0.0,0.0,1.0,1,0.43494217407226565,True,REGULAR,USD
2026-07-17,call,AAPL260717C00210000,2025-12-08 18:42:35+00:00,210.0,74.91,75.2,75.85,0.0,0.0,2.0,4,0.42093474578857426,True,REGULAR,USD
2026-07-17,call,AAPL260717C00220000,2025-12-02 17:59:28+00:00,220.0,75.05,66.45,67.05,0.0,0.0,6.0,12,0.39502558105468755,True,REGULAR,USD
2026-07-17,call,AAPL260717C00225000,2025-11-21 16:37:51+00:00,225.0,58.35,62.2,63.0,0.0,0.0,13.0,9,0.3869995382690429,True,REGULAR,USD
2026-07-17,call,AAPL260717C00230000,2025-12-09 16:13:10+00:00,230.0,58.55,58.15,58.9,-1.8899994,-3.1270673,21.0,30,0.3770509072875976,True,REGULAR,USD
2026-07-17,call,AAPL260717C00235000,2025-12-02 14:57:34+00:00,235.0,55.09,54.1,54.8,-5.1100006,-8.488373,1.0,4,0.3661257235717773,True,REGULAR,USD
2026-07-17,call,AAPL260717C00240000,2025-12-08 20:57:25+00:00,240.0,50.92,50.15,50.85,0.0,0.0,39.0,80,0.35645174804687496,True,REGULAR,USD
2026-07-17,call,AAPL260717C00245000,2025-12-08 16:01:14+00:00,245.0,46.52,46.3,47.0,0.0,0.0,1.0,16,0.34708294525146477,True,REGULAR,USD
2026-07-17,call,AAPL260717C00250000,2025-12-09 16:11:45+00:00,250.0,42.93,42.65,43.3,-0.020000458,-0.04656684,14.0,28,0.3385381088256836,True,REGULAR,USD
2026-07-17,call,AAPL260717C00255000,2025-12-09 20:44:06+00:00,255.0,39.7,39.1,39.7,-2.2999992,-5.4761887,8.0,50,0.33005430694580074,True,REGULAR,USD
2026-07-17,call,AAPL260717C00260000,2025-12-09 16:50:16+00:00,260.0,36.17,35.7,36.25,0.79999924,2.2618017,3.0,203,0.32211981597900385,True,REGULAR,USD
2026-07-17,call,AAPL260717C00265000,2025-12-09 16:43:24+00:00,265.0,32.65,32.4,32.95,0.5300026,1.6500704,1.0,204,0.31461256683349603,True,REGULAR,USD
2026-07-17,call,AAPL260717C00270000,2025-12-08 18:48:15+00:00,270.0,29.0,29.3,29.7,0.0,0.0,3.0,437,0.306220316772461,True,REGULAR,USD
2026-07-17,call,AAPL260717C00275000,2025-12-09 20:13:59+00:00,275.0,26.95,26.35,26.75,0.8500004,3.2567065,36.0,63,0.299811689453125,True,REGULAR,USD
2026-07-17,call,AAPL260717C00280000,2025-12-09 20:00:34+00:00,280.0,24.25,23.7,24.1,0.87000084,3.721133,31.0,260,0.29524935714721673,False,REGULAR,USD
2026-07-17,call,AAPL260717C00285000,2025-12-09 20:14:18+00:00,285.0,21.7,21.15,21.4,0.6000004,2.8436036,38.0,445,0.28838297073364244,False,REGULAR,USD
2026-07-17,call,AAPL260717C00290000,2025-12-09 20:23:43+00:00,290.0,19.2,18.75,19.15,0.42000008,2.236422,22.0,301,0.2849802947998046,False,REGULAR,USD
2026-07-17,call,AAPL260717C00295000,2025-12-08 19:59:15+00:00,295.0,16.3,16.3,17.05,0.0,0.0,1.0,233,0.2815623602294921,False,REGULAR,USD
2026-07-17,call,AAPL260717C00300000,2025-12-09 19:07:38+00:00,300.0,15.27,14.6,14.85,0.6700001,4.5890417,120.0,562,0.275123215637207,False,REGULAR,USD
2026-07-17,call,AAPL260717C00305000,2025-12-05 19:24:57+00:00,305.0,13.8,12.55,13.0,0.0,0.0,5.0,182,0.2710033837890625,False,REGULAR,USD
2026-07-17,call,AAPL260717C00310000,2025-12-09 20:52:39+00:00,310.0,11.35,11.2,11.45,0.0,0.0,28.0,161,0.2688061401367187,False,REGULAR,USD
2026-07-17,call,AAPL260717C00315000,2025-12-05 18:51:00+00:00,315.0,10.05,9.75,9.95,-0.5500002,-5.1886806,2.0,101,0.2654187228393554,False,REGULAR,USD
2026-07-17,call,AAPL260717C00320000,2025-12-08 20:18:34+00:00,320.0,9.25,8.45,8.65,0.77999973,9.208969,12.0,17,0.2628857891845704,False,REGULAR,USD
2026-07-17,call,AAPL260717C00325000,2025-12-09 19:09:30+00:00,325.0,7.6,7.35,7.65,0.1500001,2.0134242,4.0,50,0.2628857891845704,False,REGULAR,USD
2026-07-17,call,AAPL260717C00330000,2025-12-09 20:48:23+00:00,330.0,6.51,6.35,6.5,-1.0099998,-13.430848,17.0,117,0.2589795782470704,False,REGULAR,USD
2026-07-17,call,AAPL260717C00335000,2025-12-05 17:20:59+00:00,335.0,6.03,5.3,5.85,0.0,0.0,5.0,12,0.2612683737182617,False,REGULAR,USD
2026-07-17,call,AAPL260717C00340000,2025-12-09 16:04:07+00:00,340.0,4.85,4.75,4.9,-0.13999987,-2.8056087,15.0,41,0.25708750732421876,False,REGULAR,USD
2026-07-17,call,AAPL260717C00345000,2025-12-09 20:52:39+00:00,345.0,4.2,4.1,4.4,-0.8000002,-16.000004,2.0,16,0.2593152682495118,False,REGULAR,USD
2026-07-17,call,AAPL260717C00350000,2025-12-09 17:14:50+00:00,350.0,3.62,3.55,3.7,-0.07000017,-1.8970236,58.0,77,0.2563550927734375,False,REGULAR,USD
2026-07-17,call,AAPL260717C00355000,2025-12-08 16:53:35+00:00,355.0,3.18,3.05,3.2,0.0,0.0,1.0,5,0.25592785095214843,False,REGULAR,USD
2026-07-17,call,AAPL260717C00360000,2025-12-09 20:50:00+00:00,360.0,2.74,2.54,2.84,-0.03999996,-1.4388475,4.0,29,0.25739268005371096,False,REGULAR,USD
2026-07-17,call,AAPL260717C00365000,2025-12-04 20:07:07+00:00,365.0,2.89,2.17,2.46,0.0,0.0,,89,0.25727061096191406,False,REGULAR,USD
2026-07-17,call,AAPL260717C00370000,2025-12-08 17:23:07+00:00,370.0,2.11,1.88,2.14,0.0,0.0,2.0,4,0.25751474914550787,False,REGULAR,USD
2026-07-17,call,AAPL260717C00380000,2025-12-01 20:30:15+00:00,380.0,2.03,1.41,1.6,0.0,0.0,2.0,4,0.25751474914550787,False,REGULAR,USD
2026-07-17,call,AAPL260717C00390000,2025-12-05 17:00:13+00:00,390.0,1.27,1.05,1.22,0.0,0.0,20.0,20,0.25879647460937505,False,REGULAR,USD
2026-07-17,call,AAPL260717C00400000,2025-12-08 15:18:31+00:00,400.0,0.93,0.77,0.93,0.0,0.0,1.0,50,0.2601392346191406,False,REGULAR,USD
2026-07-17,call,AAPL260717C00410000,2025-12-04 15:00:21+00:00,410.0,0.87,0.62,0.72,0.0,0.0,2.0,14,0.2620923400878906,False,REGULAR,USD
2026-07-17,put,AAPL260717P00160000,2025-12-09 20:11:26+00:00,160.0,0.78,0.8,0.86,-0.030000031,-3.7037075,4.0,510,0.38843385009765624,False,REGULAR,USD
2026-07-17,put,AAPL260717P00165000,2025-12-05 15:14:10+00:00,165.0,0.94,0.89,1.05,0.0,0.0,1.0,83,0.3833069482421875,False,REGULAR,USD
2026-07-17,put,AAPL260717P00170000,2025-12-05 15:14:09+00:00,170.0,1.08,1.04,1.21,0.0,0.0,4.0,207,0.37439590454101557,False,REGULAR,USD
2026-07-17,put,AAPL260717P00175000,2025-12-09 20:33:22+00:00,175.0,1.22,1.21,1.29,-0.029999971,-2.3999977,2.0,37,0.3601138208007812,False,REGULAR,USD
2026-07-17,put,AAPL260717P00180000,2025-12-05 15:14:10+00:00,180.0,1.44,1.4,1.58,0.0,0.0,2.0,54,0.35632967895507806,False,REGULAR,USD
2026-07-17,put,AAPL260717P00185000,2025-12-08 15:01:54+00:00,185.0,1.64,1.63,1.81,0.0,0.0,1.0,49,0.3479069116210937,False,REGULAR,USD
2026-07-17,put,AAPL260717P00190000,2025-12-05 15:14:09+00:00,190.0,1.9,1.88,2.07,0.0,0.0,11.0,30,0.33954517883300783,False,REGULAR,USD
2026-07-17,put,AAPL260717P00200000,2025-12-05 20:59:20+00:00,200.0,2.48,2.49,2.71,0.0,0.0,1.0,28,0.3237372314453124,False,REGULAR,USD
2026-07-17,put,AAPL260717P00205000,2025-12-08 19:05:42+00:00,205.0,2.93,2.86,3.15,-0.059999943,-2.006687,1.0,40,0.31763377685546873,False,REGULAR,USD
2026-07-17,put,AAPL260717P00210000,2025-12-09 20:45:52+00:00,210.0,3.35,3.4,3.65,-0.10000014,-2.8985548,1.0,24,0.31153032226562494,False,REGULAR,USD
2026-07-17,put,AAPL260717P00215000,2025-12-08 20:24:37+00:00,215.0,3.85,3.8,4.05,-0.05000019,-1.2820561,5.0,4,0.3016122085571289,False,REGULAR,USD
2026-07-17,put,AAPL260717P00220000,2025-12-05 17:33:36+00:00,220.0,4.35,4.5,4.65,-0.16000032,-3.547679,6.0,14,0.2951730639648437,False,REGULAR,USD
2026-07-17,put,AAPL260717P00225000,2025-12-09 15:11:00+00:00,225.0,5.05,5.0,5.45,-0.14999962,-2.8846083,2.0,163,0.29123633575439445,False,REGULAR,USD
2026-07-17,put,AAPL260717P00230000,2025-12-09 17:34:45+00:00,230.0,5.75,5.75,6.05,-0.3000002,-4.9586806,1.0,43,0.28174546386718746,False,REGULAR,USD
2026-07-17,put,AAPL260717P00235000,2025-12-08 20:59:29+00:00,235.0,6.6,6.55,7.1,-0.099999905,-1.492536,1.0,12,0.2788158056640625,False,REGULAR,USD
2026-07-17,put,AAPL260717P00240000,2025-12-09 19:44:26+00:00,240.0,7.6,7.7,7.85,0.099999905,1.3333321,43.0,43,0.2691113128662109,False,REGULAR,USD
2026-07-17,put,AAPL260717P00245000,2025-12-09 16:07:45+00:00,245.0,8.75,8.75,8.95,0.05000019,0.57471484,15.0,53,0.26343510009765625,False,REGULAR,USD
2026-07-17,put,AAPL260717P00250000,2025-12-09 15:31:58+00:00,250.0,9.9,9.95,10.15,0.059999466,0.6097507,7.0,233,0.25739268005371096,False,REGULAR,USD
2026-07-17,put,AAPL260717P00255000,2025-12-02 14:30:15+00:00,255.0,10.0,11.0,11.5,0.0,0.0,3.0,50,0.2515943981933594,False,REGULAR,USD
2026-07-17,put,AAPL260717P00260000,2025-12-04 20:00:45+00:00,260.0,12.51,12.5,13.0,0.0,0.0,13.0,27,0.24582663360595702,False,REGULAR,USD
2026-07-17,put,AAPL260717P00265000,2025-12-09 20:50:00+00:00,265.0,14.2,14.3,14.65,-0.19999981,-1.3888876,6.0,59,0.2399978344726562,False,REGULAR,USD
2026-07-17,put,AAPL260717P00270000,2025-12-09 18:58:50+00:00,270.0,15.75,16.25,16.45,0.52999973,3.4822583,15.0,67,0.23395541442871093,False,REGULAR,USD
2026-07-17,put,AAPL260717P00275000,2025-12-08 14:30:00+00:00,275.0,17.85,17.95,18.5,0.0,0.0,5.0,89,0.22875221939086915,False,REGULAR,USD
2026-07-17,put,AAPL260717P00280000,2025-12-09 20:50:00+00:00,280.0,20.15,20.45,20.7,-0.70000076,-3.3573177,25.0,122,0.2230607479858398,True,REGULAR,USD
2026-07-17,put,AAPL260717P00285000,2025-12-08 18:56:23+00:00,285.0,22.5,22.5,23.15,-0.8999996,-3.8461523,1.0,37,0.2179643634033203,True,REGULAR,USD
2026-07-17,put,AAPL260717P00290000,2025-12-04 20:58:39+00:00,290.0,24.51,25.1,26.1,0.0,0.0,10.0,42,0.21631643066406248,True,REGULAR,USD
2026-07-17,put,AAPL260717P00295000,2025-12-04 15:37:26+00:00,295.0,26.74,27.75,29.1,0.0,0.0,1.0,17,0.21289849609375,True,REGULAR,USD
2026-07-17,put,AAPL260717P00300000,2025-12-08 14:41:29+00:00,300.0,31.1,31.25,32.45,0.0,0.0,6.0,16,0.21134211517333978,True,REGULAR,USD
2026-07-17,put,AAPL260717P00315000,2025-12-03 20:22:11+00:00,315.0,37.53,40.2,43.55,0.0,0.0,,1,0.20664245513916013,True,REGULAR,USD
2026-07-17,put,AAPL260717P00320000,2025-12-08 14:55:04+00:00,320.0,45.45,45.0,47.35,0.0,0.0,5.0,2,0.20154607055664062,True,REGULAR,USD
2026-07-17,put,AAPL260717P00325000,2025-12-03 19:42:52+00:00,325.0,44.52,49.55,51.05,0.0,0.0,24.0,10,0.1912312322998047,True,REGULAR,USD
2026-07-17,put,AAPL260717P00330000,2025-12-09 16:32:30+00:00,330.0,53.76,53.85,54.45,1.8099976,3.4841146,2.0,7,0.16742775939941407,True,REGULAR,USD
2026-07-17,put,AAPL260717P00335000,2025-12-04 19:14:07+00:00,335.0,56.7,58.25,59.9,0.0,0.0,,15,0.18927812683105472,True,REGULAR,USD
2026-07-17,put,AAPL260717P00340000,2025-12-04 20:27:58+00:00,340.0,60.46,62.25,64.55,0.0,0.0,21.0,18,0.1905598522949219,True,REGULAR,USD
2026-08-21,call,AAPL260821C00110000,2025-11-14 17:49:15+00:00,110.0,168.9,168.35,171.1,0.0,0.0,5.0,5,0.7063017651367188,True,REGULAR,USD
2026-08-21,call,AAPL260821C00115000,2025-08-12 19:12:56+00:00,115.0,118.75,0.0,0.0,0.0,0.0,,116,1.0000000000000003e-05,True,REGULAR,USD
2026-08-21,call,AAPL260821C00120000,2025-11-25 16:36:33+00:00,120.0,161.9,158.75,162.35,0.0,0.0,45.0,5,0.6898224377441409,True,REGULAR,USD
2026-08-21,call,AAPL260821C00125000,2025-12-08 20:00:37+00:00,125.0,155.02,153.95,156.9,0.0,0.0,1.0,74,0.6544224011230471,True,REGULAR,USD
2026-08-21,call,AAPL260821C00130000,2025-10-22 18:45:40+00:00,130.0,131.02,149.8,153.0,0.0,0.0,72.0,87,0.6687044848632814,True,REGULAR,USD
2026-08-21,call,AAPL260821C00135000,2025-12-05 14:51:05+00:00,135.0,148.95,144.35,147.95,0.0,0.0,4.0,7,0.6302527209472657,True,REGULAR,USD
2026-08-21,call,AAPL260821C00140000,2025-12-05 16:55:43+00:00,140.0,142.88,139.55,143.15,0.0,0.0,245.0,252,0.610904769897461,True,REGULAR,USD
2026-08-21,call,AAPL260821C00145000,2025-10-21 13:51:08+00:00,145.0,124.17,135.35,138.75,0.0,0.0,11.0,18,0.609500975341797,True,REGULAR,USD
2026-08-21,call,AAPL260821C00150000,2025-12-01 19:54:38+00:00,150.0,136.01,130.05,133.6,0.0,0.0,5.0,77,0.5755657678222657,True,REGULAR,USD
2026-08-21,call,AAPL260821C00155000,2025-11-25 14:34:47+00:00,155.0,128.9,125.3,128.9,0.0,0.0,2.0,22,0.5592085095214845,True,REGULAR,USD
2026-08-21,call,AAPL260821C00160000,2025-12-04 15:24:15+00:00,160.0,126.57,120.55,124.15,0.0,0.0,20.0,110,0.5421188366699221,True,REGULAR,USD
2026-08-21,call,AAPL260821C00165000,2025-11-28 15:48:00+00:00,165.0,117.46,115.85,119.45,0.0,0.0,1.0,43,0.5264634756469727,True,REGULAR,USD
2026-08-21,call,AAPL260821C00170000,2025-12-05 14:41:22+00:00,170.0,115.89,111.65,114.15,0.0,0.0,1.0,76,0.5093432855224609,True,REGULAR,USD
2026-08-21,call,AAPL260821C00175000,2025-12-09 14:52:54+00:00,175.0,110.42,107.75,109.45,4.169998,3.924704,1.0,20,0.5037891418457032,True,REGULAR,USD
2026-08-21,call,AAPL260821C00180000,2025-12-02 19:32:42+00:00,180.0,112.09,101.95,105.55,0.0,0.0,4.0,27,0.5254564056396485,True,REGULAR,USD
2026-08-21,call,AAPL260821C00185000,2025-12-03 17:37:33+00:00,185.0,99.77,98.45,99.75,-8.18,-7.5775824,10.0,48,0.4834341207885743,True,REGULAR,USD
2026-08-21,call,AAPL260821C00190000,2025-11-18 14:59:09+00:00,190.0,86.15,93.7,95.5,0.0,0.0,5.0,75,0.4758963543701171,True,REGULAR,USD
2026-08-21,call,AAPL260821C00195000,2025-11-24 15:09:16+00:00,195.0,86.85,89.7,90.5,0.0,0.0,15.0,92,0.4524590887451172,True,REGULAR,USD
2026-08-21,call,AAPL260821C00200000,2025-12-09 15:27:30+00:00,200.0,86.26,85.3,86.7,-10.290001,-10.657691,1.0,155,0.452428571472168,True,REGULAR,USD
2026-08-21,call,AAPL260821C00210000,2025-12-05 20:31:49+00:00,210.0,78.48,76.15,77.75,0.0,0.0,2.0,308,0.42438319763183596,True,REGULAR,USD
2026-08-21,call,AAPL260821C00220000,2025-12-09 15:40:27+00:00,220.0,68.67,68.1,68.65,0.009994507,0.01455652,5.0,243,0.39258419921875,True,REGULAR,USD
2026-08-21,call,AAPL260821C00230000,2025-12-09 16:47:11+00:00,230.0,60.5,60.0,60.65,-1.3400002,-2.1668825,5.0,678,0.37564711273193363,True,REGULAR,USD
2026-08-21,call,AAPL260821C00240000,2025-12-08 15:49:09+00:00,240.0,53.6,52.25,52.85,0.8999977,1.7077755,1.0,552,0.35773347351074214,True,REGULAR,USD
2026-08-21,call,AAPL260821C00250000,2025-12-09 20:36:35+00:00,250.0,45.9,45.0,45.4,1.2000008,2.6845653,65.0,1579,0.34041492111206056,True,REGULAR,USD
2026-08-21,call,AAPL260821C00260000,2025-12-09 20:52:35+00:00,260.0,38.51,38.15,38.55,0.12999725,0.3387109,24.0,1167,0.3259344750976562,True,REGULAR,USD
2026-08-21,call,AAPL260821C00270000,2025-12-09 20:50:00+00:00,270.0,32.55,31.95,32.4,1.0499992,3.3333309,8.0,1386,0.3144294631958008,True,REGULAR,USD
2026-08-21,call,AAPL260821C00280000,2025-12-09 15:20:27+00:00,280.0,26.84,26.25,26.65,0.19000053,0.7129476,32.0,1924,0.30193263992309577,False,REGULAR,USD
2026-08-21,call,AAPL260821C00290000,2025-12-09 19:21:34+00:00,290.0,22.17,21.35,21.65,1.1599998,5.5211797,164.0,1175,0.29184668121337876,False,REGULAR,USD
2026-08-21,call,AAPL260821C00300000,2025-12-09 19:21:34+00:00,300.0,17.4,17.1,17.3,0.049999237,0.28818002,215.0,1353,0.28284408569335934,False,REGULAR,USD
2026-08-21,call,AAPL260821C00310000,2025-12-09 20:13:44+00:00,310.0,13.6,13.5,13.7,0.15000057,1.1152459,73.0,11005,0.27603873382568356,False,REGULAR,USD
2026-08-21,call,AAPL260821C00320000,2025-12-09 20:07:21+00:00,320.0,10.8,10.55,10.75,0.31000042,2.9551995,2.0,537,0.27075924560546877,False,REGULAR,USD
2026-08-21,call,AAPL260821C00330000,2025-12-08 18:53:21+00:00,330.0,8.84,8.2,8.4,0.71000004,8.733088,92.0,1110,0.26709717285156254,False,REGULAR,USD
2026-08-21,call,AAPL260821C00340000,2025-12-09 19:24:16+00:00,340.0,6.5,6.35,6.5,-0.07000017,-1.0654516,132.0,928,0.2639844110107422,False,REGULAR,USD
2026-08-21,call,AAPL260821C00350000,2025-12-09 14:56:04+00:00,350.0,5.3,4.9,5.05,0.42000008,8.606559,8.0,172,0.2624280300903321,False,REGULAR,USD
2026-08-21,call,AAPL260821C00360000,2025-12-04 19:04:08+00:00,360.0,4.45,3.8,3.9,0.0,0.0,46.0,71,0.26117682189941405,False,REGULAR,USD
2026-08-21,call,AAPL260821C00370000,2025-12-08 18:02:14+00:00,370.0,3.1,2.94,3.05,0.0,0.0,2.0,194,0.2613599255371094,False,REGULAR,USD
2026-08-21,call,AAPL260821C00380000,2025-12-02 18:02:35+00:00,380.0,3.36,2.27,2.33,0.0,0.0,26.0,179,0.2603833728027344,False,REGULAR,USD
2026-08-21,call,AAPL260821C00390000,2025-12-02 20:33:24+00:00,390.0,2.75,1.76,1.81,0.0,0.0,40.0,39,0.260749580078125,False,REGULAR,USD
2026-08-21,call,AAPL260821C00400000,2025-12-08 18:24:50+00:00,400.0,1.42,1.36,1.42,0.0,0.0,1.0,77,0.26178716735839846,False,REGULAR,USD
2026-08-21,call,AAPL260821C00410000,2025-12-01 17:18:19+00:00,410.0,1.12,1.06,1.11,-0.120000005,-9.67742,1.0,108,0.26270268554687504,False,REGULAR,USD
2026-08-21,call,AAPL260821C00420000,2025-12-03 17:09:36+00:00,420.0,1.3,0.76,0.93,0.0,0.0,1.0,12,0.26673096557617193,False,REGULAR,USD
2026-08-21,call,AAPL260821C00440000,2025-12-03 15:55:42+00:00,440.0,0.83,0.51,0.56,0.0,0.0,1.0,3,0.26758544921875,False,REGULAR,USD
2026-08-21,call,AAPL260821C00450000,2025-12-05 17:30:49+00:00,450.0,0.45,0.4,0.45,0.0,0.0,1.0,303,0.2695385546875,False,REGULAR,USD
2026-08-21,put,AAPL260821P00110000,2025-12-05 15:01:32+00:00,110.0,0.24,0.21,0.32,0.0,0.0,10.0,387,0.495122236328125,False,REGULAR,USD
2026-08-21,put,AAPL260821P00115000,2025-10-07 18:42:30+00:00,115.0,0.54,0.29,0.39,0.0,0.0,2.0,20,0.48608912353515626,False,REGULAR,USD
2026-08-21,put,AAPL260821P00120000,2025-12-09 19:21:44+00:00,120.0,0.32,0.33,0.38,-0.17000002,-34.693882,36.0,547,0.4626518579101563,False,REGULAR,USD
2026-08-21,put,AAPL260821P00125000,2025-12-04 14:30:02+00:00,125.0,0.4,0.35,0.47,0.0,0.0,1.0,31,0.4558159887695313,False,REGULAR,USD
2026-08-21,put,AAPL260821P00130000,2025-12-08 18:23:49+00:00,130.0,0.45,0.42,0.5,-0.01000002,-2.1739173,1.0,39,0.43921459228515625,False,REGULAR,USD
2026-08-21,put,AAPL260821P00135000,2025-11-26 19:02:12+00:00,135.0,0.61,0.48,0.62,0.0,0.0,1.0,46,0.4337214831542969,False,REGULAR,USD
2026-08-21,put,AAPL260821P00140000,2025-12-09 19:03:30+00:00,140.0,0.6,0.57,0.71,-0.07999998,-11.764703,2.0,18,0.4232235412597656,False,REGULAR,USD
2026-08-21,put,AAPL260821P00145000,2025-12-09 15:05:38+00:00,145.0,0.7,0.71,0.81,-0.32,-31.37255,1.0,18,0.4128476684570312,False,REGULAR,USD
2026-08-21,put,AAPL260821P00150000,2025-11-28 15:35:15+00:00,150.0,0.94,0.77,0.93,0.0,0.0,1.0,68,0.40332627929687503,False,REGULAR,USD
2026-08-21,put,AAPL260821P00155000,2025-12-09 18:27:06+00:00,155.0,0.92,0.9,1.06,-0.03999996,-4.1666627,1.0,106,0.39380489013671877,False,REGULAR,USD
2026-08-21,put,AAPL260821P00160000,2025-12-01 16:17:42+00:00,160.0,1.14,1.04,1.21,0.0,0.0,1.0,428,0.3846497082519531,False,REGULAR,USD
2026-08-21,put,AAPL260821P00165000,2025-12-04 14:41:26+00:00,165.0,1.26,1.21,1.38,0.0,0.0,1.0,271,0.37573866455078125,False,REGULAR,USD
2026-08-21,put,AAPL260821P00170000,2025-11-21 16:01:03+00:00,170.0,2.34,1.46,1.51,0.0,0.0,1.0,469,0.3639589971923829,False,REGULAR,USD
2026-08-21,put,AAPL260821P00175000,2025-12-03 20:43:28+00:00,175.0,1.62,1.62,1.79,0.0,0.0,1.0,249,0.35864899169921877,False,REGULAR,USD
2026-08-21,put,AAPL260821P00180000,2025-12-09 16:26:12+00:00,180.0,1.89,1.9,1.98,0.06999993,3.8461502,73.0,597,0.3482120843505859,False,REGULAR,USD
2026-08-21,put,AAPL260821P00185000,2025-12-08 14:35:08+00:00,185.0,2.11,2.21,2.27,0.0,0.0,1.0,715,0.3409489733886719,False,REGULAR,USD
2026-08-21,put,AAPL260821P00190000,2025-12-04 20:05:08+00:00,190.0,2.51,2.46,2.68,-0.029999971,-1.1811012,2.0,267,0.3364324169921875,False,REGULAR,USD
2026-08-21,put,AAPL260821P00195000,2025-12-08 16:48:11+00:00,195.0,2.86,2.78,3.1,0.01999998,0.7042247,2.0,371,0.3306341351318359,False,REGULAR,USD
2026-08-21,put,AAPL260821P00200000,2025-12-08 17:00:35+00:00,200.0,3.25,3.3,3.4,0.0,0.0,10.0,1169,0.3202582623291015,False,REGULAR,USD
2026-08-21,put,AAPL260821P00210000,2025-12-05 20:28:22+00:00,210.0,4.15,4.25,4.4,0.0,0.0,1.0,842,0.30689169677734374,False,REGULAR,USD
2026-08-21,put,AAPL260821P00220000,2025-12-09 15:06:51+00:00,220.0,5.55,5.45,5.65,0.10000038,1.8348695,18.0,913,0.29383030395507803,False,REGULAR,USD
2026-08-21,put,AAPL260821P00230000,2025-12-09 15:06:51+00:00,230.0,7.1,7.0,7.25,-0.1500001,-2.0689669,18.0,1287,0.28183701568603514,False,REGULAR,USD
2026-08-21,put,AAPL260821P00240000,2025-12-09 16:36:38+00:00,240.0,9.05,9.0,9.25,0.25,2.840909,18.0,912,0.2703930383300781,False,REGULAR,USD
2026-08-21,put,AAPL260821P00250000,2025-12-09 16:08:48+00:00,250.0,11.55,11.5,11.7,0.15000057,1.3157946,11.0,824,0.2591931991577149,False,REGULAR,USD
2026-08-21,put,AAPL260821P00260000,2025-12-08 14:59:27+00:00,260.0,14.25,14.2,14.95,-0.05000019,-0.34965166,1.0,439,0.251411294555664,False,REGULAR,USD
2026-08-21,put,AAPL260821P00270000,2025-12-09 20:52:30+00:00,270.0,18.0,18.0,18.25,0.10000038,0.55866134,47.0,383,0.2373733489990234,False,REGULAR,USD
2026-08-21,put,AAPL260821P00280000,2025-12-09 20:50:00+00:00,280.0,21.95,22.1,22.5,0.37000084,1.7145544,1.0,496,0.2267228207397461,True,REGULAR,USD
2026-08-21,put,AAPL260821P00290000,2025-12-05 20:17:00+00:00,290.0,26.4,26.9,27.85,0.0,0.0,1.0,170,0.22017686569213862,True,REGULAR,USD
2026-08-21,put,AAPL260821P00300000,2025-12-04 20:54:40+00:00,300.0,32.0,32.75,33.3,0.0,0.0,3.0,9932,0.20627624786376947,True,REGULAR,USD
2026-08-21,put,AAPL260821P00310000,2025-12-03 18:03:20+00:00,310.0,34.93,38.6,40.7,0.0,0.0,23.0,85,0.206489868774414,True,REGULAR,USD
2026-08-21,put,AAPL260821P00320000,2025-12-05 20:40:26+00:00,320.0,45.63,46.2,47.1,0.0,0.0,6.0,80,0.1834493276977539,True,REGULAR,USD
2026-08-21,put,AAPL260821P00330000,2025-12-09 17:33:11+00:00,330.0,54.15,54.7,55.8,-0.75,-1.3661202,4.0,52,0.1840901904296875,True,REGULAR,USD
2026-08-21,put,AAPL260821P00340000,2025-12-09 17:19:15+00:00,340.0,63.06,63.25,64.0,1.0300026,1.6604911,2.0,41,0.16199568481445312,True,REGULAR,USD
2026-08-21,put,AAPL260821P00350000,2025-12-05 20:34:25+00:00,350.0,71.3,71.1,74.7,0.0,0.0,2.0,5,0.1990741714477539,True,REGULAR,USD
2026-08-21,put,AAPL260821P00360000,2025-12-03 18:05:13+00:00,360.0,74.3,80.9,84.05,0.0,0.0,,0,0.19702951416015624,True,REGULAR,USD
2026-08-21,put,AAPL260821P00370000,2025-12-02 18:34:24+00:00,370.0,84.62,91.1,93.95,0.0,0.0,1.0,0,0.2090533197021484,True,REGULAR,USD
2026-08-21,put,AAPL260821P00380000,2025-10-16 19:14:03+00:00,380.0,133.25,105.85,109.5,0.0,0.0,,0,0.3485477743530273,True,REGULAR,USD
2026-08-21,put,AAPL260821P00440000,2025-11-03 16:35:13+00:00,440.0,172.79,161.05,163.95,0.0,0.0,1.0,0,0.30152065673828127,True,REGULAR,USD
2026-09-18,call,AAPL260918C00050000,2025-10-20 19:59:13+00:00,50.0,213.0,226.5,230.25,0.0,0.0,4.0,21,1.0388231652832034,True,REGULAR,USD
2026-09-18,call,AAPL260918C00055000,2025-12-08 14:39:47+00:00,55.0,224.2,221.65,225.35,0.0,0.0,50.0,65,0.9987793090820312,True,REGULAR,USD
2026-09-18,call,AAPL260918C00060000,2025-10-24 16:54:41+00:00,60.0,204.3,216.85,220.6,0.0,0.0,1.0,13,0.9733889379882812,True,REGULAR,USD
2026-09-18,call,AAPL260918C00065000,2025-08-25 18:54:43+00:00,65.0,164.78,0.0,0.0,0.0,0.0,1.0,1,1.0000000000000003e-05,True,REGULAR,USD
2026-09-18,call,AAPL260918C00070000,2025-09-09 14:43:05+00:00,70.0,168.21,175.6,179.35,0.0,0.0,1.0,3,1.0000000000000003e-05,True,REGULAR,USD
2026-09-18,call,AAPL260918C00075000,2025-11-11 15:29:10+00:00,75.0,202.5,202.35,206.0,0.0,0.0,6.0,102,0.8780529772949219,True,REGULAR,USD
2026-09-18,call,AAPL260918C00080000,2025-11-11 15:29:33+00:00,80.0,197.3,197.5,201.2,0.0,0.0,6.0,125,0.8513198461914062,True,REGULAR,USD
2026-09-18,call,AAPL260918C00085000,2025-09-19 13:50:14+00:00,85.0,158.77,188.2,191.9,0.0,0.0,1.0,29,1.0000000000000003e-05,True,REGULAR,USD
2026-09-18,call,AAPL260918C00090000,2025-12-08 17:39:06+00:00,90.0,189.5,187.95,191.55,0.0,0.0,1.0,25,0.8037129003906249,True,REGULAR,USD
2026-09-18,call,AAPL260918C00095000,2025-11-05 17:39:26+00:00,95.0,178.65,183.75,186.75,0.0,0.0,4.0,12,0.79883013671875,True,REGULAR,USD
2026-09-18,call,AAPL260918C00100000,2025-11-20 17:14:15+00:00,100.0,171.5,178.9,181.3,0.0,0.0,1.0,108,0.7552514709472657,True,REGULAR,USD
2026-09-18,call,AAPL260918C00105000,2025-11-12 16:09:22+00:00,105.0,172.5,173.5,176.5,0.0,0.0,1.0,13,0.7168607415771484,True,REGULAR,USD
2026-09-18,call,AAPL260918C00110000,2025-10-23 16:22:34+00:00,110.0,154.15,168.75,172.55,0.0,0.0,20.0,32,0.7196072961425781,True,REGULAR,USD
2026-09-18,call,AAPL260918C00115000,2025-09-10 17:19:27+00:00,115.0,117.5,133.05,136.15,0.0,0.0,5.0,28,1.0000000000000003e-05,True,REGULAR,USD
2026-09-18,call,AAPL260918C00120000,2025-12-08 16:57:34+00:00,120.0,161.05,159.15,162.7,0.0,0.0,10.0,82,0.6718782812500002,True,REGULAR,USD
2026-09-18,call,AAPL260918C00125000,2025-12-02 20:26:49+00:00,125.0,165.4,154.85,157.3,0.0,0.0,65.0,736,0.6496617065429688,True,REGULAR,USD
2026-09-18,call,AAPL260918C00130000,2025-09-22 18:37:43+00:00,130.0,131.35,145.25,148.95,0.0,0.0,1.0,14,0.5200243310546875,True,REGULAR,USD
2026-09-18,call,AAPL260918C00135000,2025-11-06 16:16:27+00:00,135.0,141.91,144.8,148.4,0.0,0.0,1.0,12,0.6152382226562501,True,REGULAR,USD
2026-09-18,call,AAPL260918C00140000,2025-12-08 17:40:07+00:00,140.0,141.95,140.05,143.65,0.0,0.0,1.0,59,0.5977213079833985,True,REGULAR,USD
2026-09-18,call,AAPL260918C00145000,2025-11-21 15:53:57+00:00,145.0,131.1,135.4,138.9,0.0,0.0,18.0,28,0.5819133605957032,True,REGULAR,USD
2026-09-18,call,AAPL260918C00150000,2025-12-01 15:51:00+00:00,150.0,133.25,130.6,134.2,0.0,0.0,1.0,82,0.5645185150146486,True,REGULAR,USD
2026-09-18,call,AAPL260918C00155000,2025-12-02 15:07:47+00:00,155.0,133.79,126.4,129.5,0.0,0.0,5.0,76,0.5559736785888674,True,REGULAR,USD
2026-09-18,call,AAPL260918C00160000,2025-12-09 20:14:59+00:00,160.0,123.9,121.8,124.15,1.2799988,1.0438744,1.0,101,0.532231240234375,True,REGULAR,USD
2026-09-18,call,AAPL260918C00165000,2025-11-24 14:39:41+00:00,165.0,116.98,117.05,120.2,0.0,0.0,10.0,89,0.5254869229125977,True,REGULAR,USD
2026-09-18,call,AAPL260918C00170000,2025-11-25 14:36:10+00:00,170.0,117.0,112.4,115.55,0.0,0.0,2.0,151,0.5104419073486328,True,REGULAR,USD
2026-09-18,call,AAPL260918C00175000,2025-12-02 18:03:52+00:00,175.0,117.18,107.35,110.95,0.0,0.0,10.0,176,0.5313462393188476,True,REGULAR,USD
2026-09-18,call,AAPL260918C00180000,2025-12-02 15:41:17+00:00,180.0,112.72,103.5,105.5,0.0,0.0,1.0,214,0.49777723907470706,True,REGULAR,USD
2026-09-18,call,AAPL260918C00185000,2025-11-19 20:50:32+00:00,185.0,93.35,99.1,101.0,0.0,0.0,3.0,92,0.48468532897949224,True,REGULAR,USD
2026-09-18,call,AAPL260918C00190000,2025-12-05 19:09:21+00:00,190.0,97.59,94.7,96.45,0.0,0.0,2.0,363,0.47031169342041024,True,REGULAR,USD
2026-09-18,call,AAPL260918C00195000,2025-12-09 15:05:48+00:00,195.0,91.89,90.7,91.3,0.29000092,0.3165949,14.0,871,0.44467718414306634,True,REGULAR,USD
2026-09-18,call,AAPL260918C00200000,2025-12-09 17:03:27+00:00,200.0,87.5,86.35,87.1,1.449997,1.6850632,1.0,1547,0.43662062408447266,True,REGULAR,USD
2026-09-18,call,AAPL260918C00205000,2025-12-09 18:35:15+00:00,205.0,83.39,82.05,82.6,1.3399963,1.633146,3.0,1290,0.42270474761962884,True,REGULAR,USD
2026-09-18,call,AAPL260918C00210000,2025-12-08 17:59:06+00:00,210.0,78.1,77.9,78.35,0.0,0.0,3.0,2075,0.4125730130004882,True,REGULAR,USD
2026-09-18,call,AAPL260918C00215000,2025-12-05 20:18:09+00:00,215.0,75.37,73.55,74.05,0.0,0.0,4.0,537,0.4010374838256836,True,REGULAR,USD
2026-09-18,call,AAPL260918C00220000,2025-12-09 19:12:39+00:00,220.0,70.9,69.45,69.9,1.4500046,2.0878396,3.0,1509,0.3911804046630859,True,REGULAR,USD
2026-09-18,call,AAPL260918C00225000,2025-12-09 16:14:50+00:00,225.0,65.85,65.4,65.95,0.75,1.1520737,7.0,675,0.3834290173339844,True,REGULAR,USD
2026-09-18,call,AAPL260918C00230000,2025-12-09 17:37:03+00:00,230.0,62.6,61.55,61.9,1.8499985,3.045265,70.0,2024,0.373480386352539,True,REGULAR,USD
2026-09-18,call,AAPL260918C00235000,2025-12-09 20:08:35+00:00,235.0,57.73,57.65,57.95,-1.1199989,-1.9031419,61.0,1679,0.3641115835571289,True,REGULAR,USD
2026-09-18,call,AAPL260918C00240000,2025-12-09 16:50:32+00:00,240.0,54.35,53.9,54.2,0.11999893,0.22127777,10.0,3111,0.35642123077392573,True,REGULAR,USD
2026-09-18,call,AAPL260918C00245000,2025-12-09 16:32:00+00:00,245.0,50.47,50.05,50.5,-0.7599983,-1.4835025,1.0,1142,0.34841044662475584,True,REGULAR,USD
2026-09-18,call,AAPL260918C00250000,2025-12-09 20:22:02+00:00,250.0,47.47,46.65,47.05,1.4700012,3.1956549,15.0,3013,0.3423527679443359,True,REGULAR,USD
2026-09-18,call,AAPL260918C00255000,2025-12-09 18:23:52+00:00,255.0,44.05,43.15,43.55,1.4599991,3.4280326,13.0,1158,0.3346318978881836,True,REGULAR,USD
2026-09-18,call,AAPL260918C00260000,2025-12-09 20:35:59+00:00,260.0,40.4,39.85,40.2,0.6500015,1.635224,6.0,3989,0.32755189056396483,True,REGULAR,USD
2026-09-18,call,AAPL260918C00265000,2025-12-09 17:46:49+00:00,265.0,37.31,36.65,37.0,0.31000137,0.8378416,2.0,2328,0.3209754182434082,True,REGULAR,USD
2026-09-18,call,AAPL260918C00270000,2025-12-08 20:52:52+00:00,270.0,33.95,33.6,34.1,0.20000076,0.59259486,1.0,1654,0.31642834457397456,True,REGULAR,USD
2026-09-18,call,AAPL260918C00275000,2025-12-09 18:05:16+00:00,275.0,31.35,30.75,31.05,1.0300007,3.3971,8.0,2451,0.3090889404296875,True,REGULAR,USD
2026-09-18,call,AAPL260918C00280000,2025-12-09 20:25:23+00:00,280.0,28.47,28.0,28.35,0.11999893,0.42327666,36.0,3037,0.30416040084838863,False,REGULAR,USD
2026-09-18,call,AAPL260918C00285000,2025-12-09 19:29:19+00:00,285.0,26.36,25.45,25.75,0.6400013,2.488341,155.0,2823,0.29897246444702147,False,REGULAR,USD
2026-09-18,call,AAPL260918C00290000,2025-12-09 20:13:36+00:00,290.0,23.4,23.0,23.25,0.6499996,2.8571413,159.0,4478,0.29350987258911126,False,REGULAR,USD
2026-09-18,call,AAPL260918C00295000,2025-12-09 15:43:49+00:00,295.0,21.14,20.8,21.0,0.6899986,3.3740764,3.0,2122,0.2892832302856445,False,REGULAR,USD
2026-09-18,call,AAPL260918C00300000,2025-12-09 20:52:30+00:00,300.0,18.9,18.7,18.9,0.10000038,0.5319169,206.0,14329,0.28527020889282223,False,REGULAR,USD
2026-09-18,call,AAPL260918C00310000,2025-12-09 19:55:49+00:00,310.0,15.34,15.0,15.15,0.44000053,2.953024,28.0,6671,0.2778850288391113,False,REGULAR,USD
2026-09-18,call,AAPL260918C00320000,2025-12-09 14:51:54+00:00,320.0,12.45,11.9,12.1,0.6700001,5.687607,48.0,1780,0.2727276097106933,False,REGULAR,USD
2026-09-18,call,AAPL260918C00330000,2025-12-09 16:50:10+00:00,330.0,9.6,9.4,9.6,0.05000019,0.5235622,3.0,3474,0.2687145883178711,False,REGULAR,USD
2026-09-18,call,AAPL260918C00340000,2025-12-09 20:43:46+00:00,340.0,7.55,7.4,7.55,0.1500001,2.0270283,28.0,515,0.2652661364746094,False,REGULAR,USD
2026-09-18,call,AAPL260918C00350000,2025-12-09 20:18:37+00:00,350.0,6.0,5.8,5.95,0.07999992,1.3513501,4.0,1301,0.2632214791870118,False,REGULAR,USD
2026-09-18,call,AAPL260918C00360000,2025-12-08 16:37:04+00:00,360.0,4.67,4.5,4.7,0.010000229,0.2145972,2.0,363,0.2621838919067383,False,REGULAR,USD
2026-09-18,call,AAPL260918C00370000,2025-12-09 15:25:40+00:00,370.0,3.7,3.55,3.75,0.0,0.0,26.0,446,0.26236699554443366,False,REGULAR,USD
2026-09-18,call,AAPL260918C00380000,2025-12-09 20:09:15+00:00,380.0,2.85,2.71,2.95,-0.06000018,-2.0618618,1.0,167,0.2618482019042969,False,REGULAR,USD
2026-09-18,call,AAPL260918C00390000,2025-12-05 18:55:53+00:00,390.0,2.44,2.12,2.35,0.0,0.0,4.0,362,0.2623975128173829,False,REGULAR,USD
2026-09-18,call,AAPL260918C00400000,2025-12-09 17:40:08+00:00,400.0,1.8,1.67,1.86,0.03999996,2.272725,1.0,1783,0.26270268554687504,False,REGULAR,USD
2026-09-18,call,AAPL260918C00410000,2025-11-20 18:04:31+00:00,410.0,1.55,1.39,1.44,0.0,0.0,26.0,65,0.26203130554199217,False,REGULAR,USD
2026-09-18,call,AAPL260918C00420000,2025-12-05 15:40:10+00:00,420.0,1.33,1.03,1.15,0.0,0.0,1.0,203,0.2630078582763672,False,REGULAR,USD
2026-09-18,call,AAPL260918C00430000,2025-12-09 19:02:59+00:00,430.0,0.93,0.88,0.98,-0.15000004,-13.888892,1.0,28,0.26697510375976563,False,REGULAR,USD
2026-09-18,call,AAPL260918C00440000,2025-12-03 19:50:34+00:00,440.0,1.05,0.65,0.8,0.0,0.0,1.0,63,0.26868407104492187,False,REGULAR,USD
2026-09-18,call,AAPL260918C00450000,2025-12-08 20:44:43+00:00,450.0,0.61,0.57,0.66,0.0,0.0,2.0,127,0.27075924560546877,False,REGULAR,USD
2026-09-18,call,AAPL260918C00460000,2025-11-21 16:27:09+00:00,460.0,0.57,0.46,0.51,0.0,0.0,1.0,5,0.2701489001464844,False,REGULAR,USD
2026-09-18,call,AAPL260918C00470000,2025-11-18 14:30:36+00:00,470.0,0.56,0.38,0.42,0.0,0.0,,2,0.27197993652343744,False,REGULAR,USD
2026-09-18,call,AAPL260918C00480000,2025-12-03 16:05:01+00:00,480.0,0.48,0.27,0.35,0.0,0.0,7.0,54,0.27417718017578124,False,REGULAR,USD
2026-09-18,call,AAPL260918C00490000,2025-12-01 15:03:00+00:00,490.0,0.3,0.25,0.29,0.0,0.0,1.0,5,0.2758861474609374,False,REGULAR,USD
2026-09-18,call,AAPL260918C00500000,2025-12-03 15:11:19+00:00,500.0,0.37,0.21,0.25,0.0,0.0,4.0,39,0.2790599438476562,False,REGULAR,USD
2026-09-18,call,AAPL260918C00510000,2025-12-08 16:43:24+00:00,510.0,0.2,0.17,0.21,0.0,0.0,1.0,17,0.2810130493164062,False,REGULAR,USD
2026-09-18,call,AAPL260918C00520000,2025-12-05 20:21:44+00:00,520.0,0.21,0.11,0.23,0.0,0.0,5.0,67,0.2915109912109374,False,REGULAR,USD
2026-09-18,call,AAPL260918C00530000,2025-12-09 20:56:51+00:00,530.0,0.13,0.11,0.15,-0.010000005,-7.1428604,252.0,804,0.28516339843749994,False,REGULAR,USD
2026-09-18,put,AAPL260918P00050000,2025-12-03 19:36:45+00:00,50.0,0.02,0.01,0.11,0.0,0.0,100.0,545,0.70312796875,False,REGULAR,USD
2026-09-18,put,AAPL260918P00055000,2025-11-07 15:10:47+00:00,55.0,0.06,0.0,0.14,0.0,0.0,1.0,154,0.6738313867187502,False,REGULAR,USD
2026-09-18,put,AAPL260918P00060000,2025-12-03 14:30:00+00:00,60.0,0.05,0.0,0.15,0.0,0.0,1.0,73,0.6425816992187501,False,REGULAR,USD
2026-09-18,put,AAPL260918P00065000,2025-10-31 17:00:26+00:00,65.0,0.07,0.0,0.18,0.0,0.0,86.0,13,0.6210975390625001,False,REGULAR,USD
2026-09-18,put,AAPL260918P00070000,2025-10-08 14:54:06+00:00,70.0,0.12,0.03,0.19,0.0,0.0,1.0,129,0.6035195898437502,False,REGULAR,USD
2026-09-18,put,AAPL260918P00075000,2025-11-12 17:12:40+00:00,75.0,0.1,0.06,0.2,0.0,0.0,100.0,149,0.584965087890625,False,REGULAR,USD
2026-09-18,put,AAPL260918P00080000,2025-10-24 15:56:42+00:00,80.0,0.17,0.1,0.3,0.0,0.0,1.0,11,0.585941640625,False,REGULAR,USD
2026-09-18,put,AAPL260918P00085000,2025-11-20 19:23:52+00:00,85.0,0.24,0.1,0.22,0.0,0.0,10.0,41,0.5434615966796876,False,REGULAR,USD
2026-09-18,put,AAPL260918P00090000,2025-11-20 20:46:06+00:00,90.0,0.27,0.13,0.23,0.0,0.0,1.0,46,0.52539537109375,False,REGULAR,USD
2026-09-18,put,AAPL260918P00095000,2025-12-09 19:08:06+00:00,95.0,0.18,0.16,0.26,-0.07999998,-30.769224,1.0,47,0.5112353564453125,False,REGULAR,USD
2026-09-18,put,AAPL260918P00100000,2025-12-09 19:21:36+00:00,100.0,0.21,0.19,0.3,-0.049999997,-19.230768,2.0,416,0.5107470800781251,False,REGULAR,USD
2026-09-18,put,AAPL260918P00105000,2025-12-09 19:07:30+00:00,105.0,0.26,0.23,0.32,-0.030000001,-10.344828,1.0,235,0.49219257812500006,False,REGULAR,USD
2026-09-18,put,AAPL260918P00110000,2025-12-09 19:21:26+00:00,110.0,0.3,0.27,0.38,-0.14999998,-33.33333,1.0,157,0.481450498046875,False,REGULAR,USD
2026-09-18,put,AAPL260918P00115000,2025-12-09 20:10:34+00:00,115.0,0.34,0.32,0.43,-0.07999998,-19.047615,5.0,369,0.46802289794921875,False,REGULAR,USD
2026-09-18,put,AAPL260918P00120000,2025-12-04 15:14:25+00:00,120.0,0.42,0.39,0.45,0.0,0.0,1.0,1175,0.450200810546875,False,REGULAR,USD
2026-09-18,put,AAPL260918P00125000,2025-11-26 15:14:56+00:00,125.0,0.58,0.43,0.56,0.0,0.0,1.0,33,0.44434149414062496,False,REGULAR,USD
2026-09-18,put,AAPL260918P00130000,2025-12-05 18:37:01+00:00,130.0,0.55,0.51,0.63,0.0,0.0,1.0,315,0.43237872314453124,False,REGULAR,USD
2026-09-18,put,AAPL260918P00135000,2025-12-01 15:32:42+00:00,135.0,0.69,0.59,0.73,0.0,0.0,1.0,131,0.422857333984375,False,REGULAR,USD
2026-09-18,put,AAPL260918P00140000,2025-12-09 14:47:34+00:00,140.0,0.74,0.74,0.83,-0.17000002,-18.68132,36.0,287,0.41260353027343744,False,REGULAR,USD
2026-09-18,put,AAPL260918P00145000,2025-11-26 16:48:48+00:00,145.0,0.92,0.82,0.9,0.0,0.0,5.0,770,0.39929799926757814,False,REGULAR,USD
2026-09-18,put,AAPL260918P00150000,2025-12-04 19:26:25+00:00,150.0,1.03,0.97,1.03,0.0,0.0,1.0,3590,0.39014281738281253,False,REGULAR,USD
2026-09-18,put,AAPL260918P00155000,2025-12-04 14:43:26+00:00,155.0,1.11,1.07,1.18,0.0,0.0,1.0,1043,0.38147591186523433,False,REGULAR,USD
2026-09-18,put,AAPL260918P00160000,2025-12-08 20:08:45+00:00,160.0,1.29,1.27,1.34,0.0,0.0,1.0,3395,0.37256486816406253,False,REGULAR,USD
2026-09-18,put,AAPL260918P00165000,2025-12-03 16:01:31+00:00,165.0,1.41,1.47,1.54,0.0,0.0,2.0,2555,0.3648745153808594,False,REGULAR,USD
2026-09-18,put,AAPL260918P00170000,2025-12-08 15:25:48+00:00,170.0,1.67,1.71,1.76,0.0,0.0,1.0,3212,0.3570620935058594,False,REGULAR,USD
2026-09-18,put,AAPL260918P00175000,2025-12-09 19:51:41+00:00,175.0,1.91,1.94,2.02,0.029999971,1.5957432,52.0,1870,0.34992105163574216,False,REGULAR,USD
2026-09-18,put,AAPL260918P00180000,2025-12-04 15:56:31+00:00,180.0,2.25,2.24,2.29,0.0,0.0,34.0,1680,0.3421086297607422,False,REGULAR,USD
2026-09-18,put,AAPL260918P00185000,2025-12-04 15:05:18+00:00,185.0,2.53,2.48,2.67,0.0,0.0,30.0,3288,0.3369817279052735,False,REGULAR,USD
2026-09-18,put,AAPL260918P00190000,2025-12-08 14:35:31+00:00,190.0,2.81,2.91,2.99,0.0,0.0,1.0,2324,0.3286810296630859,False,REGULAR,USD
2026-09-18,put,AAPL260918P00195000,2025-12-08 20:23:48+00:00,195.0,3.3,3.3,3.4,0.0,0.0,10.0,3638,0.3220282641601562,False,REGULAR,USD
2026-09-18,put,AAPL260918P00200000,2025-12-08 14:43:48+00:00,200.0,3.7,3.75,3.9,0.0,0.0,4.0,7592,0.3164741204833984,False,REGULAR,USD
2026-09-18,put,AAPL260918P00205000,2025-12-08 15:31:59+00:00,205.0,4.2,4.25,4.35,0.0,0.0,1.0,4073,0.3085396295166015,False,REGULAR,USD
2026-09-18,put,AAPL260918P00210000,2025-12-09 15:38:57+00:00,210.0,4.85,4.8,4.95,0.099999905,2.105261,3.0,3124,0.3028328994750976,False,REGULAR,USD
2026-09-18,put,AAPL260918P00215000,2025-12-08 17:06:51+00:00,215.0,5.43,5.4,5.6,0.0,0.0,11.0,1997,0.29682099670410156,False,REGULAR,USD
2026-09-18,put,AAPL260918P00220000,2025-12-04 19:22:32+00:00,220.0,6.35,6.1,6.3,0.0,0.0,8.0,1322,0.29050392120361324,False,REGULAR,USD
2026-09-18,put,AAPL260918P00225000,2025-12-08 15:16:19+00:00,225.0,6.85,6.95,7.1,0.0,0.0,46.0,2350,0.2846446047973632,False,REGULAR,USD
2026-09-18,put,AAPL260918P00230000,2025-12-05 18:57:18+00:00,230.0,7.81,7.85,8.0,0.13000011,1.6927098,1.0,2029,0.2790599438476562,False,REGULAR,USD
2026-09-18,put,AAPL260918P00235000,2025-12-09 15:27:23+00:00,235.0,8.81,8.8,9.0,-0.03999996,-0.45197695,16.0,1048,0.2736126106262207,False,REGULAR,USD
2026-09-18,put,AAPL260918P00240000,2025-12-09 20:54:40+00:00,240.0,10.0,9.9,10.1,0.0,0.0,92.0,5432,0.26818053604125974,False,REGULAR,USD
2026-09-18,put,AAPL260918P00245000,2025-12-09 16:27:15+00:00,245.0,11.06,11.1,11.4,0.010000229,0.09049981,14.0,1281,0.26392337646484376,False,REGULAR,USD
2026-09-18,put,AAPL260918P00250000,2025-12-09 18:46:15+00:00,250.0,12.2,12.45,12.65,-0.4499998,-3.5573108,266.0,4342,0.2575910423278809,False,REGULAR,USD
2026-09-18,put,AAPL260918P00255000,2025-12-09 20:10:27+00:00,255.0,13.72,13.85,14.05,-0.17999935,-1.2949594,16.0,2897,0.2516401741027832,False,REGULAR,USD
2026-09-18,put,AAPL260918P00260000,2025-12-09 20:10:27+00:00,260.0,15.26,15.4,15.65,0.020000458,0.1312366,14.0,2243,0.24649801361083984,False,REGULAR,USD
2026-09-18,put,AAPL260918P00265000,2025-12-09 16:23:24+00:00,265.0,17.15,17.1,17.4,-0.030000687,-0.17462565,24.0,1517,0.24146266357421875,False,REGULAR,USD
2026-09-18,put,AAPL260918P00270000,2025-12-09 16:23:24+00:00,270.0,19.0,19.05,19.25,0.0,0.0,18.0,1190,0.23590851989746092,False,REGULAR,USD
2026-09-18,put,AAPL260918P00275000,2025-12-09 17:31:22+00:00,275.0,20.8,20.85,21.3,-0.30000114,-1.4218063,22.0,423,0.23079687667846682,False,REGULAR,USD
2026-09-18,put,AAPL260918P00280000,2025-12-08 19:00:10+00:00,280.0,23.25,23.25,23.5,-0.45000076,-1.8987373,1.0,387,0.22553264709472653,True,REGULAR,USD
2026-09-18,put,AAPL260918P00285000,2025-12-08 16:54:05+00:00,285.0,25.28,25.35,25.9,-0.289999,-1.1341377,4.0,341,0.2205583316040039,True,REGULAR,USD
2026-09-18,put,AAPL260918P00290000,2025-12-08 19:21:10+00:00,290.0,27.7,28.2,28.45,-0.9399986,-3.282118,4.0,214,0.21527884338378905,True,REGULAR,USD
2026-09-18,put,AAPL260918P00295000,2025-12-08 18:52:27+00:00,295.0,31.39,30.5,31.65,0.0,0.0,2.0,49,0.21489737747192383,True,REGULAR,USD
2026-09-18,put,AAPL260918P00300000,2025-12-08 19:08:32+00:00,300.0,34.37,33.6,34.35,0.0,0.0,6.0,594,0.20731383514404295,True,REGULAR,USD
2026-09-18,put,AAPL260918P00310000,2025-12-03 19:47:58+00:00,310.0,36.55,40.15,41.95,0.0,0.0,4.0,32,0.21083858016967771,True,REGULAR,USD
2026-09-18,put,AAPL260918P00320000,2025-12-09 17:56:30+00:00,320.0,46.89,46.8,49.15,4.130001,9.658563,2.0,79,0.20273624420166014,True,REGULAR,USD
2026-09-18,put,AAPL260918P00330000,2025-12-05 20:16:54+00:00,330.0,54.09,55.1,56.95,0.0,0.0,2.0,159,0.19409985595703128,True,REGULAR,USD
2026-09-18,put,AAPL260918P00340000,2025-12-08 14:30:19+00:00,340.0,62.75,63.05,65.5,0.0,0.0,13.0,270,0.18869829864501952,True,REGULAR,USD
2026-09-18,put,AAPL260918P00350000,2025-12-05 20:55:25+00:00,350.0,72.0,72.75,74.9,0.0,0.0,5.0,70,0.19379468322753907,True,REGULAR,USD
2026-09-18,put,AAPL260918P00360000,2025-11-26 15:50:22+00:00,360.0,83.0,81.1,84.05,0.0,0.0,1.0,1,0.1871419177246094,True,REGULAR,USD
2026-09-18,put,AAPL260918P00380000,2025-11-24 20:51:47+00:00,380.0,103.77,101.1,104.65,0.0,0.0,1.0,0,0.23474886352539062,True,REGULAR,USD
2026-09-18,put,AAPL260918P00400000,2025-11-21 19:45:38+00:00,400.0,127.18,121.1,123.95,0.0,0.0,2.0,0,0.23902128173828124,True,REGULAR,USD
2026-09-18,put,AAPL260918P00420000,2025-11-21 19:47:51+00:00,420.0,147.75,141.1,143.95,0.0,0.0,5.0,0,0.26355716918945316,True,REGULAR,USD
2026-12-18,call,AAPL261218C00005000,2025-11-17 15:15:39+00:00,5.0,264.64,270.4,274.25,0.0,0.0,1.0,2,1.6796891015625,True,REGULAR,USD
2026-12-18,call,AAPL261218C00010000,2025-09-25 18:39:45+00:00,10.0,245.23,260.75,264.45,0.0,0.0,10.0,0,1.0000000000000003e-05,True,REGULAR,USD
2026-12-18,call,AAPL261218C00015000,2025-06-23 13:37:47+00:00,15.0,186.06,211.25,214.8,0.0,0.0,4.0,5,1.0000000000000003e-05,True,REGULAR,USD
2026-12-18,call,AAPL261218C00020000,2025-10-22 15:07:35+00:00,20.0,240.8,255.65,259.55,0.0,0.0,1.0,5,1.1967813598632815,True,REGULAR,USD
2026-12-18,call,AAPL261218C00025000,2025-07-09 17:23:44+00:00,25.0,184.65,201.6,205.15,0.0,0.0,1.0,2,1.0000000000000003e-05,True,REGULAR,USD
2026-12-18,call,AAPL261218C00030000,2025-08-12 13:41:01+00:00,30.0,199.1,0.0,0.0,0.0,0.0,2.0,10,1.0000000000000003e-05,True,REGULAR,USD
2026-12-18,call,AAPL261218C00035000,2025-04-09 15:27:58+00:00,35.0,146.2,162.8,166.55,0.0,0.0,1.0,3,1.0000000000000003e-05,True,REGULAR,USD
2026-12-18,call,AAPL261218C00040000,2025-05-27 17:01:33+00:00,40.0,161.68,160.2,163.5,0.0,0.0,1.0,0,1.0000000000000003e-05,True,REGULAR,USD
2026-12-18,call,AAPL261218C00045000,2025-05-06 17:35:58+00:00,45.0,156.53,155.9,159.8,0.0,0.0,1.0,57,1.0000000000000003e-05,True,REGULAR,USD
2026-12-18,call,AAPL261218C00050000,2025-11-03 17:29:43+00:00,50.0,219.15,227.5,230.25,0.0,0.0,1.0,1982,0.9641116870117188,True,REGULAR,USD
2026-12-18,call,AAPL261218C00060000,2025-12-01 18:44:28+00:00,60.0,223.25,217.45,221.0,0.0,0.0,10.0,279,0.8945323046874999,True,REGULAR,USD
2026-12-18,call,AAPL261218C00070000,2025-10-31 19:57:28+00:00,70.0,203.0,216.85,220.5,0.0,0.0,2.0,2524,1.2717931918334955,True,REGULAR,USD
2026-12-18,call,AAPL261218C00080000,2025-11-06 16:16:57+00:00,80.0,195.28,198.3,201.9,0.0,0.0,30.0,394,0.7891866784667969,True,REGULAR,USD
2026-12-18,call,AAPL261218C00085000,2025-12-05 14:46:56+00:00,85.0,197.23,193.45,197.3,0.0,0.0,37.0,652,0.7685570019531252,True,REGULAR,USD
2026-12-18,call,AAPL261218C00090000,2025-11-07 19:16:15+00:00,90.0,180.5,188.8,192.4,0.0,0.0,27.0,478,0.7456080126953125,True,REGULAR,USD
2026-12-18,call,AAPL261218C00095000,2025-12-05 19:47:58+00:00,95.0,187.67,184.05,187.65,0.0,0.0,1.0,101,0.7246121289062499,True,REGULAR,USD
2026-12-18,call,AAPL261218C00100000,2025-12-09 16:37:39+00:00,100.0,181.5,179.85,182.25,-9.0,-4.7244096,20.0,3216,0.7019683123779297,True,REGULAR,USD
2026-12-18,call,AAPL261218C00105000,2025-11-07 14:40:31+00:00,105.0,168.76,174.55,178.15,0.0,0.0,1.0,176,0.6842072595214845,True,REGULAR,USD
2026-12-18,call,AAPL261218C00110000,2025-11-26 17:11:09+00:00,110.0,173.91,169.8,173.4,0.0,0.0,8.0,476,0.6646762048339845,True,REGULAR,USD
2026-12-18,call,AAPL261218C00115000,2025-12-02 20:05:13+00:00,115.0,174.65,165.7,168.7,0.0,0.0,55.0,293,0.6580844738769531,True,REGULAR,USD
2026-12-18,call,AAPL261218C00120000,2025-12-04 15:24:57+00:00,120.0,166.2,160.4,162.55,0.0,0.0,2.0,1198,0.6051064880371095,True,REGULAR,USD
2026-12-18,call,AAPL261218C00125000,2025-12-08 15:37:49+00:00,125.0,158.06,156.25,159.3,0.0,0.0,1.0,418,0.622074091796875,True,REGULAR,USD
2026-12-18,call,AAPL261218C00130000,2025-12-08 19:00:22+00:00,130.0,153.55,150.9,154.6,0.0,0.0,35.0,1422,0.5952188916015625,True,REGULAR,USD
2026-12-18,call,AAPL261218C00135000,2025-11-25 20:45:22+00:00,135.0,148.67,146.9,149.9,0.0,0.0,1.0,659,0.5885661260986328,True,REGULAR,USD
2026-12-18,call,AAPL261218C00140000,2025-12-05 20:38:41+00:00,140.0,145.5,142.35,145.2,0.0,0.0,2.0,1065,0.573795765991211,True,REGULAR,USD
2026-12-18,call,AAPL261218C00145000,2025-11-03 14:34:21+00:00,145.0,132.31,137.05,140.65,0.0,0.0,1.0,479,0.5515181567382813,True,REGULAR,USD
2026-12-18,call,AAPL261218C00150000,2025-12-09 18:43:00+00:00,150.0,135.0,133.05,134.55,-1.300003,-0.95378065,1.0,499,0.5268602001953125,True,REGULAR,USD
2026-12-18,call,AAPL261218C00155000,2025-12-05 20:38:19+00:00,155.0,131.29,128.9,131.45,0.0,0.0,1.0,297,0.5354965884399415,True,REGULAR,USD
2026-12-18,call,AAPL261218C00160000,2025-12-08 14:57:49+00:00,160.0,125.58,124.15,126.35,0.0,0.0,10.0,1041,0.5141650146484374,True,REGULAR,USD
2026-12-18,call,AAPL261218C00165000,2025-12-02 20:42:45+00:00,165.0,129.65,119.85,122.4,0.0,0.0,1.0,487,0.5094653546142578,True,REGULAR,USD
2026-12-18,call,AAPL261218C00170000,2025-12-05 14:33:38+00:00,170.0,119.02,115.0,117.05,0.0,0.0,20.0,1124,0.5047046600341796,True,REGULAR,USD
2026-12-18,call,AAPL261218C00175000,2025-12-05 18:59:36+00:00,175.0,113.03,111.05,112.15,0.0,0.0,10.0,846,0.4842886044311524,True,REGULAR,USD
2026-12-18,call,AAPL261218C00180000,2025-12-09 18:53:53+00:00,180.0,108.55,106.65,107.7,-0.5,-0.45850527,3.0,983,0.47211221252441404,True,REGULAR,USD
2026-12-18,call,AAPL261218C00185000,2025-12-09 18:54:43+00:00,185.0,104.12,102.4,103.1,-7.0499954,-6.3416348,2.0,1305,0.45725030059814464,True,REGULAR,USD
2026-12-18,call,AAPL261218C00190000,2025-12-09 18:55:40+00:00,190.0,99.73,98.1,98.8,-0.23999786,-0.24006988,2.0,1007,0.4471185659790039,True,REGULAR,USD
2026-12-18,call,AAPL261218C00195000,2025-12-08 14:42:27+00:00,195.0,94.9,93.75,94.5,0.0,0.0,1.0,1087,0.43659010681152344,True,REGULAR,USD
2026-12-18,call,AAPL261218C00200000,2025-12-09 20:10:56+00:00,200.0,90.4,89.8,90.3,0.9300003,1.0394549,20.0,23743,0.4271602694702149,True,REGULAR,USD
2026-12-18,call,AAPL261218C00210000,2025-12-09 20:12:24+00:00,210.0,82.15,81.6,81.95,0.5299988,0.64934915,42.0,5964,0.4075681802368164,True,REGULAR,USD
2026-12-18,call,AAPL261218C00220000,2025-12-09 20:45:28+00:00,220.0,74.3,73.6,73.95,1.300003,1.7808261,13.0,3534,0.39053954193115237,True,REGULAR,USD
2026-12-18,call,AAPL261218C00230000,2025-12-09 20:27:01+00:00,230.0,66.55,66.0,66.25,0.6000061,0.90978944,77.0,5244,0.37473159454345706,True,REGULAR,USD
2026-12-18,call,AAPL261218C00240000,2025-12-08 20:28:51+00:00,240.0,59.25,58.6,58.95,0.9000015,1.5424191,2.0,5880,0.36072416625976556,True,REGULAR,USD
2026-12-18,call,AAPL261218C00250000,2025-12-09 19:00:25+00:00,250.0,52.89,51.6,51.95,1.4399986,2.7988312,66.0,9821,0.3469456175231933,True,REGULAR,USD
2026-12-18,call,AAPL261218C00260000,2025-12-09 20:46:37+00:00,260.0,45.6,45.1,45.5,-0.09000015,-0.19697998,7.0,4617,0.3354863815307617,True,REGULAR,USD
2026-12-18,call,AAPL261218C00270000,2025-12-09 20:52:30+00:00,270.0,39.4,39.05,39.4,0.75,1.9404916,24.0,5690,0.3239966282653808,True,REGULAR,USD
2026-12-18,call,AAPL261218C00280000,2025-12-09 19:24:53+00:00,280.0,34.42,33.45,33.8,1.329998,4.0193353,29.0,4020,0.3136054968261719,False,REGULAR,USD
2026-12-18,call,AAPL261218C00290000,2025-12-09 19:18:04+00:00,290.0,29.42,28.45,28.75,0.8199997,2.8671317,150.0,8233,0.3044808322143554,False,REGULAR,USD
2026-12-18,call,AAPL261218C00300000,2025-12-09 19:24:53+00:00,300.0,24.85,24.0,24.25,0.8999996,3.757827,183.0,9325,0.29650056533813474,False,REGULAR,USD
2026-12-18,call,AAPL261218C00310000,2025-12-09 17:53:06+00:00,310.0,20.42,20.05,20.3,0.5699997,2.8715348,48.0,3132,0.2896341789245605,False,REGULAR,USD
2026-12-18,call,AAPL261218C00320000,2025-12-09 20:48:41+00:00,320.0,16.95,16.65,16.9,0.5400009,3.290682,121.0,8665,0.2839732247924803,False,REGULAR,USD
2026-12-18,call,AAPL261218C00330000,2025-12-09 18:38:16+00:00,330.0,14.1,13.75,13.95,0.32000065,2.3222108,77.0,1828,0.2788158056640625,False,REGULAR,USD
2026-12-18,call,AAPL261218C00340000,2025-12-09 18:49:54+00:00,340.0,11.7,11.3,11.5,0.5,4.464286,8.0,1127,0.27497062927246096,False,REGULAR,USD
2026-12-18,call,AAPL261218C00350000,2025-12-09 19:03:46+00:00,350.0,9.35,9.3,9.45,0.0,0.0,16.0,7813,0.2718578674316406,False,REGULAR,USD
2026-12-18,call,AAPL261218C00360000,2025-12-09 20:40:34+00:00,360.0,7.78,7.6,7.8,0.21000004,2.7741086,18.0,2379,0.2700420896911621,False,REGULAR,USD
2026-12-18,call,AAPL261218C00370000,2025-12-09 20:10:42+00:00,370.0,6.34,6.2,6.35,-0.17999983,-2.7607336,4.0,2676,0.2675549319458008,False,REGULAR,USD
2026-12-18,call,AAPL261218C00380000,2025-12-09 16:36:13+00:00,380.0,5.2,5.1,5.25,-0.13000011,-2.4390266,20.0,1246,0.2669140692138672,False,REGULAR,USD
2026-12-18,call,AAPL261218C00390000,2025-12-04 16:21:33+00:00,390.0,5.02,4.15,4.3,0.0,0.0,4.0,264,0.26587648193359376,False,REGULAR,USD
2026-12-18,call,AAPL261218C00400000,2025-12-09 14:59:43+00:00,400.0,3.6,3.4,3.55,0.029999971,0.84033537,1.0,703,0.26563234375,False,REGULAR,USD
2026-12-18,call,AAPL261218C00410000,2025-12-08 14:56:31+00:00,410.0,3.0,2.74,2.99,0.0,0.0,1.0,355,0.2667920001220704,False,REGULAR,USD
2026-12-18,call,AAPL261218C00420000,2025-12-09 20:42:37+00:00,420.0,2.41,2.35,2.42,-0.31999993,-11.721609,4.0,621,0.26557130920410155,False,REGULAR,USD
2026-12-18,call,AAPL261218C00430000,2025-12-02 15:12:02+00:00,430.0,2.58,1.87,2.06,0.0,0.0,1.0,359,0.26734131103515624,False,REGULAR,USD
2026-12-18,call,AAPL261218C00440000,2025-12-08 18:06:39+00:00,440.0,1.69,1.63,1.71,0.0,0.0,1.0,136,0.26770751831054684,False,REGULAR,USD
2026-12-18,call,AAPL261218C00450000,2025-12-08 17:57:54+00:00,450.0,1.42,1.39,1.43,0.0,0.0,2.0,1564,0.26843993286132806,False,REGULAR,USD
2026-12-18,call,AAPL261218C00460000,2025-12-01 18:04:43+00:00,460.0,1.37,1.1,1.26,0.0,0.0,3.0,19,0.27161372924804683,False,REGULAR,USD
2026-12-18,call,AAPL261218C00470000,2025-12-04 19:56:14+00:00,470.0,1.16,0.93,1.08,0.0,0.0,2.0,12,0.27332269653320307,False,REGULAR,USD
2026-12-18,call,AAPL261218C00480000,2025-12-05 14:35:05+00:00,480.0,0.96,0.79,0.94,0.0,0.0,1.0,72,0.2755199401855468,False,REGULAR,USD
2026-12-18,call,AAPL261218C00490000,2025-12-03 19:30:05+00:00,490.0,1.01,0.72,0.78,0.0,0.0,6.0,32,0.2755199401855468,False,REGULAR,USD
2026-12-18,call,AAPL261218C00500000,2025-12-03 14:32:52+00:00,500.0,0.95,0.62,0.68,0.0,0.0,50.0,202,0.2775951147460937,False,REGULAR,USD
2026-12-18,call,AAPL261218C00510000,2025-12-09 20:39:05+00:00,510.0,0.58,0.49,0.63,-0.06999999,-10.76923,5.0,18,0.2819896020507812,False,REGULAR,USD
2026-12-18,call,AAPL261218C00520000,2025-12-03 14:55:12+00:00,520.0,0.72,0.42,0.52,0.0,0.0,15.0,23,0.28162339477539056,False,REGULAR,USD
2026-12-18,call,AAPL261218C00530000,2025-12-04 20:53:57+00:00,530.0,0.49,0.43,0.44,0.0,0.0,72.0,604,0.282233740234375,False,REGULAR,USD
2026-12-18,put,AAPL261218P00005000,2025-11-14 14:57:50+00:00,5.0,0.02,0.0,0.49,0.0,0.0,1.0,104,1.8085947070312498,False,REGULAR,USD
2026-12-18,put,AAPL261218P00010000,2025-11-18 17:31:12+00:00,10.0,0.02,0.0,0.1,0.0,0.0,1.0,97,1.1953165234375,False,REGULAR,USD
2026-12-18,put,AAPL261218P00015000,2025-11-26 20:56:45+00:00,15.0,0.01,0.0,0.12,0.0,0.0,4.0,629,1.056645341796875,False,REGULAR,USD
2026-12-18,put,AAPL261218P00020000,2025-11-12 14:49:46+00:00,20.0,0.02,0.0,0.13,0.0,0.0,1.0,2870,0.9531254687499999,False,REGULAR,USD
2026-12-18,put,AAPL261218P00025000,2025-11-06 16:36:27+00:00,25.0,0.03,0.0,0.14,0.0,0.0,1.0,529,0.87500125,False,REGULAR,USD
2026-12-18,put,AAPL261218P00030000,2025-11-17 14:46:04+00:00,30.0,0.04,0.0,0.15,0.0,0.0,138.0,1174,0.8125018749999999,False,REGULAR,USD
2026-12-18,put,AAPL261218P00035000,2025-11-06 16:36:56+00:00,35.0,0.03,0.0,0.14,0.0,0.0,1.0,1390,0.7500025,False,REGULAR,USD
2026-12-18,put,AAPL261218P00040000,2025-11-06 16:36:56+00:00,40.0,0.04,0.0,0.15,0.0,0.0,1.0,289,0.7070341796875,False,REGULAR,USD
2026-12-18,put,AAPL261218P00045000,2025-10-30 17:37:48+00:00,45.0,0.03,0.03,0.16,0.0,0.0,46.0,673,0.6796907031250001,False,REGULAR,USD
2026-12-18,put,AAPL261218P00050000,2025-11-21 16:14:36+00:00,50.0,0.1,0.05,0.06,0.0,0.0,2.0,2165,0.6054726953125001,False,REGULAR,USD
2026-12-18,put,AAPL261218P00060000,2025-12-09 20:31:41+00:00,60.0,0.1,0.1,0.11,-0.059999995,-37.499996,120.0,1417,0.579105771484375,False,REGULAR,USD
2026-12-18,put,AAPL261218P00070000,2025-12-04 15:44:44+00:00,70.0,0.15,0.11,0.23,0.0,0.0,1.0,173,0.551762294921875,False,REGULAR,USD
2026-12-18,put,AAPL261218P00080000,2025-12-09 19:09:00+00:00,80.0,0.22,0.21,0.24,-0.050000012,-18.518522,1.0,3396,0.5170946728515625,False,REGULAR,USD
2026-12-18,put,AAPL261218P00085000,2025-12-01 17:54:51+00:00,85.0,0.25,0.21,0.32,-0.02000001,-7.4074106,1.0,225,0.5034229345703125,False,REGULAR,USD
2026-12-18,put,AAPL261218P00090000,2025-11-12 18:22:55+00:00,90.0,0.29,0.28,0.32,-0.02000001,-6.451616,2.0,1653,0.49219257812500006,False,REGULAR,USD
2026-12-18,put,AAPL261218P00095000,2025-12-09 19:09:41+00:00,95.0,0.34,0.34,0.37,-0.02000001,-5.555558,1.0,2524,0.47900911621093745,False,REGULAR,USD
2026-12-18,put,AAPL261218P00100000,2025-12-09 19:21:13+00:00,100.0,0.39,0.39,0.43,-0.01000002,-2.500005,1.0,2409,0.4672904833984375,False,REGULAR,USD
2026-12-18,put,AAPL261218P00105000,2025-12-09 19:21:03+00:00,105.0,0.45,0.45,0.49,-0.06999999,-13.461537,1.0,2707,0.45483943603515625,False,REGULAR,USD
2026-12-18,put,AAPL261218P00110000,2025-12-09 19:23:06+00:00,110.0,0.5,0.51,0.56,-0.050000012,-9.090911,1.0,1510,0.44336494140625,False,REGULAR,USD
2026-12-18,put,AAPL261218P00115000,2025-12-03 20:46:26+00:00,115.0,0.59,0.59,0.65,0.0,0.0,39.0,1401,0.4335994140625,False,REGULAR,USD
2026-12-18,put,AAPL261218P00120000,2025-12-09 15:06:35+00:00,120.0,0.69,0.68,0.74,-0.01999998,-2.8168988,1.0,1570,0.42310147216796873,False,REGULAR,USD
2026-12-18,put,AAPL261218P00125000,2025-12-09 14:33:30+00:00,125.0,0.79,0.8,0.84,-0.01999998,-2.4691334,21.0,3240,0.4128476684570312,False,REGULAR,USD
2026-12-18,put,AAPL261218P00130000,2025-12-03 14:40:05+00:00,130.0,0.84,0.91,0.97,0.0,0.0,1.0,1074,0.40442490112304685,False,REGULAR,USD
2026-12-18,put,AAPL261218P00135000,2025-12-02 18:45:40+00:00,135.0,1.04,1.05,1.09,-0.01999998,-1.8867908,4.0,1502,0.39453730468750003,False,REGULAR,USD
2026-12-18,put,AAPL261218P00140000,2025-12-08 17:40:34+00:00,140.0,1.17,1.18,1.28,0.0,0.0,1.0,1279,0.3883117810058594,False,REGULAR,USD
2026-12-18,put,AAPL261218P00145000,2025-12-03 20:48:56+00:00,145.0,1.34,1.37,1.46,0.0,0.0,6.0,1061,0.3803772900390625,False,REGULAR,USD
2026-12-18,put,AAPL261218P00150000,2025-12-09 18:07:21+00:00,150.0,1.56,1.58,1.62,0.01999998,1.2987001,84.0,1872,0.3707338317871094,False,REGULAR,USD
2026-12-18,put,AAPL261218P00155000,2025-12-08 15:28:50+00:00,155.0,1.77,1.79,1.85,0.0,0.0,3.0,802,0.36365382446289063,False,REGULAR,USD
2026-12-18,put,AAPL261218P00160000,2025-12-09 16:43:29+00:00,160.0,2.03,2.04,2.1,0.059999943,3.0456824,1.0,3077,0.35645174804687496,False,REGULAR,USD
2026-12-18,put,AAPL261218P00165000,2025-12-04 14:40:59+00:00,165.0,2.27,2.28,2.38,0.0,0.0,1.0,1403,0.34955484436035156,False,REGULAR,USD
2026-12-18,put,AAPL261218P00170000,2025-12-08 14:49:03+00:00,170.0,2.56,2.63,2.7,0.0,0.0,4.0,2283,0.3430241479492187,False,REGULAR,USD
2026-12-18,put,AAPL261218P00175000,2025-12-08 18:08:39+00:00,175.0,2.93,2.99,3.05,0.0,0.0,4.0,1540,0.33649345153808596,False,REGULAR,USD
2026-12-18,put,AAPL261218P00180000,2025-12-09 19:36:21+00:00,180.0,3.29,3.35,3.45,-0.00999999,-0.30303,2.0,3226,0.3303899969482421,False,REGULAR,USD
2026-12-18,put,AAPL261218P00185000,2025-12-09 16:26:16+00:00,185.0,3.81,3.8,3.9,0.059999943,1.5999985,1.0,1452,0.32459171508789053,False,REGULAR,USD
2026-12-18,put,AAPL261218P00190000,2025-12-09 18:24:14+00:00,190.0,4.2,4.25,4.4,-0.01999998,-0.47393322,1.0,2962,0.3189460195922851,False,REGULAR,USD
2026-12-18,put,AAPL261218P00195000,2025-12-09 16:42:56+00:00,195.0,4.8,4.8,4.9,0.10000038,2.1276677,11.0,1733,0.31235428863525383,False,REGULAR,USD
2026-12-18,put,AAPL261218P00200000,2025-12-09 20:52:30+00:00,200.0,5.4,5.35,5.5,0.0,0.0,28.0,10095,0.30680014495849606,False,REGULAR,USD
2026-12-18,put,AAPL261218P00210000,2025-12-09 20:40:34+00:00,210.0,6.72,6.75,6.9,0.119999886,1.8181801,19.0,2588,0.2961801339721679,False,REGULAR,USD
2026-12-18,put,AAPL261218P00220000,2025-12-09 16:03:19+00:00,220.0,8.39,8.35,8.55,-0.009999275,-0.119039,2.0,9850,0.2854075366210937,False,REGULAR,USD
2026-12-18,put,AAPL261218P00230000,2025-12-09 20:54:41+00:00,230.0,10.4,10.3,10.55,-0.10000038,-0.9523846,62.0,3644,0.27533683654785157,False,REGULAR,USD
2026-12-18,put,AAPL261218P00240000,2025-12-08 20:28:20+00:00,240.0,12.41,12.65,12.9,-0.4300003,-3.348912,20.0,6942,0.2652661364746094,False,REGULAR,USD
2026-12-18,put,AAPL261218P00250000,2025-12-09 20:41:05+00:00,250.0,15.34,15.45,15.65,-0.26000023,-1.666668,72.0,2312,0.2552869882202149,False,REGULAR,USD
2026-12-18,put,AAPL261218P00260000,2025-12-09 20:54:41+00:00,260.0,18.75,18.6,18.9,0.049999237,0.2673756,8.0,3534,0.24585715087890625,False,REGULAR,USD
2026-12-18,put,AAPL261218P00270000,2025-12-09 20:34:39+00:00,270.0,22.25,22.3,22.6,-0.35000038,-1.5486742,34.0,1913,0.23601533035278316,False,REGULAR,USD
2026-12-18,put,AAPL261218P00280000,2025-12-09 19:28:12+00:00,280.0,26.1,26.6,26.85,-0.69999886,-2.611936,428.0,2025,0.2262498030090332,True,REGULAR,USD
2026-12-18,put,AAPL261218P00290000,2025-12-08 18:35:40+00:00,290.0,31.85,31.15,32.15,0.0,0.0,12.0,266,0.2206193661499023,True,REGULAR,USD
2026-12-18,put,AAPL261218P00300000,2025-12-08 20:23:32+00:00,300.0,37.2,36.8,37.3,0.0,0.0,5.0,5258,0.20804624969482416,True,REGULAR,USD
2026-12-18,put,AAPL261218P00310000,2025-12-09 16:07:29+00:00,310.0,43.0,42.65,44.55,0.66999817,1.5827974,2.0,81,0.2093584924316406,True,REGULAR,USD
2026-12-18,put,AAPL261218P00320000,2025-12-09 17:57:45+00:00,320.0,49.24,49.7,51.65,0.37000275,0.7571163,4.0,74,0.20404848693847655,True,REGULAR,USD
2026-12-18,put,AAPL261218P00330000,2025-12-08 16:56:32+00:00,330.0,57.01,57.1,59.1,0.0,0.0,2.0,139,0.19654123779296873,True,REGULAR,USD
2026-12-18,put,AAPL261218P00340000,2025-12-09 16:55:08+00:00,340.0,64.76,65.1,66.95,0.76000214,1.1875033,2.0,285,0.1870198486328125,True,REGULAR,USD
2026-12-18,put,AAPL261218P00350000,2025-12-09 18:50:54+00:00,350.0,72.71,73.6,74.2,0.33999634,0.46980286,4.0,77,0.15335929656982422,True,REGULAR,USD
2026-12-18,put,AAPL261218P00360000,2025-12-05 20:14:32+00:00,360.0,81.44,82.7,84.9,0.0,0.0,8.0,75,0.18335777587890623,True,REGULAR,USD
2026-12-18,put,AAPL261218P00370000,2025-12-05 18:21:09+00:00,370.0,91.17,91.1,94.05,0.0,0.0,2.0,0,0.17603363037109376,True,REGULAR,USD
2026-12-18,put,AAPL261218P00380000,2025-11-26 19:31:13+00:00,380.0,101.61,101.1,104.1,0.0,0.0,3.0,0,0.18988847229003908,True,REGULAR,USD
2026-12-18,put,AAPL261218P00390000,2025-11-04 17:16:25+00:00,390.0,120.22,111.1,114.05,0.0,0.0,1.0,0,0.2002643450927734,True,REGULAR,USD
2026-12-18,put,AAPL261218P00400000,2025-12-02 17:08:35+00:00,400.0,115.05,121.1,124.05,0.0,0.0,6.0,0,0.21161677062988277,True,REGULAR,USD
2026-12-18,put,AAPL261218P00410000,2025-11-04 17:16:25+00:00,410.0,140.2,131.1,134.05,0.0,0.0,1.0,0,0.22260298889160152,True,REGULAR,USD
2026-12-18,put,AAPL261218P00440000,2025-01-03 15:21:54+00:00,440.0,197.3,0.0,0.0,0.0,0.0,4.0,0,1.0000000000000003e-05,True,REGULAR,USD
2026-12-18,put,AAPL261218P00450000,2025-09-25 19:24:33+00:00,450.0,193.1,175.85,179.55,0.0,0.0,1.0,0,0.3814453945922851,True,REGULAR,USD
2027-01-15,call,AAPL270115C00005000,2025-11-26 20:09:53+00:00,5.0,274.2,270.4,274.3,0.0,0.0,13.0,20,1.654298603515625,True,REGULAR,USD
2027-01-15,call,AAPL270115C00010000,2025-11-26 14:36:34+00:00,10.0,268.81,265.45,269.35,0.0,0.0,10.0,56,1.369143779296875,True,REGULAR,USD
2027-01-15,call,AAPL270115C00015000,2025-11-07 20:25:47+00:00,15.0,252.65,260.6,264.5,0.0,0.0,200.0,188,1.2714880175781247,True,REGULAR,USD
2027-01-15,call,AAPL270115C00020000,2025-10-23 15:52:10+00:00,20.0,240.33,255.7,259.6,0.0,0.0,2.0,29,1.173832255859375,True,REGULAR,USD
2027-01-15,call,AAPL270115C00025000,2025-05-23 17:36:45+00:00,25.0,172.1,174.8,178.65,0.0,0.0,3.0,5,1.0000000000000003e-05,True,REGULAR,USD
2027-01-15,call,AAPL270115C00030000,2025-08-08 13:57:09+00:00,30.0,192.4,208.35,212.05,0.0,0.0,3.0,4,1.0000000000000003e-05,True,REGULAR,USD
2027-01-15,call,AAPL270115C00035000,2025-05-06 16:43:54+00:00,35.0,165.98,165.3,169.2,0.0,0.0,1.0,5,1.0000000000000003e-05,True,REGULAR,USD
2027-01-15,call,AAPL270115C00040000,2025-11-07 15:37:12+00:00,40.0,233.1,236.65,240.35,0.0,0.0,1.0,29,1.0056202062988282,True,REGULAR,USD
2027-01-15,call,AAPL270115C00045000,2025-10-09 13:39:10+00:00,45.0,213.4,227.25,230.95,0.0,0.0,1.0,2,1.0000000000000003e-05,True,REGULAR,USD
2027-01-15,call,AAPL270115C00050000,2025-11-28 17:20:33+00:00,50.0,228.39,227.1,231.0,0.0,0.0,1.0,79,0.948242705078125,True,REGULAR,USD
2027-01-15,call,AAPL270115C00060000,2025-10-24 14:33:27+00:00,60.0,203.25,217.55,221.35,0.0,0.0,1.0,123,0.8814709118652342,True,REGULAR,USD
2027-01-15,call,AAPL270115C00070000,2025-12-04 19:00:22+00:00,70.0,212.17,208.15,211.75,0.0,0.0,1.0,162,0.8293474096679687,True,REGULAR,USD
2027-01-15,call,AAPL270115C00080000,2025-10-15 16:43:18+00:00,80.0,172.8,194.0,197.75,0.0,0.0,45.0,333,0.5649457568359376,True,REGULAR,USD
2027-01-15,call,AAPL270115C00085000,2025-12-04 19:49:21+00:00,85.0,199.0,193.9,197.5,0.0,0.0,5.0,155,0.7581811291503908,True,REGULAR,USD
2027-01-15,call,AAPL270115C00090000,2025-12-02 17:52:48+00:00,90.0,199.67,189.15,192.75,0.0,0.0,1.0,306,0.7359645544433593,True,REGULAR,USD
2027-01-15,call,AAPL270115C00095000,2025-12-03 17:44:57+00:00,95.0,195.0,185.0,188.0,0.0,0.0,1.0,15,0.7274197180175781,True,REGULAR,USD
2027-01-15,call,AAPL270115C00100000,2025-12-05 16:29:06+00:00,100.0,183.8,179.7,183.25,0.0,0.0,1.0,510,0.6948272705078126,True,REGULAR,USD
2027-01-15,call,AAPL270115C00105000,2025-11-07 14:41:13+00:00,105.0,168.92,175.85,178.55,0.0,0.0,1.0,65,0.6922027850341796,True,REGULAR,USD
2027-01-15,call,AAPL270115C00110000,2025-12-09 14:31:39+00:00,110.0,173.62,170.15,173.4,1.7899933,1.0417234,150.0,43,0.6475865319824219,True,REGULAR,USD
2027-01-15,call,AAPL270115C00115000,2025-12-08 14:36:22+00:00,115.0,168.26,165.55,168.75,0.0,0.0,6.0,57,0.6330603100585939,True,REGULAR,USD
2027-01-15,call,AAPL270115C00120000,2025-12-08 17:53:43+00:00,120.0,163.0,160.85,164.45,0.0,0.0,4.0,556,0.6223792645263673,True,REGULAR,USD
2027-01-15,call,AAPL270115C00125000,2025-10-30 18:47:38+00:00,125.0,152.8,165.1,168.65,0.0,0.0,2.0,248,0.8229387823486327,True,REGULAR,USD
2027-01-15,call,AAPL270115C00130000,2025-12-08 18:03:46+00:00,130.0,153.8,151.55,155.1,0.0,0.0,1.0,306,0.5904581970214844,True,REGULAR,USD
2027-01-15,call,AAPL270115C00135000,2025-12-04 15:35:10+00:00,135.0,152.95,147.4,150.45,0.0,0.0,2.0,1576,0.5815471533203125,True,REGULAR,USD
2027-01-15,call,AAPL270115C00140000,2025-12-09 17:36:59+00:00,140.0,145.0,142.8,145.85,-3.300003,-2.2252212,2.0,1566,0.5670819659423829,True,REGULAR,USD
2027-01-15,call,AAPL270115C00145000,2025-12-04 17:54:44+00:00,145.0,142.67,138.35,141.15,0.0,0.0,4.0,6389,0.5532576412963868,True,REGULAR,USD
2027-01-15,call,AAPL270115C00150000,2025-12-09 16:00:06+00:00,150.0,135.28,134.15,136.35,-0.11999512,-0.08862269,1.0,1697,0.5410202148437502,True,REGULAR,USD
2027-01-15,call,AAPL270115C00155000,2025-12-09 17:54:12+00:00,155.0,131.4,129.35,132.1,-2.100006,-1.5730382,1.0,133,0.528050373840332,True,REGULAR,USD
2027-01-15,call,AAPL270115C00160000,2025-12-04 14:41:46+00:00,160.0,131.08,124.45,127.6,0.0,0.0,1.0,654,0.5115405291748047,True,REGULAR,USD
2027-01-15,call,AAPL270115C00165000,2025-12-03 15:45:17+00:00,165.0,130.3,120.45,122.75,0.0,0.0,1.0,323,0.5004322418212892,True,REGULAR,USD
2027-01-15,call,AAPL270115C00170000,2025-12-09 20:35:09+00:00,170.0,117.31,116.1,117.55,-1.6700058,-1.4036021,4.0,870,0.49573258178710944,True,REGULAR,USD
2027-01-15,call,AAPL270115C00175000,2025-12-09 20:41:42+00:00,175.0,113.08,111.85,113.1,1.1399994,1.0184021,2.0,1448,0.48337308624267583,True,REGULAR,USD
2027-01-15,call,AAPL270115C00180000,2025-12-09 18:29:40+00:00,180.0,109.19,107.3,108.7,1.5400009,1.4305629,2.0,909,0.471684970703125,True,REGULAR,USD
2027-01-15,call,AAPL270115C00185000,2025-12-09 18:51:17+00:00,185.0,104.88,103.4,104.2,-0.19000244,-0.18083414,2.0,766,0.45825737060546884,True,REGULAR,USD
2027-01-15,call,AAPL270115C00190000,2025-12-09 20:40:39+00:00,190.0,100.0,99.1,100.1,0.69999695,0.70493144,2.0,931,0.45064331100463867,True,REGULAR,USD
2027-01-15,call,AAPL270115C00195000,2025-12-09 20:54:47+00:00,195.0,95.19,94.85,95.6,-1.8099976,-1.8659768,3.0,658,0.43683424499511714,True,REGULAR,USD
2027-01-15,call,AAPL270115C00200000,2025-12-09 19:58:58+00:00,200.0,91.55,90.7,91.35,0.15000153,0.16411546,2.0,12837,0.42636682037353524,True,REGULAR,USD
2027-01-15,call,AAPL270115C00210000,2025-12-09 18:35:15+00:00,210.0,83.75,82.55,83.15,1.199997,1.4536607,3.0,2074,0.4082243016052246,True,REGULAR,USD
2027-01-15,call,AAPL270115C00220000,2025-12-09 20:56:47+00:00,220.0,74.85,74.65,75.15,-0.05000305,-0.06675975,3.0,4600,0.39066161102294916,True,REGULAR,USD
2027-01-15,call,AAPL270115C00230000,2025-12-09 20:03:43+00:00,230.0,67.75,67.05,67.5,0.12999725,0.19224675,64.0,8941,0.37499099136352537,True,REGULAR,USD
2027-01-15,call,AAPL270115C00240000,2025-12-09 19:52:17+00:00,240.0,60.6,59.8,60.25,0.5999985,0.99999744,8.0,8071,0.3611514080810546,True,REGULAR,USD
2027-01-15,call,AAPL270115C00250000,2025-12-09 19:44:58+00:00,250.0,53.81,52.9,53.35,0.9600029,1.8164672,225.0,9405,0.34810527389526363,True,REGULAR,USD
2027-01-15,call,AAPL270115C00260000,2025-12-09 18:40:37+00:00,260.0,47.4,46.45,46.9,0.58000183,1.2387908,4.0,14707,0.33646293426513674,True,REGULAR,USD
2027-01-15,call,AAPL270115C00270000,2025-12-09 20:52:33+00:00,270.0,40.8,40.5,40.9,0.5,1.2406948,16.0,6966,0.3258429232788086,True,REGULAR,USD
2027-01-15,call,AAPL270115C00280000,2025-12-09 20:52:30+00:00,280.0,35.38,34.9,35.3,0.09000015,0.25503018,58.0,14716,0.3155280850219726,False,REGULAR,USD
2027-01-15,call,AAPL270115C00290000,2025-12-09 20:31:38+00:00,290.0,30.33,29.8,30.25,0.030000687,0.099012166,77.0,3203,0.3066170413208008,False,REGULAR,USD
2027-01-15,call,AAPL270115C00300000,2025-12-09 20:11:27+00:00,300.0,25.44,25.35,25.7,-0.1099987,-0.4305233,201.0,22014,0.298560481262207,False,REGULAR,USD
2027-01-15,call,AAPL270115C00310000,2025-12-09 20:58:56+00:00,310.0,21.45,21.35,21.65,0.17000008,0.79887253,187.0,5201,0.2912973703002929,False,REGULAR,USD
2027-01-15,call,AAPL270115C00320000,2025-12-09 20:14:23+00:00,320.0,18.23,17.95,18.15,0.02999878,0.16482845,92.0,10850,0.2853312434387207,False,REGULAR,USD
2027-01-15,call,AAPL270115C00330000,2025-12-09 19:18:21+00:00,330.0,15.55,15.0,15.15,0.3800001,2.5049448,59.0,5337,0.28043322113037106,False,REGULAR,USD
2027-01-15,call,AAPL270115C00340000,2025-12-09 18:24:18+00:00,340.0,12.86,12.4,12.65,0.42000008,3.3762064,3.0,1855,0.2769237347412109,False,REGULAR,USD
2027-01-15,call,AAPL270115C00350000,2025-12-09 19:12:12+00:00,350.0,10.35,10.25,10.5,0.03999996,0.38797244,18.0,11292,0.27368890380859373,False,REGULAR,USD
2027-01-15,call,AAPL270115C00360000,2025-12-09 19:56:45+00:00,360.0,8.7,8.45,8.65,0.0,0.0,61.0,3137,0.27054562469482424,False,REGULAR,USD
2027-01-15,call,AAPL270115C00370000,2025-12-08 14:31:05+00:00,370.0,7.14,6.95,7.15,-0.26000023,-3.5135167,1.0,1853,0.2684704501342773,False,REGULAR,USD
2027-01-15,call,AAPL270115C00380000,2025-12-09 18:53:15+00:00,380.0,5.91,5.75,5.95,-0.03999996,-0.6722683,4.0,1633,0.26746338012695314,False,REGULAR,USD
2027-01-15,call,AAPL270115C00390000,2025-12-09 14:42:09+00:00,390.0,5.15,4.8,4.95,0.3499999,7.2916646,1.0,1348,0.26676148284912116,False,REGULAR,USD
2027-01-15,call,AAPL270115C00400000,2025-12-09 18:15:22+00:00,400.0,4.12,3.95,4.1,0.01999998,0.4878044,6.0,3226,0.26593751647949215,False,REGULAR,USD
2027-01-15,call,AAPL270115C00410000,2025-12-08 16:21:29+00:00,410.0,3.35,3.25,3.4,0.0,0.0,30.0,1293,0.26544924011230464,False,REGULAR,USD
2027-01-15,call,AAPL270115C00420000,2025-12-09 17:37:48+00:00,420.0,2.83,2.71,2.82,0.049999952,1.7985594,1.0,1729,0.26511355010986326,False,REGULAR,USD
2027-01-15,call,AAPL270115C00430000,2025-12-09 19:44:43+00:00,430.0,2.38,2.15,2.46,-0.8699999,-26.769226,1.0,540,0.2677685528564453,False,REGULAR,USD
2027-01-15,call,AAPL270115C00440000,2025-12-08 20:37:59+00:00,440.0,1.95,1.92,1.99,0.0,0.0,2.0,1107,0.2661206201171875,False,REGULAR,USD
2027-01-15,call,AAPL270115C00450000,2025-12-09 20:54:40+00:00,450.0,1.65,1.62,1.7,-0.00999999,-0.60240906,28.0,15111,0.26746338012695314,False,REGULAR,USD
2027-01-15,call,AAPL270115C00460000,2025-12-09 15:32:19+00:00,460.0,1.45,1.39,1.53,-0.64999986,-30.952375,2.0,59,0.2713085565185547,False,REGULAR,USD
2027-01-15,call,AAPL270115C00470000,2025-12-08 18:34:10+00:00,470.0,1.22,1.17,1.33,0.0,0.0,2.0,85,0.2732006274414062,False,REGULAR,USD
2027-01-15,call,AAPL270115C00480000,2025-12-05 16:19:23+00:00,480.0,1.16,1.01,1.16,0.0,0.0,10.0,28,0.2751537329101562,False,REGULAR,USD
2027-01-15,call,AAPL270115C00490000,2025-12-02 18:33:09+00:00,490.0,1.23,0.76,1.01,0.0,0.0,11.0,41,0.27686270019531245,False,REGULAR,USD
2027-01-15,call,AAPL270115C00500000,2025-12-09 20:22:11+00:00,500.0,0.8,0.76,0.81,0.030000031,3.896108,7.0,344,0.27497062927246096,False,REGULAR,USD
2027-01-15,call,AAPL270115C00510000,2025-12-09 14:44:58+00:00,510.0,0.72,0.65,0.79,-0.029999971,-3.9999962,1.0,84,0.28125718749999995,False,REGULAR,USD
2027-01-15,call,AAPL270115C00520000,2025-12-08 18:11:30+00:00,520.0,0.61,0.48,0.71,0.0,0.0,5.0,14,0.28394270751953116,False,REGULAR,USD
2027-01-15,call,AAPL270115C00530000,2025-12-09 20:25:50+00:00,530.0,0.53,0.52,0.55,0.00999999,1.9230752,15.0,1649,0.2805247729492187,False,REGULAR,USD
2027-01-15,call,AAPL270115C00550000,2025-12-09 18:17:14+00:00,550.0,0.42,0.38,0.44,0.0,0.0,10.0,1033,0.28504132934570303,False,REGULAR,USD
2027-01-15,put,AAPL270115P00005000,2025-12-05 14:33:49+00:00,5.0,0.01,0.0,0.01,0.0,0.0,545.0,3105,1.15625421875,False,REGULAR,USD
2027-01-15,put,AAPL270115P00010000,2025-11-11 17:45:32+00:00,10.0,0.02,0.0,0.22,0.0,0.0,1.0,143,1.255863095703125,False,REGULAR,USD
2027-01-15,put,AAPL270115P00015000,2025-11-07 15:23:45+00:00,15.0,0.02,0.0,0.13,0.0,0.0,1.0,83,1.0273486132812502,False,REGULAR,USD
2027-01-15,put,AAPL270115P00020000,2025-11-10 17:48:37+00:00,20.0,0.02,0.0,0.17,0.0,0.0,1.0,3437,0.94726615234375,False,REGULAR,USD
2027-01-15,put,AAPL270115P00025000,2025-11-17 18:43:44+00:00,25.0,0.03,0.0,0.37,0.0,0.0,159.0,2620,0.9423833886718749,False,REGULAR,USD
2027-01-15,put,AAPL270115P00030000,2025-11-07 16:25:28+00:00,30.0,0.03,0.0,0.38,0.0,0.0,1.0,46,0.8710950390625,False,REGULAR,USD
2027-01-15,put,AAPL270115P00035000,2025-11-18 17:29:18+00:00,35.0,0.06,0.0,0.38,0.0,0.0,5.0,117,0.8085956640624999,False,REGULAR,USD
2027-01-15,put,AAPL270115P00040000,2025-10-30 19:16:48+00:00,40.0,0.06,0.03,0.19,0.0,0.0,50.0,976,0.709963837890625,False,REGULAR,USD
2027-01-15,put,AAPL270115P00045000,2025-10-31 17:07:08+00:00,45.0,0.04,0.04,0.29,0.0,0.0,16.0,85,0.6972686523437501,False,REGULAR,USD
2027-01-15,put,AAPL270115P00050000,2025-12-09 14:44:00+00:00,50.0,0.08,0.07,0.3,-0.010000005,-11.111116,45.0,2388,0.6660189648437502,False,REGULAR,USD
2027-01-15,put,AAPL270115P00060000,2025-12-09 15:29:54+00:00,60.0,0.12,0.12,0.27,-0.04,-25.0,1.0,704,0.5996133789062501,False,REGULAR,USD
2027-01-15,put,AAPL270115P00070000,2025-12-03 19:26:53+00:00,70.0,0.19,0.1,0.21,0.0,0.0,4.0,149,0.526371923828125,False,REGULAR,USD
2027-01-15,put,AAPL270115P00080000,2025-12-09 19:25:43+00:00,80.0,0.23,0.2,0.27,-0.00999999,-4.1666627,1.0,705,0.5014698291015626,False,REGULAR,USD
2027-01-15,put,AAPL270115P00085000,2025-12-09 19:20:02+00:00,85.0,0.28,0.19,0.38,-0.06999999,-19.999998,1.0,163,0.5092822509765625,False,REGULAR,USD
2027-01-15,put,AAPL270115P00090000,2025-12-09 20:45:22+00:00,90.0,0.31,0.31,0.35,-0.00999999,-3.1249971,3.0,1543,0.4804739453125,False,REGULAR,USD
2027-01-15,put,AAPL270115P00095000,2025-12-09 19:24:40+00:00,95.0,0.37,0.33,0.41,-0.099999994,-21.276594,2.0,903,0.4687553125,False,REGULAR,USD
2027-01-15,put,AAPL270115P00100000,2025-12-09 19:20:27+00:00,100.0,0.42,0.42,0.47,-0.02000001,-4.545457,2.0,3633,0.45654840332031255,False,REGULAR,USD
2027-01-15,put,AAPL270115P00105000,2025-12-09 19:23:17+00:00,105.0,0.46,0.48,0.54,-0.17999998,-28.124998,3.0,2339,0.44507390869140623,False,REGULAR,USD
2027-01-15,put,AAPL270115P00110000,2025-12-09 19:20:11+00:00,110.0,0.56,0.49,0.6,-0.00999999,-1.7543843,2.0,382,0.4321345849609375,False,REGULAR,USD
2027-01-15,put,AAPL270115P00115000,2025-12-09 15:07:05+00:00,115.0,0.65,0.61,0.7,0.0,0.0,1.0,887,0.42310147216796873,False,REGULAR,USD
2027-01-15,put,AAPL270115P00120000,2025-12-05 16:03:50+00:00,120.0,0.76,0.75,0.8,0.0,0.0,10.0,2599,0.4133359448242187,False,REGULAR,USD
2027-01-15,put,AAPL270115P00125000,2025-12-04 16:11:03+00:00,125.0,0.89,0.86,0.96,0.0,0.0,5.0,792,0.4074766284179688,False,REGULAR,USD
2027-01-15,put,AAPL270115P00130000,2025-12-08 17:50:04+00:00,130.0,1.0,0.99,1.06,0.029999971,3.0927804,3.0,3752,0.3963683410644532,False,REGULAR,USD
2027-01-15,put,AAPL270115P00135000,2025-12-03 20:30:01+00:00,135.0,1.11,1.13,1.24,0.0,0.0,9.0,1486,0.38977661010742193,False,REGULAR,USD
2027-01-15,put,AAPL270115P00140000,2025-12-09 14:56:58+00:00,140.0,1.27,1.3,1.35,-0.029999971,-2.3076901,1.0,2097,0.37842418457031246,False,REGULAR,USD
2027-01-15,put,AAPL270115P00145000,2025-12-05 17:44:13+00:00,145.0,1.46,1.48,1.54,0.0,0.0,1.0,11323,0.37085590087890624,False,REGULAR,USD
2027-01-15,put,AAPL270115P00150000,2025-12-09 20:01:15+00:00,150.0,1.68,1.7,1.78,0.029999971,1.8181801,3.0,4397,0.36463037719726565,False,REGULAR,USD
2027-01-15,put,AAPL270115P00155000,2025-12-05 20:32:12+00:00,155.0,1.91,1.93,1.99,0.059999943,3.24324,1.0,669,0.35632967895507806,False,REGULAR,USD
2027-01-15,put,AAPL270115P00160000,2025-12-09 17:19:06+00:00,160.0,2.18,2.16,2.26,0.00999999,0.46082905,1.0,5796,0.34961587890624996,False,REGULAR,USD
2027-01-15,put,AAPL270115P00165000,2025-12-09 14:51:24+00:00,165.0,2.41,2.46,2.56,-0.089999914,-3.5999966,4.0,4243,0.3430241479492187,False,REGULAR,USD
2027-01-15,put,AAPL270115P00170000,2025-12-09 18:41:02+00:00,170.0,2.79,2.83,2.9,-0.01999998,-0.7117431,7.0,8675,0.3367986242675781,False,REGULAR,USD
2027-01-15,put,AAPL270115P00175000,2025-12-08 19:31:07+00:00,175.0,3.15,3.15,3.3,0.0,0.0,22.0,3176,0.33130551513671874,False,REGULAR,USD
2027-01-15,put,AAPL270115P00180000,2025-12-09 16:21:10+00:00,180.0,3.65,3.6,3.75,0.0,0.0,5.0,8533,0.32605654418945307,False,REGULAR,USD
2027-01-15,put,AAPL270115P00185000,2025-12-09 15:20:00+00:00,185.0,4.15,4.05,4.2,0.1500001,3.7500024,1.0,5281,0.3198310205078124,False,REGULAR,USD
2027-01-15,put,AAPL270115P00190000,2025-12-08 19:47:02+00:00,190.0,4.55,4.55,4.7,-0.049999714,-1.0869503,3.0,6269,0.3138496350097656,False,REGULAR,USD
2027-01-15,put,AAPL270115P00195000,2025-12-09 15:00:57+00:00,195.0,5.15,5.1,5.25,0.01999998,0.38986316,32.0,2747,0.30795980133056633,False,REGULAR,USD
2027-01-15,put,AAPL270115P00200000,2025-12-09 20:27:01+00:00,200.0,5.69,5.75,5.9,0.05000019,0.88652825,59.0,19239,0.30298548583984375,False,REGULAR,USD
2027-01-15,put,AAPL270115P00210000,2025-12-09 16:05:51+00:00,210.0,7.15,7.1,7.3,-0.03999996,-0.5563277,19.0,12087,0.2917856466674803,False,REGULAR,USD
2027-01-15,put,AAPL270115P00220000,2025-12-09 20:11:09+00:00,220.0,8.83,8.85,9.05,0.069999695,0.79908323,26.0,11502,0.2819896020507812,False,REGULAR,USD
2027-01-15,put,AAPL270115P00230000,2025-12-09 20:21:24+00:00,230.0,10.8,10.9,11.1,-0.17000008,-1.5496817,2.0,5715,0.27213252288818357,False,REGULAR,USD
2027-01-15,put,AAPL270115P00240000,2025-12-09 15:42:46+00:00,240.0,13.2,13.2,13.5,-0.10000038,-0.75188255,3.0,9584,0.26233647827148443,False,REGULAR,USD
2027-01-15,put,AAPL270115P00250000,2025-12-09 18:32:56+00:00,250.0,16.0,16.05,16.3,-0.20999908,-1.295491,46.0,9473,0.25267776138305664,False,REGULAR,USD
2027-01-15,put,AAPL270115P00260000,2025-12-09 18:40:11+00:00,260.0,19.01,19.25,19.55,-0.44999886,-2.31243,100.0,3543,0.2431868894958496,False,REGULAR,USD
2027-01-15,put,AAPL270115P00270000,2025-12-09 18:56:28+00:00,270.0,22.62,23.05,23.3,-0.22999954,-1.0065626,39.0,2437,0.23386386260986325,False,REGULAR,USD
2027-01-15,put,AAPL270115P00280000,2025-12-09 20:52:34+00:00,280.0,27.49,27.2,27.6,-0.07999992,-0.2901702,366.0,2201,0.22472393936157226,True,REGULAR,USD
2027-01-15,put,AAPL270115P00290000,2025-12-08 17:42:07+00:00,290.0,31.35,31.95,32.45,-0.8999996,-2.7906964,1.0,1222,0.21541617111206057,True,REGULAR,USD
2027-01-15,put,AAPL270115P00300000,2025-12-08 20:41:54+00:00,300.0,37.84,37.0,38.55,0.0,0.0,2.0,628,0.21181513290405268,True,REGULAR,USD
2027-01-15,put,AAPL270115P00310000,2025-12-08 17:43:57+00:00,310.0,43.88,42.4,45.35,0.0,0.0,2.0,209,0.20946530288696286,True,REGULAR,USD
2027-01-15,put,AAPL270115P00320000,2025-12-09 17:50:53+00:00,320.0,49.88,49.9,52.45,0.65999985,1.340918,2.0,233,0.20497926376342768,True,REGULAR,USD
2027-01-15,put,AAPL270115P00330000,2025-12-09 17:49:51+00:00,330.0,57.16,57.5,59.45,-0.3899994,-0.67767054,4.0,190,0.1936573554992676,True,REGULAR,USD
2027-01-15,put,AAPL270115P00340000,2025-12-09 20:53:02+00:00,340.0,65.45,65.5,67.1,-0.33000183,-0.501675,15.0,373,0.1825032922363281,True,REGULAR,USD
2027-01-15,put,AAPL270115P00350000,2025-12-09 20:37:24+00:00,350.0,73.69,73.95,74.5,1.2700043,1.7536652,2.0,223,0.15473257385253908,True,REGULAR,USD
2027-01-15,put,AAPL270115P00360000,2025-12-09 20:36:53+00:00,360.0,82.62,82.85,83.6,0.76000214,0.92841697,4.0,116,0.14411256286621094,True,REGULAR,USD
2027-01-15,put,AAPL270115P00370000,2025-12-02 20:42:55+00:00,370.0,84.35,91.1,94.05,0.0,0.0,58.0,0,0.16986914123535157,True,REGULAR,USD
2027-01-15,put,AAPL270115P00380000,2025-12-01 14:59:00+00:00,380.0,102.11,100.9,104.1,0.0,0.0,2.0,0,0.18323570678710935,True,REGULAR,USD
2027-01-15,put,AAPL270115P00390000,2025-11-26 19:17:38+00:00,390.0,111.8,111.1,114.05,0.0,0.0,2.0,0,0.19324537231445313,True,REGULAR,USD
2027-01-15,put,AAPL270115P00400000,2025-08-08 13:55:32+00:00,400.0,179.0,159.35,161.65,0.0,0.0,10.0,0,0.6195258995056154,True,REGULAR,USD
2027-01-15,put,AAPL270115P00410000,2024-12-10 14:30:05+00:00,410.0,162.74,177.85,181.5,0.0,0.0,,0,0.7162961720275878,True,REGULAR,USD
2027-01-15,put,AAPL270115P00420000,2025-09-22 15:20:28+00:00,420.0,165.0,145.85,149.55,0.0,0.0,20.0,0,0.3326177578735352,True,REGULAR,USD
2027-01-15,put,AAPL270115P00430000,2024-12-16 05:02:15+00:00,430.0,203.3,179.5,184.5,0.0,0.0,3.0,0,0.5888407815551758,True,REGULAR,USD
2027-01-15,put,AAPL270115P00440000,2025-11-26 14:30:02+00:00,440.0,162.08,161.1,164.05,0.0,0.0,20.0,0,0.24451439086914065,True,REGULAR,USD
2027-01-15,put,AAPL270115P00450000,2025-06-09 16:26:33+00:00,450.0,245.9,237.0,240.75,0.0,0.0,1.0,0,0.9421239918518065,True,REGULAR,USD
2027-01-15,put,AAPL270115P00530000,2025-11-19 14:49:13+00:00,530.0,260.32,251.05,254.75,0.0,0.0,10.0,0,0.34400070068359373,True,REGULAR,USD
2027-06-17,call,AAPL270617C00015000,2025-12-02 15:32:45+00:00,15.0,270.3,260.65,264.55,0.0,0.0,1.0,1,1.1025435498046878,True,REGULAR,USD
2027-06-17,call,AAPL270617C00050000,2025-11-24 14:30:02+00:00,50.0,223.45,227.65,231.55,0.0,0.0,1.0,9,0.8509536389160157,True,REGULAR,USD
2027-06-17,call,AAPL270617C00055000,2025-12-08 14:39:47+00:00,55.0,225.2,222.95,226.85,0.0,0.0,50.0,54,0.8238543005371093,True,REGULAR,USD
2027-06-17,call,AAPL270617C00060000,2025-11-21 15:24:28+00:00,60.0,213.0,218.25,222.15,0.0,0.0,12.0,16,0.7980977221679688,True,REGULAR,USD
2027-06-17,call,AAPL270617C00065000,2025-09-29 19:37:35+00:00,65.0,193.0,208.8,212.75,0.0,0.0,1.0,4,0.5578657495117189,True,REGULAR,USD
2027-06-17,call,AAPL270617C00070000,2025-04-09 14:33:03+00:00,70.0,116.0,131.9,136.5,0.0,0.0,1.0,0,1.0000000000000003e-05,True,REGULAR,USD
2027-06-17,call,AAPL270617C00075000,2025-07-21 16:21:46+00:00,75.0,143.0,155.1,158.7,0.0,0.0,1.0,42,1.0000000000000003e-05,True,REGULAR,USD
2027-06-17,call,AAPL270617C00080000,2025-10-22 13:32:36+00:00,80.0,184.62,199.5,203.3,0.0,0.0,1.0,232,0.7064848687744141,True,REGULAR,USD
2027-06-17,call,AAPL270617C00085000,2025-12-02 17:01:11+00:00,85.0,204.5,194.95,198.85,0.0,0.0,1.0,98,0.6934845104980469,True,REGULAR,USD
2027-06-17,call,AAPL270617C00090000,2025-07-30 17:14:51+00:00,90.0,124.8,145.75,149.25,0.0,0.0,3.0,15,1.0000000000000003e-05,True,REGULAR,USD
2027-06-17,call,AAPL270617C00095000,2025-09-22 18:01:52+00:00,95.0,165.15,181.1,184.9,0.0,0.0,1.0,40,0.5554243676757813,True,REGULAR,USD
2027-06-17,call,AAPL270617C00100000,2025-11-11 20:51:10+00:00,100.0,181.8,181.1,184.95,0.0,0.0,1.0,121,0.6413610083007812,True,REGULAR,USD
2027-06-17,call,AAPL270617C00105000,2025-11-11 20:00:49+00:00,105.0,177.0,176.55,180.15,0.0,0.0,2.0,31,0.6232947827148438,True,REGULAR,USD
2027-06-17,call,AAPL270617C00110000,2025-12-08 14:40:48+00:00,110.0,173.95,171.95,175.55,0.0,0.0,1.0,43,0.6077309735107423,True,REGULAR,USD
2027-06-17,call,AAPL270617C00115000,2025-11-10 17:09:56+00:00,115.0,162.0,167.4,171.0,0.0,0.0,1.0,99,0.5936930279541017,True,REGULAR,USD
2027-06-17,call,AAPL270617C00120000,2025-11-17 17:02:33+00:00,120.0,157.02,162.85,166.45,0.0,0.0,12.0,73,0.5796855996704101,True,REGULAR,USD
2027-06-17,call,AAPL270617C00125000,2025-11-12 20:43:31+00:00,125.0,157.0,158.3,161.9,0.0,0.0,3.0,111,0.5658002404785156,True,REGULAR,USD
2027-06-17,call,AAPL270617C00130000,2025-12-08 17:19:20+00:00,130.0,156.0,153.85,157.25,0.0,0.0,2.0,227,0.5520064331054688,True,REGULAR,USD
2027-06-17,call,AAPL270617C00135000,2025-12-05 14:51:05+00:00,135.0,151.68,149.85,152.9,-1.8200073,-1.1856725,4.0,90,0.5457809094238282,True,REGULAR,USD
2027-06-17,call,AAPL270617C00140000,2025-11-21 17:07:25+00:00,140.0,140.63,144.85,148.45,0.0,0.0,6.0,234,0.5285691674804689,True,REGULAR,USD
2027-06-17,call,AAPL270617C00145000,2025-11-05 18:21:16+00:00,145.0,135.86,140.4,144.0,0.0,0.0,4.0,124,0.5167284655761719,True,REGULAR,USD
2027-06-17,call,AAPL270617C00150000,2025-12-09 20:12:40+00:00,150.0,138.25,136.6,139.5,-1.9100037,-1.3627309,2.0,156,0.5099231137084962,True,REGULAR,USD
2027-06-17,call,AAPL270617C00155000,2025-12-04 17:58:50+00:00,155.0,136.3,132.1,135.25,0.0,0.0,2.0,138,0.5237474383544922,True,REGULAR,USD
2027-06-17,call,AAPL270617C00160000,2025-12-01 20:26:12+00:00,160.0,133.65,127.75,130.2,0.0,0.0,10.0,265,0.5015003463745118,True,REGULAR,USD
2027-06-17,call,AAPL270617C00165000,2025-12-02 15:24:05+00:00,165.0,132.45,123.35,125.9,0.0,0.0,12.0,156,0.4908193008422852,True,REGULAR,USD
2027-06-17,call,AAPL270617C00170000,2025-12-01 20:37:49+00:00,170.0,125.05,119.2,121.6,0.0,0.0,12.0,239,0.47998566894531247,True,REGULAR,USD
2027-06-17,call,AAPL270617C00175000,2025-12-09 19:41:22+00:00,175.0,117.37,115.8,116.75,1.2000046,1.0329729,2.0,262,0.46176685699462894,True,REGULAR,USD
2027-06-17,call,AAPL270617C00180000,2025-12-01 18:55:00+00:00,180.0,115.75,111.8,112.55,0.0,0.0,2.0,968,0.45227598510742195,True,REGULAR,USD
2027-06-17,call,AAPL270617C00185000,2025-12-05 18:20:27+00:00,185.0,109.66,107.5,109.1,0.0,0.0,1.0,157,0.45169615692138676,True,REGULAR,USD
2027-06-17,call,AAPL270617C00190000,2025-12-09 14:57:54+00:00,190.0,105.0,103.6,104.35,-1.1500015,-1.083374,20.0,677,0.4350032086181641,True,REGULAR,USD
2027-06-17,call,AAPL270617C00195000,2025-12-03 15:09:11+00:00,195.0,109.75,98.95,100.85,0.0,0.0,1.0,354,0.4327144131469727,True,REGULAR,USD
2027-06-17,call,AAPL270617C00200000,2025-12-09 17:59:11+00:00,200.0,96.59,95.7,96.25,1.4899979,1.5667696,6.0,7144,0.4177304321289062,True,REGULAR,USD
2027-06-17,call,AAPL270617C00210000,2025-12-09 19:47:32+00:00,210.0,88.92,88.0,88.45,0.6199951,0.7021462,2.0,4181,0.40241076110839846,True,REGULAR,USD
2027-06-17,call,AAPL270617C00220000,2025-12-08 14:44:14+00:00,220.0,80.9,80.55,81.0,-0.049995422,-0.06176087,1.0,3961,0.389028936920166,True,REGULAR,USD
2027-06-17,call,AAPL270617C00230000,2025-12-09 20:02:17+00:00,230.0,74.0,73.35,73.7,1.300003,1.7881749,2.0,3452,0.375357198638916,True,REGULAR,USD
2027-06-17,call,AAPL270617C00240000,2025-12-09 17:59:11+00:00,240.0,67.81,66.4,66.85,1.8600006,2.8203194,3.0,1100,0.3638521867370606,True,REGULAR,USD
2027-06-17,call,AAPL270617C00250000,2025-12-09 19:53:27+00:00,250.0,60.69,60.0,60.35,1.2899971,2.1717122,7.0,2176,0.3533084689331054,True,REGULAR,USD
2027-06-17,call,AAPL270617C00260000,2025-12-09 18:57:59+00:00,260.0,54.95,53.85,54.15,0.88000107,1.6275219,69.0,1395,0.3430851824951171,True,REGULAR,USD
2027-06-17,call,AAPL270617C00270000,2025-12-09 19:44:58+00:00,270.0,48.81,48.05,48.4,1.0400009,2.1771004,205.0,3788,0.3341893974304199,True,REGULAR,USD
2027-06-17,call,AAPL270617C00280000,2025-12-09 20:42:55+00:00,280.0,43.17,42.65,43.0,1.0499992,2.4928758,37.0,6821,0.3257055955505371,False,REGULAR,USD
2027-06-17,call,AAPL270617C00290000,2025-12-09 20:00:30+00:00,290.0,38.1,37.7,38.0,0.5999985,1.599996,36.0,1298,0.3178779150390625,False,REGULAR,USD
2027-06-17,call,AAPL270617C00300000,2025-12-09 19:36:52+00:00,300.0,33.74,33.1,33.35,0.42000198,1.2605102,12.0,3983,0.3102943727111816,False,REGULAR,USD
2027-06-17,call,AAPL270617C00310000,2025-12-09 19:36:50+00:00,310.0,29.6,28.95,29.2,-0.1099987,-0.37024134,12.0,680,0.30401544380187984,False,REGULAR,USD
2027-06-17,call,AAPL270617C00320000,2025-12-09 20:41:48+00:00,320.0,25.6,25.2,25.45,-0.12999916,-0.50524354,16.0,857,0.2983163430786132,False,REGULAR,USD
2027-06-17,call,AAPL270617C00330000,2025-12-09 19:35:36+00:00,330.0,22.5,21.9,22.15,-1.1599998,-4.902789,14.0,2461,0.2936472003173828,False,REGULAR,USD
2027-06-17,call,AAPL270617C00340000,2025-12-09 19:35:17+00:00,340.0,19.5,18.9,19.35,-0.20000076,-1.0152322,18.0,819,0.2905649557495117,False,REGULAR,USD
2027-06-17,call,AAPL270617C00350000,2025-12-09 20:26:32+00:00,350.0,16.59,16.35,16.6,-0.289999,-1.7180036,8.0,2931,0.28563641616821284,False,REGULAR,USD
2027-06-17,call,AAPL270617C00360000,2025-12-08 14:49:14+00:00,360.0,14.5,13.85,14.3,0.0,0.0,32.0,378,0.28220322296142575,False,REGULAR,USD
2027-06-17,call,AAPL270617C00370000,2025-12-09 20:12:27+00:00,370.0,12.22,12.1,12.3,-0.32999992,-2.6294813,12.0,257,0.27924304748535156,False,REGULAR,USD
2027-06-17,call,AAPL270617C00380000,2025-12-09 17:59:41+00:00,380.0,10.75,10.4,10.6,-2.1499996,-16.666664,13.0,219,0.2770458038330078,False,REGULAR,USD
2027-06-17,call,AAPL270617C00390000,2025-12-09 20:12:50+00:00,390.0,9.06,8.9,9.15,-2.5899992,-22.231752,1.0,213,0.27538261245727536,False,REGULAR,USD
2027-06-17,call,AAPL270617C00400000,2025-12-09 20:12:37+00:00,400.0,7.77,7.7,7.85,-0.07999992,-1.0191073,5.0,922,0.2734752828979492,False,REGULAR,USD
2027-06-17,call,AAPL270617C00410000,2025-12-09 20:10:34+00:00,410.0,6.67,6.6,6.8,-0.23999977,-3.473224,2.0,225,0.2726665751647949,False,REGULAR,USD
2027-06-17,call,AAPL270617C00420000,2025-12-09 20:09:24+00:00,420.0,5.77,5.7,5.85,-0.32999992,-5.409835,3.0,358,0.27147640151977537,False,REGULAR,USD
2027-06-17,call,AAPL270617C00430000,2025-12-08 16:14:06+00:00,430.0,5.1,4.9,5.05,0.0,0.0,1.0,545,0.2707287283325196,False,REGULAR,USD
2027-06-17,call,AAPL270617C00440000,2025-12-09 20:11:12+00:00,440.0,4.26,4.2,4.4,-0.059999943,-1.3888875,2.0,203,0.27069821105957037,False,REGULAR,USD
2027-06-17,call,AAPL270617C00450000,2025-12-08 20:47:32+00:00,450.0,3.9,3.65,3.8,0.13000011,3.448279,1.0,1829,0.2701489001464844,False,REGULAR,USD
2027-06-17,call,AAPL270617C00460000,2025-12-04 17:10:46+00:00,460.0,3.75,3.15,3.35,0.0,0.0,11.0,16,0.27091183197021484,False,REGULAR,USD
2027-06-17,call,AAPL270617C00470000,2025-12-03 20:29:38+00:00,470.0,3.59,2.71,2.88,0.0,0.0,3.0,8,0.2701489001464844,False,REGULAR,USD
2027-06-17,call,AAPL270617C00480000,2025-12-05 15:41:38+00:00,480.0,2.78,2.35,2.6,0.0,0.0,2.0,66,0.2722240747070312,False,REGULAR,USD
2027-06-17,call,AAPL270617C00490000,2025-10-31 13:40:34+00:00,490.0,2.11,2.39,3.9,0.0,0.0,2.0,2,0.3050911776733398,False,REGULAR,USD
2027-06-17,call,AAPL270617C00500000,2025-12-08 18:32:52+00:00,500.0,1.93,1.87,2.04,0.0,0.0,11.0,99,0.27387200744628903,False,REGULAR,USD
2027-06-17,call,AAPL270617C00510000,2025-12-08 18:11:03+00:00,510.0,1.76,1.59,1.81,0.0,0.0,1.0,25,0.27472649108886715,False,REGULAR,USD
2027-06-17,call,AAPL270617C00520000,2025-12-05 17:47:50+00:00,520.0,1.63,1.4,1.62,0.0,0.0,1.0,85,0.2759471820068359,False,REGULAR,USD
2027-06-17,call,AAPL270617C00530000,2025-12-05 20:39:01+00:00,530.0,1.42,1.24,1.45,0.0,0.0,10.0,140,0.2770458038330078,False,REGULAR,USD
2027-06-17,call,AAPL270617C00540000,2025-12-04 18:30:09+00:00,540.0,1.38,1.11,1.31,0.0,0.0,,2,0.27851063293457035,False,REGULAR,USD
2027-06-17,call,AAPL270617C00550000,2025-12-09 20:07:36+00:00,550.0,1.1,0.99,1.19,-0.03999996,-3.5087686,2.0,3,0.280158565673828,False,REGULAR,USD
2027-06-17,put,AAPL270617P00005000,2025-12-09 17:00:55+00:00,5.0,0.01,0.0,0.16,-0.01,-50.0,1.0,12,1.2812535937499998,False,REGULAR,USD
2027-06-17,put,AAPL270617P00010000,2025-11-11 15:07:56+00:00,10.0,0.01,0.0,0.18,0.0,0.0,5.0,7,1.0449266503906252,False,REGULAR,USD
2027-06-17,put,AAPL270617P00015000,2025-11-06 16:40:55+00:00,15.0,0.03,0.0,0.19,0.0,0.0,,1,0.91211025390625,False,REGULAR,USD
2027-06-17,put,AAPL270617P00020000,2025-11-06 16:40:55+00:00,20.0,0.04,0.0,0.2,0.0,0.0,,1,0.8203142968749999,False,REGULAR,USD
2027-06-17,put,AAPL270617P00025000,2025-11-24 16:29:19+00:00,25.0,0.06,0.0,0.21,0.0,0.0,,40,0.75195560546875,False,REGULAR,USD
2027-06-17,put,AAPL270617P00030000,2025-11-24 16:29:19+00:00,30.0,0.09,0.0,0.22,0.0,0.0,,36,0.6953155468750001,False,REGULAR,USD
2027-06-17,put,AAPL270617P00035000,2025-11-24 16:29:19+00:00,35.0,0.11,0.02,0.23,0.0,0.0,,106,0.6562534375000001,False,REGULAR,USD
2027-06-17,put,AAPL270617P00050000,2025-12-09 15:46:21+00:00,50.0,0.15,0.15,0.16,0.0,0.0,10.0,778,0.5556685058593751,False,REGULAR,USD
2027-06-17,put,AAPL270617P00055000,2025-09-08 19:17:58+00:00,55.0,0.27,0.24,0.34,0.0,0.0,2.0,18,0.5668988623046876,False,REGULAR,USD
2027-06-17,put,AAPL270617P00060000,2025-12-09 19:19:52+00:00,60.0,0.23,0.16,0.3,-0.08999999,-28.124998,1.0,65,0.5210008837890624,False,REGULAR,USD
2027-06-17,put,AAPL270617P00065000,2025-12-09 19:23:27+00:00,65.0,0.26,0.2,0.32,-0.19,-42.222225,1.0,29,0.5019581054687501,False,REGULAR,USD
2027-06-17,put,AAPL270617P00070000,2025-12-09 19:23:36+00:00,70.0,0.27,0.25,0.35,-0.23999998,-47.05882,1.0,22,0.49609878906250005,False,REGULAR,USD
2027-06-17,put,AAPL270617P00075000,2025-12-09 19:19:23+00:00,75.0,0.36,0.3,0.41,-0.059999973,-14.285707,2.0,535,0.48242705078125003,False,REGULAR,USD
2027-06-17,put,AAPL270617P00080000,2025-12-09 19:19:05+00:00,80.0,0.42,0.4,0.47,-0.07000002,-14.285719,1.0,155,0.46851117431640626,False,REGULAR,USD
2027-06-17,put,AAPL270617P00085000,2025-12-09 19:23:48+00:00,85.0,0.46,0.47,0.57,-0.049999982,-9.803918,1.0,68,0.45972219970703126,False,REGULAR,USD
2027-06-17,put,AAPL270617P00090000,2025-11-28 16:30:00+00:00,90.0,0.63,0.51,0.65,0.0,0.0,15.0,63,0.44751529052734373,False,REGULAR,USD
2027-06-17,put,AAPL270617P00095000,2025-12-09 15:07:31+00:00,95.0,0.65,0.63,0.7,0.0,0.0,1.0,157,0.4321345849609375,False,REGULAR,USD
2027-06-17,put,AAPL270617P00100000,2025-12-02 14:30:10+00:00,100.0,0.77,0.76,0.8,0.0,0.0,1.0,1267,0.42175871215820315,False,REGULAR,USD
2027-06-17,put,AAPL270617P00105000,2025-11-18 20:30:48+00:00,105.0,1.09,0.85,0.98,0.0,0.0,4.0,431,0.41699801757812494,False,REGULAR,USD
2027-06-17,put,AAPL270617P00110000,2025-10-24 18:09:09+00:00,110.0,1.31,0.96,1.27,0.0,0.0,1.0,76,0.41736422485351554,False,REGULAR,USD
2027-06-17,put,AAPL270617P00115000,2025-11-20 17:29:18+00:00,115.0,1.52,1.12,1.19,0.0,0.0,1.0,46,0.39441523559570313,False,REGULAR,USD
2027-06-17,put,AAPL270617P00120000,2025-12-02 15:24:06+00:00,120.0,1.28,1.24,1.44,0.0,0.0,1.0,453,0.39075316284179684,False,REGULAR,USD
2027-06-17,put,AAPL270617P00125000,2025-12-04 20:41:20+00:00,125.0,1.51,1.47,1.63,0.0,0.0,6.0,503,0.38281867187499996,False,REGULAR,USD
2027-06-17,put,AAPL270617P00130000,2025-12-03 20:46:00+00:00,130.0,1.67,1.67,1.84,0.0,0.0,2.0,407,0.3751283190917969,False,REGULAR,USD
2027-06-17,put,AAPL270617P00135000,2025-12-02 20:13:08+00:00,135.0,1.92,1.85,2.08,0.0,0.0,2.0,458,0.36804831176757813,False,REGULAR,USD
2027-06-17,put,AAPL270617P00140000,2025-12-01 17:25:21+00:00,140.0,2.18,2.11,2.34,0.0,0.0,3.0,148,0.36096830444335937,False,REGULAR,USD
2027-06-17,put,AAPL270617P00145000,2025-12-09 15:00:58+00:00,145.0,2.45,2.44,2.52,0.029999971,1.2396683,11.0,227,0.3508365698242187,False,REGULAR,USD
2027-06-17,put,AAPL270617P00150000,2025-12-09 20:58:02+00:00,150.0,2.8,2.77,2.83,0.089999914,3.32103,1.0,2244,0.3443669079589844,False,REGULAR,USD
2027-06-17,put,AAPL270617P00155000,2025-12-05 20:16:17+00:00,155.0,3.05,3.05,3.2,0.0,0.0,3.0,160,0.3389043161010742,False,REGULAR,USD
2027-06-17,put,AAPL270617P00160000,2025-12-03 16:23:07+00:00,160.0,3.35,3.45,3.6,0.0,0.0,20.0,1249,0.33338068969726564,False,REGULAR,USD
2027-06-17,put,AAPL270617P00165000,2025-12-01 17:46:09+00:00,165.0,3.85,3.9,4.05,0.0,0.0,5.0,1319,0.3282232705688476,False,REGULAR,USD
2027-06-17,put,AAPL270617P00170000,2025-12-05 20:34:32+00:00,170.0,4.28,4.35,4.45,0.0,0.0,1.0,1544,0.32129584960937496,False,REGULAR,USD
2027-06-17,put,AAPL270617P00175000,2025-12-08 18:12:13+00:00,175.0,4.9,4.85,5.0,0.0,0.0,1.0,1143,0.3167182586669921,False,REGULAR,USD
2027-06-17,put,AAPL270617P00180000,2025-12-08 20:35:10+00:00,180.0,5.45,5.4,5.55,0.0,0.0,1.0,2402,0.3113777359008788,False,REGULAR,USD
2027-06-17,put,AAPL270617P00185000,2025-12-03 20:58:59+00:00,185.0,5.85,6.0,6.15,0.0,0.0,16.0,438,0.3061287649536133,False,REGULAR,USD
2027-06-17,put,AAPL270617P00190000,2025-12-09 14:31:37+00:00,190.0,6.6,6.65,6.8,-0.4000001,-5.714287,1.0,1064,0.30098660446166997,False,REGULAR,USD
2027-06-17,put,AAPL270617P00195000,2025-12-04 14:32:06+00:00,195.0,7.19,7.35,7.5,0.0,0.0,1.0,2725,0.29587496124267576,False,REGULAR,USD
2027-06-17,put,AAPL270617P00200000,2025-12-09 15:19:46+00:00,200.0,8.17,8.15,8.3,0.17000008,2.125001,1.0,3933,0.2914194393920897,False,REGULAR,USD
2027-06-17,put,AAPL270617P00210000,2025-12-09 16:36:11+00:00,210.0,9.9,9.9,10.05,0.09999943,1.0204023,22.0,1378,0.28211167114257807,False,REGULAR,USD
2027-06-17,put,AAPL270617P00220000,2025-12-08 15:23:07+00:00,220.0,11.76,11.9,12.1,0.0,0.0,6.0,1580,0.27329217926025384,False,REGULAR,USD
2027-06-17,put,AAPL270617P00230000,2025-12-09 20:50:45+00:00,230.0,14.16,14.25,14.45,0.72999954,5.4355884,50.0,1246,0.2645642391967773,False,REGULAR,USD
2027-06-17,put,AAPL270617P00240000,2025-12-09 19:51:36+00:00,240.0,16.83,16.9,17.2,-0.27000046,-1.57895,2.0,686,0.25655345504760746,False,REGULAR,USD
2027-06-17,put,AAPL270617P00250000,2025-12-09 19:58:24+00:00,250.0,19.9,19.95,20.25,-0.30999947,-1.5338916,3.0,884,0.2480391358947754,False,REGULAR,USD
2027-06-17,put,AAPL270617P00260000,2025-12-09 18:44:18+00:00,260.0,23.15,23.45,23.7,-0.07999992,-0.34438193,21.0,567,0.23964688583374016,False,REGULAR,USD
2027-06-17,put,AAPL270617P00270000,2025-12-05 15:16:09+00:00,270.0,26.61,27.3,28.1,0.0,0.0,4.0,819,0.23528291580200195,False,REGULAR,USD
2027-06-17,put,AAPL270617P00280000,2025-12-09 19:04:25+00:00,280.0,31.7,31.65,31.95,0.70000076,2.258067,76.0,861,0.223365920715332,True,REGULAR,USD
2027-06-17,put,AAPL270617P00290000,2025-12-09 19:54:18+00:00,290.0,36.15,36.15,37.0,2.1000023,6.1674075,12.0,354,0.21685048294067383,True,REGULAR,USD
2027-06-17,put,AAPL270617P00300000,2025-12-03 19:31:10+00:00,300.0,41.4,41.35,42.7,2.4500008,6.2901173,1.0,132,0.2114641842651367,True,REGULAR,USD
2027-06-17,put,AAPL270617P00310000,2025-12-05 19:29:23+00:00,310.0,46.66,46.6,48.7,0.0,0.0,4.0,153,0.20455202194213862,True,REGULAR,USD
2027-06-17,put,AAPL270617P00320000,2025-12-05 19:25:33+00:00,320.0,52.95,52.05,55.95,0.0,0.0,24.0,53,0.20366702102661133,True,REGULAR,USD
2027-06-17,put,AAPL270617P00330000,2025-12-08 15:42:35+00:00,330.0,60.88,60.6,62.6,0.0,0.0,14.0,72,0.19403882141113282,True,REGULAR,USD
2027-06-17,put,AAPL270617P00340000,2025-12-05 19:31:30+00:00,340.0,66.95,68.0,70.15,0.0,0.0,2.0,31,0.1878895909118652,True,REGULAR,USD
2027-06-17,put,AAPL270617P00350000,2025-12-05 19:40:08+00:00,350.0,74.73,75.8,78.0,0.0,0.0,4.0,22,0.18012294494628905,True,REGULAR,USD
2027-06-17,put,AAPL270617P00360000,2025-11-24 16:15:09+00:00,360.0,86.65,84.1,86.35,0.0,0.0,1.0,69,0.17293612716674805,True,REGULAR,USD
2027-06-17,put,AAPL270617P00370000,2025-12-09 20:38:46+00:00,370.0,92.77,91.65,94.8,-0.4300003,-0.46137375,2.0,51,0.16040878662109376,True,REGULAR,USD
2027-06-17,put,AAPL270617P00380000,2025-12-02 14:35:25+00:00,380.0,96.65,102.05,104.8,0.0,0.0,2.0,2,0.17124241851806643,True,REGULAR,USD
2027-06-17,put,AAPL270617P00390000,2025-12-02 16:36:00+00:00,390.0,104.9,110.85,114.75,0.0,0.0,5.0,0,0.18058070404052734,True,REGULAR,USD
2027-06-17,put,AAPL270617P00400000,2025-12-09 19:37:35+00:00,400.0,121.55,120.85,124.75,-76.45,-38.611107,2.0,0,0.19049881774902344,True,REGULAR,USD
2027-06-17,put,AAPL270617P00410000,2025-02-14 14:39:31+00:00,410.0,166.68,194.0,199.0,0.0,0.0,3.0,0,0.7335689485168457,True,REGULAR,USD
2027-06-17,put,AAPL270617P00420000,2025-09-22 16:00:44+00:00,420.0,164.0,145.85,149.6,0.0,0.0,20.0,0,0.28400374206542955,True,REGULAR,USD
2027-06-17,put,AAPL270617P00430000,2025-02-12 14:45:18+00:00,430.0,198.33,214.0,219.0,0.0,0.0,3.0,0,0.7601189759826663,True,REGULAR,USD
2027-06-17,put,AAPL270617P00440000,2025-03-03 14:30:10+00:00,440.0,197.65,0.0,0.0,0.0,0.0,1.0,0,1.0000000000000003e-05,True,REGULAR,USD
2027-06-17,put,AAPL270617P00450000,2025-12-09 19:45:41+00:00,450.0,171.94,170.85,174.75,-48.70999,-22.075682,2.0,0,0.23502351898193358,True,REGULAR,USD
2027-06-17,put,AAPL270617P00480000,2025-11-24 20:50:00+00:00,480.0,203.65,200.85,204.75,0.0,0.0,,0,0.2584913018798829,True,REGULAR,USD
2027-12-17,call,AAPL271217C00015000,2025-12-02 15:32:36+00:00,15.0,270.0,260.0,265.0,0.0,0.0,25.0,51,0.918946123046875,True,REGULAR,USD
2027-12-17,call,AAPL271217C00050000,2025-12-09 15:00:09+00:00,50.0,230.5,230.0,232.25,0.7200012,0.31334373,4.0,1440,0.8253191296386717,True,REGULAR,USD
2027-12-17,call,AAPL271217C00055000,2025-11-05 15:49:39+00:00,55.0,216.4,223.0,228.0,0.0,0.0,91.0,420,0.7473169799804689,True,REGULAR,USD
2027-12-17,call,AAPL271217C00060000,2025-11-14 19:35:49+00:00,60.0,217.9,218.5,223.5,0.0,0.0,2.0,362,0.7310817907714844,True,REGULAR,USD
2027-12-17,call,AAPL271217C00065000,2025-11-11 19:18:12+00:00,65.0,214.5,214.0,219.0,0.0,0.0,5.0,155,0.7146634979248048,True,REGULAR,USD
2027-12-17,call,AAPL271217C00070000,2025-11-11 19:19:56+00:00,70.0,210.0,209.5,214.5,0.0,0.0,5.0,225,0.6982452050781252,True,REGULAR,USD
2027-12-17,call,AAPL271217C00075000,2025-11-07 20:39:55+00:00,75.0,197.36,205.0,210.0,0.0,0.0,120.0,128,0.6820710504150393,True,REGULAR,USD
2027-12-17,call,AAPL271217C00080000,2025-11-11 16:49:20+00:00,80.0,196.0,200.5,205.5,0.0,0.0,1.0,201,0.6660799993896487,True,REGULAR,USD
2027-12-17,call,AAPL271217C00085000,2025-09-19 16:43:08+00:00,85.0,166.75,191.5,196.0,0.0,0.0,1.0,286,0.5706219696044923,True,REGULAR,USD
2027-12-17,call,AAPL271217C00090000,2025-11-06 16:26:56+00:00,90.0,188.3,191.5,196.5,0.0,0.0,57.0,118,0.6349523809814455,True,REGULAR,USD
2027-12-17,call,AAPL271217C00095000,2025-09-10 18:10:50+00:00,95.0,139.75,155.5,160.5,0.0,0.0,2.0,70,1.0000000000000003e-05,True,REGULAR,USD
2027-12-17,call,AAPL271217C00100000,2025-12-09 16:24:05+00:00,100.0,184.59,182.5,187.0,-4.4100037,-2.3333352,5.0,389,0.5991251025390626,True,REGULAR,USD
2027-12-17,call,AAPL271217C00105000,2025-10-23 14:47:52+00:00,105.0,160.5,178.0,182.5,0.0,0.0,1.0,62,0.5849040533447265,True,REGULAR,USD
2027-12-17,call,AAPL271217C00110000,2025-12-05 17:48:17+00:00,110.0,177.4,173.5,178.5,0.0,0.0,2.0,204,0.5761455960083007,True,REGULAR,USD
2027-12-17,call,AAPL271217C00115000,2025-11-24 14:30:12+00:00,115.0,167.26,169.0,174.0,0.0,0.0,2.0,389,0.5621076504516601,True,REGULAR,USD
2027-12-17,call,AAPL271217C00120000,2025-12-08 20:29:58+00:00,120.0,166.77,164.5,169.5,0.0,0.0,9.0,295,0.5483443603515626,True,REGULAR,USD
2027-12-17,call,AAPL271217C00125000,2025-11-25 17:36:28+00:00,125.0,164.44,160.5,165.0,0.0,0.0,1.0,443,0.5391586611938478,True,REGULAR,USD
2027-12-17,call,AAPL271217C00130000,2025-12-02 17:20:55+00:00,130.0,166.54,156.0,160.5,0.0,0.0,16.0,360,0.5256089920043946,True,REGULAR,USD
2027-12-17,call,AAPL271217C00135000,2025-12-08 14:34:26+00:00,135.0,155.67,151.5,156.5,0.0,0.0,1.0,134,0.5162401892089843,True,REGULAR,USD
2027-12-17,call,AAPL271217C00140000,2025-12-05 20:00:39+00:00,140.0,151.5,147.5,152.0,0.0,0.0,1.0,508,0.5066882827758789,True,REGULAR,USD
2027-12-17,call,AAPL271217C00145000,2025-12-05 18:35:27+00:00,145.0,147.24,143.0,148.0,0.0,0.0,1.0,584,0.5317734811401368,True,REGULAR,USD
2027-12-17,call,AAPL271217C00150000,2025-12-04 20:11:15+00:00,150.0,144.19,139.0,143.5,0.0,0.0,3.0,796,0.5171862246704101,True,REGULAR,USD
2027-12-17,call,AAPL271217C00155000,2025-12-05 16:09:54+00:00,155.0,139.79,134.5,139.5,0.0,0.0,1.0,171,0.5091754405212403,True,REGULAR,USD
2027-12-17,call,AAPL271217C00160000,2025-12-08 15:00:17+00:00,160.0,133.7,130.75,134.8,0.0,0.0,15.0,352,0.4924977508544922,True,REGULAR,USD
2027-12-17,call,AAPL271217C00165000,2025-12-08 18:48:19+00:00,165.0,128.07,127.1,130.2,0.0,0.0,8.0,373,0.4773917007446289,True,REGULAR,USD
2027-12-17,call,AAPL271217C00170000,2025-12-04 20:28:24+00:00,170.0,127.66,123.05,126.15,0.0,0.0,4.0,740,0.46878582977294925,True,REGULAR,USD
2027-12-17,call,AAPL271217C00175000,2025-12-09 14:39:10+00:00,175.0,120.8,119.05,122.15,0.34000397,0.28225467,54.0,439,0.4605461660766602,True,REGULAR,USD
2027-12-17,call,AAPL271217C00180000,2025-12-04 20:18:45+00:00,180.0,119.61,115.1,118.2,0.0,0.0,3.0,941,0.45265745101928717,True,REGULAR,USD
2027-12-17,call,AAPL271217C00185000,2025-12-09 14:42:30+00:00,185.0,114.53,111.3,114.25,-2.3499985,-2.010608,4.0,2695,0.44455511505126954,True,REGULAR,USD
2027-12-17,call,AAPL271217C00190000,2025-12-09 20:23:23+00:00,190.0,109.52,107.35,110.4,-2.300003,-2.0568798,4.0,1137,0.4372309695434571,True,REGULAR,USD
2027-12-17,call,AAPL271217C00195000,2025-12-09 16:36:07+00:00,195.0,105.56,103.55,106.6,0.73999786,0.7059701,2.0,566,0.4301509622192383,True,REGULAR,USD
2027-12-17,call,AAPL271217C00200000,2025-12-09 20:32:44+00:00,200.0,101.89,99.9,102.85,1.3899994,1.3830839,6.0,4379,0.4232540585327148,True,REGULAR,USD
2027-12-17,call,AAPL271217C00205000,2025-12-05 17:41:35+00:00,205.0,98.9,96.2,99.15,0.0,0.0,8.0,1139,0.41654025848388665,True,REGULAR,USD
2027-12-17,call,AAPL271217C00210000,2025-12-09 16:30:03+00:00,210.0,94.2,92.5,94.55,-0.13000488,-0.13781923,1.0,1179,0.4018614501953125,True,REGULAR,USD
2027-12-17,call,AAPL271217C00215000,2025-12-09 20:36:42+00:00,215.0,91.04,89.05,91.95,-0.45999908,-0.50273126,1.0,1155,0.4039824006652832,True,REGULAR,USD
2027-12-17,call,AAPL271217C00220000,2025-12-08 20:50:32+00:00,220.0,87.06,86.45,88.45,0.0,0.0,6.0,1553,0.3980773083496094,True,REGULAR,USD
2027-12-17,call,AAPL271217C00225000,2025-12-09 15:18:18+00:00,225.0,84.1,83.05,85.0,0.40000153,0.4778991,2.0,2314,0.3922485092163086,True,REGULAR,USD
2027-12-17,call,AAPL271217C00230000,2025-12-09 17:22:19+00:00,230.0,80.4,79.7,81.6,0.1800003,0.22438332,1.0,1798,0.3864807446289062,True,REGULAR,USD
2027-12-17,call,AAPL271217C00235000,2025-12-09 16:19:09+00:00,235.0,77.22,76.4,77.75,-0.08000183,-0.10349525,3.0,554,0.377035648651123,True,REGULAR,USD
2027-12-17,call,AAPL271217C00240000,2025-12-09 16:47:34+00:00,240.0,73.9,72.2,74.45,-0.29999542,-0.4043065,3.0,716,0.371450987701416,True,REGULAR,USD
2027-12-17,call,AAPL271217C00245000,2025-12-09 20:03:20+00:00,245.0,70.91,70.1,71.0,0.1800003,0.25448933,4.0,828,0.3644472735595704,True,REGULAR,USD
2027-12-17,call,AAPL271217C00250000,2025-12-09 20:57:22+00:00,250.0,67.45,66.15,67.85,0.19999695,0.29739323,19.0,5095,0.35928985443115236,True,REGULAR,USD
2027-12-17,call,AAPL271217C00255000,2025-12-09 17:48:07+00:00,255.0,64.97,64.05,65.3,-0.7099991,-1.0809973,52.0,588,0.3579318357849121,True,REGULAR,USD
2027-12-17,call,AAPL271217C00260000,2025-12-09 17:36:34+00:00,260.0,62.17,61.15,62.3,1.1199989,1.8345602,35.0,2784,0.3530185548400879,True,REGULAR,USD
2027-12-17,call,AAPL271217C00265000,2025-12-09 18:11:22+00:00,265.0,59.72,58.3,60.05,-2.7299995,-4.371496,4.0,813,0.35280493392944334,True,REGULAR,USD
2027-12-17,call,AAPL271217C00270000,2025-12-09 20:47:41+00:00,270.0,56.45,55.6,56.8,0.45000076,0.8035728,1.0,2800,0.345435012512207,True,REGULAR,USD
2027-12-17,call,AAPL271217C00275000,2025-12-09 20:53:47+00:00,275.0,53.5,53.0,54.1,-1.0800018,-1.9787501,44.0,550,0.341376215209961,True,REGULAR,USD
2027-12-17,call,AAPL271217C00280000,2025-12-09 19:33:42+00:00,280.0,51.75,50.45,51.1,1.4500008,2.8827055,7.0,2109,0.334967587890625,False,REGULAR,USD
2027-12-17,call,AAPL271217C00285000,2025-12-08 20:54:55+00:00,285.0,48.97,47.95,49.6,0.69000244,1.4291683,16.0,737,0.33789724609375,False,REGULAR,USD
2027-12-17,call,AAPL271217C00290000,2025-12-09 19:30:15+00:00,290.0,46.85,45.55,46.2,1.0099983,2.2033122,33.0,2056,0.32813171874999997,False,REGULAR,USD
2027-12-17,call,AAPL271217C00295000,2025-12-09 17:45:58+00:00,295.0,44.1,42.45,44.8,0.7599983,1.7535725,3.0,293,0.3308096094512939,False,REGULAR,USD
2027-12-17,call,AAPL271217C00300000,2025-12-09 20:32:44+00:00,300.0,41.73,40.2,42.55,0.7799988,1.9047589,31.0,5694,0.3276281837463379,False,REGULAR,USD
2027-12-17,call,AAPL271217C00305000,2025-12-05 17:04:56+00:00,305.0,40.22,37.5,40.4,0.0,0.0,1.0,741,0.3246680082702636,False,REGULAR,USD
2027-12-17,call,AAPL271217C00310000,2025-12-09 17:54:35+00:00,310.0,37.65,36.05,38.35,0.15000153,0.40000406,1.0,743,0.3219519709777831,False,REGULAR,USD
2027-12-17,call,AAPL271217C00315000,2025-12-09 18:56:25+00:00,315.0,35.88,34.05,36.4,1.0300026,2.9555314,5.0,1172,0.3194648132324218,False,REGULAR,USD
2027-12-17,call,AAPL271217C00320000,2025-12-09 16:47:34+00:00,320.0,33.5,32.2,36.0,-0.9599991,-2.785836,1.0,661,0.3264685273742675,False,REGULAR,USD
2027-12-17,call,AAPL271217C00325000,2025-12-08 17:47:51+00:00,325.0,31.73,30.4,32.7,0.0,0.0,2.0,288,0.3145667909240722,False,REGULAR,USD
2027-12-17,call,AAPL271217C00330000,2025-12-04 18:23:13+00:00,330.0,31.75,28.65,30.95,0.0,0.0,5.0,534,0.3121711849975586,False,REGULAR,USD
2027-12-17,call,AAPL271217C00335000,2025-12-08 18:32:47+00:00,335.0,28.0,27.05,30.5,0.0,0.0,2.0,1664,0.3178016218566894,False,REGULAR,USD
2027-12-17,call,AAPL271217C00340000,2025-12-08 17:20:39+00:00,340.0,27.1,25.5,28.75,0.0,0.0,2.0,232,0.3146888600158691,False,REGULAR,USD
2027-12-17,call,AAPL271217C00345000,2025-12-09 18:24:18+00:00,345.0,25.56,24.0,26.25,0.20999908,0.82839876,3.0,96,0.30620505813598636,False,REGULAR,USD
2027-12-17,call,AAPL271217C00350000,2025-12-09 20:11:27+00:00,350.0,23.9,22.6,24.85,0.25,1.0570824,54.0,1011,0.30455712539672847,False,REGULAR,USD
2027-12-17,call,AAPL271217C00355000,2025-12-02 14:56:12+00:00,355.0,25.45,21.25,23.5,0.0,0.0,8.0,1713,0.30287867538452146,False,REGULAR,USD
2027-12-17,call,AAPL271217C00360000,2025-12-02 20:45:12+00:00,360.0,25.5,19.95,22.25,0.0,0.0,1.0,425,0.30152065673828127,False,REGULAR,USD
2027-12-17,call,AAPL271217C00365000,2025-12-08 15:32:48+00:00,365.0,20.25,18.75,21.05,0.0,0.0,2.0,166,0.30014737945556635,False,REGULAR,USD
2027-12-17,call,AAPL271217C00370000,2025-12-05 20:40:10+00:00,370.0,19.6,16.6,19.9,0.0,0.0,1.0,216,0.2987741021728515,False,REGULAR,USD
2027-12-17,call,AAPL271217C00375000,2025-12-05 14:30:05+00:00,375.0,19.08,16.55,17.8,0.0,0.0,1.0,307,0.29015297256469724,False,REGULAR,USD
2027-12-17,call,AAPL271217C00380000,2025-12-08 20:59:02+00:00,380.0,16.82,14.0,16.8,0.0,0.0,1.0,363,0.2890390921020507,False,REGULAR,USD
2027-12-17,call,AAPL271217C00385000,2025-11-25 18:12:01+00:00,385.0,17.05,13.55,15.85,0.0,0.0,8.0,112,0.2879557289123534,False,REGULAR,USD
2027-12-17,call,AAPL271217C00390000,2025-12-02 16:01:24+00:00,390.0,18.35,13.45,14.95,0.0,0.0,1.0,142,0.28691814163208,False,REGULAR,USD
2027-12-17,call,AAPL271217C00395000,2025-12-03 16:02:11+00:00,395.0,17.0,11.8,14.05,0.0,0.0,20.0,379,0.28556012298583977,False,REGULAR,USD
2027-12-17,call,AAPL271217C00400000,2025-12-09 20:59:59+00:00,400.0,13.1,12.0,13.8,-0.6700001,-4.86565,77.0,4524,0.28910012664794915,False,REGULAR,USD
2027-12-17,call,AAPL271217C00405000,2025-11-24 20:31:13+00:00,405.0,13.1,11.25,12.5,0.0,0.0,15.0,78,0.28385115570068353,False,REGULAR,USD
2027-12-17,call,AAPL271217C00410000,2025-12-05 20:37:50+00:00,410.0,12.4,11.5,11.8,0.0,0.0,8.0,90,0.28316451705932616,False,REGULAR,USD
2027-12-17,call,AAPL271217C00415000,2025-12-03 20:43:56+00:00,415.0,13.2,9.85,11.1,0.0,0.0,1.0,82,0.2821727056884765,False,REGULAR,USD
2027-12-17,call,AAPL271217C00420000,2025-12-08 16:13:10+00:00,420.0,10.6,9.2,10.5,0.0,0.0,200.0,306,0.2817759811401367,False,REGULAR,USD
2027-12-17,call,AAPL271217C00425000,2025-12-03 14:38:44+00:00,425.0,12.7,8.6,9.9,0.0,0.0,1.0,147,0.2811046011352538,False,REGULAR,USD
2027-12-17,call,AAPL271217C00430000,2025-12-08 16:13:10+00:00,430.0,9.45,8.9,9.3,0.0,0.0,200.0,329,0.2801433070373534,False,REGULAR,USD
2027-12-17,call,AAPL271217C00435000,2025-12-02 20:16:12+00:00,435.0,11.11,7.35,8.8,0.0,0.0,18.0,199,0.27985339294433587,False,REGULAR,USD
2027-12-17,call,AAPL271217C00440000,2025-12-08 19:44:05+00:00,440.0,8.43,5.85,8.3,0.3800001,4.720498,1.0,8497,0.27931934066772457,False,REGULAR,USD
2027-12-17,call,AAPL271217C00450000,2025-12-08 20:33:55+00:00,450.0,7.22,6.15,7.35,0.0,0.0,22.0,61,0.2779613220214844,False,REGULAR,USD
2027-12-17,call,AAPL271217C00460000,2025-12-02 20:41:21+00:00,460.0,8.36,5.35,6.55,0.0,0.0,2.0,24,0.27722890747070306,False,REGULAR,USD
2027-12-17,call,AAPL271217C00470000,2025-11-14 16:34:12+00:00,470.0,6.4,5.6,5.85,0.0,0.0,2.0,7,0.2767101138305663,False,REGULAR,USD
2027-12-17,call,AAPL271217C00480000,2025-12-08 19:48:00+00:00,480.0,5.1,5.0,5.2,0.0,0.0,1.0,7,0.27591666473388665,False,REGULAR,USD
2027-12-17,call,AAPL271217C00490000,2025-11-20 16:46:16+00:00,490.0,4.5,3.45,5.65,0.0,0.0,1.0,3,0.2889017643737792,False,REGULAR,USD
2027-12-17,call,AAPL271217C00500000,2025-12-08 20:33:55+00:00,500.0,4.07,4.0,4.3,0.0,0.0,20.0,210,0.27735097656249996,False,REGULAR,USD
2027-12-17,call,AAPL271217C00510000,2025-11-14 15:53:49+00:00,510.0,4.2,2.91,4.85,0.0,0.0,1.0,1,0.2919077157592772,False,REGULAR,USD
2027-12-17,call,AAPL271217C00520000,2025-12-03 15:07:03+00:00,520.0,4.43,2.83,4.3,0.0,0.0,1.0,3,0.2903513348388671,False,REGULAR,USD
2027-12-17,call,AAPL271217C00530000,2025-12-09 14:30:01+00:00,530.0,2.95,2.73,4.15,-0.44000006,-12.979353,2.0,261,0.2942880630493163,False,REGULAR,USD
2027-12-17,call,AAPL271217C00540000,2025-12-04 17:51:43+00:00,540.0,3.0,2.36,3.25,0.0,0.0,,1,0.28528546752929684,False,REGULAR,USD
2027-12-17,call,AAPL271217C00550000,2025-12-09 17:57:26+00:00,550.0,2.4,2.1,2.79,-0.06999993,-2.8340054,4.0,16,0.2823558093261719,False,REGULAR,USD
2027-12-17,put,AAPL271217P00005000,2025-12-09 20:28:23+00:00,5.0,0.01,0.01,0.18,0.0,0.0,3.0,25,1.1328168359375002,False,REGULAR,USD
2027-12-17,put,AAPL271217P00050000,2025-11-26 20:34:31+00:00,50.0,0.29,0.1,0.3,0.0,0.0,5.0,483,0.5224657128906249,False,REGULAR,USD
2027-12-17,put,AAPL271217P00055000,2025-11-25 18:18:42+00:00,55.0,0.31,0.1,0.35,-0.050000012,-13.888891,1.0,38,0.5039112109375,False,REGULAR,USD
2027-12-17,put,AAPL271217P00060000,2025-12-09 19:23:58+00:00,60.0,0.39,0.34,0.41,0.0,0.0,1.0,113,0.48779809082031256,False,REGULAR,USD
2027-12-17,put,AAPL271217P00065000,2025-12-09 19:18:25+00:00,65.0,0.44,0.39,0.47,-0.00999999,-2.2222202,1.0,496,0.471684970703125,False,REGULAR,USD
2027-12-17,put,AAPL271217P00070000,2025-12-09 19:24:07+00:00,70.0,0.5,0.31,0.55,-0.13,-20.63492,2.0,195,0.4587456469726563,False,REGULAR,USD
2027-12-17,put,AAPL271217P00075000,2025-12-09 19:18:09+00:00,75.0,0.6,0.37,0.75,-0.00999999,-1.6393427,2.0,86,0.4577690942382813,False,REGULAR,USD
2027-12-17,put,AAPL271217P00080000,2025-12-09 18:08:39+00:00,80.0,0.66,0.44,0.85,-0.13999999,-17.499998,1.0,284,0.44507390869140623,False,REGULAR,USD
2027-12-17,put,AAPL271217P00085000,2025-11-24 15:01:06+00:00,85.0,0.96,0.65,0.97,0.0,0.0,2.0,77,0.4338435522460938,False,REGULAR,USD
2027-12-17,put,AAPL271217P00090000,2025-11-26 20:46:39+00:00,90.0,0.98,0.72,1.1,0.0,0.0,2.0,80,0.42310147216796873,False,REGULAR,USD
2027-12-17,put,AAPL271217P00095000,2025-12-04 15:22:43+00:00,95.0,1.08,0.66,1.24,0.0,0.0,1.0,35,0.41272559936523434,False,REGULAR,USD
2027-12-17,put,AAPL271217P00100000,2025-12-08 15:51:31+00:00,100.0,1.23,1.11,1.4,0.0,0.0,1.0,763,0.4032652447509766,False,REGULAR,USD
2027-12-17,put,AAPL271217P00105000,2025-12-02 14:37:33+00:00,105.0,1.36,0.92,1.57,0.0,0.0,1.0,114,0.39398799377441407,False,REGULAR,USD
2027-12-17,put,AAPL271217P00110000,2025-12-09 20:22:49+00:00,110.0,1.53,1.39,1.77,-0.060000062,-3.7735887,2.0,850,0.3857483300781249,False,REGULAR,USD
2027-12-17,put,AAPL271217P00115000,2025-11-04 15:45:49+00:00,115.0,2.1,1.52,1.99,0.0,0.0,2.0,878,0.37781383911132804,False,REGULAR,USD
2027-12-17,put,AAPL271217P00120000,2025-12-05 20:35:59+00:00,120.0,1.98,1.96,2.22,0.0,0.0,1.0,555,0.3698793481445312,False,REGULAR,USD
2027-12-17,put,AAPL271217P00125000,2025-12-03 16:49:46+00:00,125.0,2.28,2.02,2.48,0.0,0.0,10.0,584,0.36249416809082036,False,REGULAR,USD
2027-12-17,put,AAPL271217P00130000,2025-11-18 15:17:11+00:00,130.0,3.13,2.39,2.77,0.0,0.0,1.0,258,0.35559726440429684,False,REGULAR,USD
2027-12-17,put,AAPL271217P00135000,2025-12-02 19:17:31+00:00,135.0,2.9,2.71,3.1,0.0,0.0,10.0,284,0.3492801889038085,False,REGULAR,USD
2027-12-17,put,AAPL271217P00140000,2025-12-08 19:20:38+00:00,140.0,3.27,3.05,3.4,0.0,0.0,1.0,2459,0.34171190521240236,False,REGULAR,USD
2027-12-17,put,AAPL271217P00145000,2025-12-02 14:30:04+00:00,145.0,3.6,2.91,4.7,0.0,0.0,1.0,229,0.3555362298583984,False,REGULAR,USD
2027-12-17,put,AAPL271217P00150000,2025-12-05 20:34:32+00:00,150.0,4.0,3.85,4.2,0.0,0.0,1.0,1102,0.32993223785400383,False,REGULAR,USD
2027-12-17,put,AAPL271217P00155000,2025-12-02 14:35:25+00:00,155.0,4.35,3.45,5.6,0.0,0.0,1.0,351,0.3418950088500976,False,REGULAR,USD
2027-12-17,put,AAPL271217P00160000,2025-12-09 16:54:52+00:00,160.0,5.0,4.95,5.1,-0.05000019,-0.99010277,40.0,1155,0.31806101867675773,False,REGULAR,USD
2027-12-17,put,AAPL271217P00165000,2025-12-02 15:57:19+00:00,165.0,5.25,5.5,5.65,0.0,0.0,1.0,1058,0.3131172204589844,False,REGULAR,USD
2027-12-17,put,AAPL271217P00170000,2025-12-09 16:57:22+00:00,170.0,6.13,5.1,6.25,-0.119999886,-1.9199982,1.0,925,0.3083870431518554,False,REGULAR,USD
2027-12-17,put,AAPL271217P00175000,2025-12-09 16:59:29+00:00,175.0,6.73,5.7,6.9,-0.07999992,-1.1747419,40.0,1543,0.3037789349365234,False,REGULAR,USD
2027-12-17,put,AAPL271217P00180000,2025-12-08 19:28:15+00:00,180.0,7.55,7.05,7.6,0.0,0.0,217.0,2942,0.299262378540039,False,REGULAR,USD
2027-12-17,put,AAPL271217P00185000,2025-12-09 18:28:38+00:00,185.0,8.05,6.15,8.35,-0.09999943,-1.2269869,6.0,796,0.29480685668945306,False,REGULAR,USD
2027-12-17,put,AAPL271217P00190000,2025-12-09 18:27:30+00:00,190.0,8.85,7.9,9.15,-0.049999237,-0.5617892,4.0,1274,0.2903665934753417,False,REGULAR,USD
2027-12-17,put,AAPL271217P00195000,2025-12-08 15:16:29+00:00,195.0,9.8,8.75,10.0,0.0,0.0,14.0,1570,0.2859263302612304,False,REGULAR,USD
2027-12-17,put,AAPL271217P00200000,2025-12-09 18:31:20+00:00,200.0,10.56,8.7,10.9,-0.13999939,-1.3084055,102.0,5323,0.28147080841064454,False,REGULAR,USD
2027-12-17,put,AAPL271217P00205000,2025-12-03 16:16:35+00:00,205.0,11.22,9.65,11.9,0.0,0.0,6.0,385,0.27747304565429687,False,REGULAR,USD
2027-12-17,put,AAPL271217P00210000,2025-12-08 18:00:24+00:00,210.0,12.6,10.65,12.95,0.0,0.0,12.0,1184,0.2733684724426269,False,REGULAR,USD
2027-12-17,put,AAPL271217P00215000,2025-12-08 19:30:21+00:00,215.0,14.09,13.6,14.05,0.0,0.0,1.0,778,0.26914183013916015,False,REGULAR,USD
2027-12-17,put,AAPL271217P00220000,2025-12-05 15:04:28+00:00,220.0,14.9,13.0,17.25,0.0,0.0,2.0,700,0.2825999475097656,False,REGULAR,USD
2027-12-17,put,AAPL271217P00225000,2025-12-08 15:15:18+00:00,225.0,16.25,15.25,17.5,0.0,0.0,11.0,750,0.2695690719604492,False,REGULAR,USD
2027-12-17,put,AAPL271217P00230000,2025-12-08 14:30:04+00:00,230.0,17.5,16.55,17.85,0.0,0.0,1.0,1837,0.25737742141723635,False,REGULAR,USD
2027-12-17,put,AAPL271217P00235000,2025-12-09 19:51:36+00:00,235.0,18.84,18.9,20.25,-0.030000687,-0.15898614,2.0,433,0.2611463046264648,False,REGULAR,USD
2027-12-17,put,AAPL271217P00240000,2025-12-08 19:26:01+00:00,240.0,20.86,19.45,21.75,0.0,0.0,32.0,1783,0.25707224868774414,False,REGULAR,USD
2027-12-17,put,AAPL271217P00245000,2025-12-09 15:57:35+00:00,245.0,22.01,21.05,22.35,1.0100002,4.809525,79.0,410,0.24587240951538086,False,REGULAR,USD
2027-12-17,put,AAPL271217P00250000,2025-12-09 20:53:17+00:00,250.0,23.7,22.7,24.05,-0.40999985,-1.7005385,10.0,942,0.24230188858032226,False,REGULAR,USD
2027-12-17,put,AAPL271217P00255000,2025-12-02 20:45:12+00:00,255.0,24.0,24.4,25.8,0.0,0.0,4.0,396,0.23847197082519528,False,REGULAR,USD
2027-12-17,put,AAPL271217P00260000,2025-12-05 16:09:56+00:00,260.0,27.08,26.25,28.65,0.0,0.0,2.0,833,0.24149318084716798,False,REGULAR,USD
2027-12-17,put,AAPL271217P00265000,2025-12-08 14:30:05+00:00,265.0,29.42,28.2,29.65,0.0,0.0,1.0,328,0.23134618759155273,False,REGULAR,USD
2027-12-17,put,AAPL271217P00270000,2025-12-05 16:09:46+00:00,270.0,31.04,30.2,32.7,0.0,0.0,13.0,516,0.2342148112487793,False,REGULAR,USD
2027-12-17,put,AAPL271217P00275000,2025-12-05 16:10:06+00:00,275.0,33.1,32.35,34.85,0.0,0.0,2.0,369,0.2304764453125,False,REGULAR,USD
2027-12-17,put,AAPL271217P00280000,2025-12-09 20:42:42+00:00,280.0,35.8,34.55,36.1,-0.45999908,-1.2686131,13.0,1000,0.22034471069335934,True,REGULAR,USD
2027-12-17,put,AAPL271217P00285000,2025-12-03 16:24:19+00:00,285.0,35.87,37.75,38.45,0.0,0.0,51.0,329,0.21666737930297852,True,REGULAR,USD
2027-12-17,put,AAPL271217P00290000,2025-12-08 20:48:59+00:00,290.0,40.7,40.2,40.9,0.0,0.0,1.0,780,0.21294427200317384,True,REGULAR,USD
2027-12-17,put,AAPL271217P00295000,2025-12-03 20:09:52+00:00,295.0,41.0,41.85,44.5,0.0,0.0,23.0,371,0.2158586715698242,True,REGULAR,USD
2027-12-17,put,AAPL271217P00300000,2025-12-09 20:32:44+00:00,300.0,45.54,45.4,46.15,2.6599998,6.203358,3.0,302,0.20565064376831055,True,REGULAR,USD
2027-12-17,put,AAPL271217P00305000,2025-12-09 20:36:42+00:00,305.0,48.36,46.0,51.0,3.1599998,6.9911504,1.0,112,0.21527884338378905,True,REGULAR,USD
2027-12-17,put,AAPL271217P00310000,2025-12-09 16:42:15+00:00,310.0,51.52,51.0,54.0,-2.880001,-5.29412,2.0,263,0.2124102197265625,True,REGULAR,USD
2027-12-17,put,AAPL271217P00315000,2025-10-29 15:35:06+00:00,315.0,60.54,50.5,51.1,0.0,0.0,2.0,5,0.1690604335021973,True,REGULAR,USD
2027-12-17,put,AAPL271217P00320000,2025-12-04 17:32:00+00:00,320.0,56.9,57.05,60.0,0.0,0.0,1.0,221,0.20456728057861323,True,REGULAR,USD
2027-12-17,put,AAPL271217P00325000,2025-12-09 17:44:17+00:00,325.0,60.29,60.25,63.5,-3.9799957,-6.1926184,2.0,3,0.20294986511230467,True,REGULAR,USD
2027-12-17,put,AAPL271217P00330000,2025-12-08 16:27:09+00:00,330.0,64.52,63.9,66.5,0.0,0.0,2.0,38,0.19712106597900392,True,REGULAR,USD
2027-12-17,put,AAPL271217P00335000,2025-12-04 16:13:14+00:00,335.0,66.3,67.35,70.0,0.0,0.0,2.0,12,0.1940083041381836,True,REGULAR,USD
2027-12-17,put,AAPL271217P00340000,2025-12-09 16:29:23+00:00,340.0,71.04,70.85,73.5,0.8899994,1.2687091,2.0,15,0.190086834564209,True,REGULAR,USD
2027-12-17,put,AAPL271217P00345000,2025-12-09 16:27:40+00:00,345.0,74.71,74.5,77.5,-1.8099976,-2.3653915,2.0,3,0.18927812683105472,True,REGULAR,USD
2027-12-17,put,AAPL271217P00350000,2025-12-03 20:23:21+00:00,350.0,74.42,76.0,81.0,0.0,0.0,2.0,70,0.1836324313354492,True,REGULAR,USD
2027-12-17,put,AAPL271217P00355000,2025-12-09 19:38:57+00:00,355.0,81.4,82.1,85.0,2.9500046,3.7603629,5.0,44,0.18128260131835935,True,REGULAR,USD
2027-12-17,put,AAPL271217P00360000,2025-12-09 16:40:48+00:00,360.0,86.25,84.0,89.0,1.199997,1.4109311,4.0,19,0.17809354629516605,True,REGULAR,USD
2027-12-17,put,AAPL271217P00365000,2025-12-09 20:31:14+00:00,365.0,90.04,89.6,93.0,1.4100037,1.5908877,6.0,27,0.17391267990112308,True,REGULAR,USD
2027-12-17,put,AAPL271217P00370000,2025-12-09 15:43:44+00:00,370.0,94.2,93.85,97.0,1.0199966,1.0946519,2.0,22,0.168526381225586,True,REGULAR,USD
2027-12-17,put,AAPL271217P00375000,2025-12-08 20:53:20+00:00,375.0,98.9,96.5,101.5,0.0,0.0,3.0,12,0.16782448394775396,True,REGULAR,USD
2027-12-17,put,AAPL271217P00380000,2025-12-09 15:35:44+00:00,380.0,103.25,101.0,106.0,-0.76999664,-0.7402391,2.0,51,0.1664512066650391,True,REGULAR,USD
2027-12-17,put,AAPL271217P00385000,2025-12-09 16:38:16+00:00,385.0,108.07,107.15,110.5,1.2900009,1.2080923,2.0,26,0.16428448028564452,True,REGULAR,USD
2027-12-17,put,AAPL271217P00390000,2025-12-09 16:39:13+00:00,390.0,112.85,110.5,115.5,0.8199997,0.7319465,2.0,2,0.16892310577392583,True,REGULAR,USD
2027-12-17,put,AAPL271217P00395000,2025-12-02 20:49:03+00:00,395.0,109.3,115.5,120.0,0.0,0.0,1.0,1,0.16559672302246098,True,REGULAR,USD
2027-12-17,put,AAPL271217P00400000,2025-09-24 13:44:19+00:00,400.0,147.0,125.75,130.0,0.0,0.0,3.0,0,0.23140722213745119,True,REGULAR,USD
2027-12-17,put,AAPL271217P00435000,2025-05-14 14:15:57+00:00,435.0,221.93,236.5,241.5,0.0,0.0,,0,0.7765525274658205,True,REGULAR,USD
2027-12-17,put,AAPL271217P00440000,2025-09-15 19:37:23+00:00,440.0,204.02,0.0,0.0,0.0,0.0,160.0,0,1.0000000000000003e-05,True,REGULAR,USD
2028-01-21,call,AAPL280121C00005000,2025-12-08 20:41:24+00:00,5.0,272.05,270.0,275.0,0.0,0.0,5.0,26,1.3125034374999998,True,REGULAR,USD
2028-01-21,call,AAPL280121C00010000,2025-12-02 18:24:07+00:00,10.0,275.8,265.0,270.0,0.0,0.0,26.0,46,1.0410204199218753,True,REGULAR,USD
2028-01-21,call,AAPL280121C00015000,2025-12-03 18:11:40+00:00,15.0,270.54,260.0,265.0,0.0,0.0,22.0,35,0.8974619628906249,True,REGULAR,USD
2028-01-21,call,AAPL280121C00020000,2025-12-02 15:32:45+00:00,20.0,265.75,255.5,260.5,0.0,0.0,1.0,1,0.9257819921875,True,REGULAR,USD
2028-01-21,call,AAPL280121C00025000,2025-10-30 17:53:23+00:00,25.0,247.4,260.0,265.0,0.0,0.0,,2,1.6264667114257811,True,REGULAR,USD
2028-01-21,call,AAPL280121C00040000,2025-12-04 14:48:18+00:00,40.0,244.78,237.0,242.0,0.0,0.0,10.0,12,0.8107929077148437,True,REGULAR,USD
2028-01-21,call,AAPL280121C00045000,2025-11-17 16:19:52+00:00,45.0,224.43,232.5,237.5,0.0,0.0,1.0,5,0.7926046130371094,True,REGULAR,USD
2028-01-21,call,AAPL280121C00050000,2025-12-08 14:32:10+00:00,50.0,231.94,228.0,233.0,0.0,0.0,3.0,46,0.7738059729003908,True,REGULAR,USD
2028-01-21,call,AAPL280121C00060000,2025-11-06 20:47:40+00:00,60.0,214.33,219.0,224.0,0.0,0.0,3.0,4,0.7362697271728516,True,REGULAR,USD
2028-01-21,call,AAPL280121C00070000,2025-12-02 16:53:54+00:00,70.0,220.09,210.0,214.5,0.0,0.0,1.0,4,0.6912872668457033,True,REGULAR,USD
2028-01-21,call,AAPL280121C00080000,2025-12-01 19:22:10+00:00,80.0,207.1,201.0,205.5,0.0,0.0,3.0,119,0.6583896466064454,True,REGULAR,USD
2028-01-21,call,AAPL280121C00090000,2025-11-14 17:17:43+00:00,90.0,192.99,192.0,196.5,0.0,0.0,10.0,96,0.6269568554687501,True,REGULAR,USD
2028-01-21,call,AAPL280121C00100000,2025-11-11 20:25:07+00:00,100.0,185.5,183.0,188.0,1.800003,0.9798601,20.0,26,0.6024514852905275,True,REGULAR,USD
2028-01-21,call,AAPL280121C00110000,2025-12-03 17:01:04+00:00,110.0,184.61,174.0,179.0,0.0,0.0,2.0,32,0.5729717996215821,True,REGULAR,USD
2028-01-21,call,AAPL280121C00120000,2025-12-03 19:45:09+00:00,120.0,174.65,165.5,170.0,0.0,0.0,4.0,55,0.5491988439941409,True,REGULAR,USD
2028-01-21,call,AAPL280121C00130000,2025-12-02 18:00:28+00:00,130.0,166.85,156.5,161.5,0.0,0.0,10.0,67,0.5256395092773438,True,REGULAR,USD
2028-01-21,call,AAPL280121C00135000,2025-12-08 19:00:22+00:00,135.0,153.1,152.5,157.0,0.0,0.0,30.0,41,0.5158434646606446,True,REGULAR,USD
2028-01-21,call,AAPL280121C00140000,2025-12-08 15:00:31+00:00,140.0,151.0,148.0,152.5,0.0,0.0,5.0,48,0.50235483001709,True,REGULAR,USD
2028-01-21,call,AAPL280121C00145000,2025-12-04 16:04:17+00:00,145.0,149.75,144.0,148.5,0.0,0.0,11.0,7,0.5262498547363281,True,REGULAR,USD
2028-01-21,call,AAPL280121C00150000,2025-12-05 15:36:58+00:00,150.0,145.0,139.5,144.5,0.0,0.0,1.0,62,0.5180712255859375,True,REGULAR,USD
2028-01-21,call,AAPL280121C00155000,2025-12-04 16:16:11+00:00,155.0,140.78,136.0,140.0,0.0,0.0,1.0,97,0.5036212968444824,True,REGULAR,USD
2028-01-21,call,AAPL280121C00160000,2025-12-09 19:38:52+00:00,160.0,134.5,132.25,135.3,-8.199997,-5.746319,2.0,776,0.48709619354248046,True,REGULAR,USD
2028-01-21,call,AAPL280121C00165000,2025-12-04 16:08:09+00:00,165.0,133.0,127.9,131.0,0.0,0.0,1.0,66,0.47556066436767575,True,REGULAR,USD
2028-01-21,call,AAPL280121C00170000,2025-12-09 19:08:43+00:00,170.0,126.8,123.85,127.0,1.1100006,0.8831256,4.0,125,0.4673362593078613,True,REGULAR,USD
2028-01-21,call,AAPL280121C00175000,2025-12-09 19:05:55+00:00,175.0,122.99,120.0,122.1,1.4300003,1.1763741,2.0,70,0.44948365463256834,True,REGULAR,USD
2028-01-21,call,AAPL280121C00180000,2025-12-09 19:04:35+00:00,180.0,118.96,116.4,119.05,0.16999817,0.14310814,2.0,211,0.4509027078247071,True,REGULAR,USD
2028-01-21,call,AAPL280121C00185000,2025-12-09 19:03:50+00:00,185.0,115.15,113.2,114.2,1.2799988,1.1240878,2.0,448,0.43388932815551756,True,REGULAR,USD
2028-01-21,call,AAPL280121C00190000,2025-12-09 14:57:29+00:00,190.0,111.4,108.4,111.2,1.0,0.90579706,5.0,128,0.43478958770751963,True,REGULAR,USD
2028-01-21,call,AAPL280121C00195000,2025-12-09 19:01:38+00:00,195.0,107.44,104.6,107.6,-0.19999695,-0.1858017,2.0,133,0.4294185476684571,True,REGULAR,USD
2028-01-21,call,AAPL280121C00200000,2025-12-09 19:56:36+00:00,200.0,103.05,100.9,102.9,0.25,0.24319066,5.0,946,0.4140073248291015,True,REGULAR,USD
2028-01-21,call,AAPL280121C00210000,2025-12-09 20:23:23+00:00,210.0,95.62,93.65,96.45,1.5200043,1.6153075,9.0,169,0.4085142156982422,True,REGULAR,USD
2028-01-21,call,AAPL280121C00220000,2025-12-09 18:59:17+00:00,220.0,89.35,87.6,88.65,0.9799957,1.1089687,4.0,571,0.39053954193115237,True,REGULAR,USD
2028-01-21,call,AAPL280121C00230000,2025-12-09 18:58:34+00:00,230.0,82.58,81.0,81.9,1.4800034,1.8249117,8.0,345,0.379889013671875,True,REGULAR,USD
2028-01-21,call,AAPL280121C00240000,2025-12-09 20:03:20+00:00,240.0,75.22,74.5,76.25,0.91999817,1.2382209,18.0,857,0.3758607336425781,True,REGULAR,USD
2028-01-21,call,AAPL280121C00250000,2025-12-09 18:10:40+00:00,250.0,69.8,67.6,70.05,0.7000046,1.0130312,14.0,1299,0.3662477926635742,True,REGULAR,USD
2028-01-21,call,AAPL280121C00260000,2025-12-09 18:04:56+00:00,260.0,63.95,62.75,64.2,1.6000023,2.5661626,12.0,1609,0.35762666305541996,True,REGULAR,USD
2028-01-21,call,AAPL280121C00270000,2025-12-09 18:06:37+00:00,270.0,58.3,57.0,58.65,0.8499985,1.4795448,44.0,1870,0.34955484436035156,True,REGULAR,USD
2028-01-21,call,AAPL280121C00280000,2025-12-09 20:52:30+00:00,280.0,52.8,51.7,53.45,1.2099991,2.345414,19.0,1894,0.3422612161254882,False,REGULAR,USD
2028-01-21,call,AAPL280121C00290000,2025-12-09 19:31:39+00:00,290.0,48.16,46.15,48.55,1.4700012,3.1484284,17.0,1329,0.3353643124389648,False,REGULAR,USD
2028-01-21,call,AAPL280121C00300000,2025-12-09 19:41:48+00:00,300.0,43.39,42.35,44.0,0.8600006,2.0221035,23.0,5171,0.3291540473937988,False,REGULAR,USD
2028-01-21,call,AAPL280121C00310000,2025-12-08 17:05:25+00:00,310.0,38.64,37.4,39.8,0.0,0.0,6.0,652,0.3235846450805663,False,REGULAR,USD
2028-01-21,call,AAPL280121C00320000,2025-12-09 17:36:46+00:00,320.0,35.22,33.5,35.9,0.920002,2.6822217,24.0,1115,0.31836619140624994,False,REGULAR,USD
2028-01-21,call,AAPL280121C00330000,2025-12-09 14:45:52+00:00,330.0,31.98,29.95,32.3,1.3299999,4.339315,12.0,778,0.3135215743255615,False,REGULAR,USD
2028-01-21,call,AAPL280121C00340000,2025-12-09 16:04:13+00:00,340.0,28.0,26.7,29.05,0.32999992,1.1926271,1.0,2497,0.30939411315917964,False,REGULAR,USD
2028-01-21,call,AAPL280121C00350000,2025-12-09 16:10:23+00:00,350.0,25.0,23.75,25.15,0.39999962,1.6260147,6.0,1483,0.2995522926330566,False,REGULAR,USD
2028-01-21,call,AAPL280121C00360000,2025-12-09 20:12:01+00:00,360.0,22.46,21.1,23.45,-0.34000015,-1.4912288,37.0,492,0.30263453720092776,False,REGULAR,USD
2028-01-21,call,AAPL280121C00370000,2025-12-09 20:12:01+00:00,370.0,19.97,19.7,20.05,-0.2800007,-1.3827194,36.0,208,0.29296819099426263,False,REGULAR,USD
2028-01-21,call,AAPL280121C00380000,2025-12-09 17:17:21+00:00,380.0,17.98,16.55,17.95,0.4300003,2.4501443,5.0,2654,0.2907175421142577,False,REGULAR,USD
2028-01-21,call,AAPL280121C00390000,2025-12-08 19:54:27+00:00,390.0,15.75,14.65,16.95,0.0,0.0,12.0,119,0.29526461578369134,False,REGULAR,USD
2028-01-21,call,AAPL280121C00400000,2025-12-09 20:09:24+00:00,400.0,14.16,12.95,14.3,0.010000229,0.070673,1.0,1222,0.28639934799194333,False,REGULAR,USD
2028-01-21,call,AAPL280121C00410000,2025-12-04 16:54:03+00:00,410.0,13.97,11.4,12.7,0.0,0.0,79.0,205,0.28411055252075185,False,REGULAR,USD
2028-01-21,call,AAPL280121C00420000,2025-12-09 20:12:32+00:00,420.0,11.21,10.05,11.4,-0.14000034,-1.2334832,28.0,186,0.28314925842285155,False,REGULAR,USD
2028-01-21,call,AAPL280121C00430000,2025-12-09 20:11:43+00:00,430.0,10.03,8.85,10.15,-0.77000046,-7.129634,2.0,149,0.2815318429565429,False,REGULAR,USD
2028-01-21,call,AAPL280121C00440000,2025-12-09 15:00:10+00:00,440.0,9.15,7.75,9.05,-0.20000076,-2.1390455,1.0,72,0.2802196002197265,False,REGULAR,USD
2028-01-21,call,AAPL280121C00450000,2025-12-09 15:00:34+00:00,450.0,8.2,7.65,8.1,0.37999964,4.85933,6.0,2146,0.2793345993041991,False,REGULAR,USD
2028-01-21,call,AAPL280121C00460000,2025-12-03 14:41:20+00:00,460.0,9.4,6.95,7.25,0.0,0.0,1.0,39,0.27855640884399413,False,REGULAR,USD
2028-01-21,call,AAPL280121C00470000,2025-12-09 20:10:13+00:00,470.0,6.38,6.2,6.5,-0.9000001,-12.362638,37.0,71,0.2779613220214844,False,REGULAR,USD
2028-01-21,call,AAPL280121C00480000,2025-12-09 20:11:37+00:00,480.0,5.8,4.55,5.8,-1.0,-14.705882,4.0,36,0.27707632110595704,False,REGULAR,USD
2028-01-21,call,AAPL280121C00490000,2025-12-09 20:12:32+00:00,490.0,5.12,3.95,5.2,-0.099999905,-1.9157071,1.0,59,0.2765727861022949,False,REGULAR,USD
2028-01-21,call,AAPL280121C00500000,2025-12-09 20:12:01+00:00,500.0,4.57,4.0,5.7,-0.069999695,-1.5086142,1.0,336,0.289771506652832,False,REGULAR,USD
2028-01-21,call,AAPL280121C00510000,2025-12-09 20:12:52+00:00,510.0,4.14,3.9,5.2,-0.5700002,-12.101914,21.0,620,0.28995461029052727,False,REGULAR,USD
2028-01-21,call,AAPL280121C00520000,2025-12-08 16:30:21+00:00,520.0,3.8,3.25,4.8,0.0,0.0,3.0,610,0.29088538711547846,False,REGULAR,USD
2028-01-21,call,AAPL280121C00530000,2025-12-09 20:26:33+00:00,530.0,3.35,3.15,4.4,0.0,0.0,20.0,1029,0.2912973703002929,False,REGULAR,USD
2028-01-21,put,AAPL280121P00005000,2025-12-08 20:43:39+00:00,5.0,0.01,0.0,0.02,0.0,0.0,5.0,378,0.8906260937499999,False,REGULAR,USD
2028-01-21,put,AAPL280121P00010000,2025-12-05 20:32:59+00:00,10.0,0.05,0.0,0.21,0.0,0.0,1.0,5,0.9003916210937499,False,REGULAR,USD
2028-01-21,put,AAPL280121P00015000,2025-12-05 20:33:09+00:00,15.0,0.05,0.0,0.22,0.0,0.0,1.0,1,0.7851583984375,False,REGULAR,USD
2028-01-21,put,AAPL280121P00020000,2025-12-05 20:33:21+00:00,20.0,0.08,0.0,0.23,0.0,0.0,1.0,1,0.7060576269531251,False,REGULAR,USD
2028-01-21,put,AAPL280121P00025000,2025-12-05 20:35:28+00:00,25.0,0.1,0.0,0.25,0.0,0.0,1.0,1,0.649417568359375,False,REGULAR,USD
2028-01-21,put,AAPL280121P00030000,2025-12-05 20:35:34+00:00,30.0,0.13,0.0,0.27,0.0,0.0,1.0,125,0.6035195898437502,False,REGULAR,USD
2028-01-21,put,AAPL280121P00035000,2025-12-05 20:35:40+00:00,35.0,0.17,0.0,0.79,0.0,0.0,1.0,1,0.641605146484375,False,REGULAR,USD
2028-01-21,put,AAPL280121P00040000,2025-12-05 20:35:45+00:00,40.0,0.21,0.01,0.23,0.0,0.0,1.0,13,0.51758294921875,False,REGULAR,USD
2028-01-21,put,AAPL280121P00045000,2025-12-05 20:35:51+00:00,45.0,0.26,0.01,0.28,0.0,0.0,1.0,1,0.5371140039062501,False,REGULAR,USD
2028-01-21,put,AAPL280121P00050000,2025-12-05 20:35:57+00:00,50.0,0.31,0.22,0.33,0.0,0.0,1.0,349,0.5048877636718749,False,REGULAR,USD
2028-01-21,put,AAPL280121P00060000,2025-12-05 20:36:03+00:00,60.0,0.42,0.34,0.44,0.0,0.0,1.0,64,0.48120635986328125,False,REGULAR,USD
2028-01-21,put,AAPL280121P00070000,2025-12-09 20:51:32+00:00,70.0,0.53,0.3,0.59,-0.04000002,-7.017547,5.0,19,0.45288633056640626,False,REGULAR,USD
2028-01-21,put,AAPL280121P00080000,2025-12-05 20:36:13+00:00,80.0,0.69,0.0,0.78,-0.060000002,-8.0,1.0,30,0.4288387194824219,False,REGULAR,USD
2028-01-21,put,AAPL280121P00090000,2025-12-08 20:12:22+00:00,90.0,0.93,0.77,1.17,0.0,0.0,1.0,23,0.41785250122070305,False,REGULAR,USD
2028-01-21,put,AAPL280121P00100000,2025-12-08 20:11:21+00:00,100.0,1.25,1.12,1.49,0.01999998,1.6260147,1.0,150,0.3986876538085938,False,REGULAR,USD
2028-01-21,put,AAPL280121P00110000,2025-12-03 20:23:53+00:00,110.0,1.68,1.18,1.88,0.0,0.0,2.0,16,0.38147591186523433,False,REGULAR,USD
2028-01-21,put,AAPL280121P00120000,2025-12-02 15:00:01+00:00,120.0,2.12,1.71,2.36,0.0,0.0,1.0,95,0.36615624084472653,False,REGULAR,USD
2028-01-21,put,AAPL280121P00130000,2025-12-05 18:29:20+00:00,130.0,2.59,2.48,2.93,0.0,0.0,5.0,49,0.351996226196289,False,REGULAR,USD
2028-01-21,put,AAPL280121P00135000,2025-12-04 16:50:10+00:00,135.0,3.1,2.82,3.3,0.0,0.0,1.0,47,0.3464420825195312,False,REGULAR,USD
2028-01-21,put,AAPL280121P00140000,2025-12-04 16:15:02+00:00,140.0,3.45,2.86,3.65,0.0,0.0,1.0,33,0.3398503515625,False,REGULAR,USD
2028-01-21,put,AAPL280121P00145000,2025-12-04 16:14:04+00:00,145.0,3.9,2.74,5.85,0.0,0.0,1.0,18,0.3695131408691406,False,REGULAR,USD
2028-01-21,put,AAPL280121P00150000,2025-12-08 16:58:47+00:00,150.0,4.2,3.15,5.3,0.0,0.0,5.0,205,0.34372604522705075,False,REGULAR,USD
2028-01-21,put,AAPL280121P00155000,2025-12-09 15:51:50+00:00,155.0,4.68,4.55,4.85,-0.77,-14.128441,4.0,25,0.32059395233154286,False,REGULAR,USD
2028-01-21,put,AAPL280121P00160000,2025-12-09 16:13:38+00:00,160.0,5.21,5.05,5.35,0.13000011,2.5590575,4.0,328,0.31513136047363277,False,REGULAR,USD
2028-01-21,put,AAPL280121P00165000,2025-12-09 16:13:38+00:00,165.0,5.77,4.7,6.85,0.07000017,1.2280732,4.0,413,0.3247748187255859,False,REGULAR,USD
2028-01-21,put,AAPL280121P00170000,2025-12-09 15:35:11+00:00,170.0,6.3,5.3,6.5,-0.119999886,-1.8691571,8.0,879,0.3050911776733398,False,REGULAR,USD
2028-01-21,put,AAPL280121P00175000,2025-12-09 15:35:11+00:00,175.0,7.0,5.95,7.15,-0.13999987,-1.9607825,8.0,202,0.3003304830932617,False,REGULAR,USD
2028-01-21,put,AAPL280121P00180000,2025-12-09 19:20:55+00:00,180.0,7.69,7.65,7.85,-0.11000013,-1.410258,21.0,284,0.295707116241455,False,REGULAR,USD
2028-01-21,put,AAPL280121P00185000,2025-12-09 19:20:55+00:00,185.0,8.45,8.4,8.65,-0.05000019,-0.5882375,18.0,102,0.29175512939453113,False,REGULAR,USD
2028-01-21,put,AAPL280121P00190000,2025-12-09 20:13:04+00:00,190.0,9.21,8.2,9.45,-0.10999966,-1.1802539,11.0,133,0.28720805572509756,False,REGULAR,USD
2028-01-21,put,AAPL280121P00195000,2025-12-09 15:46:35+00:00,195.0,10.15,9.1,10.35,-0.15000057,-1.4563162,8.0,389,0.28322555160522456,False,REGULAR,USD
2028-01-21,put,AAPL280121P00200000,2025-12-08 20:59:51+00:00,200.0,11.15,11.0,11.25,0.0,0.0,28.0,462,0.27866321929931637,False,REGULAR,USD
2028-01-21,put,AAPL280121P00210000,2025-12-09 18:13:46+00:00,210.0,13.05,12.05,14.35,0.05000019,0.38461685,12.0,392,0.2801127897644042,False,REGULAR,USD
2028-01-21,put,AAPL280121P00220000,2025-12-05 17:42:54+00:00,220.0,15.4,15.4,15.75,-0.05000019,-0.32362583,5.0,2532,0.2634656173706055,False,REGULAR,USD
2028-01-21,put,AAPL280121P00230000,2025-12-09 18:14:34+00:00,230.0,17.9,17.85,18.5,-0.10000038,-0.55555767,10.0,553,0.2566297482299804,False,REGULAR,USD
2028-01-21,put,AAPL280121P00240000,2025-12-09 18:17:59+00:00,240.0,20.85,20.95,21.45,-0.29999924,-1.4184362,25.0,303,0.2490004299926758,False,REGULAR,USD
2028-01-21,put,AAPL280121P00250000,2025-12-09 20:21:34+00:00,250.0,24.2,24.2,24.65,-0.099998474,-0.41151637,16.0,2898,0.2409286112976074,False,REGULAR,USD
2028-01-21,put,AAPL280121P00260000,2025-12-08 14:30:38+00:00,260.0,27.8,26.85,28.3,0.0,0.0,1.0,744,0.23365787101745603,False,REGULAR,USD
2028-01-21,put,AAPL280121P00270000,2025-12-09 15:06:05+00:00,270.0,31.92,30.8,33.0,0.29000092,0.916854,1.0,318,0.23079687667846682,False,REGULAR,USD
2028-01-21,put,AAPL280121P00280000,2025-12-08 20:23:04+00:00,280.0,36.7,36.25,36.75,0.0,0.0,1.0,1084,0.21938341659545896,True,REGULAR,USD
2028-01-21,put,AAPL280121P00290000,2025-12-09 19:46:51+00:00,290.0,40.69,41.05,41.55,0.109996796,0.27106157,2.0,244,0.2121203056335449,True,REGULAR,USD
2028-01-21,put,AAPL280121P00300000,2025-12-09 18:14:55+00:00,300.0,45.81,45.1,46.8,-0.9599991,-2.0525959,10.0,721,0.20502503967285152,True,REGULAR,USD
2028-01-21,put,AAPL280121P00310000,2025-12-05 16:41:47+00:00,310.0,51.67,51.85,54.5,0.0,0.0,4.0,84,0.21073939903259278,True,REGULAR,USD
2028-01-21,put,AAPL280121P00320000,2025-12-05 16:39:40+00:00,320.0,57.58,57.9,60.4,0.0,0.0,4.0,46,0.20253788192749017,True,REGULAR,USD
2028-01-21,put,AAPL280121P00330000,2025-12-05 16:08:02+00:00,330.0,63.45,64.4,66.95,0.0,0.0,2.0,73,0.19574778869628906,True,REGULAR,USD
2028-01-21,put,AAPL280121P00340000,2025-12-05 18:45:47+00:00,340.0,70.62,71.3,74.0,0.0,0.0,2.0,10,0.18950700637817386,True,REGULAR,USD
2028-01-21,put,AAPL280121P00350000,2025-12-09 15:38:55+00:00,350.0,78.91,77.15,81.3,-0.58999634,-0.74213374,2.0,119,0.18193872268676758,True,REGULAR,USD
2028-01-21,put,AAPL280121P00360000,2025-12-09 17:09:34+00:00,360.0,86.23,84.5,89.5,-0.3199997,-0.36972812,2.0,25,0.17865811584472657,True,REGULAR,USD
2028-01-21,put,AAPL280121P00370000,2025-12-09 20:45:09+00:00,370.0,94.54,92.5,97.5,-0.29000092,-0.30581135,4.0,30,0.17017431396484378,True,REGULAR,USD
2028-01-21,put,AAPL280121P00380000,2025-12-09 19:02:05+00:00,380.0,102.4,101.5,106.0,-1.25,-1.2059816,4.0,14,0.1626975820922852,True,REGULAR,USD
2028-01-21,put,AAPL280121P00390000,2025-12-09 16:44:50+00:00,390.0,112.8,110.6,115.45,-0.039993286,-0.035442475,2.0,2,0.1643760321044922,True,REGULAR,USD
2028-01-21,put,AAPL280121P00400000,2025-12-09 17:05:45+00:00,400.0,122.02,120.5,125.5,1.0199966,0.84297246,2.0,1,0.17389742126464847,True,REGULAR,USD
2028-01-21,put,AAPL280121P00420000,2025-11-04 16:15:16+00:00,420.0,150.47,140.5,145.0,0.0,0.0,,1,0.18225915405273438,True,REGULAR,USD
2028-01-21,put,AAPL280121P00450000,2025-10-29 13:35:18+00:00,450.0,180.74,161.5,166.5,0.0,0.0,,0,1.0000000000000003e-05,True,REGULAR,USD
2028-01-21,put,AAPL280121P00500000,2025-10-28 16:04:08+00:00,500.0,230.95,211.5,216.5,0.0,0.0,,0,1.0000000000000003e-05,True,REGULAR,USD
2028-01-21,put,AAPL280121P00530000,2025-11-25 14:30:10+00:00,530.0,253.67,250.5,255.5,0.0,0.0,10.0,0,0.26474734283447265,True,REGULAR,USD
2028-03-17,call,AAPL280317C00100000,2025-12-08 18:51:22+00:00,100.0,185.5,183.5,188.5,0.0,0.0,1.0,4,0.5924418197631837,True,REGULAR,USD
2028-03-17,call,AAPL280317C00110000,2025-12-04 17:10:17+00:00,110.0,180.0,174.5,179.5,0.0,0.0,,1,0.5628095477294923,True,REGULAR,USD
2028-03-17,call,AAPL280317C00120000,2025-12-08 20:29:58+00:00,120.0,167.87,166.0,171.0,0.0,0.0,8.0,10,0.5430038375854493,True,REGULAR,USD
2028-03-17,call,AAPL280317C00125000,2025-12-08 17:58:43+00:00,125.0,163.5,161.5,166.5,0.0,0.0,4.0,5,0.5289353747558594,True,REGULAR,USD
2028-03-17,call,AAPL280317C00140000,2025-12-08 14:44:47+00:00,140.0,151.75,149.0,153.5,0.0,0.0,7.0,9,0.5290879611206055,True,REGULAR,USD
2028-03-17,call,AAPL280317C00145000,2025-12-04 16:04:17+00:00,145.0,150.5,144.5,149.5,0.0,0.0,,13,0.5208330387878417,True,REGULAR,USD
2028-03-17,call,AAPL280317C00150000,2025-12-09 14:48:02+00:00,150.0,144.8,140.5,145.5,1.0,0.69541025,1.0,211,0.5123950128173829,True,REGULAR,USD
2028-03-17,call,AAPL280317C00155000,2025-12-04 16:16:11+00:00,155.0,141.78,136.5,141.0,0.0,0.0,,1,0.49799085998535164,True,REGULAR,USD
2028-03-17,call,AAPL280317C00160000,2025-12-05 19:47:58+00:00,160.0,136.77,132.5,137.0,0.0,0.0,1.0,1,0.48949179946899424,True,REGULAR,USD
2028-03-17,call,AAPL280317C00165000,2025-12-08 17:46:13+00:00,165.0,130.19,128.5,133.0,0.0,0.0,42.0,20,0.4808554112243652,True,REGULAR,USD
2028-03-17,call,AAPL280317C00175000,2025-12-09 19:05:31+00:00,175.0,123.8,120.5,125.0,1.0600052,0.8636184,56.0,9,0.46324694473266603,True,REGULAR,USD
2028-03-17,call,AAPL280317C00180000,2025-12-08 18:01:27+00:00,180.0,118.3,116.5,121.5,0.0,0.0,2.0,2,0.4591118542480469,True,REGULAR,USD
2028-03-17,call,AAPL280317C00190000,2025-12-08 17:35:16+00:00,190.0,112.93,109.0,113.5,1.5800018,1.4189509,3.0,29,0.44064890411376956,True,REGULAR,USD
2028-03-17,call,AAPL280317C00195000,2025-12-09 19:02:15+00:00,195.0,108.73,105.5,110.0,-0.3899994,-0.3574041,4.0,1,0.43567458862304687,True,REGULAR,USD
2028-03-17,call,AAPL280317C00200000,2025-12-09 19:04:49+00:00,200.0,105.32,101.5,105.9,1.6299973,1.5719907,9.0,28,0.42529871582031253,True,REGULAR,USD
2028-03-17,call,AAPL280317C00210000,2025-12-09 19:03:32+00:00,210.0,97.86,94.5,98.45,1.2300034,1.2729001,92.0,64,0.41049783843994136,True,REGULAR,USD
2028-03-17,call,AAPL280317C00220000,2025-12-09 15:47:17+00:00,220.0,89.97,87.85,92.3,-0.02999878,-0.033331975,4.0,19,0.4048368843078613,True,REGULAR,USD
2028-03-17,call,AAPL280317C00230000,2025-12-09 19:07:09+00:00,230.0,84.4,81.5,84.5,1.7099991,2.0679636,4.0,10,0.38565677825927724,True,REGULAR,USD
2028-03-17,call,AAPL280317C00240000,2025-12-09 17:40:21+00:00,240.0,77.63,75.1,78.0,1.3299942,1.7431116,5.0,4,0.37506728454589844,True,REGULAR,USD
2028-03-17,call,AAPL280317C00250000,2025-12-09 20:35:27+00:00,250.0,71.18,69.0,71.8,0.73999786,1.0505364,22.0,99,0.36533227447509764,True,REGULAR,USD
2028-03-17,call,AAPL280317C00260000,2025-12-09 19:04:49+00:00,260.0,65.99,62.5,67.5,1.9599991,3.0610638,99.0,69,0.36668266380310055,True,REGULAR,USD
2028-03-17,call,AAPL280317C00270000,2025-12-09 19:03:32+00:00,270.0,60.22,57.0,60.5,3.7200012,6.584073,42.0,267,0.34918863708496095,True,REGULAR,USD
2028-03-17,call,AAPL280317C00280000,2025-12-09 20:55:36+00:00,280.0,54.37,54.1,55.9,0.3899994,0.7224887,153.0,310,0.34561048683166506,False,REGULAR,USD
2028-03-17,call,AAPL280317C00290000,2025-12-09 19:31:39+00:00,290.0,50.38,47.9,51.35,1.2299995,2.5025423,25.0,112,0.34085742156982424,False,REGULAR,USD
2028-03-17,call,AAPL280317C00300000,2025-12-09 19:29:29+00:00,300.0,45.57,44.2,46.5,0.5299988,1.1767291,12.0,86,0.33289241333007813,False,REGULAR,USD
2028-03-17,call,AAPL280317C00310000,2025-12-09 19:41:48+00:00,310.0,41.49,40.05,42.2,1.170002,2.9017906,20.0,26,0.32686525192260746,False,REGULAR,USD
2028-03-17,call,AAPL280317C00320000,2025-12-09 20:35:27+00:00,320.0,37.11,36.2,38.3,0.65999985,1.8106991,46.0,58,0.32186041915893554,False,REGULAR,USD
2028-03-17,call,AAPL280317C00330000,2025-12-09 19:05:31+00:00,330.0,34.14,32.65,34.75,1.0999985,3.329293,20.0,126,0.31758800094604495,False,REGULAR,USD
2028-03-17,call,AAPL280317C00340000,2025-12-09 19:46:23+00:00,340.0,30.62,29.35,31.45,0.94000053,3.1671176,1.0,246,0.313483427734375,False,REGULAR,USD
2028-03-17,call,AAPL280317C00350000,2025-12-09 16:33:41+00:00,350.0,27.4,26.35,28.4,0.5699997,2.1244864,25.0,165,0.3095924754333496,False,REGULAR,USD
2028-03-17,call,AAPL280317C00360000,2025-12-09 18:31:39+00:00,360.0,24.8,23.6,25.8,0.3199997,1.3071883,7.0,40,0.3072350160980224,False,REGULAR,USD
2028-03-17,call,AAPL280317C00380000,2025-12-08 19:56:21+00:00,380.0,19.87,18.9,20.0,0.7200012,3.7597976,1.0,14,0.29473056350708,False,REGULAR,USD
2028-03-17,call,AAPL280317C00390000,2025-12-05 15:32:54+00:00,390.0,18.9,16.9,19.0,0.0,0.0,3.0,3,0.299460740814209,False,REGULAR,USD
2028-03-17,call,AAPL280317C00400000,2025-12-09 20:11:43+00:00,400.0,15.73,15.1,16.2,-1.5100002,-8.758702,1.0,5,0.2905802143859863,False,REGULAR,USD
2028-03-17,call,AAPL280317C00420000,2025-12-09 20:10:58+00:00,420.0,12.53,12.1,13.95,-0.97000027,-7.1851873,3.0,79,0.2937997866821288,False,REGULAR,USD
2028-03-17,call,AAPL280317C00430000,2025-12-09 20:35:27+00:00,430.0,11.22,10.75,11.75,0.3699999,3.4101372,14.0,5,0.2854533125305175,False,REGULAR,USD
2028-03-17,call,AAPL280317C00460000,2025-12-09 20:12:16+00:00,460.0,8.06,7.7,9.55,1.5100002,23.053438,27.0,2,0.2914499566650389,False,REGULAR,USD
2028-03-17,call,AAPL280317C00500000,2025-12-09 20:45:47+00:00,500.0,5.31,4.9,5.5,0.11000013,2.1153872,7.0,9,0.2773814938354492,False,REGULAR,USD
2028-03-17,call,AAPL280317C00520000,2025-12-08 17:53:39+00:00,520.0,4.47,4.2,4.65,0.0,0.0,2.0,2,0.2788463229370117,False,REGULAR,USD
2028-03-17,call,AAPL280317C00530000,2025-12-08 20:10:14+00:00,530.0,3.85,3.5,5.25,0.0,0.0,43.0,33,0.2928690098571776,False,REGULAR,USD
2028-03-17,call,AAPL280317C00540000,2025-12-08 14:30:52+00:00,540.0,3.78,3.2,4.85,0.0,0.0,1.0,16,0.29337254486083975,False,REGULAR,USD
2028-03-17,call,AAPL280317C00550000,2025-12-09 14:59:58+00:00,550.0,3.2,3.0,3.55,-0.099999905,-3.0303001,1.0,134,0.27960925476074217,False,REGULAR,USD
2028-03-17,put,AAPL280317P00100000,2025-12-08 20:10:12+00:00,100.0,1.2,1.2,1.57,0.0,0.0,2.0,56,0.3888000573730469,False,REGULAR,USD
2028-03-17,put,AAPL280317P00105000,2025-12-05 20:52:53+00:00,105.0,1.61,1.27,1.96,0.0,0.0,90.0,26,0.38837281555175784,False,REGULAR,USD
2028-03-17,put,AAPL280317P00110000,2025-12-05 18:40:30+00:00,110.0,1.74,1.48,2.18,0.0,0.0,24.0,3,0.3797669445800781,False,REGULAR,USD
2028-03-17,put,AAPL280317P00115000,2025-12-05 20:53:39+00:00,115.0,2.04,1.72,2.43,0.0,0.0,92.0,11,0.37189348815917966,False,REGULAR,USD
2028-03-17,put,AAPL280317P00120000,2025-12-08 14:38:23+00:00,120.0,2.25,1.98,2.71,0.0,0.0,1.0,12,0.3645693426513672,False,REGULAR,USD
2028-03-17,put,AAPL280317P00125000,2025-12-05 20:54:01+00:00,125.0,2.64,2.27,3.05,0.0,0.0,56.0,11,0.35846588806152346,False,REGULAR,USD
2028-03-17,put,AAPL280317P00130000,2025-12-05 18:29:20+00:00,130.0,2.77,2.65,4.15,0.0,0.0,5.0,5,0.3700624517822265,False,REGULAR,USD
2028-03-17,put,AAPL280317P00140000,2025-12-05 16:02:48+00:00,140.0,3.65,3.3,4.95,0.0,0.0,10.0,10,0.35550571258544916,False,REGULAR,USD
2028-03-17,put,AAPL280317P00150000,2025-12-08 16:32:21+00:00,150.0,4.71,4.2,5.85,0.0,0.0,1.0,2,0.3415593188476562,False,REGULAR,USD
2028-03-17,put,AAPL280317P00180000,2025-12-05 15:36:04+00:00,180.0,8.05,7.8,9.65,0.0,0.0,1.0,2,0.3074715249633788,False,REGULAR,USD
2028-03-17,put,AAPL280317P00185000,2025-12-09 19:25:59+00:00,185.0,8.85,8.65,9.5,-0.18999958,-2.1017654,16.0,5,0.2916483189392089,False,REGULAR,USD
2028-03-17,put,AAPL280317P00190000,2025-12-09 19:25:59+00:00,190.0,9.77,9.5,11.35,-0.17999935,-1.8090388,18.0,7,0.2979501358032226,False,REGULAR,USD
2028-03-17,put,AAPL280317P00200000,2025-12-09 18:07:21+00:00,200.0,11.5,11.4,12.5,-0.27999973,-2.3769078,80.0,11,0.28139451522827147,False,REGULAR,USD
2028-03-17,put,AAPL280317P00220000,2025-12-09 18:25:25+00:00,220.0,15.93,15.8,17.8,-0.27000046,-1.6666694,11.0,13,0.2711254528808594,False,REGULAR,USD
2028-03-17,put,AAPL280317P00230000,2025-12-09 20:13:04+00:00,230.0,18.92,18.45,20.5,-0.1800003,-0.94240993,15.0,53,0.2629163064575196,False,REGULAR,USD
2028-03-17,put,AAPL280317P00250000,2025-12-04 20:07:54+00:00,250.0,24.98,24.7,26.85,0.0,0.0,,10,0.24738301452636718,False,REGULAR,USD
2028-03-17,put,AAPL280317P00260000,2025-12-04 19:28:07+00:00,260.0,29.05,28.35,30.55,0.0,0.0,,1,0.24004361038208005,False,REGULAR,USD
2028-03-17,put,AAPL280317P00270000,2025-12-09 20:21:34+00:00,270.0,32.77,32.6,33.65,-0.45999908,-1.3842885,10.0,6,0.2269059243774414,False,REGULAR,USD
2028-03-17,put,AAPL280317P00280000,2025-12-09 18:25:25+00:00,280.0,36.9,37.05,38.05,-0.79999924,-2.1220138,2.0,21,0.21973436523437498,True,REGULAR,USD
2028-03-17,put,AAPL280317P00290000,2025-12-04 20:17:38+00:00,290.0,41.68,41.6,43.95,0.0,0.0,,1,0.2192537181854248,True,REGULAR,USD
2028-03-17,put,AAPL280317P00310000,2025-12-08 17:59:53+00:00,310.0,53.38,52.45,55.5,0.0,0.0,4.0,3,0.20964840652465816,True,REGULAR,USD
2028-03-17,put,AAPL280317P00350000,2025-12-05 16:19:29+00:00,350.0,78.78,79.1,81.95,0.0,0.0,3.0,1,0.1808248422241211,True,REGULAR,USD
2028-03-17,put,AAPL280317P00400000,2025-12-05 15:06:12+00:00,400.0,120.23,120.5,125.5,0.0,0.0,3.0,3,0.16800758758544926,True,REGULAR,USD
