{
  "model": "rf",
  "train_fraction": 0.8,
  "num_features": 11,
  "num_train_rows": 6011,
  "num_test_rows": 1503,
  "accuracy_test": 0.5761809713905522,
  "classes": [
    "Down",
    "Same",
    "Up"
  ],
  "per_class_metrics": {
    "Down": {
      "precision": 0.5764705882352941,
      "recall": 0.6103202846975089,
      "f1": 0.5929127052722558,
      "support": 562
    },
    "Same": {
      "precision": 0.358974358974359,
      "recall": 0.15671641791044777,
      "f1": 0.21818181818181817,
      "support": 268
    },
    "Up": {
      "precision": 0.6080910240202275,
      "recall": 0.7147102526002972,
      "f1": 0.657103825136612,
      "support": 673
    }
  },
  "datetime": "2025-10-28T01:03:58.479557Z"
}